{"hand_pts": [[155.0269012451172, 222.9019775390625, 1.0], [203.6792755126953, 168.39028930664062, 1.0], [268.45013427734375, 126.96952819824219, 1.0], [270.12213134765625, 108.75968170166016, 1.0], [211.11917114257812, 132.822998046875, 1.0], [240.3368682861328, 208.8604278564453, 1.0], [267.5246887207031, 171.84678649902344, 1.0], [238.91725158691406, 134.91998291015625, 1.0], [204.12620544433594, 112.27509307861328, 1.0], [193.12338256835938, 235.683349609375, 1.0], [218.50439453125, 220.2694854736328, 1.0], [222.84613037109375, 187.66078186035156, 1.0], [227.6378936767578, 158.96807861328125, 1.0], [152.23666381835938, 249.19210815429688, 1.0], [127.57318878173828, 212.63027954101562, 1.0], [111.09452819824219, 170.5133819580078, 1.0], [112.82152557373047, 150.51490783691406, 1.0], [111.88602447509766, 258.0037536621094, 1.0], [90.2496566772461, 261.7952575683594, 1.0], [90.97842407226562, 223.96112060546875, 1.0], [99.67764282226562, 184.97024536132812, 1.0]], "is_left": 0,"label":0}