{"hand_pts": [[267.4679260253906, 240.2364959716797, 1.0], [243.02755737304688, 260.9365539550781, 1.0], [233.7150115966797, 296.8434753417969, 1.0], [229.5284881591797, 307.77362060546875, 1.0], [227.57220458984375, 307.8421936035156, 1.0], [160.8600616455078, 211.01028442382812, 1.0], [138.75350952148438, 197.51101684570312, 1.0], [145.21728515625, 194.8056182861328, 1.0], [151.75173950195312, 191.23915100097656, 1.0], [169.7298583984375, 176.8318328857422, 1.0], [158.4475860595703, 168.8680877685547, 1.0], [172.87570190429688, 178.2404327392578, 1.0], [180.46788024902344, 182.92481994628906, 1.0], [183.87570190429688, 153.40017700195312, 1.0], [134.46531677246094, 113.71976470947266, 1.0], [145.2482147216797, 118.8564224243164, 1.0], [160.74356079101562, 128.42730712890625, 1.0], [204.6598358154297, 136.88687133789062, 1.0], [211.70266723632812, 120.99453735351562, 1.0], [223.9961700439453, 118.65913391113281, 1.0], [241.7688446044922, 125.96005249023438, 1.0]], "is_left": 0,"label":2}