{"hand_pts": [[223.30596923828125, 317.6948547363281, 1.0], [164.1815948486328, 286.81915283203125, 1.0], [93.59719848632812, 278.0285949707031, 1.0], [92.18413543701172, 245.19570922851562, 1.0], [95.97145080566406, 214.85667419433594, 1.0], [120.00711822509766, 188.32644653320312, 1.0], [118.60198211669922, 168.28753662109375, 1.0], [136.8450469970703, 184.23435974121094, 1.0], [155.61380004882812, 198.9211883544922, 1.0], [166.71609497070312, 174.1363983154297, 1.0], [195.02200317382812, 152.55023193359375, 1.0], [214.1746368408203, 192.49472045898438, 1.0], [218.00845336914062, 238.85142517089844, 1.0], [206.8020782470703, 167.9762420654297, 1.0], [202.58509826660156, 125.5737533569336, 1.0], [206.35105895996094, 125.4461669921875, 1.0], [213.09999084472656, 158.91384887695312, 1.0], [247.25411987304688, 172.0172119140625, 1.0], [271.3010559082031, 139.64044189453125, 1.0], [283.84576416015625, 137.9505157470703, 1.0], [286.4515380859375, 156.37789916992188, 1.0]], "is_left": 0,"label":3}