{"hand_pts": [[327.2445983886719, 74.85063934326172, 1.0], [269.6679382324219, 91.0785140991211, 1.0], [226.18655395507812, 81.33767700195312, 1.0], [196.92332458496094, 112.50359344482422, 1.0], [199.11172485351562, 163.12258911132812, 1.0], [147.11985778808594, 119.5230712890625, 1.0], [105.4962158203125, 167.34889221191406, 1.0], [117.62902069091797, 199.00413513183594, 1.0], [155.5985565185547, 221.41798400878906, 1.0], [165.0178680419922, 140.55836486816406, 1.0], [120.30687713623047, 203.8687286376953, 1.0], [136.8382568359375, 235.54449462890625, 1.0], [177.99620056152344, 248.81935119628906, 1.0], [187.19309997558594, 158.86346435546875, 1.0], [150.8804473876953, 224.44078063964844, 1.0], [188.89434814453125, 237.03134155273438, 1.0], [234.32655334472656, 221.24990844726562, 1.0], [218.9727325439453, 172.6575469970703, 1.0], [214.3212432861328, 222.24771118164062, 1.0], [241.4558868408203, 233.27540588378906, 1.0], [271.91229248046875, 216.80490112304688, 1.0]], "is_left": 0,"label":5}