{"hand_pts": [[260.7486572265625, 47.5611572265625, 1.0], [275.77935791015625, 104.86078643798828, 1.0], [291.4370422363281, 130.1131134033203, 1.0], [289.2524719238281, 165.90597534179688, 1.0], [252.212890625, 196.91709899902344, 1.0], [201.12864685058594, 146.86985778808594, 1.0], [177.4388885498047, 205.0974884033203, 1.0], [199.00286865234375, 225.7638397216797, 1.0], [224.1112518310547, 223.53219604492188, 1.0], [171.8362274169922, 138.5607147216797, 1.0], [130.885498046875, 207.2377471923828, 1.0], [157.77435302734375, 237.3725128173828, 1.0], [191.56997680664062, 254.54385375976562, 1.0], [155.22987365722656, 133.8358612060547, 1.0], [101.39865112304688, 178.13107299804688, 1.0], [127.9430160522461, 205.13673400878906, 1.0], [150.36521911621094, 234.03201293945312, 1.0], [147.59085083007812, 125.21531677246094, 1.0], [133.8798065185547, 165.7493133544922, 1.0], [144.9856719970703, 190.2471923828125, 1.0], [182.6984100341797, 188.96261596679688, 1.0]], "is_left": 0,"label":4}