{"hand_pts": [[81.0060806274414, 155.5592041015625, 1.0], [131.96762084960938, 222.06871032714844, 1.0], [173.76461791992188, 281.8499450683594, 1.0], [206.73399353027344, 268.0281677246094, 1.0], [205.60903930664062, 217.04043579101562, 1.0], [112.01742553710938, 222.22799682617188, 1.0], [169.01657104492188, 240.23146057128906, 1.0], [218.15725708007812, 247.76516723632812, 1.0], [264.9201354980469, 250.71923828125, 1.0], [108.22196197509766, 172.95834350585938, 1.0], [176.64404296875, 166.53387451171875, 1.0], [219.29383850097656, 178.95921325683594, 1.0], [200.91050720214844, 190.48147583007812, 1.0], [113.08352661132812, 135.55648803710938, 1.0], [177.34378051757812, 147.07591247558594, 1.0], [227.1122283935547, 161.53236389160156, 1.0], [249.49813842773438, 176.5968780517578, 1.0], [118.9610824584961, 101.03899383544922, 1.0], [149.15330505371094, 87.41912841796875, 1.0], [188.16055297851562, 96.0244140625, 1.0], [224.30873107910156, 121.72130584716797, 1.0]], "is_left": 0,"label":0}