{"hand_pts": [[213.8677978515625, 41.12494659423828, 1.0], [216.93321228027344, 106.57200622558594, 1.0], [219.2919158935547, 155.303955078125, 1.0], [200.22682189941406, 198.79222106933594, 1.0], [173.629150390625, 229.23367309570312, 1.0], [242.58843994140625, 157.97483825683594, 1.0], [236.3024444580078, 216.96469116210938, 1.0], [204.73843383789062, 238.7178192138672, 1.0], [172.0645294189453, 237.80670166015625, 1.0], [222.38900756835938, 135.2554931640625, 1.0], [194.86410522460938, 201.0494384765625, 1.0], [168.7372283935547, 238.37930297851562, 1.0], [140.2154541015625, 262.83428955078125, 1.0], [201.26084899902344, 117.08641815185547, 1.0], [177.98690795898438, 177.5657501220703, 1.0], [154.32156372070312, 210.65420532226562, 1.0], [129.19789123535156, 232.0380096435547, 1.0], [179.8270263671875, 95.26136779785156, 1.0], [160.54501342773438, 129.56076049804688, 1.0], [140.49903869628906, 154.28514099121094, 1.0], [126.28080749511719, 168.59506225585938, 1.0]], "is_left": 0,"label":4}