{"hand_pts": [[47.84946060180664, 281.2856140136719, 1.0], [134.7630615234375, 263.4313049316406, 1.0], [197.64227294921875, 280.2373352050781, 1.0], [247.8021240234375, 259.95721435546875, 1.0], [241.3811492919922, 220.41510009765625, 1.0], [181.50335693359375, 235.3942413330078, 1.0], [222.2808074951172, 194.8954315185547, 1.0], [244.2184295654297, 169.7275390625, 1.0], [231.84771728515625, 166.19850158691406, 1.0], [145.73886108398438, 218.33416748046875, 1.0], [172.31881713867188, 181.82931518554688, 1.0], [207.27769470214844, 152.80030822753906, 1.0], [239.91091918945312, 125.16033172607422, 1.0], [118.08622741699219, 203.3680877685547, 1.0], [171.98443603515625, 153.2394561767578, 1.0], [197.2819366455078, 133.74169921875, 1.0], [204.22488403320312, 134.79869079589844, 1.0], [87.75238037109375, 192.4349365234375, 1.0], [108.14503479003906, 155.70848083496094, 1.0], [135.35955810546875, 133.01748657226562, 1.0], [165.88963317871094, 118.55597686767578, 1.0]], "is_left": 0, "label":5}