{"hand_pts": [[89.9901351928711, 216.7279510498047, 1.0], [150.69244384765625, 165.19705200195312, 1.0], [197.47067260742188, 111.14237213134766, 1.0], [246.84304809570312, 107.13680267333984, 1.0], [250.40365600585938, 151.28236389160156, 1.0], [130.79298400878906, 126.0372314453125, 1.0], [198.03421020507812, 131.8674774169922, 1.0], [232.1898193359375, 156.2644500732422, 1.0], [228.43316650390625, 176.5960235595703, 1.0], [109.4946517944336, 167.81802368164062, 1.0], [198.33944702148438, 172.26580810546875, 1.0], [251.31619262695312, 182.4633026123047, 1.0], [266.68353271484375, 193.24114990234375, 1.0], [100.05642700195312, 203.59796142578125, 1.0], [121.16725158691406, 214.30648803710938, 1.0], [171.4832000732422, 221.00958251953125, 1.0], [190.70394897460938, 216.2266387939453, 1.0], [93.12022399902344, 239.612060546875, 1.0], [138.06097412109375, 250.1566925048828, 1.0], [171.82281494140625, 251.09967041015625, 1.0], [183.47689819335938, 245.17039489746094, 1.0]], "is_left": 0,"label":5}