{"hand_pts": [[206.8228302001953, 228.4341278076172, 1.0], [165.5813446044922, 171.18019104003906, 1.0], [111.73999786376953, 125.98835754394531, 1.0], [97.30277252197266, 86.49034881591797, 1.0], [146.01556396484375, 87.75064849853516, 1.0], [137.29957580566406, 205.83265686035156, 1.0], [119.7455825805664, 207.88629150390625, 1.0], [138.71066284179688, 170.97560119628906, 1.0], [152.6201171875, 142.58865356445312, 1.0], [183.4520263671875, 229.66529846191406, 1.0], [151.23956298828125, 225.13548278808594, 1.0], [141.3673858642578, 195.0008087158203, 1.0], [137.61911010742188, 155.90306091308594, 1.0], [223.2003173828125, 240.25611877441406, 1.0], [221.17538452148438, 231.03219604492188, 1.0], [231.74884033203125, 183.20567321777344, 1.0], [242.1177215576172, 133.23281860351562, 1.0], [261.4122619628906, 246.75160217285156, 1.0], [279.5859069824219, 238.2740020751953, 1.0], [289.8101806640625, 207.74960327148438, 1.0], [283.5252990722656, 167.24505615234375, 1.0]], "is_left": 0,"label":4}