{"hand_pts": [[293.4505615234375, 218.0670623779297, 1.0], [261.0467529296875, 255.3914031982422, 1.0], [245.87757873535156, 297.60040283203125, 1.0], [205.41416931152344, 306.07373046875, 1.0], [162.90582275390625, 300.8906555175781, 1.0], [261.8901062011719, 192.30319213867188, 1.0], [227.9637451171875, 192.44155883789062, 1.0], [185.43997192382812, 207.94979858398438, 1.0], [139.19703674316406, 228.0558624267578, 1.0], [246.21311950683594, 159.40939331054688, 1.0], [200.38076782226562, 148.45021057128906, 1.0], [151.22274780273438, 173.2511444091797, 1.0], [105.08228302001953, 198.04312133789062, 1.0], [227.7179412841797, 140.94317626953125, 1.0], [191.21861267089844, 115.66270446777344, 1.0], [150.9541015625, 126.26309967041016, 1.0], [108.7493896484375, 150.64108276367188, 1.0], [211.43858337402344, 130.22312927246094, 1.0], [169.1221466064453, 115.61701965332031, 1.0], [132.4654083251953, 122.12676239013672, 1.0], [94.96661376953125, 144.40072631835938, 1.0]], "is_left": 0,"label":4}