{"hand_pts": [[159.9708709716797, 64.79146575927734, 1.0], [123.26490783691406, 127.4627914428711, 1.0], [71.43759155273438, 161.10565185546875, 1.0], [79.61541748046875, 200.03744506835938, 1.0], [113.28211975097656, 227.22288513183594, 1.0], [135.62081909179688, 134.7783660888672, 1.0], [142.9779052734375, 193.2848358154297, 1.0], [152.03753662109375, 219.19676208496094, 1.0], [159.89788818359375, 227.470458984375, 1.0], [180.53395080566406, 119.57869720458984, 1.0], [194.99258422851562, 181.6057586669922, 1.0], [201.76220703125, 224.54483032226562, 1.0], [197.80264282226562, 258.7078857421875, 1.0], [216.32469177246094, 112.40400695800781, 1.0], [235.59483337402344, 185.03114318847656, 1.0], [229.67312622070312, 211.64559936523438, 1.0], [222.55348205566406, 235.1324462890625, 1.0], [248.09107971191406, 104.67472839355469, 1.0], [265.8800964355469, 154.6678466796875, 1.0], [260.2549133300781, 180.76011657714844, 1.0], [246.62149047851562, 201.52703857421875, 1.0]], "is_left": 0,"label":5}