{"hand_pts": [[258.08349609375, 317.00189208984375, 1.0], [193.0298614501953, 292.60894775390625, 1.0], [126.03091430664062, 281.2745056152344, 1.0], [107.85967254638672, 260.9117126464844, 1.0], [98.80670928955078, 242.51223754882812, 1.0], [155.19778442382812, 191.1084747314453, 1.0], [105.89727783203125, 145.62196350097656, 1.0], [103.4627914428711, 157.7213592529297, 1.0], [124.86502838134766, 190.06178283691406, 1.0], [196.3385009765625, 182.55909729003906, 1.0], [164.9422607421875, 112.86351776123047, 1.0], [150.8453826904297, 110.2914047241211, 1.0], [137.8785858154297, 107.90533447265625, 1.0], [229.73516845703125, 182.6710205078125, 1.0], [236.96697998046875, 166.55038452148438, 1.0], [243.2102813720703, 190.2029571533203, 1.0], [248.23080444335938, 220.79458618164062, 1.0], [263.5159606933594, 192.53245544433594, 1.0], [270.2732849121094, 167.70298767089844, 1.0], [271.0260925292969, 163.9178009033203, 1.0], [270.0688781738281, 158.59664916992188, 1.0]], "is_left": 0,"label":3}