{"hand_pts": [[31.290889739990234, 206.1526336669922, 1.0], [66.51412963867188, 168.64198303222656, 1.0], [95.2855224609375, 136.7592315673828, 1.0], [132.4093780517578, 114.12725830078125, 1.0], [170.21507263183594, 97.13261413574219, 1.0], [139.76283264160156, 198.61929321289062, 1.0], [192.7651824951172, 194.7989044189453, 1.0], [227.04684448242188, 186.0858612060547, 1.0], [260.9981994628906, 183.90638732910156, 1.0], [140.6355438232422, 208.58126831054688, 1.0], [205.86996459960938, 209.01492309570312, 1.0], [242.06396484375, 189.59544372558594, 1.0], [276.03460693359375, 172.12631225585938, 1.0], [138.0784149169922, 209.67176818847656, 1.0], [199.9776611328125, 207.4827423095703, 1.0], [231.20761108398438, 188.77670288085938, 1.0], [260.8240661621094, 169.7327423095703, 1.0], [128.81944274902344, 208.14236450195312, 1.0], [169.7941131591797, 205.94883728027344, 1.0], [197.31675720214844, 198.0, 1.0], [224.29473876953125, 182.56832885742188, 1.0]], "is_left": 0,"label":3}