{"hand_pts": [[250.55206298828125, 68.47039031982422, 1.0], [200.94679260253906, 83.80099487304688, 1.0], [145.36521911621094, 83.28034210205078, 1.0], [108.26837158203125, 102.91081237792969, 1.0], [112.09230041503906, 142.22288513183594, 1.0], [165.90130615234375, 147.142333984375, 1.0], [130.0801239013672, 184.15599060058594, 1.0], [111.9776840209961, 206.95553588867188, 1.0], [97.36185455322266, 228.77169799804688, 1.0], [200.82981872558594, 162.97186279296875, 1.0], [172.50938415527344, 220.5970001220703, 1.0], [156.48045349121094, 253.21356201171875, 1.0], [141.41067504882812, 283.87945556640625, 1.0], [230.14088439941406, 172.67762756347656, 1.0], [215.56918334960938, 226.3638916015625, 1.0], [214.11692810058594, 234.58950805664062, 1.0], [213.1916046142578, 239.90489196777344, 1.0], [259.98529052734375, 175.33436584472656, 1.0], [269.2513427734375, 186.6001739501953, 1.0], [275.84844970703125, 185.68826293945312, 1.0], [276.6432800292969, 159.27398681640625, 1.0]], "is_left": 0,"label":4}