{"hand_pts": [[139.52993774414062, 308.5876770019531, 1.0], [198.83740234375, 281.57794189453125, 1.0], [250.9333953857422, 263.4482421875, 1.0], [248.98587036132812, 227.8142852783203, 1.0], [201.48545837402344, 221.15042114257812, 1.0], [200.25315856933594, 201.25225830078125, 1.0], [227.79010009765625, 152.96420288085938, 1.0], [237.90045166015625, 166.26673889160156, 1.0], [251.3004608154297, 169.6962432861328, 1.0], [161.91455078125, 201.06483459472656, 1.0], [181.26129150390625, 140.97064208984375, 1.0], [199.28126525878906, 108.34991455078125, 1.0], [211.21946716308594, 73.23391723632812, 1.0], [134.08177185058594, 205.96995544433594, 1.0], [138.7344970703125, 146.313232421875, 1.0], [161.1485137939453, 139.7913818359375, 1.0], [185.0386962890625, 147.83987426757812, 1.0], [108.47736358642578, 218.18826293945312, 1.0], [113.03485107421875, 203.64390563964844, 1.0], [129.56991577148438, 214.89466857910156, 1.0], [151.38002014160156, 235.45126342773438, 1.0]], "is_left": 0,"label":5}