{"hand_pts": [[89.43444061279297, 96.07274627685547, 1.0], [84.07164001464844, 150.998291015625, 1.0], [61.55186462402344, 174.67308044433594, 1.0], [106.2721939086914, 195.4000244140625, 1.0], [149.5627899169922, 212.6023712158203, 1.0], [144.9129638671875, 140.61793518066406, 1.0], [151.05648803710938, 206.04649353027344, 1.0], [138.5066375732422, 232.68516540527344, 1.0], [120.04512786865234, 225.78402709960938, 1.0], [177.7658233642578, 127.36924743652344, 1.0], [208.82565307617188, 161.38375854492188, 1.0], [213.37313842773438, 206.93980407714844, 1.0], [214.99209594726562, 250.52880859375, 1.0], [200.92860412597656, 123.01748657226562, 1.0], [245.53079223632812, 169.3101348876953, 1.0], [249.23809814453125, 211.6776580810547, 1.0], [256.9035949707031, 252.0206298828125, 1.0], [216.28736877441406, 119.60455322265625, 1.0], [257.7668762207031, 143.492431640625, 1.0], [244.17764282226562, 175.9274444580078, 1.0], [210.58299255371094, 188.34617614746094, 1.0]], "is_left": 0,"label":3}