{"hand_pts": [[160.34454345703125, 318.6310119628906, 1.0], [167.9751739501953, 238.39308166503906, 1.0], [144.07931518554688, 171.8814239501953, 1.0], [165.24598693847656, 124.3581314086914, 1.0], [201.7310028076172, 143.3639678955078, 1.0], [110.44686126708984, 183.64747619628906, 1.0], [129.1918487548828, 116.42434692382812, 1.0], [180.24142456054688, 110.17251586914062, 1.0], [224.71421813964844, 125.603271484375, 1.0], [117.51290130615234, 215.9651641845703, 1.0], [164.14208984375, 145.73106384277344, 1.0], [213.3104705810547, 149.8740234375, 1.0], [228.25689697265625, 178.81137084960938, 1.0], [131.8250732421875, 242.27040100097656, 1.0], [169.08934020996094, 188.94717407226562, 1.0], [219.64999389648438, 171.55441284179688, 1.0], [256.2228698730469, 171.74273681640625, 1.0], [150.7273712158203, 272.5904235839844, 1.0], [203.78936767578125, 256.4198303222656, 1.0], [244.20790100097656, 250.46890258789062, 1.0], [260.24725341796875, 251.1075897216797, 1.0]], "is_left": 0,"label":4}