{"hand_pts": [[294.779296875, 103.20514678955078, 1.0], [275.6701354980469, 175.03848266601562, 1.0], [247.42422485351562, 238.27145385742188, 1.0], [207.1427459716797, 262.5325622558594, 1.0], [196.36012268066406, 227.65077209472656, 1.0], [165.58375549316406, 196.3561553955078, 1.0], [126.09024047851562, 238.0070037841797, 1.0], [167.6128692626953, 241.24330139160156, 1.0], [211.6416015625, 222.5784149169922, 1.0], [162.9029998779297, 156.5949249267578, 1.0], [86.79886627197266, 196.8875274658203, 1.0], [116.2705307006836, 220.08651733398438, 1.0], [153.5974884033203, 236.32591247558594, 1.0], [169.863037109375, 126.59016418457031, 1.0], [179.6355743408203, 135.36143493652344, 1.0], [228.67538452148438, 141.41921997070312, 1.0], [276.9093322753906, 147.22775268554688, 1.0], [186.4206085205078, 96.98340606689453, 1.0], [172.7609100341797, 116.42855834960938, 1.0], [179.04945373535156, 134.51840209960938, 1.0], [217.19786071777344, 151.6422882080078, 1.0]], "is_left": 0,"label":3}