{"hand_pts": [[122.49089050292969, 316.7615661621094, 1.0], [182.53411865234375, 287.8070983886719, 1.0], [231.94015502929688, 287.9049377441406, 1.0], [252.0856475830078, 242.0458984375, 1.0], [228.11170959472656, 213.57481384277344, 1.0], [180.12669372558594, 229.1172332763672, 1.0], [189.1403350830078, 188.25039672851562, 1.0], [209.6583251953125, 153.3533477783203, 1.0], [230.08201599121094, 126.276123046875, 1.0], [149.75363159179688, 213.3013458251953, 1.0], [161.4801788330078, 159.91119384765625, 1.0], [182.8363800048828, 122.87022399902344, 1.0], [203.73440551757812, 88.24616241455078, 1.0], [129.46768188476562, 201.38552856445312, 1.0], [175.26382446289062, 152.00465393066406, 1.0], [197.62203979492188, 157.08285522460938, 1.0], [201.8903350830078, 188.1952667236328, 1.0], [110.85277557373047, 196.36483764648438, 1.0], [131.81939697265625, 156.11607360839844, 1.0], [151.07960510253906, 167.90048217773438, 1.0], [172.94113159179688, 180.3397674560547, 1.0]], "is_left": 0,"label":4}