{"hand_pts": [[38.9315071105957, 190.71485900878906, 1.0], [76.92623138427734, 176.761474609375, 1.0], [89.98509216308594, 155.4927215576172, 1.0], [125.9854507446289, 167.55850219726562, 1.0], [158.2074432373047, 185.03271484375, 1.0], [146.52345275878906, 153.0437774658203, 1.0], [180.4913330078125, 158.72161865234375, 1.0], [190.25245666503906, 169.3233184814453, 1.0], [186.5293731689453, 183.9186553955078, 1.0], [152.2663116455078, 169.66262817382812, 1.0], [215.3932647705078, 159.1254119873047, 1.0], [256.8085632324219, 157.11654663085938, 1.0], [270.4899597167969, 168.81687927246094, 1.0], [154.74118041992188, 185.9073944091797, 1.0], [218.25514221191406, 196.17117309570312, 1.0], [227.26963806152344, 209.58724975585938, 1.0], [208.5148162841797, 216.48863220214844, 1.0], [149.84713745117188, 202.9736785888672, 1.0], [191.20346069335938, 214.46597290039062, 1.0], [213.58895874023438, 224.25408935546875, 1.0], [227.02052307128906, 233.05532836914062, 1.0]], "is_left": 0,"label":3}