{"hand_pts": [[255.85179138183594, 24.072891235351562, 1.0], [215.72706604003906, 60.17802047729492, 1.0], [187.87185668945312, 83.3427734375, 1.0], [160.1197967529297, 117.26986694335938, 1.0], [138.1722869873047, 157.01608276367188, 1.0], [224.034423828125, 145.3121337890625, 1.0], [204.15167236328125, 197.63111877441406, 1.0], [170.67408752441406, 218.19696044921875, 1.0], [136.36798095703125, 233.99562072753906, 1.0], [228.491943359375, 148.5820770263672, 1.0], [187.41856384277344, 207.3516845703125, 1.0], [149.3842315673828, 227.9764862060547, 1.0], [116.0076675415039, 250.19293212890625, 1.0], [226.7260284423828, 146.79006958007812, 1.0], [210.35653686523438, 213.27113342285156, 1.0], [184.76278686523438, 243.82516479492188, 1.0], [152.2976837158203, 263.8070068359375, 1.0], [224.64683532714844, 136.7667694091797, 1.0], [204.14459228515625, 179.81536865234375, 1.0], [181.38717651367188, 205.06362915039062, 1.0], [150.9023895263672, 222.8887176513672, 1.0]], "is_left": 0,"label":4}