{"hand_pts": [[313.77227783203125, 53.168296813964844, 1.0], [251.273193359375, 105.6259994506836, 1.0], [224.71392822265625, 148.92442321777344, 1.0], [176.4827117919922, 180.6024169921875, 1.0], [159.09329223632812, 172.62490844726562, 1.0], [244.3757781982422, 208.47666931152344, 1.0], [177.22299194335938, 243.86947631835938, 1.0], [132.5838623046875, 229.83563232421875, 1.0], [104.89127349853516, 196.78506469726562, 1.0], [253.95956420898438, 195.66378784179688, 1.0], [184.73287963867188, 249.92568969726562, 1.0], [134.45721435546875, 233.5612030029297, 1.0], [106.8282241821289, 198.99534606933594, 1.0], [255.76065063476562, 178.99061584472656, 1.0], [182.37554931640625, 212.73455810546875, 1.0], [148.85794067382812, 184.39500427246094, 1.0], [158.27593994140625, 150.04202270507812, 1.0], [258.5561828613281, 153.5220184326172, 1.0], [205.50717163085938, 157.94973754882812, 1.0], [179.8324432373047, 135.1390380859375, 1.0], [188.2806854248047, 111.93953704833984, 1.0]], "is_left": 0,"label":3}