{"hand_pts": [[350.10504150390625, 132.22596740722656, 1.0], [299.0523376464844, 149.0886993408203, 1.0], [276.6382751464844, 164.3973846435547, 1.0], [240.9852752685547, 172.92364501953125, 1.0], [205.23342895507812, 172.15994262695312, 1.0], [221.23245239257812, 189.616943359375, 1.0], [169.71998596191406, 210.4642791748047, 1.0], [139.3243408203125, 215.4031982421875, 1.0], [113.21405029296875, 216.83743286132812, 1.0], [218.31785583496094, 182.50816345214844, 1.0], [158.52102661132812, 210.82611083984375, 1.0], [124.7917709350586, 219.60995483398438, 1.0], [95.30693817138672, 227.78306579589844, 1.0], [218.45578002929688, 173.2198944091797, 1.0], [157.88198852539062, 189.6260528564453, 1.0], [143.8473358154297, 182.7381134033203, 1.0], [142.39012145996094, 171.4910125732422, 1.0], [226.1141815185547, 160.66717529296875, 1.0], [189.17849731445312, 158.88516235351562, 1.0], [180.39312744140625, 150.52540588378906, 1.0], [175.39955139160156, 141.50204467773438, 1.0]], "is_left": 0,"label":3}