{"hand_pts": [[323.39190673828125, 248.61209106445312, 1.0], [293.2881774902344, 184.1455841064453, 1.0], [284.82452392578125, 122.70174407958984, 1.0], [239.93824768066406, 104.1971435546875, 1.0], [196.72142028808594, 119.33506774902344, 1.0], [230.1858367919922, 158.5841522216797, 1.0], [183.42501831054688, 118.4521484375, 1.0], [162.2460479736328, 103.61962890625, 1.0], [165.4988250732422, 111.58819580078125, 1.0], [216.9198760986328, 197.80690002441406, 1.0], [173.93572998046875, 191.5276336669922, 1.0], [182.75888061523438, 194.76776123046875, 1.0], [209.57176208496094, 200.1326141357422, 1.0], [207.67831420898438, 228.40501403808594, 1.0], [145.20065307617188, 226.1180877685547, 1.0], [116.01721954345703, 211.71817016601562, 1.0], [97.78400421142578, 195.06101989746094, 1.0], [205.4984893798828, 258.8032531738281, 1.0], [161.50267028808594, 261.61981201171875, 1.0], [130.00115966796875, 260.15576171875, 1.0], [107.28746032714844, 241.10684204101562, 1.0]], "is_left": 0,"label":4}