{"hand_pts": [[114.3424301147461, 264.6915283203125, 1.0], [179.37619018554688, 217.13221740722656, 1.0], [229.73692321777344, 165.71206665039062, 1.0], [249.1793212890625, 156.17298889160156, 1.0], [225.5530242919922, 186.91244506835938, 1.0], [149.60279846191406, 142.2285614013672, 1.0], [181.3944549560547, 98.13525390625, 1.0], [220.53378295898438, 126.8760986328125, 1.0], [233.25645446777344, 168.31167602539062, 1.0], [115.74102783203125, 169.7529754638672, 1.0], [180.4965057373047, 148.3406219482422, 1.0], [230.25820922851562, 177.64614868164062, 1.0], [281.2248229980469, 199.31980895996094, 1.0], [96.07889556884766, 197.07333374023438, 1.0], [137.9353485107422, 177.15269470214844, 1.0], [182.55995178222656, 184.0334014892578, 1.0], [230.7812042236328, 201.13351440429688, 1.0], [80.75352478027344, 229.1374053955078, 1.0], [125.55368041992188, 242.3179473876953, 1.0], [162.10218811035156, 256.25323486328125, 1.0], [204.6681365966797, 272.832275390625, 1.0]], "is_left": 0,"label":4}