{"hand_pts": [[219.0169219970703, 208.28717041015625, 1.0], [254.39328002929688, 199.8756103515625, 1.0], [298.3888854980469, 200.97576904296875, 1.0], [311.1317443847656, 182.46080017089844, 1.0], [280.8052062988281, 158.10548400878906, 1.0], [191.38075256347656, 229.9696044921875, 1.0], [192.79090881347656, 216.59112548828125, 1.0], [201.7645263671875, 197.22528076171875, 1.0], [216.79026794433594, 170.8329620361328, 1.0], [154.90733337402344, 220.70098876953125, 1.0], [130.87367248535156, 216.2105255126953, 1.0], [136.08737182617188, 197.53660583496094, 1.0], [163.75233459472656, 169.02174377441406, 1.0], [132.31834411621094, 208.01654052734375, 1.0], [127.0226821899414, 188.0357208251953, 1.0], [160.0787353515625, 162.3604736328125, 1.0], [177.67269897460938, 164.65939331054688, 1.0], [117.31782531738281, 193.831298828125, 1.0], [122.96646881103516, 158.93536376953125, 1.0], [136.12637329101562, 133.08692932128906, 1.0], [169.69552612304688, 126.05406951904297, 1.0]], "is_left": 0,"label":2}