{"hand_pts": [[36.09933853149414, 162.50148010253906, 1.0], [82.78388977050781, 144.53114318847656, 1.0], [87.73460388183594, 143.6926727294922, 1.0], [134.05311584472656, 153.48606872558594, 1.0], [176.58917236328125, 162.71484375, 1.0], [137.51136779785156, 195.6411590576172, 1.0], [179.5266571044922, 219.20758056640625, 1.0], [216.05845642089844, 209.58395385742188, 1.0], [235.5757293701172, 188.1349639892578, 1.0], [142.02577209472656, 210.43014526367188, 1.0], [207.85545349121094, 203.0752410888672, 1.0], [242.75355529785156, 183.4837188720703, 1.0], [277.0527038574219, 168.25714111328125, 1.0], [146.1153106689453, 216.21153259277344, 1.0], [207.8396759033203, 195.18637084960938, 1.0], [212.33119201660156, 166.3092041015625, 1.0], [215.5583953857422, 138.31906127929688, 1.0], [144.29226684570312, 216.73414611816406, 1.0], [185.720703125, 203.93077087402344, 1.0], [201.06654357910156, 182.73849487304688, 1.0], [209.32774353027344, 157.5012664794922, 1.0]], "is_left": 0,"label":4}