{"hand_pts": [[80.89942932128906, 266.7579345703125, 1.0], [79.65867614746094, 224.66424560546875, 1.0], [89.09304809570312, 235.06689453125, 1.0], [119.43639373779297, 208.4602508544922, 1.0], [148.12582397460938, 179.57310485839844, 1.0], [176.7544403076172, 225.450439453125, 1.0], [188.066650390625, 180.5733642578125, 1.0], [166.4766082763672, 141.48207092285156, 1.0], [146.08407592773438, 102.96210479736328, 1.0], [195.28781127929688, 227.24546813964844, 1.0], [264.8586730957031, 217.5339813232422, 1.0], [272.5201416015625, 178.8626708984375, 1.0], [248.47251892089844, 139.32884216308594, 1.0], [201.94635009765625, 223.5364532470703, 1.0], [196.3665771484375, 159.0059051513672, 1.0], [155.37127685546875, 158.91806030273438, 1.0], [131.65565490722656, 183.04444885253906, 1.0], [198.9969482421875, 220.5221405029297, 1.0], [226.68211364746094, 190.7509765625, 1.0], [227.2359619140625, 160.73526000976562, 1.0], [206.60491943359375, 129.78472900390625, 1.0]], "is_left": 0,"label":4}