{"hand_pts": [[204.18092346191406, 222.5431365966797, 1.0], [233.1111297607422, 173.1053924560547, 1.0], [268.9826965332031, 124.04202270507812, 1.0], [238.57040405273438, 103.2564926147461, 1.0], [195.05419921875, 128.7838134765625, 1.0], [252.4809112548828, 240.13082885742188, 1.0], [233.6938934326172, 169.53282165527344, 1.0], [219.08937072753906, 143.8712158203125, 1.0], [222.32040405273438, 173.2003936767578, 1.0], [217.42434692382812, 263.7983093261719, 1.0], [179.7622528076172, 213.79058837890625, 1.0], [158.97586059570312, 158.25050354003906, 1.0], [156.38223266601562, 120.66110229492188, 1.0], [186.31475830078125, 272.3972473144531, 1.0], [141.8264923095703, 213.2709197998047, 1.0], [127.32117462158203, 165.5567626953125, 1.0], [131.83787536621094, 137.5062255859375, 1.0], [155.92062377929688, 274.3992919921875, 1.0], [127.46475219726562, 253.98080444335938, 1.0], [126.81897735595703, 210.2815704345703, 1.0], [140.3112030029297, 180.3258056640625, 1.0]], "is_left": 0, "label": 0}