{"hand_pts": [[148.72216796875, 234.1996612548828, 1.0], [203.99668884277344, 206.3429412841797, 1.0], [262.5662536621094, 191.53082275390625, 1.0], [283.8416748046875, 166.67254638671875, 1.0], [269.79376220703125, 143.97970581054688, 1.0], [200.17446899414062, 244.52410888671875, 1.0], [223.38491821289062, 222.6723175048828, 1.0], [235.8379364013672, 185.88368225097656, 1.0], [244.14633178710938, 144.9816436767578, 1.0], [159.59307861328125, 242.89559936523438, 1.0], [174.54347229003906, 212.64288330078125, 1.0], [192.1598358154297, 167.70579528808594, 1.0], [209.58689880371094, 122.84061431884766, 1.0], [129.50636291503906, 233.9038543701172, 1.0], [133.07701110839844, 203.114990234375, 1.0], [147.01107788085938, 161.92257690429688, 1.0], [164.46995544433594, 121.51473236083984, 1.0], [102.24700164794922, 222.44480895996094, 1.0], [96.82768249511719, 191.65267944335938, 1.0], [107.25867462158203, 157.57872009277344, 1.0], [128.50990295410156, 124.2161865234375, 1.0]], "is_left": 0}