{"hand_pts": [[144.0074920654297, 172.0091552734375, 1.0], [196.0272674560547, 169.06834411621094, 1.0], [252.922607421875, 180.7164764404297, 1.0], [281.6451110839844, 207.70513916015625, 1.0], [303.5832824707031, 233.52749633789062, 1.0], [173.26055908203125, 129.63868713378906, 1.0], [201.9746856689453, 149.9203643798828, 1.0], [219.65792846679688, 180.63172912597656, 1.0], [227.4591827392578, 203.13735961914062, 1.0], [142.4960174560547, 143.3788299560547, 1.0], [159.02908325195312, 153.59365844726562, 1.0], [194.94741821289062, 185.7816619873047, 1.0], [227.79342651367188, 215.1918487548828, 1.0], [123.32601928710938, 159.98863220214844, 1.0], [106.85086822509766, 151.45968627929688, 1.0], [142.25958251953125, 177.78546142578125, 1.0], [176.393798828125, 202.0449981689453, 1.0], [107.93634033203125, 178.72206115722656, 1.0], [123.38492584228516, 200.19720458984375, 1.0], [141.25282287597656, 219.07733154296875, 1.0], [171.18592834472656, 233.97958374023438, 1.0]], "is_left": 0}