{"hand_pts": [[254.62564086914062, 204.7438507080078, 1.0], [265.486083984375, 219.4161834716797, 1.0], [301.82452392578125, 213.38681030273438, 1.0], [299.7994384765625, 213.10035705566406, 1.0], [284.89031982421875, 214.6885986328125, 1.0], [241.2989044189453, 179.06979370117188, 1.0], [217.05868530273438, 165.36587524414062, 1.0], [193.96621704101562, 166.96958923339844, 1.0], [172.1176300048828, 187.40965270996094, 1.0], [206.2117919921875, 170.7945098876953, 1.0], [170.57513427734375, 153.7180938720703, 1.0], [151.45477294921875, 175.1955108642578, 1.0], [156.9814453125, 202.47866821289062, 1.0], [177.85397338867188, 169.44073486328125, 1.0], [128.7181854248047, 154.34414672851562, 1.0], [110.27645111083984, 173.74765014648438, 1.0], [112.88322448730469, 199.6394500732422, 1.0], [154.6407012939453, 172.02261352539062, 1.0], [119.95846557617188, 171.7315216064453, 1.0], [111.28536987304688, 189.75900268554688, 1.0], [108.38990020751953, 210.79490661621094, 1.0]], "is_left": 0}