{"hand_pts": [[164.80886840820312, 321.22161865234375, 1.0], [128.12986755371094, 257.17926025390625, 1.0], [85.7840576171875, 208.43934631347656, 1.0], [83.68358612060547, 163.71070861816406, 1.0], [100.15607452392578, 128.1597442626953, 1.0], [195.08856201171875, 184.6575927734375, 1.0], [168.1057891845703, 143.7221221923828, 1.0], [137.53208923339844, 140.08863830566406, 1.0], [108.9704360961914, 168.22201538085938, 1.0], [231.7750244140625, 205.92799377441406, 1.0], [234.9463653564453, 134.43411254882812, 1.0], [203.27854919433594, 111.12680053710938, 1.0], [174.93063354492188, 89.15302276611328, 1.0], [253.42259216308594, 225.2488250732422, 1.0], [230.19932556152344, 190.3831024169922, 1.0], [197.473876953125, 187.05447387695312, 1.0], [160.3309326171875, 212.67198181152344, 1.0], [266.67926025390625, 249.88018798828125, 1.0], [255.3138427734375, 234.83741760253906, 1.0], [233.82577514648438, 231.16729736328125, 1.0], [198.08229064941406, 234.04893493652344, 1.0]], "is_left": 0}