{"hand_pts": [[321.06280517578125, 216.06710815429688, 1.0], [290.3098449707031, 168.22799682617188, 1.0], [288.7290344238281, 133.18295288085938, 1.0], [265.675537109375, 127.22151947021484, 1.0], [235.7263946533203, 148.36647033691406, 1.0], [211.00396728515625, 148.96603393554688, 1.0], [169.7324676513672, 128.2385711669922, 1.0], [144.7207489013672, 117.0479965209961, 1.0], [117.01390838623047, 105.25069427490234, 1.0], [204.23068237304688, 187.62451171875, 1.0], [163.36410522460938, 176.17555236816406, 1.0], [147.6763458251953, 169.7277374267578, 1.0], [167.61929321289062, 169.70230102539062, 1.0], [202.58448791503906, 219.09927368164062, 1.0], [145.95492553710938, 220.21311950683594, 1.0], [120.15554809570312, 220.79013061523438, 1.0], [96.38260650634766, 221.1594696044922, 1.0], [208.81248474121094, 249.54153442382812, 1.0], [182.67581176757812, 256.7523498535156, 1.0], [166.74508666992188, 261.612060546875, 1.0], [175.22103881835938, 258.4292297363281, 1.0]], "is_left": 0}