{"hand_pts": [[267.77178955078125, 117.66651916503906, 1.0], [250.92068481445312, 178.2832794189453, 1.0], [239.87586975097656, 233.5833740234375, 1.0], [222.41062927246094, 276.9378662109375, 1.0], [191.62440490722656, 295.19122314453125, 1.0], [234.11827087402344, 183.0657958984375, 1.0], [201.2022705078125, 235.70994567871094, 1.0], [178.7804718017578, 267.5054931640625, 1.0], [167.95025634765625, 274.65850830078125, 1.0], [217.28561401367188, 147.40516662597656, 1.0], [195.9510498046875, 159.04901123046875, 1.0], [165.86183166503906, 186.94741821289062, 1.0], [150.7407989501953, 205.3813934326172, 1.0], [201.4892120361328, 121.81786346435547, 1.0], [141.2386932373047, 145.53143310546875, 1.0], [129.3951416015625, 156.77195739746094, 1.0], [147.5344696044922, 160.5650634765625, 1.0], [189.0866241455078, 97.95951080322266, 1.0], [142.4993133544922, 96.7503890991211, 1.0], [143.858154296875, 116.54006958007812, 1.0], [171.6808624267578, 130.05935668945312, 1.0]], "is_left": 0}