{"hand_pts": [[301.3348083496094, 295.9473571777344, 1.0], [229.9933624267578, 271.15924072265625, 1.0], [177.166259765625, 257.1856384277344, 1.0], [140.642333984375, 223.1053466796875, 1.0], [124.71907043457031, 184.06272888183594, 1.0], [167.00604248046875, 243.66708374023438, 1.0], [113.80982208251953, 206.62496948242188, 1.0], [107.6437759399414, 175.10987854003906, 1.0], [116.2674789428711, 150.1168975830078, 1.0], [203.78150939941406, 229.98814392089844, 1.0], [155.25726318359375, 172.68272399902344, 1.0], [153.8614044189453, 146.2028350830078, 1.0], [159.82810974121094, 129.31602478027344, 1.0], [236.15771484375, 217.1969451904297, 1.0], [201.43702697753906, 157.45542907714844, 1.0], [193.95529174804688, 126.93829345703125, 1.0], [200.6077117919922, 119.91278076171875, 1.0], [272.3289794921875, 208.40689086914062, 1.0], [254.4760284423828, 165.95236206054688, 1.0], [246.48269653320312, 144.8984375, 1.0], [246.11288452148438, 146.16258239746094, 1.0]], "is_left": 0}