{"hand_pts": [[205.8506622314453, 142.66567993164062, 1.0], [179.66078186035156, 112.79619598388672, 1.0], [133.68234252929688, 70.54351043701172, 1.0], [86.3555908203125, 73.76758575439453, 1.0], [87.6541519165039, 124.23885345458984, 1.0], [225.01158142089844, 142.2330780029297, 1.0], [237.8629608154297, 167.9317626953125, 1.0], [234.57872009277344, 185.85455322265625, 1.0], [235.91412353515625, 203.9430389404297, 1.0], [228.19371032714844, 180.51905822753906, 1.0], [213.919677734375, 183.1980438232422, 1.0], [166.8789520263672, 171.28074645996094, 1.0], [156.1134796142578, 162.50941467285156, 1.0], [223.04180908203125, 208.91310119628906, 1.0], [230.6842803955078, 255.84429931640625, 1.0], [192.13720703125, 254.505615234375, 1.0], [168.13827514648438, 225.6838836669922, 1.0], [214.35604858398438, 232.0759735107422, 1.0], [188.2543487548828, 263.9338073730469, 1.0], [157.2871856689453, 245.3951873779297, 1.0], [142.0859375, 213.9215545654297, 1.0]], "is_left": 0}