{"hand_pts": [[198.73675537109375, 204.60853576660156, 1.0], [176.53932189941406, 165.6514129638672, 1.0], [177.13027954101562, 111.68810272216797, 1.0], [166.44619750976562, 77.58502960205078, 1.0], [151.53561401367188, 55.94658279418945, 1.0], [234.23104858398438, 150.14756774902344, 1.0], [185.35165405273438, 153.92047119140625, 1.0], [148.72740173339844, 160.39585876464844, 1.0], [114.2704086303711, 174.13172912597656, 1.0], [243.3625946044922, 185.1312713623047, 1.0], [206.91050720214844, 170.20919799804688, 1.0], [159.86376953125, 171.7394561767578, 1.0], [116.65946197509766, 173.61236572265625, 1.0], [242.77931213378906, 214.06092834472656, 1.0], [188.14817810058594, 231.07948303222656, 1.0], [148.57443237304688, 239.85348510742188, 1.0], [117.15789794921875, 238.13319396972656, 1.0], [237.02777099609375, 241.82989501953125, 1.0], [237.32827758789062, 260.12115478515625, 1.0], [215.0065460205078, 264.6079406738281, 1.0], [181.8614959716797, 258.9569396972656, 1.0]], "is_left": 0}