{"hand_pts": [[172.96539306640625, 302.483642578125, 1.0], [199.50714111328125, 229.55841064453125, 1.0], [205.11929321289062, 166.07174682617188, 1.0], [213.5977325439453, 115.94341278076172, 1.0], [219.82164001464844, 103.82119750976562, 1.0], [130.63955688476562, 170.5394744873047, 1.0], [176.81947326660156, 131.76235961914062, 1.0], [223.96702575683594, 146.7218017578125, 1.0], [250.80044555664062, 177.67251586914062, 1.0], [117.59510040283203, 203.0425262451172, 1.0], [126.82626342773438, 136.34487915039062, 1.0], [179.00978088378906, 115.66273498535156, 1.0], [226.47145080566406, 131.19725036621094, 1.0], [116.61029815673828, 230.4270782470703, 1.0], [165.70640563964844, 201.26028442382812, 1.0], [215.20205688476562, 209.0202178955078, 1.0], [232.80873107910156, 225.65037536621094, 1.0], [122.29943084716797, 261.552734375, 1.0], [150.78070068359375, 255.5044403076172, 1.0], [188.40032958984375, 251.77320861816406, 1.0], [225.94615173339844, 249.59695434570312, 1.0]], "is_left": 0}