{"hand_pts": [[27.532535552978516, 84.66261291503906, 1.0], [72.7925033569336, 144.84115600585938, 1.0], [100.88925170898438, 185.58755493164062, 1.0], [161.00572204589844, 212.2063446044922, 1.0], [188.51316833496094, 201.9735107421875, 1.0], [140.1424102783203, 192.22727966308594, 1.0], [190.10220336914062, 238.50498962402344, 1.0], [223.14105224609375, 257.3294372558594, 1.0], [247.2233123779297, 265.644287109375, 1.0], [152.87350463867188, 172.29820251464844, 1.0], [224.10195922851562, 208.55653381347656, 1.0], [194.58445739746094, 190.57687377929688, 1.0], [149.3826904296875, 169.04644775390625, 1.0], [162.76873779296875, 156.01194763183594, 1.0], [222.2456512451172, 176.7608184814453, 1.0], [187.6746826171875, 158.14219665527344, 1.0], [153.14549255371094, 139.32705688476562, 1.0], [165.48406982421875, 136.43943786621094, 1.0], [215.37234497070312, 147.7607421875, 1.0], [241.56109619140625, 154.7257537841797, 1.0], [261.2353210449219, 162.1287384033203, 1.0]], "is_left": 0}