{"hand_pts": [[336.41204833984375, 215.96205139160156, 1.0], [277.7895202636719, 252.46734619140625, 1.0], [237.029541015625, 287.6468811035156, 1.0], [198.29779052734375, 292.6944580078125, 1.0], [171.177490234375, 278.41748046875, 1.0], [180.1328887939453, 196.1781005859375, 1.0], [128.0275115966797, 195.83384704589844, 1.0], [114.50676727294922, 206.8067169189453, 1.0], [112.62489318847656, 220.7245330810547, 1.0], [199.65797424316406, 159.59490966796875, 1.0], [138.9185791015625, 145.6457977294922, 1.0], [133.8277130126953, 166.69436645507812, 1.0], [146.48143005371094, 195.93905639648438, 1.0], [220.7681427001953, 136.77459716796875, 1.0], [171.9986572265625, 123.52339172363281, 1.0], [175.3013153076172, 146.5065460205078, 1.0], [188.3940887451172, 175.3887176513672, 1.0], [249.3512420654297, 121.39165496826172, 1.0], [228.4205322265625, 111.904541015625, 1.0], [227.70346069335938, 127.13444519042969, 1.0], [237.8109130859375, 157.09002685546875, 1.0]], "is_left": 0}