{"hand_pts": [[299.2058410644531, 142.32398986816406, 1.0], [287.3363037109375, 182.0447998046875, 1.0], [300.2088623046875, 214.97096252441406, 1.0], [278.37664794921875, 207.77700805664062, 1.0], [245.0925750732422, 171.16888427734375, 1.0], [205.17593383789062, 241.4087677001953, 1.0], [156.12794494628906, 254.03140258789062, 1.0], [146.76551818847656, 231.4792022705078, 1.0], [135.38055419921875, 210.9483184814453, 1.0], [184.22573852539062, 209.0432891845703, 1.0], [114.09934997558594, 234.22804260253906, 1.0], [125.6123046875, 210.09193420410156, 1.0], [166.09486389160156, 193.1360321044922, 1.0], [172.3397979736328, 177.00721740722656, 1.0], [162.31838989257812, 142.708251953125, 1.0], [198.00685119628906, 118.7279281616211, 1.0], [219.1743927001953, 131.39739990234375, 1.0], [169.33694458007812, 141.57029724121094, 1.0], [123.42218780517578, 140.04058837890625, 1.0], [137.09410095214844, 132.6373748779297, 1.0], [170.02455139160156, 129.47647094726562, 1.0]], "is_left": 0}