{"hand_pts": [[247.5463104248047, 257.3331298828125, 1.0], [247.0984344482422, 195.71334838867188, 1.0], [280.5940246582031, 143.98495483398438, 1.0], [253.35655212402344, 98.2692642211914, 1.0], [199.13861083984375, 78.54747009277344, 1.0], [254.00621032714844, 198.86367797851562, 1.0], [204.06642150878906, 148.20062255859375, 1.0], [170.57130432128906, 123.62380981445312, 1.0], [135.5133514404297, 97.78292846679688, 1.0], [226.69882202148438, 230.0837860107422, 1.0], [223.46719360351562, 223.203369140625, 1.0], [187.43218994140625, 186.15591430664062, 1.0], [164.95675659179688, 161.23635864257812, 1.0], [200.67832946777344, 250.97544860839844, 1.0], [125.00226593017578, 209.54840087890625, 1.0], [119.2550048828125, 197.79348754882812, 1.0], [148.02041625976562, 203.327880859375, 1.0], [176.4111785888672, 270.1366271972656, 1.0], [136.7312774658203, 248.32057189941406, 1.0], [110.44922637939453, 220.22779846191406, 1.0], [90.33216094970703, 187.59130859375, 1.0]], "is_left": 0}