{"hand_pts": [[259.9978332519531, 259.1738586425781, 1.0], [260.80413818359375, 267.3121032714844, 1.0], [287.2399597167969, 276.9659118652344, 1.0], [249.14402770996094, 277.7721252441406, 1.0], [210.59840393066406, 277.7262268066406, 1.0], [255.5819854736328, 171.0670166015625, 1.0], [247.33949279785156, 129.98199462890625, 1.0], [234.23812866210938, 109.31285095214844, 1.0], [209.31381225585938, 102.7021713256836, 1.0], [221.0903778076172, 154.01901245117188, 1.0], [176.14976501464844, 129.9093780517578, 1.0], [142.16754150390625, 158.10366821289062, 1.0], [133.0364227294922, 207.7824249267578, 1.0], [190.38552856445312, 149.74684143066406, 1.0], [140.4454345703125, 134.42176818847656, 1.0], [114.28411865234375, 169.71829223632812, 1.0], [117.0324478149414, 213.9536895751953, 1.0], [163.60150146484375, 154.94329833984375, 1.0], [111.8874740600586, 170.0631561279297, 1.0], [95.92485046386719, 205.90771484375, 1.0], [124.39104461669922, 231.2931671142578, 1.0]], "is_left": 0}