{"hand_pts": [[163.0965576171875, 153.30409240722656, 1.0], [133.10565185546875, 164.2216339111328, 1.0], [84.16650390625, 161.783203125, 1.0], [63.27222442626953, 171.5861358642578, 1.0], [96.30011749267578, 194.4181365966797, 1.0], [152.1763916015625, 149.32064819335938, 1.0], [154.25831604003906, 151.43057250976562, 1.0], [162.42428588867188, 174.01231384277344, 1.0], [171.26083374023438, 195.23931884765625, 1.0], [188.33445739746094, 155.6597900390625, 1.0], [198.07614135742188, 189.76528930664062, 1.0], [188.73361206054688, 208.6397247314453, 1.0], [178.46690368652344, 224.24855041503906, 1.0], [215.34275817871094, 164.1475830078125, 1.0], [234.6058807373047, 178.27798461914062, 1.0], [238.84918212890625, 195.85687255859375, 1.0], [232.86143493652344, 215.0601043701172, 1.0], [237.94967651367188, 172.9318389892578, 1.0], [262.8364562988281, 193.326904296875, 1.0], [256.3768615722656, 209.50888061523438, 1.0], [240.97845458984375, 222.3437042236328, 1.0]], "is_left": 0}