{"hand_pts": [[176.53582763671875, 196.65574645996094, 1.0], [228.29774475097656, 191.3687744140625, 1.0], [274.14971923828125, 190.21511840820312, 1.0], [295.85797119140625, 178.83753967285156, 1.0], [300.41229248046875, 163.28314208984375, 1.0], [208.92648315429688, 231.50942993164062, 1.0], [219.6056365966797, 240.89901733398438, 1.0], [227.46031188964844, 223.994140625, 1.0], [233.8563232421875, 202.76307678222656, 1.0], [164.59141540527344, 218.4196319580078, 1.0], [165.1284942626953, 221.02581787109375, 1.0], [177.4906463623047, 195.5635528564453, 1.0], [191.40476989746094, 166.99256896972656, 1.0], [132.04518127441406, 201.30978393554688, 1.0], [128.27056884765625, 179.5831756591797, 1.0], [141.2725830078125, 147.1591339111328, 1.0], [157.42813110351562, 114.75179290771484, 1.0], [103.87102508544922, 182.01792907714844, 1.0], [98.4070816040039, 159.4153289794922, 1.0], [107.3755874633789, 134.41937255859375, 1.0], [123.83662414550781, 107.75607299804688, 1.0]], "is_left": 0}