{"hand_pts": [[287.8887634277344, 115.69293212890625, 1.0], [266.2069091796875, 135.83657836914062, 1.0], [256.3736267089844, 130.5624542236328, 1.0], [230.2442169189453, 168.93368530273438, 1.0], [211.6980438232422, 204.7582244873047, 1.0], [161.22251892089844, 132.2823028564453, 1.0], [157.56973266601562, 179.5322723388672, 1.0], [196.51853942871094, 199.02894592285156, 1.0], [234.7888946533203, 197.03759765625, 1.0], [150.9733428955078, 142.7763671875, 1.0], [158.57740783691406, 204.762939453125, 1.0], [209.34979248046875, 210.04881286621094, 1.0], [254.49310302734375, 200.15225219726562, 1.0], [149.8912353515625, 155.1565399169922, 1.0], [93.31468200683594, 193.38909912109375, 1.0], [127.71571350097656, 213.56263732910156, 1.0], [163.82974243164062, 196.0885772705078, 1.0], [158.72450256347656, 166.37965393066406, 1.0], [138.98355102539062, 204.2520751953125, 1.0], [167.6578369140625, 218.5470733642578, 1.0], [192.92373657226562, 195.90089416503906, 1.0]], "is_left": 0}