{"hand_pts": [[328.648681640625, 211.94976806640625, 1.0], [244.09420776367188, 182.484130859375, 1.0], [187.39352416992188, 148.22740173339844, 1.0], [126.86033630371094, 147.7986297607422, 1.0], [122.27054595947266, 176.4033966064453, 1.0], [204.3919219970703, 133.1794891357422, 1.0], [131.58865356445312, 135.57015991210938, 1.0], [120.35183715820312, 162.43304443359375, 1.0], [148.24456787109375, 183.5387420654297, 1.0], [231.474609375, 155.42588806152344, 1.0], [150.91500854492188, 168.12940979003906, 1.0], [140.25625610351562, 192.57266235351562, 1.0], [169.43638610839844, 203.3163299560547, 1.0], [249.35223388671875, 176.79270935058594, 1.0], [183.41192626953125, 191.42770385742188, 1.0], [163.7345733642578, 212.2672882080078, 1.0], [176.99363708496094, 220.9991912841797, 1.0], [269.42401123046875, 200.3946533203125, 1.0], [234.972412109375, 223.09469604492188, 1.0], [228.5154571533203, 235.1448974609375, 1.0], [248.4451904296875, 224.2742156982422, 1.0]], "is_left": 0}