{"hand_pts": [[26.95041275024414, 195.47271728515625, 1.0], [74.01844787597656, 200.76617431640625, 1.0], [94.69319152832031, 238.65538024902344, 1.0], [129.25344848632812, 258.98150634765625, 1.0], [171.35536193847656, 228.97683715820312, 1.0], [181.5133056640625, 272.01715087890625, 1.0], [224.36654663085938, 231.18423461914062, 1.0], [196.77244567871094, 186.0149688720703, 1.0], [180.84957885742188, 138.84085083007812, 1.0], [190.6560821533203, 253.66897583007812, 1.0], [242.34405517578125, 197.24485778808594, 1.0], [196.46493530273438, 162.597412109375, 1.0], [147.40301513671875, 144.39328002929688, 1.0], [193.5417022705078, 230.08331298828125, 1.0], [230.1626434326172, 158.75582885742188, 1.0], [202.4876251220703, 115.5154800415039, 1.0], [160.1117401123047, 93.30938720703125, 1.0], [185.7854461669922, 202.28533935546875, 1.0], [219.96084594726562, 161.34356689453125, 1.0], [222.20709228515625, 122.14375305175781, 1.0], [199.19174194335938, 93.80329132080078, 1.0]], "is_left": 0}