{"hand_pts": [[183.33596801757812, 177.86204528808594, 1.0], [199.7743682861328, 226.3159942626953, 1.0], [202.6940460205078, 269.3589782714844, 1.0], [198.66896057128906, 250.15518188476562, 1.0], [194.18389892578125, 224.76622009277344, 1.0], [102.081298828125, 224.25286865234375, 1.0], [172.32904052734375, 236.35350036621094, 1.0], [231.69268798828125, 237.41798400878906, 1.0], [256.23028564453125, 230.23971557617188, 1.0], [100.85372924804688, 183.236572265625, 1.0], [177.0105743408203, 193.66146850585938, 1.0], [242.49948120117188, 202.5682830810547, 1.0], [270.3223571777344, 207.27920532226562, 1.0], [112.07272338867188, 151.4376983642578, 1.0], [111.14373779296875, 143.87998962402344, 1.0], [148.0672607421875, 145.97149658203125, 1.0], [190.28211975097656, 149.88735961914062, 1.0], [131.18186950683594, 122.24650573730469, 1.0], [167.6758270263672, 100.49942779541016, 1.0], [202.62374877929688, 88.6953353881836, 1.0], [253.38101196289062, 97.31123352050781, 1.0]], "is_left": 0}