{"hand_pts": [[344.9690856933594, 178.99490356445312, 1.0], [291.44366455078125, 200.37083435058594, 1.0], [275.07745361328125, 206.80599975585938, 1.0], [246.5193328857422, 196.71575927734375, 1.0], [214.62454223632812, 164.50927734375, 1.0], [218.7386474609375, 235.1014404296875, 1.0], [161.66232299804688, 260.26788330078125, 1.0], [120.69112396240234, 260.2547912597656, 1.0], [110.91445922851562, 230.4122772216797, 1.0], [220.01100158691406, 209.1854705810547, 1.0], [155.47276306152344, 182.48861694335938, 1.0], [129.37725830078125, 160.83433532714844, 1.0], [99.24298095703125, 142.60520935058594, 1.0], [222.41119384765625, 184.11622619628906, 1.0], [167.0871124267578, 159.9893035888672, 1.0], [144.10870361328125, 143.51548767089844, 1.0], [152.45220947265625, 128.85755920410156, 1.0], [231.99298095703125, 157.9874725341797, 1.0], [183.30030822753906, 156.2737274169922, 1.0], [167.5889434814453, 147.4560546875, 1.0], [185.9911651611328, 142.88775634765625, 1.0]], "is_left": 0}