{"hand_pts": [[165.6096649169922, 221.99267578125, 1.0], [136.82435607910156, 181.06324768066406, 1.0], [84.40496063232422, 154.4655303955078, 1.0], [97.4353256225586, 127.49185180664062, 1.0], [140.8424530029297, 114.7854995727539, 1.0], [115.3117904663086, 230.4516143798828, 1.0], [129.05885314941406, 191.09095764160156, 1.0], [156.6698455810547, 146.91140747070312, 1.0], [173.91070556640625, 130.0286865234375, 1.0], [152.09349060058594, 250.1399383544922, 1.0], [170.60247802734375, 239.98696899414062, 1.0], [192.51844787597656, 194.18637084960938, 1.0], [212.6784210205078, 142.86199951171875, 1.0], [184.5602264404297, 257.6622009277344, 1.0], [223.08242797851562, 205.80023193359375, 1.0], [243.062744140625, 156.5443878173828, 1.0], [247.87718200683594, 118.40597534179688, 1.0], [215.96205139160156, 259.9749450683594, 1.0], [257.5225524902344, 224.03579711914062, 1.0], [277.94744873046875, 185.1043243408203, 1.0], [281.76123046875, 145.30685424804688, 1.0]], "is_left": 0}