{"hand_pts": [[254.26988220214844, 195.4115753173828, 1.0], [177.21311950683594, 205.10643005371094, 1.0], [120.38826751708984, 232.04891967773438, 1.0], [104.86672973632812, 207.46205139160156, 1.0], [107.01605987548828, 175.6875457763672, 1.0], [180.25436401367188, 251.3954620361328, 1.0], [153.48304748535156, 282.31591796875, 1.0], [128.47592163085938, 269.6820068359375, 1.0], [105.65220642089844, 248.6829376220703, 1.0], [228.94540405273438, 227.0151824951172, 1.0], [187.4663543701172, 187.39346313476562, 1.0], [155.56680297851562, 149.078369140625, 1.0], [139.62042236328125, 123.809814453125, 1.0], [263.60296630859375, 200.79530334472656, 1.0], [215.25765991210938, 156.1464080810547, 1.0], [185.2700653076172, 123.58766174316406, 1.0], [175.50967407226562, 111.55795288085938, 1.0], [295.0242614746094, 172.74661254882812, 1.0], [281.7970886230469, 141.07565307617188, 1.0], [261.3421325683594, 112.98230743408203, 1.0], [236.44557189941406, 99.51139831542969, 1.0]], "is_left": 0, "label": 5}