{"hand_pts": [[77.5655517578125, 275.5481262207031, 1.0], [90.62593841552734, 202.93531799316406, 1.0], [68.54185485839844, 145.14373779296875, 1.0], [109.97079467773438, 103.55900573730469, 1.0], [165.3416290283203, 110.09679412841797, 1.0], [121.25682067871094, 179.25997924804688, 1.0], [175.61221313476562, 127.85342407226562, 1.0], [188.44815063476562, 124.88101196289062, 1.0], [174.67283630371094, 146.8237762451172, 1.0], [149.26455688476562, 213.96554565429688, 1.0], [226.26333618164062, 168.04071044921875, 1.0], [216.6278533935547, 166.90699768066406, 1.0], [176.95953369140625, 183.4109649658203, 1.0], [173.3463592529297, 239.14759826660156, 1.0], [254.05120849609375, 204.703125, 1.0], [255.15802001953125, 193.7001953125, 1.0], [212.857177734375, 202.7255096435547, 1.0], [191.84503173828125, 264.5361328125, 1.0], [247.83485412597656, 252.34083557128906, 1.0], [248.43833923339844, 240.2511749267578, 1.0], [209.71575927734375, 236.82708740234375, 1.0]], "is_left": 0}