{"hand_pts": [[145.21095275878906, 149.58522033691406, 1.0], [114.79902648925781, 149.1511688232422, 1.0], [77.5838394165039, 128.09036254882812, 1.0], [86.96419525146484, 154.36660766601562, 1.0], [115.77523040771484, 190.2265167236328, 1.0], [177.10287475585938, 117.93111419677734, 1.0], [186.75665283203125, 133.63491821289062, 1.0], [171.13739013671875, 168.00299072265625, 1.0], [152.79037475585938, 197.3917694091797, 1.0], [214.20156860351562, 136.60121154785156, 1.0], [213.99525451660156, 186.90850830078125, 1.0], [179.48377990722656, 210.8854522705078, 1.0], [154.900146484375, 202.7751007080078, 1.0], [237.85377502441406, 157.01950073242188, 1.0], [248.0611114501953, 208.2416229248047, 1.0], [216.0296173095703, 229.351806640625, 1.0], [184.39076232910156, 227.80271911621094, 1.0], [253.63526916503906, 178.34783935546875, 1.0], [262.21630859375, 213.7376251220703, 1.0], [236.52069091796875, 234.46348571777344, 1.0], [205.2928466796875, 226.7631378173828, 1.0]], "is_left": 0}