{"hand_pts": [[178.63414001464844, 11.288764953613281, 1.0], [213.0728759765625, 92.7892837524414, 1.0], [243.0026397705078, 142.53622436523438, 1.0], [260.70025634765625, 193.89173889160156, 1.0], [253.28758239746094, 204.6117706298828, 1.0], [131.75997924804688, 189.56594848632812, 1.0], [161.13494873046875, 248.4649200439453, 1.0], [205.0896453857422, 250.35870361328125, 1.0], [244.11581420898438, 224.8411407470703, 1.0], [109.24879455566406, 169.2677001953125, 1.0], [152.5752716064453, 229.61090087890625, 1.0], [207.09854125976562, 223.85076904296875, 1.0], [250.99649047851562, 194.01539611816406, 1.0], [101.5207748413086, 150.89205932617188, 1.0], [128.27931213378906, 203.24429321289062, 1.0], [174.9822998046875, 199.8166046142578, 1.0], [213.7332305908203, 174.181884765625, 1.0], [101.73931121826172, 125.20323181152344, 1.0], [129.1053009033203, 148.12020874023438, 1.0], [168.68345642089844, 140.97027587890625, 1.0], [198.19163513183594, 119.84268188476562, 1.0]], "is_left": 0}