{"hand_pts": [[333.0178527832031, 183.89016723632812, 1.0], [292.1805114746094, 211.77574157714844, 1.0], [272.35028076171875, 240.48301696777344, 1.0], [236.2317352294922, 254.94667053222656, 1.0], [196.9969024658203, 245.75799560546875, 1.0], [208.76657104492188, 207.10032653808594, 1.0], [148.7531280517578, 205.06192016601562, 1.0], [137.19021606445312, 202.8816375732422, 1.0], [155.5767822265625, 201.4265594482422, 1.0], [205.86007690429688, 180.13694763183594, 1.0], [135.81407165527344, 169.00094604492188, 1.0], [119.95045471191406, 170.8865966796875, 1.0], [132.05557250976562, 178.28990173339844, 1.0], [207.17152404785156, 159.65679931640625, 1.0], [140.1720428466797, 151.82264709472656, 1.0], [103.61307525634766, 152.39410400390625, 1.0], [112.71318817138672, 162.02810668945312, 1.0], [216.95599365234375, 141.8336944580078, 1.0], [208.69076538085938, 134.91207885742188, 1.0], [236.32688903808594, 145.67050170898438, 1.0], [254.23118591308594, 155.7086639404297, 1.0]], "is_left": 0}