{"hand_pts": [[213.9877471923828, 249.97744750976562, 1.0], [249.01954650878906, 209.33322143554688, 1.0], [290.4829406738281, 178.24972534179688, 1.0], [254.835693359375, 163.44090270996094, 1.0], [204.63186645507812, 181.35670471191406, 1.0], [247.1326904296875, 210.73680114746094, 1.0], [245.22824096679688, 176.44151306152344, 1.0], [226.81842041015625, 153.61940002441406, 1.0], [208.10223388671875, 127.50212860107422, 1.0], [201.8441619873047, 222.19696044921875, 1.0], [177.15673828125, 167.12203979492188, 1.0], [171.9027099609375, 141.3900146484375, 1.0], [171.69622802734375, 123.77366638183594, 1.0], [163.23043823242188, 227.97483825683594, 1.0], [146.8214874267578, 218.76434326171875, 1.0], [136.24632263183594, 188.62098693847656, 1.0], [144.10731506347656, 177.33157348632812, 1.0], [126.85126495361328, 233.60247802734375, 1.0], [97.11467742919922, 207.06613159179688, 1.0], [101.27594757080078, 185.5810089111328, 1.0], [125.24237823486328, 187.1346435546875, 1.0]], "is_left": 0}