{"hand_pts": [[131.15846252441406, 207.603271484375, 1.0], [199.96351623535156, 194.04330444335938, 1.0], [268.34100341796875, 190.98768615722656, 1.0], [262.51629638671875, 189.89642333984375, 1.0], [223.65830993652344, 190.54693603515625, 1.0], [219.3715362548828, 222.88870239257812, 1.0], [254.55029296875, 219.3236846923828, 1.0], [268.6189270019531, 199.84974670410156, 1.0], [269.7330322265625, 171.02801513671875, 1.0], [173.79942321777344, 219.85902404785156, 1.0], [180.4485321044922, 174.27297973632812, 1.0], [185.5479736328125, 141.35447692871094, 1.0], [190.3699188232422, 109.8988265991211, 1.0], [137.03366088867188, 212.2045135498047, 1.0], [131.86119079589844, 206.35647583007812, 1.0], [141.88232421875, 179.15704345703125, 1.0], [151.2184600830078, 153.38055419921875, 1.0], [100.46475219726562, 202.4854278564453, 1.0], [93.84290313720703, 167.4162139892578, 1.0], [106.66328430175781, 154.7351837158203, 1.0], [123.41765594482422, 147.44007873535156, 1.0]], "is_left": 0}