{"hand_pts": [[148.28273010253906, 53.101524353027344, 1.0], [176.7500762939453, 67.3310317993164, 1.0], [236.95303344726562, 71.7135009765625, 1.0], [262.03900146484375, 102.89414978027344, 1.0], [253.06674194335938, 141.65945434570312, 1.0], [224.2927703857422, 150.89463806152344, 1.0], [250.1983184814453, 198.17608642578125, 1.0], [234.58116149902344, 211.55709838867188, 1.0], [202.08782958984375, 206.9905242919922, 1.0], [193.5994873046875, 167.29342651367188, 1.0], [196.79391479492188, 237.45033264160156, 1.0], [169.0851287841797, 228.9327850341797, 1.0], [149.99954223632812, 192.9373779296875, 1.0], [163.21746826171875, 175.08473205566406, 1.0], [179.48336791992188, 240.41810607910156, 1.0], [167.34088134765625, 251.94686889648438, 1.0], [147.88623046875, 231.0679168701172, 1.0], [130.63648986816406, 174.11602783203125, 1.0], [114.47611236572266, 208.0308837890625, 1.0], [98.79560089111328, 199.95184326171875, 1.0], [85.85932922363281, 182.7356414794922, 1.0]], "is_left": 0}