{"hand_pts": [[166.54351806640625, 90.27703094482422, 1.0], [185.4822998046875, 159.92897033691406, 1.0], [176.0182342529297, 205.73561096191406, 1.0], [213.22512817382812, 242.2391357421875, 1.0], [243.33018493652344, 229.27630615234375, 1.0], [85.96748352050781, 166.19113159179688, 1.0], [151.34164428710938, 221.64236450195312, 1.0], [210.80691528320312, 234.20166015625, 1.0], [225.23519897460938, 214.63185119628906, 1.0], [86.3746109008789, 139.66961669921875, 1.0], [146.7432098388672, 192.55210876464844, 1.0], [214.13221740722656, 215.539794921875, 1.0], [243.04641723632812, 213.30113220214844, 1.0], [99.9776840209961, 123.45874786376953, 1.0], [160.6511993408203, 169.73089599609375, 1.0], [216.64227294921875, 188.27378845214844, 1.0], [232.2577667236328, 184.60731506347656, 1.0], [121.25360870361328, 107.93946838378906, 1.0], [178.87034606933594, 135.3538055419922, 1.0], [220.26287841796875, 150.9239501953125, 1.0], [201.38259887695312, 140.9000701904297, 1.0]], "is_left": 0}