{"hand_pts": [[349.48004150390625, 203.79246520996094, 1.0], [285.02996826171875, 199.3625946044922, 1.0], [245.52224731445312, 225.71388244628906, 1.0], [196.78549194335938, 230.91758728027344, 1.0], [157.92919921875, 217.6808624267578, 1.0], [207.13218688964844, 224.9540557861328, 1.0], [144.88082885742188, 223.0662384033203, 1.0], [138.31625366210938, 192.80029296875, 1.0], [162.90296936035156, 169.12081909179688, 1.0], [219.49571228027344, 212.3212127685547, 1.0], [144.71363830566406, 217.7191925048828, 1.0], [107.67518615722656, 198.3592987060547, 1.0], [109.6837158203125, 170.36302185058594, 1.0], [231.77740478515625, 197.00753784179688, 1.0], [174.5591583251953, 159.57379150390625, 1.0], [152.21604919433594, 131.56822204589844, 1.0], [132.16940307617188, 104.40924072265625, 1.0], [251.17559814453125, 180.5249786376953, 1.0], [217.24288940429688, 150.0518035888672, 1.0], [212.2799835205078, 128.5000762939453, 1.0], [228.18240356445312, 124.16360473632812, 1.0]], "is_left": 0}