{"hand_pts": [[186.80772399902344, 183.33978271484375, 1.0], [235.41610717773438, 183.24427795410156, 1.0], [287.3669738769531, 191.57383728027344, 1.0], [289.55438232421875, 174.6990203857422, 1.0], [251.34841918945312, 152.26681518554688, 1.0], [222.10272216796875, 248.1068878173828, 1.0], [224.89776611328125, 226.05801391601562, 1.0], [225.34051513671875, 184.2159423828125, 1.0], [223.5082550048828, 154.57688903808594, 1.0], [176.4012908935547, 243.00466918945312, 1.0], [170.35165405273438, 216.13616943359375, 1.0], [181.1758270263672, 170.3373565673828, 1.0], [195.1695098876953, 140.65277099609375, 1.0], [141.5856475830078, 231.2386932373047, 1.0], [124.84479522705078, 192.74072265625, 1.0], [135.38925170898438, 152.54750061035156, 1.0], [154.45376586914062, 137.00238037109375, 1.0], [110.84325408935547, 214.44627380371094, 1.0], [91.91606140136719, 181.55479431152344, 1.0], [105.22038269042969, 150.0103302001953, 1.0], [130.774169921875, 145.57205200195312, 1.0]], "is_left": 0}