{"hand_pts": [[126.03924560546875, 223.01470947265625, 1.0], [193.6510467529297, 234.5467987060547, 1.0], [247.64614868164062, 250.0663604736328, 1.0], [277.8854064941406, 239.99002075195312, 1.0], [279.6588439941406, 213.84225463867188, 1.0], [170.21957397460938, 242.99920654296875, 1.0], [200.04115295410156, 232.5233917236328, 1.0], [230.68820190429688, 211.25506591796875, 1.0], [259.91180419921875, 187.1409149169922, 1.0], [132.24313354492188, 213.85748291015625, 1.0], [163.6884765625, 192.4377899169922, 1.0], [204.2266387939453, 170.26202392578125, 1.0], [243.45802307128906, 150.50088500976562, 1.0], [107.59178161621094, 187.14117431640625, 1.0], [132.30616760253906, 158.3484649658203, 1.0], [168.9207000732422, 137.16880798339844, 1.0], [205.72454833984375, 121.94550323486328, 1.0], [86.60802459716797, 161.7012939453125, 1.0], [99.24800872802734, 134.2789764404297, 1.0], [128.34213256835938, 116.33790588378906, 1.0], [165.49591064453125, 108.51427459716797, 1.0]], "is_left": 0}