{"hand_pts": [[321.8212890625, 274.3285217285156, 1.0], [273.4488830566406, 224.0946502685547, 1.0], [236.87208557128906, 192.42979431152344, 1.0], [190.71023559570312, 167.52102661132812, 1.0], [195.35174560546875, 180.7334747314453, 1.0], [157.948974609375, 203.19749450683594, 1.0], [143.94952392578125, 158.5780029296875, 1.0], [165.6790008544922, 139.8543243408203, 1.0], [182.60641479492188, 120.3258056640625, 1.0], [164.25241088867188, 219.80482482910156, 1.0], [103.76329040527344, 165.7004852294922, 1.0], [138.31227111816406, 147.5812530517578, 1.0], [171.0737762451172, 131.6876983642578, 1.0], [176.52101135253906, 230.7722625732422, 1.0], [172.332763671875, 181.75950622558594, 1.0], [220.0139923095703, 190.1476287841797, 1.0], [260.5326843261719, 207.53167724609375, 1.0], [199.51220703125, 243.06820678710938, 1.0], [183.86318969726562, 217.145751953125, 1.0], [182.31382751464844, 197.42041015625, 1.0], [214.3378448486328, 190.87611389160156, 1.0]], "is_left": 0}