{"hand_pts": [[317.4216003417969, 290.7900085449219, 1.0], [259.245361328125, 297.887939453125, 1.0], [212.7880859375, 308.1375732421875, 1.0], [173.30996704101562, 292.2544860839844, 1.0], [143.6529541015625, 262.1095275878906, 1.0], [194.0288543701172, 219.84022521972656, 1.0], [142.43870544433594, 186.03346252441406, 1.0], [118.3215103149414, 172.24488830566406, 1.0], [97.04544067382812, 158.99481201171875, 1.0], [216.6255340576172, 191.2255096435547, 1.0], [167.47061157226562, 154.13841247558594, 1.0], [150.23452758789062, 154.72988891601562, 1.0], [137.55758666992188, 159.6427459716797, 1.0], [237.1090087890625, 174.3896942138672, 1.0], [190.7168731689453, 130.0762176513672, 1.0], [175.2214813232422, 130.3304443359375, 1.0], [166.97601318359375, 141.56680297851562, 1.0], [261.8437805175781, 166.3858184814453, 1.0], [234.66708374023438, 136.1285858154297, 1.0], [218.77137756347656, 130.18910217285156, 1.0], [209.32022094726562, 144.5286865234375, 1.0]], "is_left": 0}