{"hand_pts": [[226.71734619140625, 187.57916259765625, 1.0], [232.10833740234375, 233.28305053710938, 1.0], [236.40771484375, 280.47564697265625, 1.0], [223.0184783935547, 277.6159973144531, 1.0], [204.6024169921875, 233.1967010498047, 1.0], [152.74517822265625, 222.82286071777344, 1.0], [190.17994689941406, 247.20375061035156, 1.0], [232.59234619140625, 250.23410034179688, 1.0], [266.7357177734375, 246.71702575683594, 1.0], [143.76724243164062, 179.5055389404297, 1.0], [129.2376708984375, 175.5700225830078, 1.0], [144.0635986328125, 179.0432891845703, 1.0], [187.63555908203125, 190.1503448486328, 1.0], [144.8521270751953, 146.29287719726562, 1.0], [179.4608612060547, 142.5143280029297, 1.0], [215.37216186523438, 146.71572875976562, 1.0], [249.55999755859375, 150.63119506835938, 1.0], [153.33294677734375, 116.85643768310547, 1.0], [135.12835693359375, 89.65370178222656, 1.0], [139.35240173339844, 81.79027557373047, 1.0], [165.62075805664062, 95.22941589355469, 1.0]], "is_left": 0}