{"hand_pts": [[171.5732421875, 194.4818115234375, 1.0], [136.93972778320312, 219.90545654296875, 1.0], [75.77993774414062, 221.85853576660156, 1.0], [97.15272521972656, 215.02442932128906, 1.0], [140.3034210205078, 207.85397338867188, 1.0], [130.7498016357422, 165.53787231445312, 1.0], [125.67121887207031, 166.6796112060547, 1.0], [142.46551513671875, 196.6564483642578, 1.0], [156.40223693847656, 219.73135375976562, 1.0], [173.19244384765625, 149.28369140625, 1.0], [156.27859497070312, 131.2353973388672, 1.0], [169.48411560058594, 174.2659149169922, 1.0], [183.2182159423828, 213.96267700195312, 1.0], [208.4423828125, 143.32656860351562, 1.0], [260.03485107421875, 180.9206085205078, 1.0], [271.0028381347656, 219.1364288330078, 1.0], [252.51722717285156, 237.87709045410156, 1.0], [240.98780822753906, 142.81137084960938, 1.0], [258.59002685546875, 144.90025329589844, 1.0], [265.2799987792969, 167.92721557617188, 1.0], [255.03981018066406, 200.6900177001953, 1.0]], "is_left": 0}