{"hand_pts": [[330.198486328125, 122.53836822509766, 1.0], [271.3265380859375, 123.92630004882812, 1.0], [229.43910217285156, 116.05656433105469, 1.0], [189.05734252929688, 124.22207641601562, 1.0], [156.12217712402344, 143.51524353027344, 1.0], [205.53541564941406, 140.06698608398438, 1.0], [156.1283721923828, 144.4948272705078, 1.0], [125.97233581542969, 157.27943420410156, 1.0], [97.63372802734375, 170.64906311035156, 1.0], [224.93653869628906, 164.54481506347656, 1.0], [167.907958984375, 186.84388732910156, 1.0], [138.04598999023438, 204.2711181640625, 1.0], [108.69185638427734, 220.0371856689453, 1.0], [242.3863983154297, 185.40855407714844, 1.0], [191.7073974609375, 207.3724822998047, 1.0], [163.14303588867188, 223.815185546875, 1.0], [136.41082763671875, 240.33729553222656, 1.0], [264.6474914550781, 202.65821838378906, 1.0], [234.85897827148438, 228.3739471435547, 1.0], [214.7371826171875, 246.5312042236328, 1.0], [196.62860107421875, 262.3941955566406, 1.0]], "is_left": 0, "label": 5}