{"hand_pts": [[130.69973754882812, 163.05630493164062, 1.0], [105.1775131225586, 155.9802703857422, 1.0], [72.76294708251953, 139.85617065429688, 1.0], [57.989173889160156, 142.80828857421875, 1.0], [61.39739227294922, 161.86131286621094, 1.0], [175.84214782714844, 131.49366760253906, 1.0], [170.8826446533203, 137.20553588867188, 1.0], [148.9249267578125, 160.9124298095703, 1.0], [123.81615447998047, 189.21302795410156, 1.0], [203.39173889160156, 156.8326873779297, 1.0], [227.95565795898438, 164.6999053955078, 1.0], [212.84417724609375, 187.77552795410156, 1.0], [188.7329559326172, 213.10159301757812, 1.0], [217.95245361328125, 181.99021911621094, 1.0], [246.5970458984375, 199.36131286621094, 1.0], [237.90916442871094, 221.76449584960938, 1.0], [227.61695861816406, 243.7486572265625, 1.0], [224.6603240966797, 207.11451721191406, 1.0], [250.49375915527344, 224.05104064941406, 1.0], [253.90576171875, 240.63400268554688, 1.0], [234.39109802246094, 258.2821960449219, 1.0]], "is_left": 0}