{"hand_pts": [[346.9307861328125, 156.9003448486328, 1.0], [287.06134033203125, 179.8472900390625, 1.0], [254.54263305664062, 204.79034423828125, 1.0], [218.97552490234375, 233.65509033203125, 1.0], [188.54490661621094, 258.9828186035156, 1.0], [193.44046020507812, 136.1505126953125, 1.0], [130.05093383789062, 142.2149658203125, 1.0], [114.43196868896484, 176.10838317871094, 1.0], [118.85415649414062, 215.15077209472656, 1.0], [212.2278594970703, 136.41273498535156, 1.0], [149.72149658203125, 157.89747619628906, 1.0], [126.43521881103516, 191.0350799560547, 1.0], [112.7977066040039, 227.3644256591797, 1.0], [230.8644256591797, 143.9853973388672, 1.0], [171.33140563964844, 146.25794982910156, 1.0], [160.06736755371094, 180.84495544433594, 1.0], [156.3865509033203, 216.8494110107422, 1.0], [255.9480743408203, 154.3394775390625, 1.0], [228.15750122070312, 171.35409545898438, 1.0], [213.96417236328125, 194.09402465820312, 1.0], [207.2512969970703, 224.48037719726562, 1.0]], "is_left": 0}