{"hand_pts": [[270.80926513671875, 68.72711944580078, 1.0], [198.4541015625, 95.41535949707031, 1.0], [136.62100219726562, 106.41078186035156, 1.0], [97.31656646728516, 139.81178283691406, 1.0], [110.64129638671875, 173.61343383789062, 1.0], [187.4271697998047, 193.86776733398438, 1.0], [140.59193420410156, 199.09751892089844, 1.0], [126.68834686279297, 171.29556274414062, 1.0], [126.32818603515625, 135.3549041748047, 1.0], [224.78346252441406, 203.37062072753906, 1.0], [173.6808624267578, 247.60882568359375, 1.0], [158.0227508544922, 205.69097900390625, 1.0], [164.90304565429688, 160.03269958496094, 1.0], [251.35598754882812, 204.89393615722656, 1.0], [215.53282165527344, 256.5815124511719, 1.0], [194.22439575195312, 224.68096923828125, 1.0], [185.06358337402344, 182.91030883789062, 1.0], [276.9896240234375, 196.71246337890625, 1.0], [264.9288330078125, 215.51295471191406, 1.0], [245.40609741210938, 187.12167358398438, 1.0], [234.82220458984375, 153.56671142578125, 1.0]], "is_left": 0}