{"hand_pts": [[267.2408447265625, 217.7733612060547, 1.0], [253.76431274414062, 242.40252685546875, 1.0], [275.5079650878906, 265.7361755371094, 1.0], [289.797119140625, 265.853515625, 1.0], [289.070068359375, 239.16024780273438, 1.0], [163.2106170654297, 231.65631103515625, 1.0], [111.2103042602539, 219.80039978027344, 1.0], [95.33553314208984, 206.07003784179688, 1.0], [98.8128890991211, 191.1576690673828, 1.0], [157.887939453125, 196.7335205078125, 1.0], [114.41281127929688, 177.0799560546875, 1.0], [151.66351318359375, 175.7994842529297, 1.0], [179.84475708007812, 171.7826690673828, 1.0], [161.31640625, 168.72470092773438, 1.0], [159.4176483154297, 136.26406860351562, 1.0], [197.17393493652344, 138.16207885742188, 1.0], [217.27276611328125, 158.2925567626953, 1.0], [173.18238830566406, 144.24827575683594, 1.0], [172.34584045410156, 117.66340637207031, 1.0], [197.3693389892578, 116.1913833618164, 1.0], [226.88330078125, 122.4022445678711, 1.0]], "is_left": 0}