{"hand_pts": [[119.27714538574219, 113.4159164428711, 1.0], [98.9605941772461, 123.85174560546875, 1.0], [70.60198211669922, 111.36556243896484, 1.0], [81.69517517089844, 136.45790100097656, 1.0], [119.82781982421875, 170.36538696289062, 1.0], [167.7003631591797, 127.24566650390625, 1.0], [167.4422607421875, 158.53250122070312, 1.0], [142.98497009277344, 188.27867126464844, 1.0], [113.99143981933594, 209.9127197265625, 1.0], [193.70912170410156, 144.45790100097656, 1.0], [242.1934814453125, 181.9862823486328, 1.0], [237.34024047851562, 216.81968688964844, 1.0], [207.33216857910156, 244.23875427246094, 1.0], [207.80355834960938, 161.21295166015625, 1.0], [260.1453857421875, 194.73219299316406, 1.0], [247.27664184570312, 224.53680419921875, 1.0], [230.93960571289062, 252.50953674316406, 1.0], [214.3294677734375, 175.9880828857422, 1.0], [238.74525451660156, 209.5414276123047, 1.0], [214.11541748046875, 228.34385681152344, 1.0], [178.7250213623047, 239.63116455078125, 1.0]], "is_left": 0}