{"hand_pts": [[11.105587005615234, 117.51740264892578, 1.0], [92.93846893310547, 112.29827117919922, 1.0], [163.0568389892578, 107.38140869140625, 1.0], [208.92771911621094, 133.95315551757812, 1.0], [209.8769073486328, 163.41580200195312, 1.0], [174.27064514160156, 111.60064697265625, 1.0], [235.3250274658203, 155.1544189453125, 1.0], [227.0010986328125, 180.4696502685547, 1.0], [229.96266174316406, 208.69903564453125, 1.0], [150.45645141601562, 141.99026489257812, 1.0], [218.02798461914062, 191.5832977294922, 1.0], [226.3082733154297, 212.93414306640625, 1.0], [230.444580078125, 230.88340759277344, 1.0], [130.14524841308594, 169.3521728515625, 1.0], [189.17262268066406, 212.364990234375, 1.0], [175.8751220703125, 217.302001953125, 1.0], [146.6731719970703, 209.76193237304688, 1.0], [103.42938995361328, 193.87757873535156, 1.0], [142.7466278076172, 221.32037353515625, 1.0], [176.5032501220703, 243.19496154785156, 1.0], [218.78631591796875, 264.2425537109375, 1.0]], "is_left": 0}