{"hand_pts": [[50.07828903198242, 197.52378845214844, 1.0], [118.77948760986328, 185.6868133544922, 1.0], [165.68988037109375, 160.96530151367188, 1.0], [217.8619384765625, 171.11282348632812, 1.0], [265.3273010253906, 184.9652862548828, 1.0], [159.16741943359375, 113.78820037841797, 1.0], [223.84803771972656, 125.26844787597656, 1.0], [247.65260314941406, 165.77308654785156, 1.0], [260.0995788574219, 208.5443878173828, 1.0], [138.79469299316406, 125.15621948242188, 1.0], [215.88304138183594, 142.7459259033203, 1.0], [241.86534118652344, 187.27203369140625, 1.0], [267.2618408203125, 227.46949768066406, 1.0], [124.33766174316406, 142.2424774169922, 1.0], [187.00408935546875, 192.70298767089844, 1.0], [186.5047607421875, 230.90904235839844, 1.0], [156.022705078125, 233.07928466796875, 1.0], [106.7910385131836, 164.83892822265625, 1.0], [125.51097869873047, 213.1317901611328, 1.0], [131.36061096191406, 251.35316467285156, 1.0], [132.96804809570312, 285.2836608886719, 1.0]], "is_left": 0}