{"hand_pts": [[322.6184387207031, 280.9546203613281, 1.0], [253.76560974121094, 267.45904541015625, 1.0], [200.14622497558594, 262.81378173828125, 1.0], [148.61024475097656, 240.16319274902344, 1.0], [125.16032409667969, 209.4693145751953, 1.0], [222.28689575195312, 179.1758575439453, 1.0], [156.9110565185547, 155.03199768066406, 1.0], [120.4813232421875, 169.07591247558594, 1.0], [106.01461791992188, 200.61932373046875, 1.0], [243.22171020507812, 169.9685516357422, 1.0], [168.21572875976562, 144.61598205566406, 1.0], [134.35560607910156, 173.60902404785156, 1.0], [124.12804412841797, 215.8941192626953, 1.0], [257.09246826171875, 169.33084106445312, 1.0], [199.63619995117188, 129.88914489746094, 1.0], [167.76918029785156, 151.61251831054688, 1.0], [155.2229461669922, 189.76150512695312, 1.0], [272.92694091796875, 177.09498596191406, 1.0], [235.9444122314453, 159.45089721679688, 1.0], [206.4389190673828, 165.6568603515625, 1.0], [180.94647216796875, 190.19459533691406, 1.0]], "is_left": 0}