{"hand_pts": [[132.7508087158203, 176.12246704101562, 1.0], [135.5374298095703, 226.2037353515625, 1.0], [116.5075912475586, 275.9007568359375, 1.0], [164.39511108398438, 288.5892639160156, 1.0], [219.02053833007812, 254.89088439941406, 1.0], [76.60633087158203, 208.18313598632812, 1.0], [135.15237426757812, 222.39273071289062, 1.0], [188.8600616455078, 229.79554748535156, 1.0], [208.8760223388672, 228.55282592773438, 1.0], [96.84308624267578, 166.07701110839844, 1.0], [178.5233917236328, 168.12841796875, 1.0], [234.63076782226562, 184.26449584960938, 1.0], [237.09378051757812, 198.06674194335938, 1.0], [122.38987731933594, 134.8860321044922, 1.0], [198.58885192871094, 129.39218139648438, 1.0], [239.69183349609375, 146.6608123779297, 1.0], [227.55979919433594, 162.0244903564453, 1.0], [151.36598205566406, 107.50300598144531, 1.0], [220.96055603027344, 96.00579071044922, 1.0], [257.3665466308594, 111.0084228515625, 1.0], [231.90805053710938, 132.6145782470703, 1.0]], "is_left": 0}