{"hand_pts": [[242.44676208496094, 117.17779541015625, 1.0], [228.54058837890625, 98.97438049316406, 1.0], [232.26336669921875, 70.28629302978516, 1.0], [202.27809143066406, 81.03520965576172, 1.0], [165.61080932617188, 117.08462524414062, 1.0], [264.8370361328125, 159.21990966796875, 1.0], [225.48135375976562, 176.2187042236328, 1.0], [184.40020751953125, 162.44073486328125, 1.0], [164.50840759277344, 145.0074920654297, 1.0], [250.7543182373047, 195.3324737548828, 1.0], [187.27859497070312, 219.6876678466797, 1.0], [141.01467895507812, 200.7528076171875, 1.0], [122.11038208007812, 169.11190795898438, 1.0], [232.15911865234375, 219.82444763183594, 1.0], [195.82058715820312, 258.3530578613281, 1.0], [154.68502807617188, 253.6124725341797, 1.0], [124.54267883300781, 226.989013671875, 1.0], [212.04440307617188, 236.5105438232422, 1.0], [160.29022216796875, 247.16500854492188, 1.0], [127.89729309082031, 230.57382202148438, 1.0], [127.74768829345703, 198.1914520263672, 1.0]], "is_left": 0}