{"hand_pts": [[243.80892944335938, 191.24258422851562, 1.0], [229.06488037109375, 146.138427734375, 1.0], [239.5751190185547, 92.87740325927734, 1.0], [213.6914520263672, 84.78733825683594, 1.0], [172.45098876953125, 117.24034881591797, 1.0], [259.288330078125, 137.42298889160156, 1.0], [243.73794555664062, 125.627197265625, 1.0], [213.72628784179688, 127.05172729492188, 1.0], [177.36524963378906, 133.44500732421875, 1.0], [237.93675231933594, 182.99136352539062, 1.0], [218.88568115234375, 182.66696166992188, 1.0], [186.6590576171875, 184.65380859375, 1.0], [144.58558654785156, 187.86614990234375, 1.0], [214.31710815429688, 218.8280792236328, 1.0], [160.88873291015625, 225.5696258544922, 1.0], [118.05992889404297, 228.51991271972656, 1.0], [78.4224624633789, 230.76608276367188, 1.0], [191.17039489746094, 251.22421264648438, 1.0], [142.6249237060547, 273.06658935546875, 1.0], [104.88751220703125, 282.5387268066406, 1.0], [67.46109771728516, 288.3884582519531, 1.0]], "is_left": 0}