{"hand_pts": [[193.84303283691406, 255.97564697265625, 1.0], [225.85023498535156, 267.080810546875, 1.0], [267.70953369140625, 274.178955078125, 1.0], [286.7826232910156, 259.9246826171875, 1.0], [272.6943664550781, 222.40072631835938, 1.0], [145.35641479492188, 255.5449981689453, 1.0], [178.44027709960938, 228.39306640625, 1.0], [225.34559631347656, 211.29400634765625, 1.0], [251.4471893310547, 206.55393981933594, 1.0], [120.35655212402344, 217.6994171142578, 1.0], [102.28271484375, 187.98829650878906, 1.0], [138.52696228027344, 162.94131469726562, 1.0], [191.8795928955078, 155.1714630126953, 1.0], [109.71858215332031, 185.21713256835938, 1.0], [139.28561401367188, 118.25614929199219, 1.0], [185.853515625, 124.92914581298828, 1.0], [227.97366333007812, 137.80982971191406, 1.0], [107.1961441040039, 156.48678588867188, 1.0], [133.15277099609375, 115.74208068847656, 1.0], [168.39901733398438, 95.3594970703125, 1.0], [213.67391967773438, 104.4087905883789, 1.0]], "is_left": 0}