{"hand_pts": [[38.42683410644531, 184.7049560546875, 1.0], [111.56005859375, 215.2769012451172, 1.0], [145.7295379638672, 260.8958740234375, 1.0], [219.54638671875, 235.40414428710938, 1.0], [236.69325256347656, 181.51182556152344, 1.0], [133.26206970214844, 261.92279052734375, 1.0], [221.43199157714844, 234.39796447753906, 1.0], [233.40916442871094, 201.8508758544922, 1.0], [189.36212158203125, 199.7988739013672, 1.0], [123.94368743896484, 229.45306396484375, 1.0], [226.73806762695312, 188.83572387695312, 1.0], [241.3627471923828, 161.8326416015625, 1.0], [198.9917449951172, 168.657958984375, 1.0], [122.19827270507812, 198.76319885253906, 1.0], [216.665771484375, 146.19290161132812, 1.0], [211.31695556640625, 132.14718627929688, 1.0], [160.97897338867188, 159.2401580810547, 1.0], [118.05943298339844, 166.54782104492188, 1.0], [176.02015686035156, 122.52539825439453, 1.0], [187.76246643066406, 108.01821899414062, 1.0], [149.04144287109375, 136.8722381591797, 1.0]], "is_left": 0}