{"hand_pts": [[55.977455139160156, 145.17431640625, 1.0], [144.91555786132812, 152.20225524902344, 1.0], [210.0298614501953, 158.06475830078125, 1.0], [256.19580078125, 149.8108367919922, 1.0], [241.597900390625, 138.12808227539062, 1.0], [188.18576049804688, 235.48867797851562, 1.0], [244.9877166748047, 227.36819458007812, 1.0], [255.1962432861328, 188.80899047851562, 1.0], [237.35244750976562, 151.52923583984375, 1.0], [149.913818359375, 236.94927978515625, 1.0], [211.23858642578125, 230.9852752685547, 1.0], [228.66465759277344, 187.02377319335938, 1.0], [224.2371368408203, 145.03765869140625, 1.0], [121.08953094482422, 230.2132568359375, 1.0], [163.56227111816406, 207.23223876953125, 1.0], [170.66738891601562, 165.57078552246094, 1.0], [156.77989196777344, 143.64166259765625, 1.0], [90.39784240722656, 216.33106994628906, 1.0], [112.81130981445312, 198.4291229248047, 1.0], [121.80399322509766, 165.61849975585938, 1.0], [115.53543090820312, 152.84593200683594, 1.0]], "is_left": 0}