{"hand_pts": [[74.95063018798828, 275.3813781738281, 1.0], [86.50426483154297, 250.5506591796875, 1.0], [83.26209259033203, 240.64662170410156, 1.0], [108.3308334350586, 222.86341857910156, 1.0], [153.7260284423828, 205.9915313720703, 1.0], [116.3871841430664, 150.78555297851562, 1.0], [147.9112548828125, 122.64127349853516, 1.0], [173.04495239257812, 121.83661651611328, 1.0], [190.01695251464844, 156.28814697265625, 1.0], [144.17031860351562, 150.5360870361328, 1.0], [208.82528686523438, 136.13539123535156, 1.0], [214.88502502441406, 181.39260864257812, 1.0], [211.30206298828125, 225.87838745117188, 1.0], [168.09616088867188, 158.2051239013672, 1.0], [238.23992919921875, 152.32891845703125, 1.0], [260.4092102050781, 182.7642822265625, 1.0], [272.6278381347656, 218.04312133789062, 1.0], [186.84124755859375, 174.94451904296875, 1.0], [234.32562255859375, 188.5233917236328, 1.0], [242.80018615722656, 220.22816467285156, 1.0], [210.29434204101562, 240.9086151123047, 1.0]], "is_left": 0}