{"hand_pts": [[137.83432006835938, 171.1039276123047, 1.0], [193.9827117919922, 154.50254821777344, 1.0], [251.45144653320312, 132.3469696044922, 1.0], [281.0452575683594, 157.7734375, 1.0], [269.6630554199219, 198.21905517578125, 1.0], [164.99212646484375, 128.78421020507812, 1.0], [215.08975219726562, 129.29930114746094, 1.0], [252.81655883789062, 145.75485229492188, 1.0], [287.9468078613281, 163.9665985107422, 1.0], [132.02139282226562, 156.40841674804688, 1.0], [120.9764404296875, 155.90142822265625, 1.0], [158.6443328857422, 178.15611267089844, 1.0], [191.64109802246094, 198.60792541503906, 1.0], [112.19039154052734, 182.25465393066406, 1.0], [146.5702667236328, 213.47413635253906, 1.0], [181.587158203125, 234.22598266601562, 1.0], [197.1354217529297, 232.71466064453125, 1.0], [96.85889434814453, 207.8371124267578, 1.0], [108.27467346191406, 223.45469665527344, 1.0], [135.0632781982422, 236.57513427734375, 1.0], [168.14944458007812, 248.27574157714844, 1.0]], "is_left": 0}