{"hand_pts": [[211.1182098388672, 5.855606555938721, 1.0], [168.15689086914062, 70.7791748046875, 1.0], [133.87705993652344, 93.78701782226562, 1.0], [117.44405364990234, 129.02586364746094, 1.0], [135.6295166015625, 177.60809326171875, 1.0], [120.88661193847656, 165.46267700195312, 1.0], [138.69366455078125, 218.8381805419922, 1.0], [168.08912658691406, 207.4632110595703, 1.0], [198.09352111816406, 190.45213317871094, 1.0], [156.44235229492188, 165.87783813476562, 1.0], [184.7113494873047, 227.2216033935547, 1.0], [206.99708557128906, 245.6675262451172, 1.0], [227.81448364257812, 221.4771728515625, 1.0], [188.71958923339844, 164.25372314453125, 1.0], [208.9544219970703, 223.35047912597656, 1.0], [222.22702026367188, 182.59738159179688, 1.0], [209.21307373046875, 145.69154357910156, 1.0], [222.51454162597656, 153.4820556640625, 1.0], [224.27157592773438, 213.75933837890625, 1.0], [228.84173583984375, 243.6309051513672, 1.0], [230.7239227294922, 220.03724670410156, 1.0]], "is_left": 0}