{"hand_pts": [[280.1561584472656, 214.30780029296875, 1.0], [269.9309997558594, 230.43710327148438, 1.0], [265.80865478515625, 263.335693359375, 1.0], [238.3655548095703, 251.330078125, 1.0], [212.6559600830078, 213.33934020996094, 1.0], [151.8373260498047, 229.28140258789062, 1.0], [162.09742736816406, 225.9141845703125, 1.0], [209.40989685058594, 216.07371520996094, 1.0], [253.20655822753906, 206.42764282226562, 1.0], [137.04786682128906, 199.51199340820312, 1.0], [111.96044158935547, 171.640869140625, 1.0], [159.73727416992188, 161.55398559570312, 1.0], [211.58050537109375, 168.6357421875, 1.0], [135.27334594726562, 174.12303161621094, 1.0], [114.23484802246094, 149.01612854003906, 1.0], [159.66775512695312, 143.71707153320312, 1.0], [208.31520080566406, 142.90196228027344, 1.0], [145.15774536132812, 151.1830596923828, 1.0], [145.3750457763672, 125.27195739746094, 1.0], [183.2410888671875, 123.67021942138672, 1.0], [222.82504272460938, 140.56520080566406, 1.0]], "is_left": 0}