{"hand_pts": [[148.37530517578125, 143.72650146484375, 1.0], [202.06594848632812, 169.4234619140625, 1.0], [246.57821655273438, 196.02261352539062, 1.0], [282.88189697265625, 213.31753540039062, 1.0], [305.1739501953125, 217.53085327148438, 1.0], [172.27854919433594, 198.3026580810547, 1.0], [176.75662231445312, 222.5615997314453, 1.0], [195.46597290039062, 227.03836059570312, 1.0], [218.45602416992188, 220.4203338623047, 1.0], [142.99942016601562, 181.61236572265625, 1.0], [171.7681121826172, 188.59371948242188, 1.0], [209.2158203125, 182.3080596923828, 1.0], [243.4464874267578, 175.53439331054688, 1.0], [125.62223815917969, 165.91314697265625, 1.0], [133.0458984375, 172.41091918945312, 1.0], [164.2073211669922, 169.25643920898438, 1.0], [198.84713745117188, 164.13705444335938, 1.0], [112.15696716308594, 148.59674072265625, 1.0], [105.76598358154297, 148.66441345214844, 1.0], [122.5254898071289, 148.89755249023438, 1.0], [157.67237854003906, 150.32177734375, 1.0]], "is_left": 0}