{"hand_pts": [[97.74241638183594, 307.95306396484375, 1.0], [83.42987060546875, 251.19631958007812, 1.0], [58.29013442993164, 207.38502502441406, 1.0], [66.82018280029297, 172.64202880859375, 1.0], [97.04930877685547, 153.97727966308594, 1.0], [150.45872497558594, 184.6745147705078, 1.0], [170.9170379638672, 137.09375, 1.0], [173.82684326171875, 121.79546356201172, 1.0], [173.10491943359375, 114.98851776123047, 1.0], [183.3849639892578, 209.031982421875, 1.0], [216.57923889160156, 157.3936004638672, 1.0], [214.07351684570312, 141.2894744873047, 1.0], [202.21762084960938, 134.9131317138672, 1.0], [204.51541137695312, 231.62452697753906, 1.0], [245.94473266601562, 188.97080993652344, 1.0], [245.1177978515625, 177.13914489746094, 1.0], [231.47727966308594, 173.6514129638672, 1.0], [217.2076416015625, 258.724853515625, 1.0], [246.0342254638672, 238.9823760986328, 1.0], [246.05657958984375, 230.12924194335938, 1.0], [226.59483337402344, 226.83865356445312, 1.0]], "is_left": 0}