{"hand_pts": [[195.54055786132812, 172.68173217773438, 1.0], [214.952392578125, 138.13739013671875, 1.0], [224.74420166015625, 87.13545989990234, 1.0], [255.97642517089844, 67.98602294921875, 1.0], [288.8994140625, 101.14708709716797, 1.0], [124.22718048095703, 157.9312286376953, 1.0], [116.08688354492188, 146.33108520507812, 1.0], [160.72274780273438, 143.9593505859375, 1.0], [208.2415771484375, 143.752197265625, 1.0], [117.88912963867188, 195.86671447753906, 1.0], [143.0266571044922, 212.73255920410156, 1.0], [208.6812744140625, 205.4766082763672, 1.0], [272.0021057128906, 193.59393310546875, 1.0], [124.05265808105469, 224.1725616455078, 1.0], [127.45370483398438, 235.67112731933594, 1.0], [185.37677001953125, 223.97296142578125, 1.0], [241.5132598876953, 214.33177185058594, 1.0], [137.9457244873047, 247.97743225097656, 1.0], [145.3658447265625, 262.1796875, 1.0], [183.04241943359375, 255.5697021484375, 1.0], [215.63180541992188, 233.32406616210938, 1.0]], "is_left": 0}