{"hand_pts": [[202.0875701904297, 186.58872985839844, 1.0], [157.14669799804688, 220.03305053710938, 1.0], [115.2141342163086, 258.5926513671875, 1.0], [85.63292694091797, 264.25506591796875, 1.0], [78.2205810546875, 240.81275939941406, 1.0], [204.40748596191406, 239.48924255371094, 1.0], [174.25823974609375, 232.53309631347656, 1.0], [143.2021484375, 217.09478759765625, 1.0], [113.72498321533203, 198.3906707763672, 1.0], [238.66986083984375, 202.88381958007812, 1.0], [204.68624877929688, 187.18063354492188, 1.0], [161.88426208496094, 175.4102020263672, 1.0], [131.8453369140625, 170.7421112060547, 1.0], [259.4008483886719, 170.9336700439453, 1.0], [244.17401123046875, 148.5617218017578, 1.0], [205.69044494628906, 136.9778289794922, 1.0], [172.29212951660156, 137.4170379638672, 1.0], [273.7660217285156, 139.85093688964844, 1.0], [273.8487854003906, 111.82061767578125, 1.0], [241.86228942871094, 103.86102294921875, 1.0], [206.817626953125, 115.56737518310547, 1.0]], "is_left": 0}