{"hand_pts": [[132.71194458007812, 238.6723175048828, 1.0], [158.01821899414062, 159.63156127929688, 1.0], [167.31468200683594, 95.65644836425781, 1.0], [180.10653686523438, 107.24848175048828, 1.0], [184.4519805908203, 159.05691528320312, 1.0], [241.33290100097656, 165.9570770263672, 1.0], [219.552978515625, 112.54231262207031, 1.0], [177.15623474121094, 112.60346221923828, 1.0], [139.7821807861328, 120.41777801513672, 1.0], [223.2530059814453, 215.18931579589844, 1.0], [205.39056396484375, 179.67919921875, 1.0], [158.3701171875, 155.39907836914062, 1.0], [114.74919891357422, 133.5493621826172, 1.0], [200.92518615722656, 249.8356170654297, 1.0], [240.6285858154297, 261.65338134765625, 1.0], [235.45668029785156, 241.4252471923828, 1.0], [221.97750854492188, 214.48439025878906, 1.0], [172.88648986816406, 281.0043029785156, 1.0], [162.41331481933594, 262.5337219238281, 1.0], [139.21925354003906, 235.98597717285156, 1.0], [111.46910858154297, 203.96115112304688, 1.0]], "is_left": 0}