{"hand_pts": [[338.089111328125, 216.2336883544922, 1.0], [279.2588195800781, 238.8209228515625, 1.0], [235.51559448242188, 260.5854187011719, 1.0], [189.5908966064453, 250.96578979492188, 1.0], [157.40969848632812, 224.15476989746094, 1.0], [230.17001342773438, 239.397705078125, 1.0], [170.66114807128906, 230.9949188232422, 1.0], [141.9001922607422, 214.53466796875, 1.0], [113.08785247802734, 197.9825897216797, 1.0], [239.42337036132812, 204.07717895507812, 1.0], [170.01556396484375, 188.69114685058594, 1.0], [132.33807373046875, 176.30885314941406, 1.0], [102.40094757080078, 165.61349487304688, 1.0], [245.81007385253906, 174.29991149902344, 1.0], [189.0701141357422, 150.50473022460938, 1.0], [151.7495880126953, 135.83949279785156, 1.0], [126.61348724365234, 128.31504821777344, 1.0], [256.7807922363281, 147.31492614746094, 1.0], [218.43492126464844, 122.80638885498047, 1.0], [188.73899841308594, 113.0894775390625, 1.0], [167.27645874023438, 113.63018798828125, 1.0]], "is_left": 0}