{"hand_pts": [[66.90473175048828, 244.50436401367188, 1.0], [116.87086486816406, 177.18670654296875, 1.0], [151.49468994140625, 127.87952423095703, 1.0], [180.1890411376953, 95.57606506347656, 1.0], [199.38311767578125, 82.0710678100586, 1.0], [194.18661499023438, 193.30007934570312, 1.0], [240.384765625, 170.69561767578125, 1.0], [257.00848388671875, 146.2505340576172, 1.0], [270.05682373046875, 122.41124725341797, 1.0], [166.80072021484375, 227.7724151611328, 1.0], [214.0183868408203, 203.1700439453125, 1.0], [227.65728759765625, 170.8000030517578, 1.0], [234.086181640625, 136.66375732421875, 1.0], [139.8558349609375, 249.17494201660156, 1.0], [175.72120666503906, 230.62571716308594, 1.0], [180.7401580810547, 201.33518981933594, 1.0], [181.3424072265625, 169.72537231445312, 1.0], [108.21012115478516, 267.35498046875, 1.0], [124.42108154296875, 256.7283630371094, 1.0], [130.35308837890625, 237.41831970214844, 1.0], [131.51312255859375, 207.41127014160156, 1.0]], "is_left": 0}