{"hand_pts": [[124.29584503173828, 200.72647094726562, 1.0], [179.1093292236328, 157.27609252929688, 1.0], [235.40777587890625, 120.2516098022461, 1.0], [263.5133972167969, 94.49071502685547, 1.0], [266.85687255859375, 81.77562713623047, 1.0], [227.4302978515625, 222.51834106445312, 1.0], [258.9456481933594, 222.22140502929688, 1.0], [256.27056884765625, 190.7454833984375, 1.0], [235.53878784179688, 145.7472381591797, 1.0], [183.15570068359375, 241.28684997558594, 1.0], [203.8975830078125, 217.8816375732422, 1.0], [200.0659637451172, 166.9476776123047, 1.0], [188.7168426513672, 110.04676055908203, 1.0], [143.9544219970703, 246.27272033691406, 1.0], [149.95960998535156, 240.57997131347656, 1.0], [145.07411193847656, 206.12188720703125, 1.0], [136.3620147705078, 153.98448181152344, 1.0], [103.51522064208984, 245.0592498779297, 1.0], [93.52303314208984, 232.70301818847656, 1.0], [87.12371826171875, 196.95921325683594, 1.0], [85.29014587402344, 149.85198974609375, 1.0]], "is_left": 0}