{"hand_pts": [[256.01959228515625, 205.19879150390625, 1.0], [204.33619689941406, 227.916015625, 1.0], [187.6221466064453, 277.320556640625, 1.0], [191.76864624023438, 268.2124938964844, 1.0], [205.06224060058594, 229.8135528564453, 1.0], [143.5188446044922, 164.79351806640625, 1.0], [137.68783569335938, 198.03123474121094, 1.0], [150.33726501464844, 227.77684020996094, 1.0], [157.7952423095703, 252.86912536621094, 1.0], [168.34927368164062, 139.97592163085938, 1.0], [162.0111846923828, 183.61508178710938, 1.0], [175.88583374023438, 224.23342895507812, 1.0], [188.80067443847656, 261.80828857421875, 1.0], [191.2949981689453, 126.8775863647461, 1.0], [193.03575134277344, 144.5094451904297, 1.0], [212.1411590576172, 179.5093231201172, 1.0], [230.56549072265625, 212.08355712890625, 1.0], [218.03765869140625, 120.88240814208984, 1.0], [202.06219482421875, 87.3120346069336, 1.0], [188.84371948242188, 78.3330078125, 1.0], [175.7986602783203, 93.2188949584961, 1.0]], "is_left": 0}