{"hand_pts": [[66.93512725830078, 98.23478698730469, 1.0], [126.48072814941406, 154.7648162841797, 1.0], [146.72914123535156, 211.37704467773438, 1.0], [174.3581085205078, 257.0447692871094, 1.0], [205.76824951171875, 293.3511047363281, 1.0], [140.19757080078125, 204.88121032714844, 1.0], [200.53463745117188, 224.53582763671875, 1.0], [222.17648315429688, 212.53182983398438, 1.0], [227.01551818847656, 190.13900756835938, 1.0], [130.26918029785156, 173.42898559570312, 1.0], [196.4126434326172, 207.47653198242188, 1.0], [238.422119140625, 224.0996856689453, 1.0], [270.5960693359375, 221.0915985107422, 1.0], [126.71049499511719, 146.01869201660156, 1.0], [165.99057006835938, 153.38243103027344, 1.0], [195.2481689453125, 156.0647735595703, 1.0], [229.4931640625, 155.70840454101562, 1.0], [121.78528594970703, 116.21647644042969, 1.0], [160.56781005859375, 116.4560546875, 1.0], [191.20895385742188, 115.8036880493164, 1.0], [222.64993286132812, 115.95173645019531, 1.0]], "is_left": 0}