{"hand_pts": [[147.17442321777344, 138.9110565185547, 1.0], [151.86679077148438, 200.5370635986328, 1.0], [141.41163635253906, 258.72235107421875, 1.0], [161.44493103027344, 281.0655517578125, 1.0], [186.69863891601562, 287.21929931640625, 1.0], [119.7210922241211, 186.29595947265625, 1.0], [138.3399658203125, 212.00807189941406, 1.0], [171.7478485107422, 232.12564086914062, 1.0], [209.1322784423828, 247.80995178222656, 1.0], [136.56173706054688, 145.8422393798828, 1.0], [166.65611267089844, 180.43959045410156, 1.0], [199.10116577148438, 211.4096221923828, 1.0], [232.38778686523438, 241.19183349609375, 1.0], [156.07212829589844, 117.7298583984375, 1.0], [191.39669799804688, 128.4982147216797, 1.0], [226.28578186035156, 153.1500244140625, 1.0], [259.6090087890625, 177.7569122314453, 1.0], [176.6684112548828, 93.16354370117188, 1.0], [200.71029663085938, 90.73733520507812, 1.0], [225.70352172851562, 105.02487182617188, 1.0], [251.31515502929688, 131.2872772216797, 1.0]], "is_left": 0}