{"hand_pts": [[270.77923583984375, 233.7320098876953, 1.0], [270.5807800292969, 246.317626953125, 1.0], [296.8255310058594, 254.40126037597656, 1.0], [287.7483215332031, 264.4778747558594, 1.0], [260.2790832519531, 273.4534606933594, 1.0], [245.92874145507812, 172.21803283691406, 1.0], [222.76617431640625, 134.86300659179688, 1.0], [192.5467071533203, 147.68008422851562, 1.0], [162.60032653808594, 156.97442626953125, 1.0], [216.42579650878906, 159.14405822753906, 1.0], [161.8199920654297, 168.67001342773438, 1.0], [131.29283142089844, 190.15289306640625, 1.0], [126.79923248291016, 234.09817504882812, 1.0], [192.06927490234375, 156.70323181152344, 1.0], [133.63746643066406, 142.68295288085938, 1.0], [103.512451171875, 160.2153778076172, 1.0], [102.39441680908203, 200.39682006835938, 1.0], [172.65682983398438, 161.435791015625, 1.0], [141.9477081298828, 140.3951873779297, 1.0], [129.16973876953125, 160.2665252685547, 1.0], [123.7675552368164, 189.34881591796875, 1.0]], "is_left": 0}