{"hand_pts": [[161.22923278808594, 249.91339111328125, 1.0], [115.16265106201172, 213.9390411376953, 1.0], [66.26505279541016, 180.73109436035156, 1.0], [76.71224212646484, 160.8077850341797, 1.0], [100.59661102294922, 149.388916015625, 1.0], [150.93356323242188, 171.09629821777344, 1.0], [169.15542602539062, 141.19602966308594, 1.0], [167.5435333251953, 142.1205291748047, 1.0], [159.24383544921875, 155.9427947998047, 1.0], [195.61314392089844, 189.3666229248047, 1.0], [199.50656127929688, 169.9982147216797, 1.0], [174.2497100830078, 183.6244659423828, 1.0], [149.07713317871094, 199.1634521484375, 1.0], [226.03639221191406, 205.5064239501953, 1.0], [258.7401123046875, 176.91851806640625, 1.0], [255.37937927246094, 167.07240295410156, 1.0], [248.3481903076172, 159.2367706298828, 1.0], [249.80960083007812, 223.64390563964844, 1.0], [257.7513427734375, 227.4010467529297, 1.0], [237.08682250976562, 236.0438690185547, 1.0], [212.31387329101562, 239.72817993164062, 1.0]], "is_left": 0}