{"hand_pts": [[162.4752197265625, 212.4515380859375, 1.0], [187.89749145507812, 163.48561096191406, 1.0], [226.64768981933594, 115.58556365966797, 1.0], [230.99012756347656, 89.0973892211914, 1.0], [217.84852600097656, 79.95906829833984, 1.0], [240.15115356445312, 203.93032836914062, 1.0], [239.2942657470703, 172.28915405273438, 1.0], [222.73065185546875, 144.40350341796875, 1.0], [201.27455139160156, 117.1131362915039, 1.0], [215.05844116210938, 237.06759643554688, 1.0], [201.48333740234375, 203.09771728515625, 1.0], [177.69390869140625, 165.37799072265625, 1.0], [150.97987365722656, 127.64469909667969, 1.0], [189.5616912841797, 257.1074523925781, 1.0], [159.05055236816406, 238.5435333251953, 1.0], [130.38172912597656, 207.3271942138672, 1.0], [112.85070037841797, 175.84384155273438, 1.0], [161.4986572265625, 271.7699279785156, 1.0], [144.8995819091797, 264.3797912597656, 1.0], [127.65349578857422, 239.2528533935547, 1.0], [115.68537139892578, 203.63710021972656, 1.0]], "is_left": 0}