{"hand_pts": [[209.44227600097656, 250.98228454589844, 1.0], [225.2564239501953, 276.25164794921875, 1.0], [241.90414428710938, 291.33734130859375, 1.0], [224.9366455078125, 254.97885131835938, 1.0], [202.36489868164062, 223.49598693847656, 1.0], [159.08517456054688, 244.20994567871094, 1.0], [133.69630432128906, 238.84002685546875, 1.0], [144.7161865234375, 230.2722625732422, 1.0], [181.8712158203125, 221.87672424316406, 1.0], [153.8365020751953, 204.66915893554688, 1.0], [191.946044921875, 186.1939697265625, 1.0], [237.46986389160156, 189.9035186767578, 1.0], [281.1296691894531, 198.12120056152344, 1.0], [158.1693572998047, 174.7539520263672, 1.0], [141.43846130371094, 128.73779296875, 1.0], [144.86488342285156, 105.84580993652344, 1.0], [171.31845092773438, 98.08211517333984, 1.0], [168.2236785888672, 150.4580841064453, 1.0], [167.81015014648438, 114.0457534790039, 1.0], [185.07518005371094, 99.60847473144531, 1.0], [206.52467346191406, 89.54791259765625, 1.0]], "is_left": 0}