{"hand_pts": [[275.2464294433594, 273.1237487792969, 1.0], [281.6412658691406, 201.40321350097656, 1.0], [290.632080078125, 134.97186279296875, 1.0], [234.51275634765625, 109.57689666748047, 1.0], [181.6522216796875, 90.68289184570312, 1.0], [261.6734313964844, 202.62498474121094, 1.0], [209.12281799316406, 155.76873779296875, 1.0], [191.46142578125, 138.1871795654297, 1.0], [184.20933532714844, 131.659912109375, 1.0], [224.77261352539062, 236.9720916748047, 1.0], [185.73660278320312, 166.70217895507812, 1.0], [172.0926513671875, 124.60392761230469, 1.0], [182.4066162109375, 119.65748596191406, 1.0], [193.824951171875, 259.6539306640625, 1.0], [139.80044555664062, 261.4128112792969, 1.0], [110.06783294677734, 226.25608825683594, 1.0], [113.85204315185547, 193.57920837402344, 1.0], [167.6175079345703, 280.62109375, 1.0], [127.19586181640625, 241.8252716064453, 1.0], [112.78716278076172, 211.13800048828125, 1.0], [125.32222747802734, 191.28506469726562, 1.0]], "is_left": 0}