{"hand_pts": [[95.39762115478516, 157.55838012695312, 1.0], [150.5231170654297, 210.44444274902344, 1.0], [177.03607177734375, 272.8192138671875, 1.0], [220.25071716308594, 280.3990173339844, 1.0], [253.9405059814453, 254.11549377441406, 1.0], [126.4690170288086, 241.94915771484375, 1.0], [170.52516174316406, 257.2976989746094, 1.0], [214.7651824951172, 242.5379638671875, 1.0], [241.05075073242188, 217.89515686035156, 1.0], [110.53772735595703, 196.7178497314453, 1.0], [178.128662109375, 191.44322204589844, 1.0], [223.66574096679688, 179.39707946777344, 1.0], [261.3266906738281, 168.39663696289062, 1.0], [105.14762878417969, 158.190673828125, 1.0], [173.8668975830078, 138.14215087890625, 1.0], [205.72366333007812, 128.55792236328125, 1.0], [202.3041534423828, 132.42579650878906, 1.0], [102.0492935180664, 119.91886901855469, 1.0], [149.8755340576172, 95.8219223022461, 1.0], [184.59695434570312, 86.15757751464844, 1.0], [196.2381591796875, 94.41050720214844, 1.0]], "is_left": 0}