{"hand_pts": [[134.09034729003906, 143.96536254882812, 1.0], [109.76766204833984, 174.07473754882812, 1.0], [69.423583984375, 188.59820556640625, 1.0], [75.16861724853516, 185.14622497558594, 1.0], [114.95274353027344, 170.0192413330078, 1.0], [175.9062042236328, 212.82159423828125, 1.0], [147.75076293945312, 207.86138916015625, 1.0], [116.35297393798828, 188.62161254882812, 1.0], [107.82404327392578, 174.51901245117188, 1.0], [204.53358459472656, 190.7698516845703, 1.0], [242.64437866210938, 220.4686737060547, 1.0], [217.7206268310547, 212.2612762451172, 1.0], [183.96539306640625, 193.7721405029297, 1.0], [220.7080841064453, 170.42703247070312, 1.0], [258.2919921875, 198.87030029296875, 1.0], [252.94178771972656, 203.5590362548828, 1.0], [237.57000732421875, 203.29296875, 1.0], [229.2104949951172, 148.4075164794922, 1.0], [237.71542358398438, 146.67300415039062, 1.0], [234.06475830078125, 143.27589416503906, 1.0], [229.32098388671875, 140.71286010742188, 1.0]], "is_left": 0}