{"hand_pts": [[307.2976989746094, 67.77525329589844, 1.0], [278.8077697753906, 128.091796875, 1.0], [296.1460266113281, 183.28448486328125, 1.0], [271.9630432128906, 226.4884033203125, 1.0], [237.72801208496094, 257.28411865234375, 1.0], [249.12142944335938, 192.6449737548828, 1.0], [198.37774658203125, 221.7768096923828, 1.0], [169.594970703125, 223.1685028076172, 1.0], [141.04283142089844, 224.28543090820312, 1.0], [232.61476135253906, 166.38626098632812, 1.0], [159.2178192138672, 194.83047485351562, 1.0], [116.14988708496094, 206.038330078125, 1.0], [103.16400146484375, 195.3203582763672, 1.0], [216.9853057861328, 142.65196228027344, 1.0], [166.8091278076172, 192.88536071777344, 1.0], [133.1490020751953, 214.60943603515625, 1.0], [102.63715362548828, 231.03900146484375, 1.0], [205.9780731201172, 114.5205078125, 1.0], [155.8604278564453, 113.05794525146484, 1.0], [134.12550354003906, 107.22427368164062, 1.0], [120.1854476928711, 101.35577392578125, 1.0]], "is_left": 0}