{"hand_pts": [[21.404855728149414, 106.09540557861328, 1.0], [60.79898452758789, 144.1310577392578, 1.0], [77.20281219482422, 177.3434295654297, 1.0], [117.06144714355469, 203.45814514160156, 1.0], [164.43869018554688, 209.1763916015625, 1.0], [132.4337615966797, 228.0143585205078, 1.0], [188.91790771484375, 258.28448486328125, 1.0], [217.6309356689453, 244.3877716064453, 1.0], [230.93618774414062, 214.3417205810547, 1.0], [146.03529357910156, 206.4099578857422, 1.0], [218.6489715576172, 214.3451690673828, 1.0], [240.0868682861328, 190.13841247558594, 1.0], [237.39013671875, 157.63307189941406, 1.0], [155.82315063476562, 182.5180206298828, 1.0], [219.60482788085938, 179.26332092285156, 1.0], [212.96566772460938, 148.47325134277344, 1.0], [185.05860900878906, 121.01148986816406, 1.0], [157.63656616210938, 152.9446258544922, 1.0], [207.10604858398438, 153.9187774658203, 1.0], [226.5702667236328, 141.1287384033203, 1.0], [228.09970092773438, 125.26382446289062, 1.0]], "is_left": 0}