{"hand_pts": [[51.18705368041992, 135.9327850341797, 1.0], [117.46587371826172, 110.14459228515625, 1.0], [156.2732391357422, 69.88700866699219, 1.0], [183.79495239257812, 78.9295425415039, 1.0], [179.50271606445312, 119.89096069335938, 1.0], [182.8582000732422, 150.68142700195312, 1.0], [230.66204833984375, 136.3509979248047, 1.0], [216.7393798828125, 121.89106750488281, 1.0], [178.86593627929688, 120.8167953491211, 1.0], [158.4223175048828, 185.6708526611328, 1.0], [221.84176635742188, 209.94073486328125, 1.0], [249.24526977539062, 206.8579559326172, 1.0], [232.79833984375, 184.01486206054688, 1.0], [137.69419860839844, 209.7257537841797, 1.0], [175.13839721679688, 259.14447021484375, 1.0], [200.167236328125, 268.3611755371094, 1.0], [221.206787109375, 265.7212219238281, 1.0], [112.77777099609375, 227.3485107421875, 1.0], [148.73037719726562, 248.5062713623047, 1.0], [174.45977783203125, 259.20166015625, 1.0], [182.0637664794922, 237.1189422607422, 1.0]], "is_left": 0}