{"hand_pts": [[194.82225036621094, 70.56694793701172, 1.0], [231.94859313964844, 127.47249603271484, 1.0], [276.9998779296875, 166.11109924316406, 1.0], [277.07373046875, 207.2326202392578, 1.0], [234.98374938964844, 224.96572875976562, 1.0], [252.48619079589844, 149.2205810546875, 1.0], [249.68692016601562, 199.92486572265625, 1.0], [230.0062713623047, 231.29847717285156, 1.0], [204.94491577148438, 250.68679809570312, 1.0], [208.32223510742188, 133.716552734375, 1.0], [195.98849487304688, 190.64971923828125, 1.0], [179.3429412841797, 225.09829711914062, 1.0], [168.71389770507812, 237.09695434570312, 1.0], [169.56983947753906, 124.15044403076172, 1.0], [131.8472900390625, 179.6844024658203, 1.0], [119.62846374511719, 196.86817932128906, 1.0], [128.4244842529297, 188.29969787597656, 1.0], [132.0550994873047, 112.86554718017578, 1.0], [100.30308532714844, 146.72154235839844, 1.0], [88.50322723388672, 172.2129669189453, 1.0], [94.84270477294922, 185.2941436767578, 1.0]], "is_left": 0}