{"hand_pts": [[50.36046600341797, 210.45370483398438, 1.0], [88.12550354003906, 161.9996795654297, 1.0], [104.83232879638672, 106.63682556152344, 1.0], [139.45045471191406, 74.58859252929688, 1.0], [180.2484130859375, 60.97626876831055, 1.0], [134.13023376464844, 164.1623077392578, 1.0], [191.1547088623047, 154.20843505859375, 1.0], [229.29664611816406, 149.2353973388672, 1.0], [264.19964599609375, 146.18777465820312, 1.0], [139.97959899902344, 204.0241241455078, 1.0], [210.18653869628906, 193.45472717285156, 1.0], [216.55245971679688, 180.9122314453125, 1.0], [213.64370727539062, 169.606689453125, 1.0], [145.17271423339844, 233.94650268554688, 1.0], [215.2177276611328, 234.72244262695312, 1.0], [241.83322143554688, 226.2515106201172, 1.0], [241.88038635253906, 210.9383544921875, 1.0], [144.93914794921875, 260.5955810546875, 1.0], [192.38833618164062, 266.4719543457031, 1.0], [205.30825805664062, 251.61463928222656, 1.0], [186.99305725097656, 229.78848266601562, 1.0]], "is_left": 0}