{"hand_pts": [[134.0548095703125, 185.70582580566406, 1.0], [162.81698608398438, 152.87474060058594, 1.0], [195.59132385253906, 108.53951263427734, 1.0], [207.71556091308594, 78.9002456665039, 1.0], [209.38690185546875, 59.606666564941406, 1.0], [215.63771057128906, 189.3455810546875, 1.0], [210.5425567626953, 148.40628051757812, 1.0], [186.23654174804688, 122.3398208618164, 1.0], [158.22216796875, 111.25332641601562, 1.0], [195.0413055419922, 216.56959533691406, 1.0], [224.51605224609375, 223.86624145507812, 1.0], [201.0897979736328, 195.25048828125, 1.0], [175.61117553710938, 168.001220703125, 1.0], [174.09344482421875, 233.52957153320312, 1.0], [200.0545196533203, 238.39321899414062, 1.0], [188.36148071289062, 214.66407775878906, 1.0], [168.7396697998047, 187.0041046142578, 1.0], [150.15306091308594, 245.6277618408203, 1.0], [147.50804138183594, 268.7150573730469, 1.0], [142.5072784423828, 269.0550231933594, 1.0], [137.7404327392578, 240.3277587890625, 1.0]], "is_left": 0}