{"hand_pts": [[169.21937561035156, 34.344879150390625, 1.0], [208.6707763671875, 88.14117431640625, 1.0], [243.53602600097656, 116.4202880859375, 1.0], [273.20794677734375, 143.6218719482422, 1.0], [267.35687255859375, 142.61489868164062, 1.0], [173.68576049804688, 170.34487915039062, 1.0], [166.74441528320312, 226.1933135986328, 1.0], [188.7887725830078, 245.36582946777344, 1.0], [215.59852600097656, 244.69842529296875, 1.0], [155.14382934570312, 156.24618530273438, 1.0], [138.16610717773438, 218.5133056640625, 1.0], [142.51719665527344, 255.456298828125, 1.0], [170.9239959716797, 272.6080322265625, 1.0], [146.81634521484375, 141.4091033935547, 1.0], [166.78575134277344, 191.00897216796875, 1.0], [190.70620727539062, 209.84852600097656, 1.0], [223.4657745361328, 200.90304565429688, 1.0], [142.2964324951172, 120.1531753540039, 1.0], [132.99391174316406, 153.88427734375, 1.0], [153.48023986816406, 170.36878967285156, 1.0], [182.057373046875, 164.34585571289062, 1.0]], "is_left": 0}