{"hand_pts": [[162.25228881835938, 231.5086212158203, 1.0], [216.95761108398438, 221.7798614501953, 1.0], [273.5019226074219, 226.57098388671875, 1.0], [297.5818786621094, 202.3424530029297, 1.0], [299.63922119140625, 169.87600708007812, 1.0], [203.3729705810547, 238.66989135742188, 1.0], [217.14590454101562, 231.36956787109375, 1.0], [228.49830627441406, 200.47691345214844, 1.0], [235.98533630371094, 164.7100830078125, 1.0], [161.24827575683594, 224.54513549804688, 1.0], [175.6766815185547, 191.21084594726562, 1.0], [195.6515350341797, 156.7091827392578, 1.0], [216.4055938720703, 123.1684799194336, 1.0], [130.3170928955078, 208.4011688232422, 1.0], [119.48246002197266, 190.83619689941406, 1.0], [137.15573120117188, 158.3122100830078, 1.0], [157.83441162109375, 127.4374771118164, 1.0], [102.90655517578125, 192.14125061035156, 1.0], [97.14276123046875, 161.63302612304688, 1.0], [103.8193359375, 134.96707153320312, 1.0], [124.6087646484375, 108.35366821289062, 1.0]], "is_left": 0}