{"hand_pts": [[135.18373107910156, 109.7288589477539, 1.0], [119.75443267822266, 116.36756896972656, 1.0], [82.08226776123047, 114.1827163696289, 1.0], [122.5323257446289, 107.0292739868164, 1.0], [175.56179809570312, 105.35353088378906, 1.0], [98.89749145507812, 225.13809204101562, 1.0], [147.1738739013672, 204.83450317382812, 1.0], [163.35928344726562, 163.63526916503906, 1.0], [151.97091674804688, 146.18252563476562, 1.0], [136.8506622314453, 242.89480590820312, 1.0], [202.59555053710938, 231.1980438232422, 1.0], [205.6463623046875, 180.82432556152344, 1.0], [173.191162109375, 164.6029815673828, 1.0], [171.9081573486328, 248.45672607421875, 1.0], [242.17950439453125, 244.62551879882812, 1.0], [252.69125366210938, 198.3186492919922, 1.0], [219.82485961914062, 177.05337524414062, 1.0], [205.435302734375, 243.1187744140625, 1.0], [260.9165954589844, 236.6396484375, 1.0], [269.43603515625, 198.9356689453125, 1.0], [231.5110321044922, 184.64065551757812, 1.0]], "is_left": 0}