{"hand_pts": [[72.79209899902344, 155.13430786132812, 1.0], [138.01254272460938, 197.4562530517578, 1.0], [179.5133056640625, 238.95205688476562, 1.0], [220.4601287841797, 251.33676147460938, 1.0], [243.3377685546875, 235.90321350097656, 1.0], [128.81558227539062, 217.83779907226562, 1.0], [160.19692993164062, 243.97842407226562, 1.0], [202.2384033203125, 246.05088806152344, 1.0], [229.97059631347656, 229.028564453125, 1.0], [113.4583740234375, 184.18182373046875, 1.0], [183.82308959960938, 193.1865997314453, 1.0], [222.2731475830078, 189.0718231201172, 1.0], [255.7728271484375, 184.91802978515625, 1.0], [108.10440826416016, 156.04867553710938, 1.0], [186.90855407714844, 146.30389404296875, 1.0], [227.45262145996094, 140.48912048339844, 1.0], [242.88291931152344, 139.14273071289062, 1.0], [103.57157135009766, 128.2598419189453, 1.0], [128.75067138671875, 111.56409454345703, 1.0], [166.62164306640625, 111.39479064941406, 1.0], [195.6727752685547, 121.9582290649414, 1.0]], "is_left": 0}