{"hand_pts": [[183.55604553222656, 206.86866760253906, 1.0], [142.85594177246094, 232.6780242919922, 1.0], [88.50341033935547, 258.4684753417969, 1.0], [119.47196960449219, 270.6658630371094, 1.0], [179.14553833007812, 258.4499816894531, 1.0], [89.50076293945312, 157.69052124023438, 1.0], [122.41725158691406, 181.82891845703125, 1.0], [158.2849578857422, 214.02117919921875, 1.0], [165.8559112548828, 222.22171020507812, 1.0], [132.27317810058594, 130.18338012695312, 1.0], [178.74949645996094, 152.2747344970703, 1.0], [206.86331176757812, 194.8344268798828, 1.0], [200.75021362304688, 213.0747528076172, 1.0], [171.8865966796875, 116.39754486083984, 1.0], [231.28875732421875, 136.86595153808594, 1.0], [247.72808837890625, 173.0282745361328, 1.0], [222.10606384277344, 179.1066436767578, 1.0], [212.43218994140625, 110.78662872314453, 1.0], [261.0496520996094, 122.49758911132812, 1.0], [271.8981018066406, 156.12399291992188, 1.0], [241.42880249023438, 164.0828857421875, 1.0]], "is_left": 0}