{"hand_pts": [[143.49209594726562, 226.28079223632812, 1.0], [131.71368408203125, 153.8675079345703, 1.0], [109.94634246826172, 97.39974212646484, 1.0], [116.2396240234375, 102.82261657714844, 1.0], [138.85372924804688, 152.79278564453125, 1.0], [237.3963623046875, 139.81472778320312, 1.0], [240.8939666748047, 110.54756927490234, 1.0], [192.81961059570312, 110.8130111694336, 1.0], [145.32395935058594, 123.26251220703125, 1.0], [247.9996337890625, 193.1907196044922, 1.0], [191.1208953857422, 183.1561737060547, 1.0], [130.3752899169922, 178.9732666015625, 1.0], [78.43841552734375, 176.37051391601562, 1.0], [245.0912628173828, 234.81764221191406, 1.0], [270.21875, 221.26455688476562, 1.0], [245.4274139404297, 209.08721923828125, 1.0], [195.2497100830078, 198.08053588867188, 1.0], [232.8340301513672, 274.2832336425781, 1.0], [219.1220245361328, 283.665283203125, 1.0], [180.95196533203125, 277.1118469238281, 1.0], [138.3613739013672, 260.4264831542969, 1.0]], "is_left": 0}