{"hand_pts": [[362.1856384277344, 165.2799530029297, 1.0], [304.2518615722656, 198.78623962402344, 1.0], [272.8175048828125, 242.10951232910156, 1.0], [227.26171875, 263.5942687988281, 1.0], [178.951171875, 263.6624755859375, 1.0], [226.544189453125, 214.3647003173828, 1.0], [156.70352172851562, 221.5158233642578, 1.0], [131.52789306640625, 214.5126190185547, 1.0], [118.57416534423828, 203.6033935546875, 1.0], [229.798583984375, 182.32762145996094, 1.0], [141.38516235351562, 189.6624755859375, 1.0], [118.88684844970703, 186.09764099121094, 1.0], [121.71389770507812, 181.372314453125, 1.0], [233.84332275390625, 155.53688049316406, 1.0], [155.3031768798828, 151.58607482910156, 1.0], [131.55259704589844, 148.51861572265625, 1.0], [135.4263153076172, 147.74417114257812, 1.0], [245.4989471435547, 129.903076171875, 1.0], [193.41429138183594, 119.02127838134766, 1.0], [179.34188842773438, 118.92030334472656, 1.0], [198.4748077392578, 127.84999084472656, 1.0]], "is_left": 0}