{"hand_pts": [[236.17625427246094, 266.1564025878906, 1.0], [260.2232971191406, 195.72402954101562, 1.0], [291.9060363769531, 138.5471649169922, 1.0], [269.0810852050781, 106.52993774414062, 1.0], [234.4048309326172, 90.75868225097656, 1.0], [265.1335754394531, 201.29278564453125, 1.0], [226.21656799316406, 152.48672485351562, 1.0], [199.28018188476562, 128.40769958496094, 1.0], [174.60311889648438, 110.4079360961914, 1.0], [224.05731201171875, 233.85897827148438, 1.0], [188.2483673095703, 195.28482055664062, 1.0], [165.0949249267578, 165.70361328125, 1.0], [150.239501953125, 133.17759704589844, 1.0], [188.2452392578125, 255.09402465820312, 1.0], [129.0193634033203, 220.96372985839844, 1.0], [109.74491882324219, 191.9143524169922, 1.0], [97.85848999023438, 165.23779296875, 1.0], [154.661376953125, 274.67913818359375, 1.0], [106.08472442626953, 250.00242614746094, 1.0], [104.49254608154297, 233.81866455078125, 1.0], [143.55313110351562, 245.4390869140625, 1.0]], "is_left": 0}