{"hand_pts": [[272.721435546875, 154.43377685546875, 1.0], [232.3850860595703, 212.39427185058594, 1.0], [194.1881866455078, 278.5978088378906, 1.0], [189.77488708496094, 287.6983642578125, 1.0], [216.9143524169922, 240.42330932617188, 1.0], [108.72362518310547, 197.73080444335938, 1.0], [107.88761901855469, 223.3656005859375, 1.0], [159.7386932373047, 236.7124481201172, 1.0], [220.96759033203125, 238.89581298828125, 1.0], [123.35869598388672, 156.30630493164062, 1.0], [119.44658660888672, 169.8680419921875, 1.0], [177.95053100585938, 192.7504425048828, 1.0], [234.67724609375, 210.65289306640625, 1.0], [145.20518493652344, 126.67713928222656, 1.0], [149.12835693359375, 129.89328002929688, 1.0], [201.2915802001953, 150.7030029296875, 1.0], [243.45413208007812, 170.57769775390625, 1.0], [176.81689453125, 100.61922454833984, 1.0], [200.24276733398438, 94.04873657226562, 1.0], [242.4057159423828, 116.29607391357422, 1.0], [262.6072998046875, 141.5022430419922, 1.0]], "is_left": 0}