{"hand_pts": [[33.642921447753906, 254.2831268310547, 1.0], [71.46575164794922, 200.97793579101562, 1.0], [91.46416473388672, 155.84556579589844, 1.0], [132.45692443847656, 133.12771606445312, 1.0], [170.9430694580078, 116.80331420898438, 1.0], [175.82205200195312, 200.70205688476562, 1.0], [228.56622314453125, 171.30545043945312, 1.0], [221.76011657714844, 147.7420196533203, 1.0], [205.27857971191406, 129.0973358154297, 1.0], [177.9014892578125, 223.3929901123047, 1.0], [233.72459411621094, 190.534423828125, 1.0], [204.95831298828125, 165.63282775878906, 1.0], [181.9269561767578, 141.07362365722656, 1.0], [173.3294219970703, 237.65277099609375, 1.0], [244.84776306152344, 227.53878784179688, 1.0], [252.24600219726562, 199.92935180664062, 1.0], [234.70684814453125, 174.13873291015625, 1.0], [159.3643798828125, 250.89646911621094, 1.0], [171.34268188476562, 226.72210693359375, 1.0], [164.84133911132812, 206.59239196777344, 1.0], [136.557861328125, 188.73765563964844, 1.0]], "is_left": 0}