{"hand_pts": [[151.73855590820312, 211.5152130126953, 1.0], [210.3992156982422, 191.12535095214844, 1.0], [269.1493835449219, 171.38209533691406, 1.0], [297.8538818359375, 149.94288635253906, 1.0], [296.1695861816406, 133.5863800048828, 1.0], [185.28648376464844, 212.41905212402344, 1.0], [205.30941772460938, 206.3760528564453, 1.0], [224.22268676757812, 191.75509643554688, 1.0], [241.369140625, 177.46539306640625, 1.0], [149.5591583251953, 210.43556213378906, 1.0], [162.93948364257812, 205.9292449951172, 1.0], [190.4472198486328, 183.0268096923828, 1.0], [220.21530151367188, 157.31207275390625, 1.0], [126.59513854980469, 204.17733764648438, 1.0], [128.19346618652344, 201.3817138671875, 1.0], [146.03436279296875, 183.92527770996094, 1.0], [166.04571533203125, 164.7829132080078, 1.0], [107.61520385742188, 196.859619140625, 1.0], [107.14083862304688, 186.90846252441406, 1.0], [120.3052749633789, 170.9090118408203, 1.0], [145.17723083496094, 149.17123413085938, 1.0]], "is_left": 0}