{"hand_pts": [[258.6304931640625, 110.80110168457031, 1.0], [238.59222412109375, 181.4556121826172, 1.0], [245.7986297607422, 250.8541717529297, 1.0], [197.9313507080078, 279.8791198730469, 1.0], [151.7579345703125, 243.84991455078125, 1.0], [270.05889892578125, 210.32212829589844, 1.0], [204.38575744628906, 251.20669555664062, 1.0], [180.99627685546875, 234.51649475097656, 1.0], [206.7404327392578, 203.349853515625, 1.0], [257.0195617675781, 170.16851806640625, 1.0], [182.8858642578125, 203.08897399902344, 1.0], [130.6795196533203, 214.39651489257812, 1.0], [130.2364959716797, 206.88597106933594, 1.0], [238.9822235107422, 138.9842071533203, 1.0], [145.34437561035156, 147.63706970214844, 1.0], [117.31053161621094, 145.62547302246094, 1.0], [148.36756896972656, 143.08233642578125, 1.0], [219.86769104003906, 107.57304382324219, 1.0], [156.46409606933594, 100.80264282226562, 1.0], [130.7017059326172, 108.1754150390625, 1.0], [165.66653442382812, 118.88695526123047, 1.0]], "is_left": 0}