{"hand_pts": [[251.3022918701172, 51.34920883178711, 1.0], [276.65771484375, 108.90673065185547, 1.0], [302.95257568359375, 152.69744873046875, 1.0], [302.9994201660156, 196.27467346191406, 1.0], [272.73211669921875, 228.86572265625, 1.0], [217.66790771484375, 135.23196411132812, 1.0], [195.96749877929688, 181.02532958984375, 1.0], [193.04176330566406, 221.0859832763672, 1.0], [195.46669006347656, 256.9853820800781, 1.0], [180.04991149902344, 123.1426010131836, 1.0], [157.7172088623047, 188.2539825439453, 1.0], [167.82447814941406, 233.30343627929688, 1.0], [184.95135498046875, 271.4397888183594, 1.0], [155.28750610351562, 116.54054260253906, 1.0], [128.15602111816406, 178.2745361328125, 1.0], [140.11314392089844, 216.42742919921875, 1.0], [162.21153259277344, 246.44786071777344, 1.0], [138.6628875732422, 107.69927215576172, 1.0], [112.80547332763672, 147.2125701904297, 1.0], [106.58060455322266, 179.16763305664062, 1.0], [110.13826751708984, 213.82467651367188, 1.0]], "is_left": 0}