{"hand_pts": [[63.7094612121582, 160.06072998046875, 1.0], [104.13001251220703, 213.26356506347656, 1.0], [122.04176330566406, 265.68963623046875, 1.0], [143.34580993652344, 292.5857849121094, 1.0], [156.74514770507812, 283.0712890625, 1.0], [190.28636169433594, 208.487548828125, 1.0], [214.4247589111328, 227.69908142089844, 1.0], [191.70611572265625, 230.0904541015625, 1.0], [158.6663055419922, 222.7576141357422, 1.0], [191.35545349121094, 166.98770141601562, 1.0], [229.82435607910156, 175.36593627929688, 1.0], [209.88076782226562, 187.18661499023438, 1.0], [172.34786987304688, 194.46510314941406, 1.0], [188.15658569335938, 135.85763549804688, 1.0], [234.1840362548828, 129.67593383789062, 1.0], [233.6169891357422, 137.8995361328125, 1.0], [201.79443359375, 153.4900665283203, 1.0], [176.76934814453125, 107.728515625, 1.0], [194.46446228027344, 97.3704605102539, 1.0], [189.12806701660156, 102.78121185302734, 1.0], [163.19117736816406, 123.2925796508789, 1.0]], "is_left": 0}