{"hand_pts": [[234.53504943847656, 134.8992156982422, 1.0], [182.89508056640625, 105.0599136352539, 1.0], [138.83058166503906, 75.32198333740234, 1.0], [136.95977783203125, 102.82476806640625, 1.0], [155.88995361328125, 143.91868591308594, 1.0], [116.96760559082031, 168.1547088623047, 1.0], [132.5275421142578, 138.13400268554688, 1.0], [147.38751220703125, 116.81251525878906, 1.0], [184.02059936523438, 87.09378814697266, 1.0], [157.43109130859375, 200.68292236328125, 1.0], [120.7491683959961, 242.13243103027344, 1.0], [125.65901184082031, 231.6632080078125, 1.0], [151.83363342285156, 193.66098022460938, 1.0], [195.39730834960938, 220.16075134277344, 1.0], [224.0782470703125, 237.42984008789062, 1.0], [255.04983520507812, 207.25506591796875, 1.0], [279.5467834472656, 169.0467987060547, 1.0], [236.40985107421875, 231.97799682617188, 1.0], [246.7061767578125, 261.6388244628906, 1.0], [256.53704833984375, 270.1180725097656, 1.0], [262.1108093261719, 237.45999145507812, 1.0]], "is_left": 0}