{"hand_pts": [[95.14764404296875, 288.758056640625, 1.0], [95.23294067382812, 251.72494506835938, 1.0], [72.81741333007812, 228.79074096679688, 1.0], [100.221435546875, 217.8995819091797, 1.0], [135.26499938964844, 229.20152282714844, 1.0], [139.4414825439453, 186.28024291992188, 1.0], [165.58035278320312, 134.618408203125, 1.0], [177.3211669921875, 142.1299285888672, 1.0], [182.11148071289062, 160.78016662597656, 1.0], [165.8252410888672, 195.28619384765625, 1.0], [203.8007049560547, 145.48223876953125, 1.0], [220.91360473632812, 124.3891830444336, 1.0], [233.1559295654297, 110.21585083007812, 1.0], [185.33596801757812, 206.28994750976562, 1.0], [241.02212524414062, 155.09498596191406, 1.0], [272.60284423828125, 127.22238159179688, 1.0], [272.77911376953125, 127.22181701660156, 1.0], [198.50729370117188, 223.00625610351562, 1.0], [228.8306121826172, 229.44284057617188, 1.0], [206.26800537109375, 248.66749572753906, 1.0], [180.0635528564453, 246.55836486816406, 1.0]], "is_left": 0}