{"hand_pts": [[141.09591674804688, 231.5265350341797, 1.0], [114.61961364746094, 222.04615783691406, 1.0], [88.7934341430664, 197.33148193359375, 1.0], [96.59208679199219, 194.77545166015625, 1.0], [118.04872131347656, 205.07554626464844, 1.0], [199.41677856445312, 127.642333984375, 1.0], [204.31954956054688, 110.58512115478516, 1.0], [170.80596923828125, 154.75234985351562, 1.0], [140.90347290039062, 199.99620056152344, 1.0], [233.6251983642578, 129.02716064453125, 1.0], [199.36575317382812, 161.01890563964844, 1.0], [154.00042724609375, 204.9922332763672, 1.0], [106.61723327636719, 250.88523864746094, 1.0], [251.90975952148438, 140.20835876464844, 1.0], [265.08258056640625, 149.61605834960938, 1.0], [218.10565185546875, 197.04571533203125, 1.0], [170.5492706298828, 240.6033172607422, 1.0], [259.952392578125, 159.77098083496094, 1.0], [259.9113464355469, 185.48292541503906, 1.0], [224.66378784179688, 222.74485778808594, 1.0], [177.89268493652344, 255.75413513183594, 1.0]], "is_left": 0}