{"hand_pts": [[274.3805847167969, 255.92059326171875, 1.0], [230.95835876464844, 266.9469909667969, 1.0], [194.93634033203125, 291.63427734375, 1.0], [155.03334045410156, 265.94366455078125, 1.0], [125.29298400878906, 229.90919494628906, 1.0], [239.3121337890625, 195.50863647460938, 1.0], [208.53744506835938, 175.79933166503906, 1.0], [165.53399658203125, 193.04708862304688, 1.0], [141.26705932617188, 212.13943481445312, 1.0], [240.20779418945312, 168.13572692871094, 1.0], [228.89437866210938, 119.49871063232422, 1.0], [202.683837890625, 99.50762176513672, 1.0], [154.3331298828125, 109.37199401855469, 1.0], [234.60784912109375, 152.25, 1.0], [153.79808044433594, 149.41268920898438, 1.0], [126.27873229980469, 178.59898376464844, 1.0], [124.67144012451172, 214.37449645996094, 1.0], [229.16510009765625, 144.8232879638672, 1.0], [173.61273193359375, 145.385986328125, 1.0], [167.6675567626953, 178.56643676757812, 1.0], [194.6304473876953, 202.75767517089844, 1.0]], "is_left": 0}