{"hand_pts": [[258.5733947753906, 79.52161407470703, 1.0], [276.6613464355469, 134.28514099121094, 1.0], [299.7339782714844, 173.52011108398438, 1.0], [274.4780578613281, 202.6534423828125, 1.0], [231.3786163330078, 199.3302001953125, 1.0], [213.67025756835938, 184.7201690673828, 1.0], [187.36557006835938, 227.9952392578125, 1.0], [185.3915252685547, 245.56512451171875, 1.0], [192.74464416503906, 250.9749755859375, 1.0], [181.6590118408203, 164.87197875976562, 1.0], [159.6406707763672, 200.1339569091797, 1.0], [176.51271057128906, 205.0167236328125, 1.0], [209.45948791503906, 193.13970947265625, 1.0], [161.5147247314453, 148.26246643066406, 1.0], [130.4078369140625, 180.29222106933594, 1.0], [162.1667938232422, 172.33872985839844, 1.0], [195.8361053466797, 157.79209899902344, 1.0], [149.2242889404297, 128.42333984375, 1.0], [116.93141174316406, 148.77462768554688, 1.0], [103.88041687011719, 164.2790985107422, 1.0], [98.94397735595703, 181.54266357421875, 1.0]], "is_left": 0}