{"hand_pts": [[238.5218963623047, 230.09971618652344, 1.0], [194.3533477783203, 171.74400329589844, 1.0], [139.6260986328125, 123.51130676269531, 1.0], [140.75596618652344, 98.3174819946289, 1.0], [163.60470581054688, 92.04934692382812, 1.0], [130.961669921875, 210.10914611816406, 1.0], [97.93623352050781, 178.30157470703125, 1.0], [138.9442901611328, 135.09339904785156, 1.0], [169.08547973632812, 144.36843872070312, 1.0], [167.55677795410156, 240.62591552734375, 1.0], [179.6975555419922, 158.41592407226562, 1.0], [211.67929077148438, 123.60517883300781, 1.0], [225.2804718017578, 132.6290740966797, 1.0], [202.2439422607422, 256.7053527832031, 1.0], [163.56492614746094, 256.9378662109375, 1.0], [183.70462036132812, 201.0009002685547, 1.0], [210.61146545410156, 161.97390747070312, 1.0], [239.6264190673828, 267.64984130859375, 1.0], [242.41517639160156, 286.20233154296875, 1.0], [245.8965606689453, 246.43157958984375, 1.0], [246.5192108154297, 195.9685516357422, 1.0]], "is_left": 0}