{"hand_pts": [[267.4205017089844, 236.8980712890625, 1.0], [212.03965759277344, 172.59197998046875, 1.0], [173.08827209472656, 117.78943634033203, 1.0], [135.52516174316406, 87.41629791259766, 1.0], [107.52743530273438, 85.10774230957031, 1.0], [228.39346313476562, 157.2059326171875, 1.0], [210.25436401367188, 128.23565673828125, 1.0], [174.38197326660156, 116.56753540039062, 1.0], [134.2814483642578, 110.2549057006836, 1.0], [239.1079559326172, 204.96969604492188, 1.0], [217.2321014404297, 185.4573516845703, 1.0], [177.9829864501953, 171.22059631347656, 1.0], [138.1300506591797, 157.89076232910156, 1.0], [240.44203186035156, 242.3641357421875, 1.0], [215.35211181640625, 234.14097595214844, 1.0], [174.21334838867188, 224.91839599609375, 1.0], [128.80540466308594, 214.1581268310547, 1.0], [240.5846710205078, 277.9534912109375, 1.0], [208.67303466796875, 279.6655578613281, 1.0], [171.3234100341797, 272.4502258300781, 1.0], [132.34393310546875, 258.51214599609375, 1.0]], "is_left": 0}