{"hand_pts": [[185.67713928222656, 92.96748352050781, 1.0], [158.38243103027344, 159.5928497314453, 1.0], [137.17132568359375, 222.67227172851562, 1.0], [133.5876922607422, 268.3685607910156, 1.0], [160.9086456298828, 250.82118225097656, 1.0], [120.70917510986328, 155.73240661621094, 1.0], [136.60801696777344, 194.62925720214844, 1.0], [165.4584197998047, 225.79452514648438, 1.0], [198.03758239746094, 252.7728271484375, 1.0], [151.8926239013672, 126.90913391113281, 1.0], [158.4307403564453, 196.119140625, 1.0], [180.17173767089844, 236.99134826660156, 1.0], [199.52891540527344, 278.08056640625, 1.0], [181.14781188964844, 109.07528686523438, 1.0], [222.29348754882812, 166.04299926757812, 1.0], [249.09719848632812, 201.1811065673828, 1.0], [271.319091796875, 231.3729248046875, 1.0], [211.231201171875, 92.83821868896484, 1.0], [217.2119903564453, 93.62007141113281, 1.0], [222.99737548828125, 101.55388641357422, 1.0], [229.1754150390625, 127.57036590576172, 1.0]], "is_left": 0}