{"hand_pts": [[120.97989654541016, 134.67160034179688, 1.0], [196.14138793945312, 141.9895477294922, 1.0], [254.8748321533203, 138.344970703125, 1.0], [275.5840148925781, 142.6062469482422, 1.0], [239.941162109375, 151.18275451660156, 1.0], [216.99807739257812, 210.0532989501953, 1.0], [244.90826416015625, 202.59695434570312, 1.0], [252.29714965820312, 182.7388153076172, 1.0], [240.13546752929688, 157.1649932861328, 1.0], [169.71273803710938, 214.98838806152344, 1.0], [190.34619140625, 218.74502563476562, 1.0], [196.4256591796875, 187.37796020507812, 1.0], [198.98715209960938, 157.30111694335938, 1.0], [132.25120544433594, 212.8482666015625, 1.0], [129.7759552001953, 229.5023193359375, 1.0], [140.44708251953125, 204.07550048828125, 1.0], [151.7877655029297, 179.2499237060547, 1.0], [95.21622467041016, 204.37753295898438, 1.0], [99.1292724609375, 203.10757446289062, 1.0], [111.24032592773438, 183.52377319335938, 1.0], [124.70952606201172, 161.42247009277344, 1.0]], "is_left": 0}