{"hand_pts": [[184.70123291015625, 230.8387451171875, 1.0], [137.49256896972656, 210.52691650390625, 1.0], [76.45482635498047, 192.5516357421875, 1.0], [85.03113555908203, 195.39773559570312, 1.0], [136.26480102539062, 210.286865234375, 1.0], [141.73402404785156, 151.70822143554688, 1.0], [145.13290405273438, 158.2566375732422, 1.0], [150.6114959716797, 185.48806762695312, 1.0], [152.0621795654297, 191.94720458984375, 1.0], [184.69195556640625, 154.0133819580078, 1.0], [199.1688690185547, 165.97727966308594, 1.0], [190.11489868164062, 194.4981231689453, 1.0], [177.3271484375, 193.31971740722656, 1.0], [217.2176971435547, 159.77809143066406, 1.0], [242.84994506835938, 169.55035400390625, 1.0], [229.96627807617188, 193.65406799316406, 1.0], [211.77117919921875, 189.705078125, 1.0], [246.00497436523438, 170.44007873535156, 1.0], [272.0893859863281, 181.86624145507812, 1.0], [254.7417755126953, 200.40455627441406, 1.0], [233.32090759277344, 193.07391357421875, 1.0]], "is_left": 0}