{"hand_pts": [[112.96772766113281, 211.83013916015625, 1.0], [148.23471069335938, 247.6340789794922, 1.0], [180.24948120117188, 290.0323486328125, 1.0], [183.1663818359375, 286.2563781738281, 1.0], [159.98023986816406, 248.95663452148438, 1.0], [245.09765625, 211.1258087158203, 1.0], [248.509033203125, 210.2485809326172, 1.0], [204.19801330566406, 220.140380859375, 1.0], [165.9508056640625, 227.7941436767578, 1.0], [232.27182006835938, 168.48208618164062, 1.0], [231.0109100341797, 155.98463439941406, 1.0], [182.79359436035156, 178.34571838378906, 1.0], [150.16392517089844, 201.84730529785156, 1.0], [214.67901611328125, 137.94932556152344, 1.0], [204.5979766845703, 116.66441345214844, 1.0], [162.2404022216797, 139.0012664794922, 1.0], [141.804931640625, 165.37136840820312, 1.0], [189.40284729003906, 113.95413970947266, 1.0], [171.33868408203125, 95.2496337890625, 1.0], [139.83706665039062, 116.1262435913086, 1.0], [131.55528259277344, 144.94570922851562, 1.0]], "is_left": 0}