{"hand_pts": [[173.04466247558594, 292.5513000488281, 1.0], [218.2578125, 235.44406127929688, 1.0], [265.888427734375, 208.2270050048828, 1.0], [291.7154541015625, 174.7145233154297, 1.0], [295.79498291015625, 140.7201385498047, 1.0], [227.89370727539062, 223.01419067382812, 1.0], [235.8948211669922, 163.84359741210938, 1.0], [225.90072631835938, 152.52577209472656, 1.0], [213.05535888671875, 170.33493041992188, 1.0], [183.33692932128906, 234.9623260498047, 1.0], [181.2901611328125, 187.88372802734375, 1.0], [176.23695373535156, 147.83541870117188, 1.0], [171.65061950683594, 111.50973510742188, 1.0], [146.8255615234375, 240.26596069335938, 1.0], [144.01109313964844, 197.99411010742188, 1.0], [141.72412109375, 163.784423828125, 1.0], [144.36888122558594, 161.91934204101562, 1.0], [112.49356842041016, 246.68353271484375, 1.0], [97.54888153076172, 202.54527282714844, 1.0], [91.32218933105469, 173.05447387695312, 1.0], [99.24209594726562, 162.77236938476562, 1.0]], "is_left": 0}