{"hand_pts": [[188.40623474121094, 230.71084594726562, 1.0], [154.10568237304688, 167.80284118652344, 1.0], [183.0976104736328, 116.08899688720703, 1.0], [183.07090759277344, 86.17694854736328, 1.0], [150.4659423828125, 108.7980728149414, 1.0], [231.10791015625, 176.09803771972656, 1.0], [206.8186492919922, 141.0318603515625, 1.0], [152.46214294433594, 118.07105255126953, 1.0], [88.18843841552734, 105.35067749023438, 1.0], [234.3638916015625, 216.1348876953125, 1.0], [205.9611053466797, 178.54315185546875, 1.0], [146.56336975097656, 146.43202209472656, 1.0], [79.0498046875, 117.15780639648438, 1.0], [225.42434692382812, 244.57716369628906, 1.0], [233.9964599609375, 246.9066162109375, 1.0], [172.43882751464844, 222.78550720214844, 1.0], [111.09516143798828, 198.2531280517578, 1.0], [210.66517639160156, 270.2695007324219, 1.0], [225.30221557617188, 280.33563232421875, 1.0], [227.9552001953125, 283.2998962402344, 1.0], [190.435302734375, 259.52398681640625, 1.0]], "is_left": 0}