{"hand_pts": [[81.70538330078125, 188.65151977539062, 1.0], [152.34165954589844, 221.9222412109375, 1.0], [202.4775390625, 259.2468566894531, 1.0], [243.42527770996094, 259.8856201171875, 1.0], [261.9841003417969, 233.51492309570312, 1.0], [146.59500122070312, 243.67428588867188, 1.0], [188.11996459960938, 246.7563018798828, 1.0], [225.53285217285156, 230.99098205566406, 1.0], [259.6412048339844, 209.83067321777344, 1.0], [121.2064208984375, 203.69158935546875, 1.0], [168.90147399902344, 194.9371795654297, 1.0], [213.62425231933594, 179.64410400390625, 1.0], [253.13055419921875, 164.80921936035156, 1.0], [107.00176239013672, 168.73468017578125, 1.0], [147.19578552246094, 151.62779235839844, 1.0], [186.19119262695312, 136.47703552246094, 1.0], [222.81369018554688, 124.2439193725586, 1.0], [94.11425018310547, 134.8473358154297, 1.0], [120.79436492919922, 111.72989654541016, 1.0], [152.75904846191406, 98.50724792480469, 1.0], [186.08421325683594, 94.76205444335938, 1.0]], "is_left": 0}