{"hand_pts": [[27.572973251342773, 127.57765197753906, 1.0], [62.2217903137207, 184.16946411132812, 1.0], [71.1317138671875, 232.23866271972656, 1.0], [109.75303649902344, 260.1150207519531, 1.0], [150.60003662109375, 258.49713134765625, 1.0], [152.767822265625, 171.38955688476562, 1.0], [204.1204071044922, 203.86444091796875, 1.0], [212.20628356933594, 229.22242736816406, 1.0], [202.2601318359375, 247.06179809570312, 1.0], [165.6332550048828, 139.4232177734375, 1.0], [231.38323974609375, 171.17626953125, 1.0], [232.8892059326172, 203.98886108398438, 1.0], [210.4261932373047, 230.12889099121094, 1.0], [172.06927490234375, 118.29334259033203, 1.0], [236.69146728515625, 141.74168395996094, 1.0], [234.9303741455078, 170.3227996826172, 1.0], [207.42852783203125, 194.07998657226562, 1.0], [168.94960021972656, 99.8875961303711, 1.0], [210.3067169189453, 110.6251449584961, 1.0], [211.5073699951172, 134.79908752441406, 1.0], [186.1310577392578, 160.70767211914062, 1.0]], "is_left": 0}