{"hand_pts": [[120.00576782226562, 279.451416015625, 1.0], [175.57374572753906, 258.12860107421875, 1.0], [230.4010772705078, 258.3877258300781, 1.0], [275.1943054199219, 250.59591674804688, 1.0], [268.84649658203125, 221.27804565429688, 1.0], [209.21409606933594, 208.24237060546875, 1.0], [241.5590057373047, 177.78807067871094, 1.0], [251.9755859375, 163.14352416992188, 1.0], [239.2269744873047, 166.23410034179688, 1.0], [174.0781707763672, 195.34544372558594, 1.0], [198.2413330078125, 168.09120178222656, 1.0], [204.093017578125, 169.07113647460938, 1.0], [209.9819793701172, 169.31765747070312, 1.0], [144.90296936035156, 186.12147521972656, 1.0], [159.69375610351562, 140.59986877441406, 1.0], [155.69052124023438, 153.7589569091797, 1.0], [151.40731811523438, 168.5082550048828, 1.0], [114.81614685058594, 182.62106323242188, 1.0], [93.32103729248047, 159.6435546875, 1.0], [80.21737670898438, 154.00160217285156, 1.0], [67.74312591552734, 147.83042907714844, 1.0]], "is_left": 0}