{"hand_pts": [[114.14356994628906, 121.85316467285156, 1.0], [120.77945709228516, 107.20278930664062, 1.0], [130.7753143310547, 67.55790710449219, 1.0], [124.67855072021484, 64.97032928466797, 1.0], [106.3957290649414, 99.5383529663086, 1.0], [236.97496032714844, 142.5738067626953, 1.0], [269.108642578125, 162.6765594482422, 1.0], [237.2876739501953, 176.44427490234375, 1.0], [181.1246337890625, 181.9400634765625, 1.0], [238.32882690429688, 176.86656188964844, 1.0], [266.9749450683594, 216.349365234375, 1.0], [230.85812377929688, 227.55996704101562, 1.0], [170.16175842285156, 217.35391235351562, 1.0], [227.8790740966797, 203.11502075195312, 1.0], [193.81674194335938, 237.1248321533203, 1.0], [134.5689239501953, 223.3838348388672, 1.0], [85.24016571044922, 201.08187866210938, 1.0], [207.49693298339844, 224.02334594726562, 1.0], [202.05174255371094, 257.50518798828125, 1.0], [163.64483642578125, 257.62017822265625, 1.0], [122.35321044921875, 231.3940887451172, 1.0]], "is_left": 0}