{"hand_pts": [[65.77058410644531, 85.79296875, 1.0], [83.0360107421875, 147.8006134033203, 1.0], [74.59812927246094, 205.85507202148438, 1.0], [102.9229965209961, 229.37216186523438, 1.0], [136.12966918945312, 209.22567749023438, 1.0], [170.02960205078125, 227.5384521484375, 1.0], [203.8997802734375, 245.47140502929688, 1.0], [177.93980407714844, 210.7200927734375, 1.0], [148.01544189453125, 185.105224609375, 1.0], [193.50233459472656, 201.4903564453125, 1.0], [250.0833282470703, 236.7821502685547, 1.0], [236.1451873779297, 222.1995391845703, 1.0], [194.43875122070312, 192.50634765625, 1.0], [208.0031280517578, 176.77496337890625, 1.0], [252.24737548828125, 188.04562377929688, 1.0], [211.2008819580078, 161.2689971923828, 1.0], [169.5303955078125, 143.37864685058594, 1.0], [212.86325073242188, 146.52699279785156, 1.0], [239.38572692871094, 128.734619140625, 1.0], [223.01942443847656, 108.84771728515625, 1.0], [181.84674072265625, 102.53477478027344, 1.0]], "is_left": 0}