{"hand_pts": [[309.6619873046875, 311.2411193847656, 1.0], [274.9852294921875, 250.3115234375, 1.0], [273.3835144042969, 199.3875732421875, 1.0], [259.99951171875, 145.5278778076172, 1.0], [242.6500244140625, 104.44291687011719, 1.0], [163.31668090820312, 234.26251220703125, 1.0], [140.7001495361328, 170.31007385253906, 1.0], [171.9781036376953, 138.28173828125, 1.0], [222.76809692382812, 139.14662170410156, 1.0], [162.78541564941406, 248.82420349121094, 1.0], [143.5553741455078, 171.8513641357422, 1.0], [188.61843872070312, 139.4400634765625, 1.0], [242.62242126464844, 149.4109344482422, 1.0], [170.2166748046875, 256.6153869628906, 1.0], [107.37525939941406, 203.06210327148438, 1.0], [115.28511810302734, 159.74412536621094, 1.0], [141.5015106201172, 122.69477081298828, 1.0], [188.00308227539062, 265.79339599609375, 1.0], [155.9079132080078, 226.92822265625, 1.0], [159.46006774902344, 190.64332580566406, 1.0], [185.19265747070312, 158.91908264160156, 1.0]], "is_left": 0}