{"hand_pts": [[165.8503875732422, 75.90872192382812, 1.0], [143.25401306152344, 77.81108856201172, 1.0], [108.23822784423828, 65.52616882324219, 1.0], [122.05931854248047, 78.43235778808594, 1.0], [147.22740173339844, 96.33597564697266, 1.0], [126.28946685791016, 170.22962951660156, 1.0], [123.22542572021484, 206.94284057617188, 1.0], [144.82749938964844, 200.60025024414062, 1.0], [172.27261352539062, 182.39312744140625, 1.0], [161.57798767089844, 189.07179260253906, 1.0], [182.3955535888672, 242.17288208007812, 1.0], [204.25421142578125, 247.9033660888672, 1.0], [226.28594970703125, 238.32589721679688, 1.0], [192.7034454345703, 196.71337890625, 1.0], [201.32936096191406, 247.51815795898438, 1.0], [216.33119201660156, 245.85076904296875, 1.0], [230.6406707763672, 216.51234436035156, 1.0], [222.230224609375, 194.8253631591797, 1.0], [253.4147491455078, 212.95289611816406, 1.0], [264.3951110839844, 186.3946533203125, 1.0], [257.39556884765625, 147.3592529296875, 1.0]], "is_left": 0}