{"hand_pts": [[111.36920928955078, 161.57774353027344, 1.0], [178.23049926757812, 191.044189453125, 1.0], [212.4811248779297, 244.61422729492188, 1.0], [227.75657653808594, 243.86279296875, 1.0], [234.60671997070312, 231.58128356933594, 1.0], [168.6292724609375, 231.71717834472656, 1.0], [225.88023376464844, 218.90182495117188, 1.0], [258.55902099609375, 197.93775939941406, 1.0], [289.2315368652344, 177.07164001464844, 1.0], [136.1409454345703, 202.98434448242188, 1.0], [176.79808044433594, 214.832275390625, 1.0], [217.98406982421875, 204.1599578857422, 1.0], [255.65943908691406, 195.00132751464844, 1.0], [115.3794174194336, 175.6939239501953, 1.0], [125.43809509277344, 175.17892456054688, 1.0], [161.5550994873047, 158.46646118164062, 1.0], [190.28231811523438, 146.22129821777344, 1.0], [96.90926361083984, 146.89830017089844, 1.0], [118.90647888183594, 109.68262481689453, 1.0], [139.23829650878906, 94.41637420654297, 1.0], [155.92996215820312, 92.71675109863281, 1.0]], "is_left": 0}