{"hand_pts": [[270.9237976074219, 220.0447235107422, 1.0], [229.26695251464844, 251.4370574951172, 1.0], [192.74154663085938, 293.26068115234375, 1.0], [181.17137145996094, 291.22186279296875, 1.0], [194.99781799316406, 257.5365295410156, 1.0], [125.63753509521484, 207.94407653808594, 1.0], [112.80867004394531, 205.80166625976562, 1.0], [148.91351318359375, 214.37191772460938, 1.0], [197.63934326171875, 224.73651123046875, 1.0], [143.84872436523438, 169.08694458007812, 1.0], [128.6270751953125, 155.64686584472656, 1.0], [169.8438262939453, 174.34219360351562, 1.0], [217.04800415039062, 199.74964904785156, 1.0], [166.8515625, 141.6256103515625, 1.0], [160.93959045410156, 118.8609619140625, 1.0], [198.23394775390625, 135.16456604003906, 1.0], [237.875732421875, 162.8680877685547, 1.0], [197.8141632080078, 120.37084197998047, 1.0], [207.8599395751953, 100.14640045166016, 1.0], [236.87681579589844, 116.07571411132812, 1.0], [261.5672302246094, 148.2613525390625, 1.0]], "is_left": 0}