{"hand_pts": [[20.446006774902344, 161.0752716064453, 1.0], [67.82550048828125, 185.92291259765625, 1.0], [86.00369262695312, 213.61984252929688, 1.0], [140.076416015625, 203.9495086669922, 1.0], [162.14913940429688, 176.5191650390625, 1.0], [143.5547637939453, 253.90489196777344, 1.0], [205.75978088378906, 258.8427429199219, 1.0], [229.35362243652344, 230.8175506591797, 1.0], [212.82601928710938, 193.48777770996094, 1.0], [151.4542236328125, 232.23062133789062, 1.0], [213.76304626464844, 189.6018829345703, 1.0], [206.00448608398438, 149.3462371826172, 1.0], [176.3684844970703, 120.79918670654297, 1.0], [156.5943145751953, 208.31878662109375, 1.0], [232.3325653076172, 197.84136962890625, 1.0], [249.0719451904297, 168.37008666992188, 1.0], [230.79896545410156, 144.53070068359375, 1.0], [153.76039123535156, 180.3177490234375, 1.0], [198.465576171875, 151.62095642089844, 1.0], [208.9001007080078, 124.91515350341797, 1.0], [194.55062866210938, 108.4976577758789, 1.0]], "is_left": 0}