{"hand_pts": [[147.07177734375, 288.69049072265625, 1.0], [140.51068115234375, 280.11956787109375, 1.0], [117.65043640136719, 298.7000427246094, 1.0], [151.07015991210938, 266.7386779785156, 1.0], [198.57293701171875, 223.04359436035156, 1.0], [97.41175842285156, 210.9066162109375, 1.0], [137.1783447265625, 186.1035614013672, 1.0], [179.12586975097656, 191.61862182617188, 1.0], [199.8963165283203, 214.38706970214844, 1.0], [120.85115814208984, 183.2758026123047, 1.0], [175.91322326660156, 133.20816040039062, 1.0], [216.6222686767578, 152.72850036621094, 1.0], [231.82696533203125, 189.96678161621094, 1.0], [147.0867462158203, 163.8574676513672, 1.0], [194.99176025390625, 107.59953308105469, 1.0], [227.83949279785156, 128.58360290527344, 1.0], [217.8166046142578, 169.2474822998047, 1.0], [175.70327758789062, 152.65660095214844, 1.0], [230.31219482421875, 119.24520111083984, 1.0], [246.81724548339844, 146.58827209472656, 1.0], [225.83970642089844, 187.15081787109375, 1.0]], "is_left": 0}