{"hand_pts": [[130.7724609375, 84.96986389160156, 1.0], [154.46099853515625, 155.1300048828125, 1.0], [136.0369873046875, 212.53506469726562, 1.0], [108.923583984375, 251.61093139648438, 1.0], [100.95394897460938, 235.04931640625, 1.0], [243.7191162109375, 168.72654724121094, 1.0], [292.83319091796875, 210.9187469482422, 1.0], [260.7455139160156, 241.121337890625, 1.0], [213.6490936279297, 235.5615692138672, 1.0], [230.1385040283203, 138.69664001464844, 1.0], [208.3446044921875, 197.91400146484375, 1.0], [160.17617797851562, 225.2871856689453, 1.0], [114.45549011230469, 244.07843017578125, 1.0], [210.87973022460938, 118.54065704345703, 1.0], [211.91259765625, 147.27593994140625, 1.0], [188.81407165527344, 176.19256591796875, 1.0], [152.29212951660156, 200.77587890625, 1.0], [184.7637939453125, 98.58953857421875, 1.0], [186.59500122070312, 108.43070220947266, 1.0], [175.05877685546875, 130.89646911621094, 1.0], [152.20785522460938, 165.08651733398438, 1.0]], "is_left": 0}