{"hand_pts": [[251.24928283691406, 200.9452362060547, 1.0], [230.91893005371094, 232.11669921875, 1.0], [220.93197631835938, 280.58514404296875, 1.0], [205.01295471191406, 322.2452392578125, 1.0], [178.3539276123047, 306.8692321777344, 1.0], [219.54771423339844, 187.31298828125, 1.0], [193.40626525878906, 172.23187255859375, 1.0], [173.91688537597656, 164.6870574951172, 1.0], [150.8640594482422, 168.46185302734375, 1.0], [216.12600708007812, 157.98709106445312, 1.0], [173.60997009277344, 163.61831665039062, 1.0], [151.87008666992188, 184.082763671875, 1.0], [143.8606719970703, 212.31626892089844, 1.0], [211.68885803222656, 140.5170135498047, 1.0], [172.5977783203125, 136.93968200683594, 1.0], [152.94085693359375, 149.6772003173828, 1.0], [153.05552673339844, 177.505615234375, 1.0], [209.03494262695312, 129.2303466796875, 1.0], [185.13491821289062, 116.36984252929688, 1.0], [167.08546447753906, 121.78736114501953, 1.0], [165.02395629882812, 150.6605682373047, 1.0]], "is_left": 0}