{"hand_pts": [[251.7773895263672, 238.37933349609375, 1.0], [236.63719177246094, 265.564453125, 1.0], [257.90191650390625, 309.66497802734375, 1.0], [282.62542724609375, 288.05377197265625, 1.0], [303.7611999511719, 261.7443542480469, 1.0], [139.5598602294922, 238.1946258544922, 1.0], [127.76834869384766, 239.69729614257812, 1.0], [174.78627014160156, 235.57589721679688, 1.0], [219.3638458251953, 230.2589111328125, 1.0], [142.05862426757812, 196.778564453125, 1.0], [106.681640625, 151.9830780029297, 1.0], [120.34571838378906, 134.483154296875, 1.0], [155.92965698242188, 132.73170471191406, 1.0], [153.17727661132812, 164.5285186767578, 1.0], [104.72032165527344, 124.96458435058594, 1.0], [107.74237060546875, 110.83300018310547, 1.0], [132.05905151367188, 110.1839370727539, 1.0], [172.58973693847656, 137.2945098876953, 1.0], [213.48944091796875, 108.39961242675781, 1.0], [254.24745178222656, 108.97343444824219, 1.0], [284.5870666503906, 135.92613220214844, 1.0]], "is_left": 0}