{"hand_pts": [[168.2584991455078, 325.8944091796875, 1.0], [132.54995727539062, 253.43138122558594, 1.0], [123.88134002685547, 195.18235778808594, 1.0], [126.39867401123047, 135.88771057128906, 1.0], [136.54098510742188, 96.47875213623047, 1.0], [208.03414916992188, 166.04525756835938, 1.0], [187.95529174804688, 123.95500183105469, 1.0], [152.04739379882812, 128.60556030273438, 1.0], [122.5686264038086, 165.8206024169922, 1.0], [236.63348388671875, 190.97845458984375, 1.0], [182.9385528564453, 175.91331481933594, 1.0], [133.60098266601562, 194.23016357421875, 1.0], [111.9195785522461, 228.62705993652344, 1.0], [249.9974822998047, 214.0135040283203, 1.0], [208.47314453125, 166.47836303710938, 1.0], [167.20045471191406, 195.7836456298828, 1.0], [131.71487426757812, 227.01724243164062, 1.0], [255.05723571777344, 243.17282104492188, 1.0], [280.9989013671875, 220.91334533691406, 1.0], [289.2550964355469, 204.13609313964844, 1.0], [247.14129638671875, 194.67010498046875, 1.0]], "is_left": 0}