{"hand_pts": [[22.407390594482422, 139.254150390625, 1.0], [73.09941864013672, 188.15211486816406, 1.0], [105.02045440673828, 231.06216430664062, 1.0], [152.83468627929688, 249.3661651611328, 1.0], [173.37954711914062, 229.50172424316406, 1.0], [161.4930877685547, 159.85020446777344, 1.0], [206.7269287109375, 206.72897338867188, 1.0], [189.48626708984375, 237.6846923828125, 1.0], [176.593017578125, 268.7519836425781, 1.0], [159.49392700195312, 137.57546997070312, 1.0], [211.16944885253906, 195.2998504638672, 1.0], [194.40602111816406, 236.6991729736328, 1.0], [152.22872924804688, 246.94528198242188, 1.0], [154.32571411132812, 126.11415100097656, 1.0], [224.9027099609375, 115.12077331542969, 1.0], [261.9296569824219, 132.24215698242188, 1.0], [272.6695251464844, 170.95738220214844, 1.0], [140.78756713867188, 118.0096206665039, 1.0], [186.86741638183594, 116.74076080322266, 1.0], [214.24649047851562, 136.04080200195312, 1.0], [222.68820190429688, 172.29273986816406, 1.0]], "is_left": 0}