{"hand_pts": [[247.6483612060547, 44.793373107910156, 1.0], [250.60150146484375, 107.42133331298828, 1.0], [265.09759521484375, 156.48629760742188, 1.0], [252.9450225830078, 200.93678283691406, 1.0], [225.9606475830078, 232.78485107421875, 1.0], [236.91497802734375, 151.25062561035156, 1.0], [223.99649047851562, 205.69967651367188, 1.0], [206.44952392578125, 240.115478515625, 1.0], [186.92230224609375, 270.0278625488281, 1.0], [209.8706512451172, 130.97789001464844, 1.0], [184.87646484375, 191.2498321533203, 1.0], [165.6332550048828, 229.87271118164062, 1.0], [148.70803833007812, 262.2406921386719, 1.0], [187.0908966064453, 115.6646499633789, 1.0], [153.2870635986328, 168.9102783203125, 1.0], [133.93655395507812, 200.6624298095703, 1.0], [119.23648834228516, 227.02194213867188, 1.0], [168.23324584960938, 97.38372802734375, 1.0], [136.62826538085938, 128.78854370117188, 1.0], [118.5967025756836, 154.16943359375, 1.0], [109.15805053710938, 178.2886505126953, 1.0]], "is_left": 0}