{"hand_pts": [[260.3388671875, 191.890625, 1.0], [262.3570556640625, 211.23193359375, 1.0], [286.7178649902344, 226.08482360839844, 1.0], [299.89776611328125, 229.8151397705078, 1.0], [277.13092041015625, 201.39390563964844, 1.0], [182.8969268798828, 235.7715301513672, 1.0], [170.786865234375, 239.2452392578125, 1.0], [191.66903686523438, 217.271728515625, 1.0], [204.4373321533203, 200.1036834716797, 1.0], [165.11737060546875, 207.6101531982422, 1.0], [149.63766479492188, 168.72747802734375, 1.0], [192.90260314941406, 153.9462127685547, 1.0], [233.43685913085938, 140.48313903808594, 1.0], [157.5878448486328, 181.30905151367188, 1.0], [103.4220962524414, 191.4625701904297, 1.0], [103.05033111572266, 181.3259735107422, 1.0], [106.60250854492188, 170.48707580566406, 1.0], [158.26161193847656, 154.9939422607422, 1.0], [130.50222778320312, 131.19647216796875, 1.0], [147.3953094482422, 118.80125427246094, 1.0], [177.5581512451172, 115.81938934326172, 1.0]], "is_left": 0}