{"hand_pts": [[47.83270263671875, 184.58030700683594, 1.0], [92.98580932617188, 148.0177001953125, 1.0], [114.48483276367188, 97.02432250976562, 1.0], [146.9040069580078, 66.09339141845703, 1.0], [185.40882873535156, 75.4208755493164, 1.0], [167.5896453857422, 152.8656005859375, 1.0], [208.45501708984375, 159.29539489746094, 1.0], [193.3241729736328, 166.135498046875, 1.0], [161.5891876220703, 170.34666442871094, 1.0], [168.74636840820312, 192.27001953125, 1.0], [235.09310913085938, 184.52781677246094, 1.0], [265.5019226074219, 180.29196166992188, 1.0], [250.55845642089844, 179.7247772216797, 1.0], [167.2820281982422, 222.92333984375, 1.0], [207.7989044189453, 233.9936065673828, 1.0], [184.6964874267578, 226.40704345703125, 1.0], [154.7681884765625, 214.62037658691406, 1.0], [158.6830291748047, 249.91607666015625, 1.0], [200.14932250976562, 271.82855224609375, 1.0], [210.20054626464844, 262.9087829589844, 1.0], [195.55226135253906, 242.6548614501953, 1.0]], "is_left": 0}