{"hand_pts": [[40.20874786376953, 111.50988006591797, 1.0], [82.17227935791016, 162.45355224609375, 1.0], [84.69583129882812, 215.2029266357422, 1.0], [144.9227752685547, 202.7267608642578, 1.0], [182.26077270507812, 160.2883758544922, 1.0], [143.32080078125, 265.2339782714844, 1.0], [198.98068237304688, 244.6127471923828, 1.0], [188.09983825683594, 195.55516052246094, 1.0], [147.2676239013672, 170.28355407714844, 1.0], [160.51358032226562, 242.0543975830078, 1.0], [241.9995574951172, 214.17608642578125, 1.0], [217.26380920410156, 165.28277587890625, 1.0], [162.10659790039062, 152.9562530517578, 1.0], [174.98533630371094, 216.3585205078125, 1.0], [254.78256225585938, 190.41957092285156, 1.0], [235.81121826171875, 148.70188903808594, 1.0], [185.19000244140625, 136.74240112304688, 1.0], [181.9157257080078, 183.3485107421875, 1.0], [238.9683837890625, 163.86891174316406, 1.0], [229.13267517089844, 136.00869750976562, 1.0], [184.25994873046875, 145.14968872070312, 1.0]], "is_left": 0}