{"hand_pts": [[223.71604919433594, 170.85545349121094, 1.0], [225.29425048828125, 129.92112731933594, 1.0], [235.38426208496094, 78.06329345703125, 1.0], [238.02137756347656, 75.67952728271484, 1.0], [230.63021850585938, 124.25538635253906, 1.0], [130.21038818359375, 133.82296752929688, 1.0], [143.18539428710938, 140.2974395751953, 1.0], [194.17633056640625, 149.99510192871094, 1.0], [225.1760711669922, 154.83460998535156, 1.0], [124.27112579345703, 179.34901428222656, 1.0], [128.0394744873047, 182.73326110839844, 1.0], [182.19349670410156, 179.08033752441406, 1.0], [237.18026733398438, 173.1629638671875, 1.0], [129.1761016845703, 215.0660400390625, 1.0], [109.42308044433594, 255.03607177734375, 1.0], [159.2017822265625, 248.91273498535156, 1.0], [204.1372528076172, 230.0102996826172, 1.0], [142.64585876464844, 246.603759765625, 1.0], [169.91607666015625, 270.5345458984375, 1.0], [210.95657348632812, 263.4061279296875, 1.0], [246.05606079101562, 241.95042419433594, 1.0]], "is_left": 0}