{"hand_pts": [[19.81424331665039, 157.86688232421875, 1.0], [68.00409698486328, 189.69895935058594, 1.0], [84.71102142333984, 211.9186553955078, 1.0], [144.94680786132812, 224.66580200195312, 1.0], [178.21585083007812, 216.03787231445312, 1.0], [160.85653686523438, 128.357177734375, 1.0], [203.3018798828125, 186.11264038085938, 1.0], [199.52346801757812, 230.6838836669922, 1.0], [181.23789978027344, 268.5288391113281, 1.0], [173.3905792236328, 111.50653839111328, 1.0], [241.0131378173828, 167.9388885498047, 1.0], [224.04684448242188, 219.09194946289062, 1.0], [175.14488220214844, 243.7297821044922, 1.0], [180.91554260253906, 106.6227798461914, 1.0], [239.6450958251953, 160.05245971679688, 1.0], [209.5664825439453, 199.63668823242188, 1.0], [159.80728149414062, 214.70651245117188, 1.0], [178.42457580566406, 107.84346771240234, 1.0], [233.19400024414062, 129.191162109375, 1.0], [216.2980194091797, 166.8727264404297, 1.0], [171.48365783691406, 166.36285400390625, 1.0]], "is_left": 0}