{"hand_pts": [[37.89072799682617, 213.4366455078125, 1.0], [126.80928039550781, 228.3441925048828, 1.0], [187.99224853515625, 264.37396240234375, 1.0], [242.22625732421875, 244.44021606445312, 1.0], [248.71717834472656, 199.4522247314453, 1.0], [173.91259765625, 250.9627685546875, 1.0], [240.02256774902344, 224.6345672607422, 1.0], [243.6054229736328, 197.45147705078125, 1.0], [211.43569946289062, 189.48825073242188, 1.0], [143.50241088867188, 223.27264404296875, 1.0], [213.6833953857422, 184.44076538085938, 1.0], [234.75662231445312, 157.57452392578125, 1.0], [224.3792266845703, 150.50238037109375, 1.0], [121.25856018066406, 197.1385955810547, 1.0], [181.22071838378906, 149.19464111328125, 1.0], [184.0383758544922, 133.43118286132812, 1.0], [160.59422302246094, 146.27194213867188, 1.0], [95.97357940673828, 171.1807403564453, 1.0], [127.37171173095703, 133.21728515625, 1.0], [145.1844940185547, 116.39932250976562, 1.0], [137.25015258789062, 132.92469787597656, 1.0]], "is_left": 0}