{"hand_pts": [[343.8274230957031, 85.61583709716797, 1.0], [299.8099670410156, 108.80308532714844, 1.0], [297.6361083984375, 154.8070831298828, 1.0], [264.9876403808594, 183.527587890625, 1.0], [216.20230102539062, 189.17288208007812, 1.0], [240.78836059570312, 205.71987915039062, 1.0], [188.314697265625, 255.18699645996094, 1.0], [146.9132843017578, 251.74551391601562, 1.0], [114.01428985595703, 226.86354064941406, 1.0], [229.59666442871094, 197.55313110351562, 1.0], [149.47616577148438, 218.70314025878906, 1.0], [142.48855590820312, 169.82469177246094, 1.0], [143.16094970703125, 122.53321075439453, 1.0], [220.19473266601562, 182.24749755859375, 1.0], [146.64718627929688, 184.97972106933594, 1.0], [127.0927734375, 151.2375946044922, 1.0], [108.6537094116211, 118.28475952148438, 1.0], [217.61807250976562, 158.90476989746094, 1.0], [171.6977081298828, 193.88426208496094, 1.0], [140.6355438232422, 192.6691131591797, 1.0], [142.59637451171875, 160.7906951904297, 1.0]], "is_left": 0}