{"hand_pts": [[105.12248992919922, 58.552635192871094, 1.0], [168.13235473632812, 89.1708984375, 1.0], [224.20706176757812, 102.6539077758789, 1.0], [263.9626770019531, 123.12992858886719, 1.0], [297.052734375, 142.2855987548828, 1.0], [184.8158416748047, 169.0386199951172, 1.0], [230.5972137451172, 198.30642700195312, 1.0], [239.96194458007812, 183.78382873535156, 1.0], [245.75625610351562, 168.39657592773438, 1.0], [149.12985229492188, 174.81268310546875, 1.0], [197.6141815185547, 208.62246704101562, 1.0], [208.76145935058594, 181.234130859375, 1.0], [211.82798767089844, 149.3300018310547, 1.0], [122.27218627929688, 175.16769409179688, 1.0], [138.3664093017578, 236.85276794433594, 1.0], [158.19357299804688, 258.1773681640625, 1.0], [179.70803833007812, 268.1053161621094, 1.0], [95.99822235107422, 167.68641662597656, 1.0], [103.41663360595703, 209.87969970703125, 1.0], [120.2181167602539, 231.2920684814453, 1.0], [145.30406188964844, 237.4365997314453, 1.0]], "is_left": 0}