{"hand_pts": [[54.15604019165039, 177.5489959716797, 1.0], [72.64802551269531, 159.9483184814453, 1.0], [62.8731803894043, 148.54029846191406, 1.0], [102.86739349365234, 140.61375427246094, 1.0], [155.00047302246094, 140.99008178710938, 1.0], [136.86257934570312, 230.22450256347656, 1.0], [184.364013671875, 207.7580108642578, 1.0], [197.1529083251953, 168.98822021484375, 1.0], [193.7957000732422, 129.95330810546875, 1.0], [160.8964080810547, 242.08328247070312, 1.0], [224.17367553710938, 212.49053955078125, 1.0], [215.8690948486328, 163.75125122070312, 1.0], [185.51754760742188, 126.49848175048828, 1.0], [178.27871704101562, 243.29600524902344, 1.0], [246.0327606201172, 228.26634216308594, 1.0], [253.5021209716797, 188.0240020751953, 1.0], [238.17800903320312, 146.70399475097656, 1.0], [187.63893127441406, 238.00486755371094, 1.0], [231.8076934814453, 217.9788055419922, 1.0], [226.99884033203125, 182.83944702148438, 1.0], [195.966064453125, 154.77198791503906, 1.0]], "is_left": 0}