{"hand_pts": [[204.01950073242188, 257.26800537109375, 1.0], [232.5528564453125, 207.84425354003906, 1.0], [264.4707946777344, 162.50726318359375, 1.0], [247.03587341308594, 124.06352233886719, 1.0], [215.77682495117188, 98.67728424072266, 1.0], [245.3324432373047, 225.88523864746094, 1.0], [253.334228515625, 187.3697509765625, 1.0], [253.50364685058594, 158.77413940429688, 1.0], [234.50828552246094, 130.8678436279297, 1.0], [209.1229705810547, 244.98472595214844, 1.0], [182.1601104736328, 181.09823608398438, 1.0], [166.9108123779297, 140.66920471191406, 1.0], [156.63754272460938, 107.1824951171875, 1.0], [177.71719360351562, 254.673583984375, 1.0], [159.0960235595703, 222.72824096679688, 1.0], [146.5547637939453, 186.92115783691406, 1.0], [144.7910614013672, 163.72618103027344, 1.0], [147.6745147705078, 262.20758056640625, 1.0], [107.8306884765625, 236.85105895996094, 1.0], [82.11688232421875, 214.72157287597656, 1.0], [57.80921173095703, 188.5681915283203, 1.0]], "is_left": 0}