{"hand_pts": [[38.912986755371094, 186.46841430664062, 1.0], [76.28903198242188, 198.18336486816406, 1.0], [94.09822082519531, 199.97923278808594, 1.0], [125.11970520019531, 194.02294921875, 1.0], [155.90902709960938, 179.08599853515625, 1.0], [147.87081909179688, 225.82168579101562, 1.0], [188.8300323486328, 218.14068603515625, 1.0], [198.78660583496094, 200.577392578125, 1.0], [188.6007843017578, 178.424072265625, 1.0], [152.18946838378906, 208.41946411132812, 1.0], [215.3953399658203, 193.6696014404297, 1.0], [246.26507568359375, 176.98329162597656, 1.0], [268.27716064453125, 158.45994567871094, 1.0], [153.21282958984375, 191.06703186035156, 1.0], [210.09226989746094, 186.3046417236328, 1.0], [219.2990264892578, 170.95103454589844, 1.0], [221.32472229003906, 155.0876007080078, 1.0], [147.2057647705078, 172.84963989257812, 1.0], [186.6547088623047, 164.09376525878906, 1.0], [213.97735595703125, 155.53854370117188, 1.0], [212.54551696777344, 149.2057647705078, 1.0]], "is_left": 0}