{"hand_pts": [[325.08697509765625, 238.39932250976562, 1.0], [297.4490966796875, 183.25999450683594, 1.0], [285.13970947265625, 133.9872589111328, 1.0], [247.77450561523438, 108.810546875, 1.0], [210.30055236816406, 90.7175064086914, 1.0], [231.4297637939453, 187.41806030273438, 1.0], [186.7155303955078, 161.17872619628906, 1.0], [159.8524627685547, 138.09690856933594, 1.0], [135.54559326171875, 116.0860366821289, 1.0], [219.0240478515625, 217.29762268066406, 1.0], [167.60118103027344, 195.67898559570312, 1.0], [136.13369750976562, 173.15733337402344, 1.0], [106.76599884033203, 157.67213439941406, 1.0], [211.22634887695312, 237.5686492919922, 1.0], [153.63345336914062, 232.9401092529297, 1.0], [121.27033233642578, 216.85289001464844, 1.0], [92.73900604248047, 196.4465789794922, 1.0], [210.61451721191406, 255.97132873535156, 1.0], [172.87417602539062, 237.9736328125, 1.0], [157.00062561035156, 217.41738891601562, 1.0], [152.2670440673828, 191.3634490966797, 1.0]], "is_left": 0}