{"hand_pts": [[325.3932800292969, 184.95330810546875, 1.0], [273.3127746582031, 142.35984802246094, 1.0], [237.76046752929688, 104.36814880371094, 1.0], [201.33663940429688, 78.97505187988281, 1.0], [176.80186462402344, 82.55558776855469, 1.0], [201.106689453125, 186.515625, 1.0], [151.65467834472656, 167.4621124267578, 1.0], [147.41262817382812, 137.7460174560547, 1.0], [176.5981903076172, 120.43116760253906, 1.0], [212.00401306152344, 218.22552490234375, 1.0], [146.6268310546875, 215.45828247070312, 1.0], [131.12319946289062, 179.3556671142578, 1.0], [119.12293243408203, 143.8812255859375, 1.0], [224.2312774658203, 238.05470275878906, 1.0], [160.22625732421875, 250.23622131347656, 1.0], [156.0818328857422, 211.7637481689453, 1.0], [172.24774169921875, 173.0350799560547, 1.0], [243.66763305664062, 252.44064331054688, 1.0], [215.6604461669922, 274.4030456542969, 1.0], [196.3664093017578, 267.97869873046875, 1.0], [187.53762817382812, 230.40496826171875, 1.0]], "is_left": 0}