{"hand_pts": [[84.23943328857422, 290.5566711425781, 1.0], [92.59569549560547, 225.5173797607422, 1.0], [86.44788360595703, 169.33909606933594, 1.0], [108.54238891601562, 127.23494720458984, 1.0], [145.4727020263672, 102.57107543945312, 1.0], [114.09235382080078, 207.0778045654297, 1.0], [137.45867919921875, 161.68716430664062, 1.0], [165.08013916015625, 128.11209106445312, 1.0], [195.3470001220703, 96.69657897949219, 1.0], [142.15472412109375, 235.77955627441406, 1.0], [180.28695678710938, 191.50665283203125, 1.0], [212.2285614013672, 152.4044189453125, 1.0], [241.98031616210938, 115.03125762939453, 1.0], [166.7363739013672, 255.86769104003906, 1.0], [215.59742736816406, 218.0142059326172, 1.0], [247.61363220214844, 185.08920288085938, 1.0], [275.70281982421875, 151.89480590820312, 1.0], [186.6106414794922, 276.167724609375, 1.0], [229.06788635253906, 255.77854919433594, 1.0], [257.8041076660156, 231.116943359375, 1.0], [279.9122314453125, 200.01943969726562, 1.0]], "is_left": 0}