{"hand_pts": [[118.95552062988281, 300.95526123046875, 1.0], [179.67379760742188, 278.36297607421875, 1.0], [232.30465698242188, 283.47393798828125, 1.0], [278.2131042480469, 274.9632873535156, 1.0], [288.0224609375, 226.45663452148438, 1.0], [170.23458862304688, 242.9706268310547, 1.0], [206.59259033203125, 210.5266571044922, 1.0], [236.7447967529297, 181.4348907470703, 1.0], [263.6495361328125, 153.47206115722656, 1.0], [137.59527587890625, 223.16729736328125, 1.0], [180.1556396484375, 159.29710388183594, 1.0], [207.95999145507812, 130.9132843017578, 1.0], [217.4392547607422, 150.5198211669922, 1.0], [115.93395233154297, 205.86915588378906, 1.0], [124.23272705078125, 149.27835083007812, 1.0], [140.1560821533203, 113.15522003173828, 1.0], [164.65907287597656, 79.58063507080078, 1.0], [96.65742492675781, 193.6601104736328, 1.0], [117.92057800292969, 149.5304412841797, 1.0], [146.31307983398438, 131.38461303710938, 1.0], [172.19647216796875, 136.86566162109375, 1.0]], "is_left": 0}