{"hand_pts": [[200.61859130859375, 181.3784942626953, 1.0], [164.75914001464844, 153.716064453125, 1.0], [147.79653930664062, 101.18733978271484, 1.0], [151.9108428955078, 62.81467056274414, 1.0], [188.8388214111328, 74.8061294555664, 1.0], [114.71192932128906, 214.4187469482422, 1.0], [113.6902084350586, 200.34706115722656, 1.0], [117.74921417236328, 188.30775451660156, 1.0], [123.08135223388672, 177.14027404785156, 1.0], [147.974609375, 239.43063354492188, 1.0], [162.03102111816406, 201.4212188720703, 1.0], [186.7762451171875, 156.41148376464844, 1.0], [206.20843505859375, 122.68788146972656, 1.0], [179.58338928222656, 252.47254943847656, 1.0], [230.64413452148438, 221.9521484375, 1.0], [264.1641845703125, 190.7584228515625, 1.0], [281.8719177246094, 154.9584197998047, 1.0], [213.25515747070312, 258.60675048828125, 1.0], [220.0882110595703, 262.8612976074219, 1.0], [230.06626892089844, 243.5256805419922, 1.0], [239.11941528320312, 206.696044921875, 1.0]], "is_left": 0}