{"hand_pts": [[223.49945068359375, 311.44091796875, 1.0], [208.7107696533203, 242.5709228515625, 1.0], [196.61715698242188, 195.9804229736328, 1.0], [162.85520935058594, 151.82730102539062, 1.0], [130.778076171875, 152.30606079101562, 1.0], [233.306884765625, 185.64627075195312, 1.0], [237.47474670410156, 125.27105712890625, 1.0], [203.08457946777344, 102.1676025390625, 1.0], [168.3024139404297, 82.67854309082031, 1.0], [225.24461364746094, 208.82093811035156, 1.0], [159.19091796875, 175.9834747314453, 1.0], [152.9993133544922, 203.38650512695312, 1.0], [183.46261596679688, 230.12869262695312, 1.0], [213.71255493164062, 226.91282653808594, 1.0], [215.54124450683594, 193.0764923095703, 1.0], [185.65992736816406, 165.73680114746094, 1.0], [173.89178466796875, 170.78662109375, 1.0], [201.3992462158203, 248.59823608398438, 1.0], [170.3312530517578, 222.62960815429688, 1.0], [142.18386840820312, 205.5567169189453, 1.0], [124.25316619873047, 200.0535888671875, 1.0]], "is_left": 0}