{"hand_pts": [[69.39781188964844, 204.35301208496094, 1.0], [132.17245483398438, 230.06744384765625, 1.0], [177.25955200195312, 268.1485900878906, 1.0], [230.931884765625, 247.99378967285156, 1.0], [236.09219360351562, 202.70741271972656, 1.0], [117.02137756347656, 234.82815551757812, 1.0], [187.39767456054688, 223.87579345703125, 1.0], [226.72547912597656, 209.01048278808594, 1.0], [250.4546661376953, 195.40499877929688, 1.0], [102.78609466552734, 202.2246551513672, 1.0], [165.13414001464844, 187.74005126953125, 1.0], [223.45001220703125, 177.80648803710938, 1.0], [240.64610290527344, 178.7320098876953, 1.0], [98.96367645263672, 174.8334197998047, 1.0], [161.6630096435547, 153.17164611816406, 1.0], [209.5798797607422, 146.5911865234375, 1.0], [242.26123046875, 146.67041015625, 1.0], [96.39605712890625, 149.32034301757812, 1.0], [151.4945068359375, 119.01862335205078, 1.0], [187.36080932617188, 113.37999725341797, 1.0], [183.8757781982422, 132.98553466796875, 1.0]], "is_left": 0}