{"hand_pts": [[106.03079223632812, 39.887535095214844, 1.0], [165.31329345703125, 70.4239730834961, 1.0], [224.42344665527344, 76.0951156616211, 1.0], [267.2542724609375, 100.9913101196289, 1.0], [269.2055358886719, 140.05694580078125, 1.0], [195.0017547607422, 150.29592895507812, 1.0], [231.02438354492188, 169.31103515625, 1.0], [240.74960327148438, 164.14871215820312, 1.0], [253.7870330810547, 166.1438751220703, 1.0], [159.48867797851562, 163.73020935058594, 1.0], [201.2580108642578, 228.52268981933594, 1.0], [227.21519470214844, 259.738525390625, 1.0], [228.58689880371094, 245.70115661621094, 1.0], [131.094482421875, 171.2056427001953, 1.0], [130.3905487060547, 226.62515258789062, 1.0], [130.13320922851562, 224.9613494873047, 1.0], [131.90408325195312, 201.61585998535156, 1.0], [102.33633422851562, 170.1041259765625, 1.0], [109.72853088378906, 218.72926330566406, 1.0], [124.02037048339844, 246.25926208496094, 1.0], [142.08432006835938, 271.6001892089844, 1.0]], "is_left": 0}