{"hand_pts": [[176.62408447265625, 150.89370727539062, 1.0], [213.81201171875, 206.90296936035156, 1.0], [238.0692596435547, 262.7864074707031, 1.0], [244.9017791748047, 291.8786315917969, 1.0], [219.01303100585938, 260.440185546875, 1.0], [145.77040100097656, 226.95889282226562, 1.0], [201.1171112060547, 229.41810607910156, 1.0], [242.84765625, 216.80914306640625, 1.0], [245.2075653076172, 202.9553680419922, 1.0], [122.74352264404297, 182.8956756591797, 1.0], [153.21990966796875, 196.9041748046875, 1.0], [201.0991668701172, 200.6650390625, 1.0], [247.62767028808594, 198.98507690429688, 1.0], [113.39519500732422, 146.42379760742188, 1.0], [134.17514038085938, 145.23690795898438, 1.0], [170.8680877685547, 145.0631866455078, 1.0], [210.847412109375, 145.81324768066406, 1.0], [110.96289825439453, 110.69597625732422, 1.0], [130.1278533935547, 86.91393280029297, 1.0], [170.35128784179688, 95.23228454589844, 1.0], [165.69741821289062, 115.6222152709961, 1.0]], "is_left": 0}