{"hand_pts": [[215.0322723388672, 13.82041072845459, 1.0], [180.4571075439453, 87.66429138183594, 1.0], [164.6160888671875, 134.12681579589844, 1.0], [129.72605895996094, 192.26808166503906, 1.0], [105.57242584228516, 215.126220703125, 1.0], [265.8638916015625, 170.2945098876953, 1.0], [237.63743591308594, 245.068115234375, 1.0], [177.6592559814453, 265.5917053222656, 1.0], [116.71682739257812, 259.6747131347656, 1.0], [280.3687438964844, 157.5932159423828, 1.0], [200.0194091796875, 226.22195434570312, 1.0], [130.39305114746094, 207.96807861328125, 1.0], [113.76676940917969, 161.0301971435547, 1.0], [280.26220703125, 146.10287475585938, 1.0], [205.6761474609375, 209.84963989257812, 1.0], [147.63050842285156, 188.82412719726562, 1.0], [128.15354919433594, 148.5950164794922, 1.0], [272.2779541015625, 127.13050842285156, 1.0], [233.77969360351562, 170.7045440673828, 1.0], [178.09580993652344, 177.7652587890625, 1.0], [153.52700805664062, 151.51776123046875, 1.0]], "is_left": 0,"label":5}