{"hand_pts": [[48.843074798583984, 136.04254150390625, 1.0], [83.97160339355469, 178.80125427246094, 1.0], [91.8388900756836, 223.15756225585938, 1.0], [115.94979858398438, 256.3468933105469, 1.0], [141.62355041503906, 261.63702392578125, 1.0], [163.86587524414062, 163.09945678710938, 1.0], [217.75326538085938, 173.212646484375, 1.0], [219.4937286376953, 201.4931640625, 1.0], [196.03907775878906, 220.8608856201172, 1.0], [165.0302734375, 146.01234436035156, 1.0], [223.00543212890625, 171.66036987304688, 1.0], [230.89285278320312, 207.17071533203125, 1.0], [204.70457458496094, 233.63589477539062, 1.0], [161.8131866455078, 137.2737274169922, 1.0], [224.4632568359375, 143.8974151611328, 1.0], [255.20675659179688, 160.96311950683594, 1.0], [285.1482238769531, 177.50338745117188, 1.0], [150.95941162109375, 130.5148162841797, 1.0], [184.7392578125, 139.0791015625, 1.0], [181.29855346679688, 167.42288208007812, 1.0], [155.50738525390625, 170.69227600097656, 1.0]], "is_left": 0}