{"hand_pts": [[238.06568908691406, 263.5679016113281, 1.0], [237.7146453857422, 193.89111328125, 1.0], [231.6138153076172, 124.50174713134766, 1.0], [181.49391174316406, 102.97904968261719, 1.0], [140.42376708984375, 123.84699249267578, 1.0], [257.9696350097656, 202.5545196533203, 1.0], [264.7037658691406, 185.70437622070312, 1.0], [249.41342163085938, 164.28761291503906, 1.0], [213.2763671875, 137.7753448486328, 1.0], [234.26510620117188, 237.73316955566406, 1.0], [183.93641662597656, 172.18540954589844, 1.0], [150.49278259277344, 128.51791381835938, 1.0], [120.84988403320312, 89.43461608886719, 1.0], [210.272216796875, 260.58868408203125, 1.0], [161.0500030517578, 213.81521606445312, 1.0], [127.95132446289062, 177.78257751464844, 1.0], [101.35747528076172, 143.67079162597656, 1.0], [186.70074462890625, 280.9933776855469, 1.0], [163.97738647460938, 276.045166015625, 1.0], [141.14996337890625, 247.65289306640625, 1.0], [122.26890563964844, 209.611083984375, 1.0]], "is_left": 0}