{"hand_pts": [[92.29093170166016, 153.47608947753906, 1.0], [152.9496307373047, 189.0499725341797, 1.0], [214.20156860351562, 213.72633361816406, 1.0], [256.7220153808594, 238.46873474121094, 1.0], [265.4109802246094, 255.62400817871094, 1.0], [207.4109649658203, 142.25445556640625, 1.0], [252.1881103515625, 153.45091247558594, 1.0], [254.13771057128906, 191.98321533203125, 1.0], [251.31228637695312, 230.85031127929688, 1.0], [166.955810546875, 128.1725311279297, 1.0], [202.67022705078125, 153.2587432861328, 1.0], [205.90090942382812, 202.5350341796875, 1.0], [201.7195281982422, 251.88943481445312, 1.0], [131.87347412109375, 125.05877685546875, 1.0], [157.9237823486328, 143.59368896484375, 1.0], [161.89630126953125, 185.11082458496094, 1.0], [161.1366729736328, 230.4300994873047, 1.0], [94.91535949707031, 126.60552215576172, 1.0], [98.53890991210938, 146.7138214111328, 1.0], [100.81525421142578, 178.83668518066406, 1.0], [104.81035614013672, 218.4216766357422, 1.0]], "is_left": 0}