{"hand_pts": [[317.9376525878906, 180.90708923339844, 1.0], [281.1229553222656, 133.9276885986328, 1.0], [283.64312744140625, 75.68670654296875, 1.0], [268.2475891113281, 92.69474792480469, 1.0], [255.02879333496094, 145.15020751953125, 1.0], [167.8557586669922, 132.88050842285156, 1.0], [128.06805419921875, 129.6173858642578, 1.0], [147.1055450439453, 135.1728515625, 1.0], [185.65701293945312, 143.95297241210938, 1.0], [161.0760955810547, 175.1832733154297, 1.0], [140.0225372314453, 195.77450561523438, 1.0], [175.7770538330078, 198.92881774902344, 1.0], [227.62217712402344, 192.28306579589844, 1.0], [162.1980438232422, 208.18016052246094, 1.0], [158.70330810546875, 223.72500610351562, 1.0], [180.18568420410156, 228.0454559326172, 1.0], [227.12405395507812, 214.42807006835938, 1.0], [174.05319213867188, 238.30636596679688, 1.0], [131.13780212402344, 266.9740295410156, 1.0], [117.17828369140625, 274.6876525878906, 1.0], [133.43353271484375, 258.4140319824219, 1.0]], "is_left": 0}