{"hand_pts": [[87.01546478271484, 122.23963928222656, 1.0], [90.60260009765625, 160.38607788085938, 1.0], [60.63236618041992, 186.9757537841797, 1.0], [72.95762634277344, 200.5931396484375, 1.0], [106.85352325439453, 191.77505493164062, 1.0], [172.5980987548828, 181.42318725585938, 1.0], [208.70188903808594, 204.92518615722656, 1.0], [220.94354248046875, 220.25198364257812, 1.0], [224.95455932617188, 233.79701232910156, 1.0], [186.5821075439453, 166.0048828125, 1.0], [238.2013702392578, 188.41139221191406, 1.0], [262.86798095703125, 204.11041259765625, 1.0], [244.05618286132812, 216.99472045898438, 1.0], [191.4994354248047, 154.13494873046875, 1.0], [240.2032928466797, 175.15853881835938, 1.0], [222.7090606689453, 187.62387084960938, 1.0], [191.9972381591797, 194.61053466796875, 1.0], [188.51951599121094, 141.0041961669922, 1.0], [206.01614379882812, 152.6331787109375, 1.0], [184.82058715820312, 161.39218139648438, 1.0], [154.30918884277344, 160.23394775390625, 1.0]], "is_left": 0}