{"hand_pts": [[132.25308227539062, 135.184814453125, 1.0], [102.22664642333984, 139.69740295410156, 1.0], [66.22176361083984, 143.21987915039062, 1.0], [60.97108840942383, 145.43309020996094, 1.0], [75.8039321899414, 146.83595275878906, 1.0], [146.0062255859375, 206.40585327148438, 1.0], [152.9248504638672, 231.0266876220703, 1.0], [155.96144104003906, 227.93014526367188, 1.0], [159.5897216796875, 220.46511840820312, 1.0], [185.22654724121094, 196.87327575683594, 1.0], [204.2761688232422, 223.77447509765625, 1.0], [204.5691680908203, 215.37867736816406, 1.0], [201.6527862548828, 201.2422637939453, 1.0], [212.65370178222656, 181.6031036376953, 1.0], [241.79718017578125, 199.92059326171875, 1.0], [245.24729919433594, 187.29237365722656, 1.0], [243.10704040527344, 168.222900390625, 1.0], [233.26995849609375, 161.59127807617188, 1.0], [260.2449951171875, 163.5719451904297, 1.0], [266.5807189941406, 151.95333862304688, 1.0], [260.0235595703125, 131.93087768554688, 1.0]], "is_left": 0}