{"hand_pts": [[132.94041442871094, 14.376748085021973, 1.0], [187.263427734375, 65.94507598876953, 1.0], [228.53038024902344, 100.60672760009766, 1.0], [260.843017578125, 146.46324157714844, 1.0], [282.12994384765625, 191.44171142578125, 1.0], [140.6212921142578, 149.8619842529297, 1.0], [169.32789611816406, 210.21435546875, 1.0], [206.14031982421875, 241.41845703125, 1.0], [252.8584747314453, 254.26295471191406, 1.0], [117.49547576904297, 144.1035614013672, 1.0], [149.0337677001953, 214.809326171875, 1.0], [197.1184539794922, 243.0733642578125, 1.0], [249.52928161621094, 260.181640625, 1.0], [108.14122009277344, 136.5898895263672, 1.0], [132.66049194335938, 199.81475830078125, 1.0], [171.20208740234375, 224.82981872558594, 1.0], [222.0166473388672, 229.2740020751953, 1.0], [103.69842529296875, 121.79501342773438, 1.0], [134.6487579345703, 155.1809539794922, 1.0], [171.00999450683594, 168.88011169433594, 1.0], [216.98309326171875, 171.15676879882812, 1.0]], "is_left": 0}