{"hand_pts": [[83.25703430175781, 147.11807250976562, 1.0], [131.70065307617188, 191.12059020996094, 1.0], [183.03822326660156, 229.8253173828125, 1.0], [234.4264373779297, 243.29476928710938, 1.0], [267.9354553222656, 230.83421325683594, 1.0], [117.00188446044922, 201.18162536621094, 1.0], [159.52598571777344, 229.30499267578125, 1.0], [205.50694274902344, 238.59571838378906, 1.0], [251.08338928222656, 240.4973907470703, 1.0], [110.62110900878906, 167.94496154785156, 1.0], [169.71917724609375, 190.19683837890625, 1.0], [217.9605712890625, 204.3419647216797, 1.0], [267.2144775390625, 216.6836395263672, 1.0], [112.2319107055664, 141.75210571289062, 1.0], [157.68173217773438, 153.8934783935547, 1.0], [200.2431182861328, 162.52789306640625, 1.0], [245.81588745117188, 171.7445068359375, 1.0], [114.65971374511719, 116.7695083618164, 1.0], [142.65228271484375, 109.86824798583984, 1.0], [174.2731170654297, 110.1473159790039, 1.0], [214.5756378173828, 118.45181274414062, 1.0]], "is_left": 0}