{"hand_pts": [[35.16751480102539, 173.66192626953125, 1.0], [63.09267807006836, 182.55703735351562, 1.0], [68.8698959350586, 184.8427276611328, 1.0], [101.88518524169922, 197.89903259277344, 1.0], [143.82369995117188, 214.10838317871094, 1.0], [139.4635772705078, 141.67152404785156, 1.0], [187.71246337890625, 143.5000457763672, 1.0], [208.81939697265625, 167.8358154296875, 1.0], [222.01564025878906, 197.86671447753906, 1.0], [153.4684295654297, 146.9394989013672, 1.0], [218.48980712890625, 154.1691436767578, 1.0], [240.3348388671875, 182.18408203125, 1.0], [250.0903778076172, 213.80809020996094, 1.0], [161.5536346435547, 157.4857635498047, 1.0], [223.18035888671875, 177.7778778076172, 1.0], [230.90003967285156, 209.78369140625, 1.0], [216.89146423339844, 240.41119384765625, 1.0], [161.29556274414062, 170.94126892089844, 1.0], [207.03094482421875, 185.1971435546875, 1.0], [226.2454071044922, 206.7848358154297, 1.0], [225.39501953125, 232.5570068359375, 1.0]], "is_left": 0}