{"hand_pts": [[183.55335998535156, 274.61669921875, 1.0], [229.17649841308594, 255.53038024902344, 1.0], [283.9440612792969, 241.55592346191406, 1.0], [302.74896240234375, 231.5673828125, 1.0], [263.7470397949219, 236.1988983154297, 1.0], [218.8920135498047, 190.1387939453125, 1.0], [223.30995178222656, 172.34796142578125, 1.0], [222.73374938964844, 188.79501342773438, 1.0], [219.45492553710938, 213.4580841064453, 1.0], [175.57339477539062, 186.59434509277344, 1.0], [145.3237762451172, 134.9213104248047, 1.0], [148.63436889648438, 133.57215881347656, 1.0], [151.99559020996094, 132.5974578857422, 1.0], [142.07260131835938, 188.05372619628906, 1.0], [144.59912109375, 145.63243103027344, 1.0], [152.52557373046875, 133.91249084472656, 1.0], [167.0605010986328, 142.61407470703125, 1.0], [112.16410064697266, 195.91586303710938, 1.0], [105.3174819946289, 178.48501586914062, 1.0], [123.87574768066406, 197.14578247070312, 1.0], [146.0247344970703, 218.29568481445312, 1.0]], "is_left": 0}