{"hand_pts": [[174.36849975585938, 259.170654296875, 1.0], [154.43011474609375, 194.24795532226562, 1.0], [144.91848754882812, 128.105712890625, 1.0], [132.81283569335938, 85.79348754882812, 1.0], [126.21163177490234, 107.08683013916016, 1.0], [223.77767944335938, 163.2051544189453, 1.0], [231.7847442626953, 132.9981689453125, 1.0], [230.13270568847656, 116.22327423095703, 1.0], [199.83106994628906, 111.71688842773438, 1.0], [232.27256774902344, 203.7171630859375, 1.0], [209.98358154296875, 173.44659423828125, 1.0], [179.6417236328125, 155.99417114257812, 1.0], [131.036865234375, 151.79661560058594, 1.0], [230.20701599121094, 236.12599182128906, 1.0], [170.8925323486328, 238.9340057373047, 1.0], [135.5402069091797, 243.87091064453125, 1.0], [128.72589111328125, 244.3609619140625, 1.0], [222.0621795654297, 268.66064453125, 1.0], [223.4587860107422, 261.9481201171875, 1.0], [197.6395721435547, 249.00169372558594, 1.0], [160.35142517089844, 232.68995666503906, 1.0]], "is_left": 0}