{"hand_pts": [[180.40667724609375, 104.57243347167969, 1.0], [133.067626953125, 152.93057250976562, 1.0], [79.58536529541016, 182.36451721191406, 1.0], [109.21234893798828, 190.73654174804688, 1.0], [158.64561462402344, 169.02455139160156, 1.0], [117.64663696289062, 115.88906860351562, 1.0], [129.85696411132812, 188.81497192382812, 1.0], [143.6411590576172, 239.8868408203125, 1.0], [161.6234588623047, 281.72650146484375, 1.0], [163.99746704101562, 105.06446838378906, 1.0], [197.08152770996094, 195.7139129638672, 1.0], [199.86627197265625, 218.5916748046875, 1.0], [191.2337646484375, 212.6966552734375, 1.0], [202.28805541992188, 105.04084777832031, 1.0], [215.3875274658203, 169.4766082763672, 1.0], [221.05035400390625, 220.9849395751953, 1.0], [216.1016845703125, 240.23097229003906, 1.0], [238.5542449951172, 108.0846176147461, 1.0], [265.55828857421875, 149.6403350830078, 1.0], [258.4930114746094, 182.85348510742188, 1.0], [247.9436798095703, 216.46832275390625, 1.0]], "is_left": 0}