{"hand_pts": [[329.37835693359375, 156.09811401367188, 1.0], [271.7054443359375, 164.91090393066406, 1.0], [221.0476837158203, 148.61285400390625, 1.0], [178.5759735107422, 165.29246520996094, 1.0], [189.2727813720703, 189.46360778808594, 1.0], [181.78280639648438, 149.13616943359375, 1.0], [121.06607818603516, 145.02670288085938, 1.0], [99.15262603759766, 167.2865447998047, 1.0], [101.87528991699219, 194.7797393798828, 1.0], [199.31869506835938, 158.44012451171875, 1.0], [121.91764068603516, 151.72833251953125, 1.0], [104.98077392578125, 178.03330993652344, 1.0], [115.00343322753906, 203.55328369140625, 1.0], [217.13262939453125, 169.5672149658203, 1.0], [199.10377502441406, 214.0525665283203, 1.0], [225.09494018554688, 230.48922729492188, 1.0], [249.0943603515625, 247.46112060546875, 1.0], [241.58888244628906, 180.74130249023438, 1.0], [220.1071319580078, 206.5231170654297, 1.0], [232.60643005371094, 216.7735137939453, 1.0], [248.09857177734375, 198.2483367919922, 1.0]], "is_left": 0}