{"hand_pts": [[120.11347961425781, 75.06237030029297, 1.0], [185.0653533935547, 115.7101821899414, 1.0], [249.334228515625, 108.16657257080078, 1.0], [294.59906005859375, 100.21062469482422, 1.0], [279.5263977050781, 98.69052124023438, 1.0], [174.421630859375, 217.35340881347656, 1.0], [213.98040771484375, 217.45103454589844, 1.0], [239.11058044433594, 203.66392517089844, 1.0], [261.6584167480469, 196.61062622070312, 1.0], [139.4696807861328, 205.44656372070312, 1.0], [143.68524169921875, 259.2084045410156, 1.0], [159.8251190185547, 278.6507873535156, 1.0], [183.59127807617188, 284.7156982421875, 1.0], [116.59115600585938, 188.70938110351562, 1.0], [143.1625518798828, 221.39382934570312, 1.0], [175.4637451171875, 200.602294921875, 1.0], [203.77088928222656, 166.46339416503906, 1.0], [96.49772644042969, 163.908447265625, 1.0], [117.5006332397461, 164.09231567382812, 1.0], [141.48138427734375, 149.75433349609375, 1.0], [170.97486877441406, 128.62059020996094, 1.0]], "is_left": 0}