{"hand_pts": [[20.098188400268555, 219.8942413330078, 1.0], [70.49089813232422, 163.48504638671875, 1.0], [112.85938262939453, 115.39566040039062, 1.0], [160.37429809570312, 123.13998413085938, 1.0], [183.99859619140625, 159.7860565185547, 1.0], [129.21823120117188, 172.25680541992188, 1.0], [189.65304565429688, 131.59645080566406, 1.0], [224.95108032226562, 105.66505432128906, 1.0], [233.36111450195312, 91.67549133300781, 1.0], [131.93919372558594, 211.47731018066406, 1.0], [206.88088989257812, 194.42066955566406, 1.0], [245.99449157714844, 167.3718719482422, 1.0], [261.3006591796875, 142.90975952148438, 1.0], [134.57850646972656, 238.9326171875, 1.0], [196.9638214111328, 240.24610900878906, 1.0], [239.7211151123047, 221.3920440673828, 1.0], [271.7345275878906, 196.2062225341797, 1.0], [130.92550659179688, 262.7976989746094, 1.0], [173.3989715576172, 262.58489990234375, 1.0], [180.87911987304688, 247.00437927246094, 1.0], [161.44073486328125, 225.49514770507812, 1.0]], "is_left": 0}