{"hand_pts": [[177.8292236328125, 251.67501831054688, 1.0], [119.8134536743164, 242.3902130126953, 1.0], [71.20647430419922, 235.4982147216797, 1.0], [107.96710968017578, 211.16856384277344, 1.0], [160.8814697265625, 190.72203063964844, 1.0], [141.78955078125, 158.78408813476562, 1.0], [153.96652221679688, 130.40626525878906, 1.0], [161.7952423095703, 122.06132507324219, 1.0], [168.39913940429688, 128.41244506835938, 1.0], [191.97396850585938, 164.98622131347656, 1.0], [182.48800659179688, 121.67584991455078, 1.0], [161.99783325195312, 152.850830078125, 1.0], [151.61209106445312, 196.8011932373047, 1.0], [228.36741638183594, 178.35955810546875, 1.0], [223.1184539794922, 158.89976501464844, 1.0], [214.67063903808594, 159.09994506835938, 1.0], [192.05458068847656, 188.06117248535156, 1.0], [259.4834899902344, 198.10308837890625, 1.0], [265.43792724609375, 228.7039031982422, 1.0], [257.009765625, 260.3858947753906, 1.0], [244.64707946777344, 293.70111083984375, 1.0]], "is_left": 0}