{"hand_pts": [[316.1879577636719, 273.6572265625, 1.0], [253.5321807861328, 235.27450561523438, 1.0], [211.19541931152344, 198.97406005859375, 1.0], [161.86865234375, 176.75010681152344, 1.0], [123.45030212402344, 171.50914001464844, 1.0], [239.01229858398438, 162.30433654785156, 1.0], [192.28944396972656, 125.1875991821289, 1.0], [148.4718475341797, 129.4528045654297, 1.0], [107.57052612304688, 142.40538024902344, 1.0], [250.97605895996094, 183.48712158203125, 1.0], [186.04498291015625, 152.86439514160156, 1.0], [135.63877868652344, 157.26036071777344, 1.0], [90.87346649169922, 170.56846618652344, 1.0], [255.71058654785156, 205.76156616210938, 1.0], [197.86766052246094, 182.27781677246094, 1.0], [153.65130615234375, 189.64324951171875, 1.0], [116.4238052368164, 206.768798828125, 1.0], [261.7742614746094, 232.72154235839844, 1.0], [224.25038146972656, 222.13092041015625, 1.0], [187.740966796875, 225.21226501464844, 1.0], [152.40225219726562, 233.99359130859375, 1.0]], "is_left": 0}