{"hand_pts": [[80.05508422851562, 79.13347625732422, 1.0], [91.94232177734375, 148.4130401611328, 1.0], [85.5585708618164, 210.54833984375, 1.0], [120.64136505126953, 249.89405822753906, 1.0], [164.25442504882812, 230.8371124267578, 1.0], [155.626953125, 174.56834411621094, 1.0], [171.7986297607422, 230.58810424804688, 1.0], [173.6467742919922, 260.8760681152344, 1.0], [171.90411376953125, 286.0958557128906, 1.0], [176.4413299560547, 145.25228881835938, 1.0], [233.8979949951172, 170.40843200683594, 1.0], [257.6681823730469, 206.2708740234375, 1.0], [256.964111328125, 234.59620666503906, 1.0], [190.7327117919922, 123.93205261230469, 1.0], [214.52867126464844, 171.1378936767578, 1.0], [178.8694610595703, 157.15684509277344, 1.0], [143.43682861328125, 140.44248962402344, 1.0], [197.8518829345703, 101.38028717041016, 1.0], [237.49517822265625, 123.30506134033203, 1.0], [233.01837158203125, 148.22738647460938, 1.0], [206.05795288085938, 153.3070526123047, 1.0]], "is_left": 0}