{"hand_pts": [[143.32437133789062, 71.8830795288086, 1.0], [154.1382598876953, 65.69229125976562, 1.0], [149.18516540527344, 50.4058837890625, 1.0], [163.77952575683594, 69.86029815673828, 1.0], [186.9737091064453, 107.04033660888672, 1.0], [117.37012481689453, 146.18484497070312, 1.0], [117.46391296386719, 183.9897003173828, 1.0], [149.6118621826172, 196.8372802734375, 1.0], [182.43167114257812, 210.0318145751953, 1.0], [136.97840881347656, 174.37075805664062, 1.0], [160.44497680664062, 212.34788513183594, 1.0], [199.12478637695312, 214.4967803955078, 1.0], [238.76278686523438, 212.8988037109375, 1.0], [160.16290283203125, 190.8565673828125, 1.0], [195.51072692871094, 236.59620666503906, 1.0], [237.9545440673828, 237.85476684570312, 1.0], [281.98895263671875, 232.233154296875, 1.0], [184.26321411132812, 198.03285217285156, 1.0], [211.50942993164062, 235.64044189453125, 1.0], [241.131103515625, 249.2158660888672, 1.0], [276.4686279296875, 246.52029418945312, 1.0]], "is_left": 0}