{"hand_pts": [[280.6636962890625, 254.39064025878906, 1.0], [215.71722412109375, 246.770263671875, 1.0], [159.38015747070312, 254.9293975830078, 1.0], [111.54285430908203, 246.6940460205078, 1.0], [73.75396728515625, 229.16262817382812, 1.0], [191.36814880371094, 175.6854248046875, 1.0], [148.28578186035156, 176.47952270507812, 1.0], [163.75465393066406, 204.5621795654297, 1.0], [184.61868286132812, 229.67205810546875, 1.0], [218.19505310058594, 160.65972900390625, 1.0], [162.78053283691406, 149.4018096923828, 1.0], [153.69375610351562, 181.40182495117188, 1.0], [163.65048217773438, 215.433837890625, 1.0], [236.75372314453125, 153.63858032226562, 1.0], [206.71292114257812, 109.13233184814453, 1.0], [181.45693969726562, 114.7084732055664, 1.0], [172.7180938720703, 146.24819946289062, 1.0], [255.8419647216797, 154.1193389892578, 1.0], [238.03302001953125, 152.46328735351562, 1.0], [232.16441345214844, 177.68801879882812, 1.0], [238.15151977539062, 200.67691040039062, 1.0]], "is_left": 0}