{"hand_pts": [[334.163818359375, 171.22433471679688, 1.0], [285.546875, 206.9054718017578, 1.0], [262.33380126953125, 250.45037841796875, 1.0], [221.40756225585938, 283.8816223144531, 1.0], [183.25570678710938, 278.0228576660156, 1.0], [237.50045776367188, 173.019775390625, 1.0], [194.88861083984375, 166.0935516357422, 1.0], [159.4497833251953, 191.85093688964844, 1.0], [138.12704467773438, 216.47979736328125, 1.0], [230.43106079101562, 155.53712463378906, 1.0], [177.5012969970703, 153.6226806640625, 1.0], [140.67837524414062, 160.3362274169922, 1.0], [102.68253326416016, 179.40377807617188, 1.0], [223.24371337890625, 147.88058471679688, 1.0], [173.24171447753906, 140.8230743408203, 1.0], [141.6587371826172, 170.55271911621094, 1.0], [143.7800750732422, 196.01431274414062, 1.0], [221.76358032226562, 144.0374755859375, 1.0], [182.74423217773438, 139.51939392089844, 1.0], [151.76820373535156, 146.17977905273438, 1.0], [139.93115234375, 174.67486572265625, 1.0]], "is_left": 0,"label":4}