{"hand_pts": [[188.55108642578125, 52.913272857666016, 1.0], [179.58462524414062, 70.50775146484375, 1.0], [175.92718505859375, 77.81529998779297, 1.0], [174.54119873046875, 106.22440338134766, 1.0], [174.18206787109375, 138.320068359375, 1.0], [239.15879821777344, 140.6453399658203, 1.0], [212.33750915527344, 183.42849731445312, 1.0], [190.06983947753906, 209.18116760253906, 1.0], [158.91558837890625, 229.1492156982422, 1.0], [232.95550537109375, 165.17269897460938, 1.0], [261.99560546875, 220.20068359375, 1.0], [266.7935791015625, 252.68841552734375, 1.0], [227.33827209472656, 262.4815673828125, 1.0], [219.52413940429688, 182.31732177734375, 1.0], [155.84844970703125, 215.03492736816406, 1.0], [114.54039764404297, 198.67391967773438, 1.0], [102.036376953125, 161.33375549316406, 1.0], [201.7313690185547, 191.07948303222656, 1.0], [156.42001342773438, 221.98146057128906, 1.0], [120.72982025146484, 234.1126708984375, 1.0], [98.77165222167969, 204.0398712158203, 1.0]], "is_left": 0}