{"hand_pts": [[352.066162109375, 219.34046936035156, 1.0], [305.9814453125, 161.7342987060547, 1.0], [287.0980224609375, 96.35244750976562, 1.0], [238.7637939453125, 87.05081176757812, 1.0], [197.92648315429688, 123.12165069580078, 1.0], [215.904052734375, 132.72914123535156, 1.0], [153.20338439941406, 115.11604309082031, 1.0], [139.3301239013672, 123.74942016601562, 1.0], [146.65216064453125, 142.39886474609375, 1.0], [210.79104614257812, 179.6947479248047, 1.0], [137.0299530029297, 172.665283203125, 1.0], [131.16590881347656, 176.65025329589844, 1.0], [153.66078186035156, 182.6514434814453, 1.0], [209.61521911621094, 218.09698486328125, 1.0], [140.3882293701172, 226.92979431152344, 1.0], [143.2250213623047, 232.906494140625, 1.0], [176.26431274414062, 232.3302001953125, 1.0], [217.21151733398438, 255.44699096679688, 1.0], [176.72988891601562, 277.7669677734375, 1.0], [173.30250549316406, 283.5550842285156, 1.0], [197.23423767089844, 273.3480529785156, 1.0]], "is_left": 0}