{"hand_pts": [[42.85813522338867, 173.90936279296875, 1.0], [75.97467803955078, 163.44387817382812, 1.0], [83.10802459716797, 158.8543243408203, 1.0], [115.73528289794922, 144.58631896972656, 1.0], [148.51730346679688, 130.58570861816406, 1.0], [142.7206268310547, 203.46054077148438, 1.0], [197.97508239746094, 209.9137725830078, 1.0], [220.57594299316406, 187.5856170654297, 1.0], [203.05690002441406, 164.72557067871094, 1.0], [152.40855407714844, 205.1363983154297, 1.0], [214.0340118408203, 204.56849670410156, 1.0], [249.54608154296875, 198.0174560546875, 1.0], [249.00645446777344, 168.80946350097656, 1.0], [158.28323364257812, 201.21572875976562, 1.0], [215.60906982421875, 222.2906494140625, 1.0], [250.52883911132812, 225.1782684326172, 1.0], [277.1893310546875, 211.55606079101562, 1.0], [157.15545654296875, 194.1692352294922, 1.0], [193.54220581054688, 177.12457275390625, 1.0], [192.3735809326172, 154.6552734375, 1.0], [164.91751098632812, 146.91204833984375, 1.0]], "is_left": 0}