{"hand_pts": [[46.36342239379883, 131.8584442138672, 1.0], [127.22077941894531, 132.6113739013672, 1.0], [193.09310913085938, 135.16552734375, 1.0], [252.61863708496094, 135.23291015625, 1.0], [251.49867248535156, 131.45965576171875, 1.0], [172.49342346191406, 224.2914581298828, 1.0], [227.04495239257812, 214.2159423828125, 1.0], [233.18943786621094, 168.0867462158203, 1.0], [203.96139526367188, 138.75814819335938, 1.0], [140.63555908203125, 228.19956970214844, 1.0], [207.5430450439453, 176.63926696777344, 1.0], [229.65789794921875, 126.26006317138672, 1.0], [222.76138305664062, 80.24607849121094, 1.0], [116.68943786621094, 222.12594604492188, 1.0], [152.84176635742188, 269.851318359375, 1.0], [186.75917053222656, 251.14064025878906, 1.0], [211.8914031982422, 212.4369659423828, 1.0], [90.37116241455078, 208.1567840576172, 1.0], [117.47994995117188, 229.05406188964844, 1.0], [147.03012084960938, 207.48062133789062, 1.0], [165.3738250732422, 171.55650329589844, 1.0]], "is_left": 0}