{"hand_pts": [[333.6591491699219, 227.1476593017578, 1.0], [270.3415222167969, 175.55857849121094, 1.0], [225.5251007080078, 130.02395629882812, 1.0], [176.86659240722656, 136.92669677734375, 1.0], [171.5609130859375, 173.70652770996094, 1.0], [235.6454315185547, 127.94908142089844, 1.0], [184.0959014892578, 97.62846374511719, 1.0], [144.87234497070312, 113.71688842773438, 1.0], [130.69068908691406, 142.07164001464844, 1.0], [243.0804443359375, 166.1165771484375, 1.0], [179.1831512451172, 148.9258270263672, 1.0], [128.8920440673828, 146.37033081054688, 1.0], [103.963623046875, 159.2539520263672, 1.0], [245.7257843017578, 199.68997192382812, 1.0], [169.38034057617188, 211.62753295898438, 1.0], [134.38165283203125, 223.29530334472656, 1.0], [144.97412109375, 233.43162536621094, 1.0], [251.82566833496094, 234.67747497558594, 1.0], [211.60877990722656, 269.5944519042969, 1.0], [187.0332794189453, 294.0537414550781, 1.0], [193.07278442382812, 296.84698486328125, 1.0]], "is_left": 0}