{"hand_pts": [[343.9365539550781, 153.359130859375, 1.0], [300.582275390625, 177.6410369873047, 1.0], [279.2045593261719, 184.07850646972656, 1.0], [234.5818634033203, 197.24708557128906, 1.0], [185.38058471679688, 211.3399658203125, 1.0], [199.58531188964844, 130.48892211914062, 1.0], [151.4644775390625, 169.60751342773438, 1.0], [173.6501922607422, 208.31285095214844, 1.0], [203.04818725585938, 240.241943359375, 1.0], [193.31578063964844, 124.61827087402344, 1.0], [131.24485778808594, 167.60031127929688, 1.0], [116.85456848144531, 209.3213348388672, 1.0], [117.67694091796875, 252.00242614746094, 1.0], [192.84835815429688, 127.38753509521484, 1.0], [140.9899444580078, 174.93612670898438, 1.0], [170.31552124023438, 211.147216796875, 1.0], [213.2146453857422, 230.8720245361328, 1.0], [202.297119140625, 134.0994415283203, 1.0], [154.6986846923828, 149.95004272460938, 1.0], [159.67636108398438, 182.3271484375, 1.0], [192.15199279785156, 202.23446655273438, 1.0]], "is_left": 0}