{"hand_pts": [[106.23246002197266, 326.7298889160156, 1.0], [162.958740234375, 300.72705078125, 1.0], [214.0310821533203, 287.1094055175781, 1.0], [251.22242736816406, 260.05792236328125, 1.0], [272.5926208496094, 225.35763549804688, 1.0], [176.05477905273438, 228.17567443847656, 1.0], [211.04237365722656, 183.9060516357422, 1.0], [235.0977020263672, 157.373046875, 1.0], [257.7047119140625, 131.98916625976562, 1.0], [145.9483642578125, 219.8903045654297, 1.0], [175.68524169921875, 161.61566162109375, 1.0], [201.89556884765625, 130.50396728515625, 1.0], [228.3024139404297, 104.23489379882812, 1.0], [123.99703979492188, 216.73521423339844, 1.0], [152.11001586914062, 160.8395538330078, 1.0], [175.6176300048828, 137.93890380859375, 1.0], [200.4801483154297, 122.71810150146484, 1.0], [102.54195404052734, 220.9440460205078, 1.0], [111.86443328857422, 181.07598876953125, 1.0], [124.60502624511719, 156.7233123779297, 1.0], [143.76181030273438, 135.6236572265625, 1.0]], "is_left": 0}