{"hand_pts": [[277.6266174316406, 79.93645477294922, 1.0], [207.10763549804688, 86.85494232177734, 1.0], [149.95912170410156, 66.98943328857422, 1.0], [98.97845458984375, 79.2683334350586, 1.0], [89.06471252441406, 119.8895492553711, 1.0], [197.2044219970703, 140.479248046875, 1.0], [149.95986938476562, 179.7395782470703, 1.0], [133.63267517089844, 182.58990478515625, 1.0], [123.40351867675781, 181.948974609375, 1.0], [230.05189514160156, 167.92185974121094, 1.0], [200.1695556640625, 230.2480010986328, 1.0], [166.2635955810547, 244.81878662109375, 1.0], [147.07159423828125, 227.84739685058594, 1.0], [252.57777404785156, 188.3046875, 1.0], [200.23434448242188, 228.75611877441406, 1.0], [183.67630004882812, 213.657958984375, 1.0], [178.98721313476562, 186.66940307617188, 1.0], [274.39837646484375, 201.6895294189453, 1.0], [260.9588317871094, 247.5124053955078, 1.0], [234.99595642089844, 259.9276428222656, 1.0], [211.578369140625, 238.58949279785156, 1.0]], "is_left": 0}