{"hand_pts": [[236.87376403808594, 47.28389358520508, 1.0], [252.60850524902344, 93.0350112915039, 1.0], [295.7689514160156, 116.1153564453125, 1.0], [247.08309936523438, 140.12017822265625, 1.0], [189.3603973388672, 136.58145141601562, 1.0], [274.05682373046875, 228.200439453125, 1.0], [219.450439453125, 230.11839294433594, 1.0], [196.93106079101562, 175.9002227783203, 1.0], [213.76535034179688, 142.6534881591797, 1.0], [235.5888214111328, 236.2067413330078, 1.0], [164.3629150390625, 253.78192138671875, 1.0], [147.44847106933594, 191.65164184570312, 1.0], [177.20387268066406, 148.0074462890625, 1.0], [199.49044799804688, 234.1785888671875, 1.0], [119.68321228027344, 253.7054443359375, 1.0], [115.86978912353516, 195.2596435546875, 1.0], [154.7061309814453, 162.003173828125, 1.0], [164.64259338378906, 218.8746795654297, 1.0], [102.30889892578125, 219.23165893554688, 1.0], [99.07760620117188, 173.87203979492188, 1.0], [143.55235290527344, 156.30841064453125, 1.0]], "is_left": 0}