{"hand_pts": [[22.756093978881836, 165.6589813232422, 1.0], [72.21449279785156, 136.82383728027344, 1.0], [103.38314819335938, 105.63204956054688, 1.0], [145.58465576171875, 105.52400970458984, 1.0], [185.1354522705078, 112.2796859741211, 1.0], [139.96688842773438, 152.10702514648438, 1.0], [191.31170654296875, 143.7899627685547, 1.0], [226.34951782226562, 141.33343505859375, 1.0], [260.04498291015625, 140.08636474609375, 1.0], [136.28970336914062, 186.2686767578125, 1.0], [200.75230407714844, 196.47605895996094, 1.0], [241.23712158203125, 200.42677307128906, 1.0], [277.37255859375, 202.74679565429688, 1.0], [131.77267456054688, 212.29737854003906, 1.0], [194.50079345703125, 224.1067657470703, 1.0], [223.08935546875, 225.6332550048828, 1.0], [247.03854370117188, 225.06175231933594, 1.0], [120.95682525634766, 234.4049835205078, 1.0], [162.18460083007812, 247.32960510253906, 1.0], [180.5775146484375, 245.40216064453125, 1.0], [193.54669189453125, 237.90098571777344, 1.0]], "is_left": 0}