{"hand_pts": [[18.603504180908203, 256.5755310058594, 1.0], [78.5643539428711, 232.08493041992188, 1.0], [122.27540588378906, 236.23837280273438, 1.0], [178.83152770996094, 226.45594787597656, 1.0], [197.41770935058594, 214.8307342529297, 1.0], [124.33714294433594, 153.91526794433594, 1.0], [192.99510192871094, 167.06204223632812, 1.0], [209.8106231689453, 198.99887084960938, 1.0], [194.60279846191406, 232.21629333496094, 1.0], [125.9234390258789, 158.87542724609375, 1.0], [197.5533905029297, 117.04768371582031, 1.0], [224.06954956054688, 147.85218811035156, 1.0], [228.59634399414062, 183.8055419921875, 1.0], [129.72706604003906, 169.1511688232422, 1.0], [213.95526123046875, 161.527587890625, 1.0], [233.41285705566406, 191.1268768310547, 1.0], [246.70748901367188, 220.9254150390625, 1.0], [128.34109497070312, 186.1926727294922, 1.0], [175.44749450683594, 166.17172241210938, 1.0], [215.2576446533203, 161.64588928222656, 1.0], [251.6064453125, 168.4265594482422, 1.0]], "is_left": 0}