{"hand_pts": [[287.12286376953125, 154.55393981933594, 1.0], [225.68894958496094, 129.3380889892578, 1.0], [165.1751251220703, 112.49028015136719, 1.0], [138.5638885498047, 116.3548812866211, 1.0], [140.1662139892578, 128.3191680908203, 1.0], [171.77342224121094, 188.19346618652344, 1.0], [120.34947967529297, 209.20713806152344, 1.0], [91.0522689819336, 212.50074768066406, 1.0], [87.01182556152344, 193.56173706054688, 1.0], [203.32542419433594, 211.32179260253906, 1.0], [142.1503448486328, 238.4894256591797, 1.0], [114.56269073486328, 219.88243103027344, 1.0], [86.144775390625, 204.80137634277344, 1.0], [230.09666442871094, 223.0467987060547, 1.0], [229.30943298339844, 186.8289337158203, 1.0], [235.54981994628906, 156.7473907470703, 1.0], [245.08860778808594, 123.04820251464844, 1.0], [259.64324951171875, 228.1409912109375, 1.0], [266.44976806640625, 221.70082092285156, 1.0], [268.8312683105469, 190.88209533691406, 1.0], [268.5192565917969, 160.0605926513672, 1.0]], "is_left": 0}