{"hand_pts": [[135.08692932128906, 216.37158203125, 1.0], [113.1027603149414, 193.82936096191406, 1.0], [76.1137924194336, 173.23080444335938, 1.0], [55.9909553527832, 151.72225952148438, 1.0], [60.47983932495117, 131.1707000732422, 1.0], [157.00694274902344, 210.08787536621094, 1.0], [175.95751953125, 206.53060913085938, 1.0], [179.71694946289062, 182.7527313232422, 1.0], [183.91822814941406, 159.67926025390625, 1.0], [189.7049102783203, 214.28460693359375, 1.0], [200.4243927001953, 194.19781494140625, 1.0], [200.54415893554688, 175.0938720703125, 1.0], [191.4753875732422, 150.07821655273438, 1.0], [211.8301544189453, 213.56320190429688, 1.0], [238.19342041015625, 206.8231964111328, 1.0], [237.4086456298828, 185.78118896484375, 1.0], [230.70010375976562, 162.46868896484375, 1.0], [227.44943237304688, 211.607177734375, 1.0], [257.01806640625, 200.1240234375, 1.0], [257.1271057128906, 181.2262725830078, 1.0], [233.4894561767578, 163.0599365234375, 1.0]], "is_left": 0}