{"hand_pts": [[250.08734130859375, 238.44281005859375, 1.0], [273.5229187011719, 207.3601531982422, 1.0], [305.70343017578125, 187.62185668945312, 1.0], [270.50994873046875, 168.96524047851562, 1.0], [222.49159240722656, 160.37457275390625, 1.0], [217.1313934326172, 233.784912109375, 1.0], [203.8598175048828, 199.90652465820312, 1.0], [213.7965087890625, 161.6947479248047, 1.0], [219.11341857910156, 123.61851501464844, 1.0], [179.720458984375, 235.89645385742188, 1.0], [131.34471130371094, 213.23690795898438, 1.0], [113.09850311279297, 184.77838134765625, 1.0], [104.82498931884766, 151.01861572265625, 1.0], [154.13340759277344, 231.25839233398438, 1.0], [139.86997985839844, 181.93531799316406, 1.0], [163.2651824951172, 146.69552612304688, 1.0], [191.9281005859375, 144.44485473632812, 1.0], [135.9435272216797, 224.8565673828125, 1.0], [127.95606994628906, 180.22608947753906, 1.0], [158.35215759277344, 169.48765563964844, 1.0], [178.5428009033203, 193.8729705810547, 1.0]], "is_left": 0}