{"hand_pts": [[157.00259399414062, 213.65139770507812, 1.0], [140.01109313964844, 156.2585906982422, 1.0], [97.47927856445312, 100.25558471679688, 1.0], [123.5161361694336, 74.95663452148438, 1.0], [178.03359985351562, 103.11565399169922, 1.0], [103.48432159423828, 180.73965454101562, 1.0], [142.44696044921875, 150.9504852294922, 1.0], [176.6821746826172, 136.0984344482422, 1.0], [183.91708374023438, 140.86956787109375, 1.0], [133.42906188964844, 220.9958038330078, 1.0], [201.70474243164062, 194.22828674316406, 1.0], [220.47830200195312, 174.17308044433594, 1.0], [194.48699951171875, 174.3671417236328, 1.0], [162.36019897460938, 247.6378173828125, 1.0], [224.2407684326172, 227.3932647705078, 1.0], [239.57957458496094, 204.52452087402344, 1.0], [214.97802734375, 199.93157958984375, 1.0], [191.57568359375, 269.35113525390625, 1.0], [239.9688262939453, 272.1882629394531, 1.0], [258.5275573730469, 246.2008056640625, 1.0], [228.90550231933594, 230.65042114257812, 1.0]], "is_left": 0}