{"hand_pts": [[327.498779296875, 201.60519409179688, 1.0], [259.7751159667969, 214.10011291503906, 1.0], [219.11715698242188, 241.01821899414062, 1.0], [162.5286407470703, 240.10140991210938, 1.0], [122.41038513183594, 214.80535888671875, 1.0], [227.2423858642578, 211.11219787597656, 1.0], [186.1127471923828, 216.8798065185547, 1.0], [140.35635375976562, 205.1647491455078, 1.0], [113.07867431640625, 188.53294372558594, 1.0], [244.02053833007812, 187.51934814453125, 1.0], [201.32717895507812, 193.80726623535156, 1.0], [163.6829376220703, 195.67788696289062, 1.0], [115.39362335205078, 193.17910766601562, 1.0], [254.05245971679688, 167.8870086669922, 1.0], [185.02386474609375, 156.3146514892578, 1.0], [137.37890625, 148.55470275878906, 1.0], [121.36077880859375, 148.50303649902344, 1.0], [266.6319274902344, 150.64154052734375, 1.0], [216.81898498535156, 132.73919677734375, 1.0], [195.56053161621094, 131.02828979492188, 1.0], [178.12864685058594, 133.11016845703125, 1.0]], "is_left": 0}