{"hand_pts": [[307.038818359375, 101.04277038574219, 1.0], [280.4656677246094, 162.42210388183594, 1.0], [274.3818359375, 217.58843994140625, 1.0], [239.72607421875, 252.1383819580078, 1.0], [193.79095458984375, 260.1145324707031, 1.0], [257.342529296875, 187.3457489013672, 1.0], [214.01748657226562, 227.66790771484375, 1.0], [175.58230590820312, 247.0291748046875, 1.0], [139.2822265625, 258.1187438964844, 1.0], [240.1481170654297, 151.38043212890625, 1.0], [182.22674560546875, 189.80801391601562, 1.0], [140.96644592285156, 213.53524780273438, 1.0], [109.59445190429688, 230.7813720703125, 1.0], [223.36952209472656, 123.34597778320312, 1.0], [161.0755615234375, 148.9752960205078, 1.0], [123.13323211669922, 167.45455932617188, 1.0], [97.63675689697266, 183.07534790039062, 1.0], [210.7841339111328, 95.26921081542969, 1.0], [160.94570922851562, 104.3329849243164, 1.0], [128.2178192138672, 118.47801971435547, 1.0], [107.9521484375, 136.96839904785156, 1.0]], "is_left": 0}