{"hand_pts": [[120.43585968017578, 319.9558410644531, 1.0], [117.59198760986328, 250.30702209472656, 1.0], [100.7548828125, 207.08050537109375, 1.0], [108.260986328125, 169.27847290039062, 1.0], [118.27647399902344, 136.47662353515625, 1.0], [136.2046356201172, 186.8022003173828, 1.0], [161.79542541503906, 130.49546813964844, 1.0], [182.34957885742188, 120.0073013305664, 1.0], [193.90391540527344, 131.60195922851562, 1.0], [163.9669952392578, 209.25367736816406, 1.0], [190.87301635742188, 140.78358459472656, 1.0], [209.3739013671875, 103.66495513916016, 1.0], [219.05410766601562, 91.99140167236328, 1.0], [187.4352569580078, 228.7991180419922, 1.0], [229.2603302001953, 191.7061309814453, 1.0], [231.7542266845703, 197.02362060546875, 1.0], [218.5877685546875, 214.94969177246094, 1.0], [206.90570068359375, 253.48403930664062, 1.0], [237.321044921875, 236.3811798095703, 1.0], [246.55101013183594, 233.01043701171875, 1.0], [222.40260314941406, 247.81813049316406, 1.0]], "is_left": 0}