{"hand_pts": [[58.506134033203125, 302.69769287109375, 1.0], [65.26777648925781, 240.1895294189453, 1.0], [63.2054443359375, 187.06546020507812, 1.0], [102.7696304321289, 159.75250244140625, 1.0], [139.46363830566406, 163.7515869140625, 1.0], [150.7519073486328, 186.47080993652344, 1.0], [152.8820037841797, 148.1348876953125, 1.0], [146.76202392578125, 130.84100341796875, 1.0], [125.9260025024414, 132.32681274414062, 1.0], [172.2357940673828, 214.62107849121094, 1.0], [246.86529541015625, 176.52210998535156, 1.0], [254.78594970703125, 155.1814727783203, 1.0], [260.1800842285156, 136.09434509277344, 1.0], [183.4209747314453, 238.32073974609375, 1.0], [218.44427490234375, 189.37266540527344, 1.0], [219.84109497070312, 167.7042694091797, 1.0], [211.19947814941406, 151.5400390625, 1.0], [185.19183349609375, 265.0635986328125, 1.0], [232.50131225585938, 243.39801025390625, 1.0], [244.14634704589844, 222.24070739746094, 1.0], [251.6743927001953, 199.05206298828125, 1.0]], "is_left": 0}