{"hand_pts": [[274.2989196777344, 63.36393737792969, 1.0], [208.22528076171875, 81.0080795288086, 1.0], [158.0043182373047, 69.39226531982422, 1.0], [122.11273193359375, 82.6561279296875, 1.0], [100.17598724365234, 110.46139526367188, 1.0], [181.1591796875, 143.21080017089844, 1.0], [131.5389862060547, 173.7454071044922, 1.0], [107.14968872070312, 186.484619140625, 1.0], [82.7245101928711, 201.43202209472656, 1.0], [216.15353393554688, 163.79881286621094, 1.0], [194.09140014648438, 222.60357666015625, 1.0], [181.09259033203125, 244.6609344482422, 1.0], [178.2818145751953, 224.4681854248047, 1.0], [242.90939331054688, 178.2811737060547, 1.0], [217.782958984375, 240.32101440429688, 1.0], [197.78903198242188, 253.29287719726562, 1.0], [186.52659606933594, 238.5489044189453, 1.0], [270.0433654785156, 185.37808227539062, 1.0], [256.2510681152344, 228.73641967773438, 1.0], [235.12278747558594, 232.05348205566406, 1.0], [225.16526794433594, 207.65037536621094, 1.0]], "is_left": 0}