{"hand_pts": [[51.62063217163086, 98.78279113769531, 1.0], [89.81731414794922, 133.78802490234375, 1.0], [91.51448059082031, 167.36294555664062, 1.0], [116.76832580566406, 192.62744140625, 1.0], [167.2301025390625, 183.9958953857422, 1.0], [127.62405395507812, 198.2648162841797, 1.0], [168.6807861328125, 235.408447265625, 1.0], [206.47088623046875, 251.0795440673828, 1.0], [237.11865234375, 269.3155212402344, 1.0], [139.4521026611328, 185.1840362548828, 1.0], [207.5134735107422, 207.1711883544922, 1.0], [246.75877380371094, 214.0065155029297, 1.0], [277.3731689453125, 210.60354614257812, 1.0], [150.87319946289062, 170.86749267578125, 1.0], [225.40472412109375, 183.02359008789062, 1.0], [242.49530029296875, 165.43702697753906, 1.0], [237.24208068847656, 146.2427978515625, 1.0], [157.3251953125, 151.9462890625, 1.0], [200.40530395507812, 143.31602478027344, 1.0], [188.14035034179688, 126.23201751708984, 1.0], [163.6983642578125, 110.5228042602539, 1.0]], "is_left": 0}