{"hand_pts": [[300.96588134765625, 170.48733520507812, 1.0], [249.05401611328125, 226.1785430908203, 1.0], [274.4916687011719, 280.1661376953125, 1.0], [235.59808349609375, 273.7701721191406, 1.0], [198.43087768554688, 226.70950317382812, 1.0], [250.16567993164062, 213.33802795410156, 1.0], [173.65365600585938, 253.7018585205078, 1.0], [141.7299346923828, 264.2453918457031, 1.0], [107.13725280761719, 274.9277648925781, 1.0], [247.54432678222656, 163.9749755859375, 1.0], [232.32362365722656, 175.95748901367188, 1.0], [168.3097686767578, 191.48826599121094, 1.0], [127.181396484375, 200.73095703125, 1.0], [238.3222198486328, 127.25212860107422, 1.0], [137.73300170898438, 124.7008056640625, 1.0], [114.52485656738281, 141.9095916748047, 1.0], [162.23831176757812, 152.58116149902344, 1.0], [230.387451171875, 95.27465057373047, 1.0], [163.2870635986328, 83.37667846679688, 1.0], [116.65725708007812, 90.4119644165039, 1.0], [122.25021362304688, 118.07795715332031, 1.0]], "is_left": 0}