{"hand_pts": [[119.41606140136719, 169.67483520507812, 1.0], [152.19940185546875, 227.595703125, 1.0], [191.3742218017578, 278.00146484375, 1.0], [208.57302856445312, 268.9286193847656, 1.0], [213.14816284179688, 240.43951416015625, 1.0], [224.44583129882812, 180.8657989501953, 1.0], [258.2544250488281, 211.1140594482422, 1.0], [252.50059509277344, 245.60401916503906, 1.0], [233.38722229003906, 280.98272705078125, 1.0], [198.67532348632812, 141.9863739013672, 1.0], [242.27345275878906, 129.4425048828125, 1.0], [232.1391143798828, 165.1023712158203, 1.0], [200.2987518310547, 212.64736938476562, 1.0], [171.26492309570312, 118.6730728149414, 1.0], [146.45945739746094, 133.94651794433594, 1.0], [114.83234405517578, 168.30783081054688, 1.0], [96.3121337890625, 203.7662811279297, 1.0], [139.4595184326172, 101.79182434082031, 1.0], [134.90855407714844, 85.7689437866211, 1.0], [120.52424621582031, 127.94281005859375, 1.0], [120.3398666381836, 154.07838439941406, 1.0]], "is_left": 0}