{"hand_pts": [[311.35504150390625, 302.0341796875, 1.0], [301.26483154296875, 252.64987182617188, 1.0], [314.7610778808594, 212.26644897460938, 1.0], [280.1163330078125, 178.37789916992188, 1.0], [225.6923828125, 167.40615844726562, 1.0], [241.71856689453125, 163.59288024902344, 1.0], [195.553466796875, 121.91896057128906, 1.0], [179.18133544921875, 133.30673217773438, 1.0], [176.44143676757812, 163.32345581054688, 1.0], [213.53515625, 182.04461669921875, 1.0], [147.35369873046875, 134.9451904296875, 1.0], [134.4129180908203, 145.93873596191406, 1.0], [146.5272979736328, 175.97781372070312, 1.0], [192.70693969726562, 201.7937774658203, 1.0], [125.04131317138672, 165.7313995361328, 1.0], [116.95306396484375, 179.47210693359375, 1.0], [134.6763916015625, 207.23867797851562, 1.0], [179.90533447265625, 228.2202911376953, 1.0], [130.25308227539062, 219.01817321777344, 1.0], [122.0296859741211, 229.33135986328125, 1.0], [142.51028442382812, 247.4589080810547, 1.0]], "is_left": 0}