{"hand_pts": [[295.301513671875, 128.96649169921875, 1.0], [279.83013916015625, 178.1138153076172, 1.0], [283.83245849609375, 233.06741333007812, 1.0], [268.63116455078125, 264.8209228515625, 1.0], [246.1592559814453, 281.3546142578125, 1.0], [184.705810546875, 232.19297790527344, 1.0], [186.52822875976562, 228.11935424804688, 1.0], [223.53463745117188, 199.45755004882812, 1.0], [237.56207275390625, 188.55320739746094, 1.0], [163.0674591064453, 198.6513214111328, 1.0], [147.28076171875, 168.55813598632812, 1.0], [193.6004638671875, 144.16397094726562, 1.0], [239.2636260986328, 134.68728637695312, 1.0], [151.58401489257812, 167.99356079101562, 1.0], [106.6087646484375, 189.78854370117188, 1.0], [108.90496826171875, 188.45535278320312, 1.0], [149.43807983398438, 172.10279846191406, 1.0], [150.337646484375, 134.85069274902344, 1.0], [110.07942962646484, 126.8824691772461, 1.0], [119.76974487304688, 120.48290252685547, 1.0], [137.2500762939453, 116.2901840209961, 1.0]], "is_left": 0}