{"hand_pts": [[201.44190979003906, 274.8205261230469, 1.0], [240.59703063964844, 222.24781799316406, 1.0], [287.7953796386719, 192.94773864746094, 1.0], [295.4958190917969, 172.5280303955078, 1.0], [264.97467041015625, 167.6697998046875, 1.0], [230.15762329101562, 171.7216796875, 1.0], [213.8289337158203, 139.90695190429688, 1.0], [201.7718048095703, 144.30384826660156, 1.0], [200.7983856201172, 167.98321533203125, 1.0], [186.05653381347656, 197.24192810058594, 1.0], [191.8089141845703, 156.480224609375, 1.0], [201.2115936279297, 158.05398559570312, 1.0], [210.57354736328125, 161.50286865234375, 1.0], [153.27188110351562, 217.9279022216797, 1.0], [129.7958221435547, 190.56317138671875, 1.0], [119.38002014160156, 178.1364288330078, 1.0], [120.4123764038086, 174.64208984375, 1.0], [125.60851287841797, 240.57920837402344, 1.0], [98.6804428100586, 227.62435913085938, 1.0], [95.88960266113281, 214.83404541015625, 1.0], [111.22496795654297, 206.00282287597656, 1.0]], "is_left": 0}