{"hand_pts": [[324.9654541015625, 139.19464111328125, 1.0], [265.8244323730469, 184.0103302001953, 1.0], [229.468994140625, 214.06483459472656, 1.0], [183.69403076171875, 225.4804229736328, 1.0], [146.17393493652344, 208.34051513671875, 1.0], [233.27232360839844, 217.20684814453125, 1.0], [181.18702697753906, 252.86480712890625, 1.0], [140.44435119628906, 263.24774169921875, 1.0], [101.6915283203125, 272.3868103027344, 1.0], [240.62660217285156, 185.890869140625, 1.0], [172.93597412109375, 191.68812561035156, 1.0], [126.08443450927734, 190.88650512695312, 1.0], [93.49259185791016, 186.6759490966797, 1.0], [243.5719451904297, 158.8546600341797, 1.0], [173.99215698242188, 148.37908935546875, 1.0], [171.54855346679688, 139.2793731689453, 1.0], [199.2889862060547, 138.19964599609375, 1.0], [249.8570098876953, 130.87060546875, 1.0], [201.3640594482422, 124.18968200683594, 1.0], [174.203369140625, 120.9900894165039, 1.0], [159.2772979736328, 121.5229263305664, 1.0]], "is_left": 0}