{"hand_pts": [[258.0667724609375, 22.68019676208496, 1.0], [269.2174987792969, 78.71625518798828, 1.0], [283.19219970703125, 119.28119659423828, 1.0], [279.4813537597656, 164.6507568359375, 1.0], [265.31048583984375, 206.55101013183594, 1.0], [196.2623291015625, 136.97816467285156, 1.0], [174.8114013671875, 190.59609985351562, 1.0], [172.7362060546875, 227.45326232910156, 1.0], [169.9937286376953, 262.7276611328125, 1.0], [180.9641876220703, 130.54612731933594, 1.0], [149.67686462402344, 193.44566345214844, 1.0], [147.70635986328125, 234.9238739013672, 1.0], [148.7665557861328, 273.3485412597656, 1.0], [176.14190673828125, 125.48733520507812, 1.0], [147.1507568359375, 186.0911407470703, 1.0], [152.01763916015625, 221.66265869140625, 1.0], [162.04212951660156, 254.49632263183594, 1.0], [178.51580810546875, 115.14540100097656, 1.0], [156.79019165039062, 154.42184448242188, 1.0], [152.38368225097656, 184.0063018798828, 1.0], [156.4300994873047, 214.8756561279297, 1.0]], "is_left": 0,"label":3}