{"hand_pts": [[102.8742904663086, 333.0693664550781, 1.0], [162.4140625, 293.7945556640625, 1.0], [194.1946563720703, 279.17724609375, 1.0], [213.62937927246094, 248.0080108642578, 1.0], [209.69757080078125, 199.47438049316406, 1.0], [211.01092529296875, 242.09954833984375, 1.0], [247.09750366210938, 196.10931396484375, 1.0], [265.13690185546875, 167.22645568847656, 1.0], [259.3398132324219, 153.45126342773438, 1.0], [174.80169677734375, 231.15708923339844, 1.0], [206.0735626220703, 163.7632293701172, 1.0], [201.24795532226562, 144.6968231201172, 1.0], [189.9707794189453, 147.89022827148438, 1.0], [143.80471801757812, 221.7273712158203, 1.0], [164.5168914794922, 149.88986206054688, 1.0], [170.06678771972656, 114.40544891357422, 1.0], [168.9211883544922, 98.54755401611328, 1.0], [110.87085723876953, 218.37010192871094, 1.0], [117.84272766113281, 168.60545349121094, 1.0], [122.86878967285156, 147.16575622558594, 1.0], [129.92164611816406, 126.11167907714844, 1.0]], "is_left": 0}