{"hand_pts": [[363.416259765625, 148.98638916015625, 1.0], [311.7472229003906, 119.91608428955078, 1.0], [279.6377258300781, 96.62175750732422, 1.0], [231.4601593017578, 96.85112762451172, 1.0], [184.74752807617188, 105.16507720947266, 1.0], [227.5356903076172, 171.2886505126953, 1.0], [167.5641326904297, 192.0883331298828, 1.0], [155.9264678955078, 172.7767791748047, 1.0], [159.3979034423828, 151.26754760742188, 1.0], [226.27423095703125, 196.5691680908203, 1.0], [153.5387725830078, 202.69512939453125, 1.0], [119.41403198242188, 185.9920196533203, 1.0], [118.16905975341797, 154.0580596923828, 1.0], [227.8255615234375, 211.0588836669922, 1.0], [159.564453125, 233.8092498779297, 1.0], [124.21416473388672, 235.34878540039062, 1.0], [113.3031997680664, 209.94264221191406, 1.0], [237.46820068359375, 219.82933044433594, 1.0], [192.1937713623047, 246.4982147216797, 1.0], [161.35928344726562, 244.79751586914062, 1.0], [157.51060485839844, 215.1969757080078, 1.0]], "is_left": 0}