{"hand_pts": [[201.54055786132812, 26.462064743041992, 1.0], [150.2356719970703, 81.67865753173828, 1.0], [87.52916717529297, 114.06055450439453, 1.0], [74.49242401123047, 160.42713928222656, 1.0], [107.41353607177734, 188.8516387939453, 1.0], [157.3673553466797, 164.22625732421875, 1.0], [140.98159790039062, 223.37396240234375, 1.0], [135.9470977783203, 229.61801147460938, 1.0], [137.8168182373047, 212.1957550048828, 1.0], [199.8759307861328, 159.83348083496094, 1.0], [193.6173553466797, 230.74485778808594, 1.0], [179.6320343017578, 233.85032653808594, 1.0], [165.6005401611328, 209.6249237060547, 1.0], [232.0836181640625, 153.7450714111328, 1.0], [240.77513122558594, 218.59115600585938, 1.0], [228.88963317871094, 218.10873413085938, 1.0], [210.68296813964844, 192.3559112548828, 1.0], [261.08447265625, 139.95753479003906, 1.0], [276.2597351074219, 175.93397521972656, 1.0], [265.2935485839844, 178.0855712890625, 1.0], [239.40234375, 157.03138732910156, 1.0]], "is_left": 0,"label":5}