{"hand_pts": [[265.5174255371094, 301.94842529296875, 1.0], [270.86669921875, 237.55625915527344, 1.0], [302.3507995605469, 188.71682739257812, 1.0], [282.20965576171875, 158.90699768066406, 1.0], [238.56915283203125, 178.56239318847656, 1.0], [231.1180877685547, 175.62342834472656, 1.0], [200.9555206298828, 127.63736724853516, 1.0], [188.33065795898438, 120.43203735351562, 1.0], [178.9691619873047, 122.22220611572266, 1.0], [199.56320190429688, 198.19297790527344, 1.0], [153.5212860107422, 158.65785217285156, 1.0], [169.77670288085938, 177.33636474609375, 1.0], [192.6758575439453, 200.32867431640625, 1.0], [175.53273010253906, 217.34591674804688, 1.0], [125.13003540039062, 188.47689819335938, 1.0], [133.2946319580078, 198.7632293701172, 1.0], [167.8081512451172, 218.74366760253906, 1.0], [157.55996704101562, 240.791259765625, 1.0], [118.26881408691406, 213.81712341308594, 1.0], [103.16649627685547, 195.4269256591797, 1.0], [102.27001190185547, 180.5580596923828, 1.0]], "is_left": 0}