{"hand_pts": [[350.13409423828125, 193.5463409423828, 1.0], [291.0250549316406, 223.2768096923828, 1.0], [268.5232849121094, 268.85101318359375, 1.0], [219.08978271484375, 264.2266540527344, 1.0], [175.01336669921875, 255.8385009765625, 1.0], [192.5390167236328, 162.52664184570312, 1.0], [132.61956787109375, 190.72605895996094, 1.0], [160.15843200683594, 219.8423614501953, 1.0], [187.7879638671875, 244.9037322998047, 1.0], [191.0784149169922, 132.5359344482422, 1.0], [142.45729064941406, 166.6559600830078, 1.0], [193.5792694091797, 199.45468139648438, 1.0], [247.42855834960938, 216.503173828125, 1.0], [192.66722106933594, 115.95979309082031, 1.0], [114.73810577392578, 126.36695861816406, 1.0], [150.6700897216797, 163.49826049804688, 1.0], [183.249267578125, 198.4368896484375, 1.0], [204.08270263671875, 107.18539428710938, 1.0], [151.28346252441406, 102.5688705444336, 1.0], [155.98338317871094, 135.31918334960938, 1.0], [173.07522583007812, 172.21202087402344, 1.0]], "is_left": 0}