{"hand_pts": [[197.40911865234375, 121.90303802490234, 1.0], [138.09262084960938, 166.84548950195312, 1.0], [79.77809143066406, 213.95484924316406, 1.0], [96.35633087158203, 248.52801513671875, 1.0], [144.59597778320312, 256.2364196777344, 1.0], [107.87519073486328, 117.95245361328125, 1.0], [123.57413482666016, 183.88580322265625, 1.0], [137.9325714111328, 228.05606079101562, 1.0], [151.8078155517578, 268.2241516113281, 1.0], [160.1857452392578, 101.65767669677734, 1.0], [173.4812774658203, 167.13668823242188, 1.0], [183.98394775390625, 207.40267944335938, 1.0], [186.4234619140625, 220.43418884277344, 1.0], [203.84210205078125, 97.44212341308594, 1.0], [244.6387176513672, 150.49505615234375, 1.0], [263.4666442871094, 197.6089630126953, 1.0], [253.7148895263672, 216.02212524414062, 1.0], [246.24600219726562, 97.80223846435547, 1.0], [264.2579040527344, 134.19955444335938, 1.0], [263.31939697265625, 172.69122314453125, 1.0], [251.2731170654297, 195.11509704589844, 1.0]], "is_left": 0}