{"hand_pts": [[73.50608825683594, 195.96182250976562, 1.0], [121.46448516845703, 160.875732421875, 1.0], [172.56076049804688, 135.50778198242188, 1.0], [210.36825561523438, 121.3752212524414, 1.0], [218.61328125, 124.4709701538086, 1.0], [217.05892944335938, 195.04042053222656, 1.0], [221.2088165283203, 165.6643829345703, 1.0], [209.91354370117188, 143.4069366455078, 1.0], [207.9750213623047, 125.89409637451172, 1.0], [199.23866271972656, 216.53395080566406, 1.0], [271.4818115234375, 223.66294860839844, 1.0], [293.1665954589844, 209.76075744628906, 1.0], [285.8441162109375, 185.07962036132812, 1.0], [178.33787536621094, 228.72657775878906, 1.0], [149.89657592773438, 206.9495391845703, 1.0], [117.24007415771484, 190.5713348388672, 1.0], [115.23909759521484, 190.6767578125, 1.0], [150.24488830566406, 237.1609649658203, 1.0], [129.7841339111328, 220.60008239746094, 1.0], [102.44685363769531, 199.16468811035156, 1.0], [90.9847640991211, 188.71987915039062, 1.0]], "is_left": 0}