{"hand_pts": [[41.0889892578125, 201.03799438476562, 1.0], [76.08040618896484, 169.88401794433594, 1.0], [89.4921646118164, 135.3614501953125, 1.0], [119.0455093383789, 121.05145263671875, 1.0], [153.28805541992188, 118.74519348144531, 1.0], [158.2743377685547, 144.07537841796875, 1.0], [213.93418884277344, 122.42547607421875, 1.0], [246.2344970703125, 120.0185775756836, 1.0], [273.5550842285156, 123.23905944824219, 1.0], [166.38841247558594, 173.66510009765625, 1.0], [216.0599822998047, 186.578125, 1.0], [206.25054931640625, 200.31076049804688, 1.0], [173.02291870117188, 208.72091674804688, 1.0], [169.14608764648438, 199.97616577148438, 1.0], [222.3685302734375, 215.3986358642578, 1.0], [217.8978271484375, 227.0376434326172, 1.0], [199.3587646484375, 235.23919677734375, 1.0], [163.37661743164062, 226.4419403076172, 1.0], [200.2205810546875, 246.81251525878906, 1.0], [210.92214965820312, 258.4107971191406, 1.0], [193.12518310546875, 257.0546569824219, 1.0]], "is_left": 0}