{"hand_pts": [[16.048847198486328, 220.05694580078125, 1.0], [61.96184539794922, 176.33213806152344, 1.0], [85.19676208496094, 152.3271026611328, 1.0], [133.6293182373047, 132.03216552734375, 1.0], [180.1444854736328, 121.29515075683594, 1.0], [149.485595703125, 188.3797149658203, 1.0], [217.25901794433594, 179.04270935058594, 1.0], [247.20545959472656, 160.1240234375, 1.0], [243.89002990722656, 141.20306396484375, 1.0], [150.91336059570312, 211.3160858154297, 1.0], [226.71316528320312, 187.88034057617188, 1.0], [204.39356994628906, 163.17201232910156, 1.0], [163.36997985839844, 154.5802764892578, 1.0], [148.71823120117188, 225.23733520507812, 1.0], [222.00001525878906, 221.35494995117188, 1.0], [230.89170837402344, 194.241455078125, 1.0], [202.58543395996094, 174.4817352294922, 1.0], [138.1081085205078, 236.71923828125, 1.0], [188.32855224609375, 236.7643280029297, 1.0], [220.69921875, 224.22352600097656, 1.0], [230.94741821289062, 197.14727783203125, 1.0]], "is_left": 0}