{"hand_pts": [[303.6937255859375, 114.5509033203125, 1.0], [275.8408508300781, 177.56214904785156, 1.0], [274.24298095703125, 231.9292755126953, 1.0], [246.51283264160156, 272.7269287109375, 1.0], [209.26773071289062, 299.72283935546875, 1.0], [234.72975158691406, 180.78237915039062, 1.0], [195.1709442138672, 215.45672607421875, 1.0], [167.6563262939453, 236.3280029296875, 1.0], [162.8189239501953, 236.62144470214844, 1.0], [219.51763916015625, 145.01657104492188, 1.0], [164.77210998535156, 150.38998413085938, 1.0], [124.21083068847656, 167.0724334716797, 1.0], [98.70436096191406, 195.6807098388672, 1.0], [206.53057861328125, 119.83871459960938, 1.0], [145.7896728515625, 159.3670654296875, 1.0], [126.33072662353516, 184.8629913330078, 1.0], [126.27108001708984, 204.52284240722656, 1.0], [199.0463104248047, 96.51795959472656, 1.0], [159.5311279296875, 120.76343536376953, 1.0], [154.18211364746094, 140.60479736328125, 1.0], [185.35800170898438, 142.14263916015625, 1.0]], "is_left": 0}