{"hand_pts": [[313.1095886230469, 249.6505889892578, 1.0], [289.55511474609375, 206.0631866455078, 1.0], [292.2504577636719, 191.81654357910156, 1.0], [242.89520263671875, 197.0054931640625, 1.0], [215.4778594970703, 209.90216064453125, 1.0], [219.67567443847656, 145.58926391601562, 1.0], [197.86288452148438, 146.08460998535156, 1.0], [225.72134399414062, 176.54254150390625, 1.0], [249.35604858398438, 191.14109802246094, 1.0], [201.83128356933594, 169.55357360839844, 1.0], [130.96340942382812, 139.4404296875, 1.0], [126.19488525390625, 152.44859313964844, 1.0], [159.79937744140625, 174.5819091796875, 1.0], [189.9228973388672, 192.42718505859375, 1.0], [125.30509185791016, 164.29254150390625, 1.0], [105.42212677001953, 163.7750244140625, 1.0], [116.03502655029297, 177.24978637695312, 1.0], [186.02523803710938, 218.98028564453125, 1.0], [137.01377868652344, 216.5511474609375, 1.0], [139.4211883544922, 220.35890197753906, 1.0], [174.13461303710938, 222.72439575195312, 1.0]], "is_left": 0}