{"hand_pts": [[39.764461517333984, 194.0164337158203, 1.0], [101.0775146484375, 158.25108337402344, 1.0], [141.1737060546875, 117.51214599609375, 1.0], [170.86428833007812, 96.3884506225586, 1.0], [192.7850341796875, 83.29208374023438, 1.0], [171.83226013183594, 199.72808837890625, 1.0], [230.9036102294922, 191.9443359375, 1.0], [241.640380859375, 163.2635040283203, 1.0], [259.54241943359375, 139.01284790039062, 1.0], [152.56704711914062, 220.584716796875, 1.0], [218.96771240234375, 223.5609588623047, 1.0], [244.8235321044922, 193.26443481445312, 1.0], [275.33599853515625, 171.4523468017578, 1.0], [135.42279052734375, 230.62904357910156, 1.0], [193.43307495117188, 247.72265625, 1.0], [216.4069061279297, 221.31092834472656, 1.0], [237.75912475585938, 194.7996063232422, 1.0], [113.27413177490234, 235.96395874023438, 1.0], [132.72828674316406, 214.38478088378906, 1.0], [120.81514739990234, 190.6986846923828, 1.0], [103.14933013916016, 181.53273010253906, 1.0]], "is_left": 0,"label":3}