{"hand_pts": [[169.83938598632812, 110.51058197021484, 1.0], [216.9506378173828, 101.64545440673828, 1.0], [283.1156311035156, 120.81793975830078, 1.0], [282.0501708984375, 142.67410278320312, 1.0], [255.04876708984375, 157.51182556152344, 1.0], [235.1837158203125, 195.63682556152344, 1.0], [247.89013671875, 229.99221801757812, 1.0], [242.87997436523438, 224.90875244140625, 1.0], [233.4943389892578, 212.6995086669922, 1.0], [189.1194610595703, 204.6811981201172, 1.0], [166.62896728515625, 191.16741943359375, 1.0], [157.20672607421875, 131.63238525390625, 1.0], [159.7957763671875, 89.19792175292969, 1.0], [150.2860565185547, 201.8031005859375, 1.0], [149.2381591796875, 246.54600524902344, 1.0], [145.25021362304688, 229.3644561767578, 1.0], [144.23263549804688, 181.2390899658203, 1.0], [112.84759521484375, 190.4478302001953, 1.0], [91.1878662109375, 221.8095245361328, 1.0], [92.44473266601562, 200.62466430664062, 1.0], [110.60676574707031, 163.21206665039062, 1.0]], "is_left": 0}