{"hand_pts": [[286.78582763671875, 260.61492919921875, 1.0], [234.81411743164062, 272.9393615722656, 1.0], [191.6112823486328, 300.43670654296875, 1.0], [145.76324462890625, 296.72930908203125, 1.0], [107.15641784667969, 272.09515380859375, 1.0], [249.9014434814453, 225.4479217529297, 1.0], [222.35467529296875, 196.47763061523438, 1.0], [182.99156188964844, 179.23292541503906, 1.0], [147.54541015625, 160.9929656982422, 1.0], [258.49322509765625, 193.00631713867188, 1.0], [191.76535034179688, 170.27903747558594, 1.0], [141.3963623046875, 163.9005889892578, 1.0], [89.9049072265625, 166.13331604003906, 1.0], [258.08026123046875, 170.15687561035156, 1.0], [200.6952362060547, 134.8343505859375, 1.0], [152.30657958984375, 128.7857666015625, 1.0], [110.6216812133789, 143.9738311767578, 1.0], [256.6755676269531, 154.30783081054688, 1.0], [210.7978057861328, 121.59076690673828, 1.0], [171.8310089111328, 114.8448486328125, 1.0], [131.91433715820312, 120.60771942138672, 1.0]], "is_left": 0}