{"hand_pts": [[330.221435546875, 251.91567993164062, 1.0], [286.04473876953125, 185.08580017089844, 1.0], [275.0346374511719, 120.18425750732422, 1.0], [246.51022338867188, 99.64622497558594, 1.0], [219.98602294921875, 101.41743469238281, 1.0], [178.74964904785156, 196.94061279296875, 1.0], [180.03744506835938, 142.6397247314453, 1.0], [225.6187744140625, 139.98292541503906, 1.0], [267.7854309082031, 132.15875244140625, 1.0], [183.26039123535156, 233.09461975097656, 1.0], [145.94850158691406, 168.56585693359375, 1.0], [131.43792724609375, 124.8182601928711, 1.0], [167.94338989257812, 93.82917022705078, 1.0], [193.4316864013672, 256.7416687011719, 1.0], [114.63813018798828, 249.65419006347656, 1.0], [112.22422790527344, 212.7806396484375, 1.0], [117.87056732177734, 176.08871459960938, 1.0], [213.1820068359375, 277.48272705078125, 1.0], [167.50807189941406, 287.7423400878906, 1.0], [152.755126953125, 261.3481750488281, 1.0], [136.55035400390625, 231.95376586914062, 1.0]], "is_left": 0,"label":5}