{"hand_pts": [[321.8900146484375, 94.8464584350586, 1.0], [270.73248291015625, 110.88812255859375, 1.0], [247.16697692871094, 115.72164916992188, 1.0], [229.0452117919922, 162.02647399902344, 1.0], [226.51763916015625, 201.35586547851562, 1.0], [174.43528747558594, 114.1187515258789, 1.0], [121.96209716796875, 147.8488311767578, 1.0], [93.40634155273438, 174.26524353027344, 1.0], [88.87916564941406, 208.4661102294922, 1.0], [189.0348663330078, 131.1538848876953, 1.0], [165.72512817382812, 195.48263549804688, 1.0], [194.72860717773438, 221.0399627685547, 1.0], [231.6846160888672, 231.4095458984375, 1.0], [205.938720703125, 148.26014709472656, 1.0], [150.01214599609375, 191.7574005126953, 1.0], [143.3320770263672, 224.57830810546875, 1.0], [147.1717987060547, 253.85171508789062, 1.0], [230.27804565429688, 163.0138397216797, 1.0], [205.49139404296875, 199.8341064453125, 1.0], [191.97000122070312, 229.06549072265625, 1.0], [202.54916381835938, 237.9277801513672, 1.0]], "is_left": 0}