{"hand_pts": [[331.82452392578125, 227.6241455078125, 1.0], [281.8330078125, 181.1275177001953, 1.0], [253.51376342773438, 135.25848388671875, 1.0], [206.3855743408203, 112.40340423583984, 1.0], [156.6760711669922, 112.92609405517578, 1.0], [239.20802307128906, 155.48544311523438, 1.0], [180.58676147460938, 131.4932403564453, 1.0], [155.19091796875, 139.7222442626953, 1.0], [153.17137145996094, 158.22767639160156, 1.0], [238.47032165527344, 190.30186462402344, 1.0], [179.179931640625, 170.27313232421875, 1.0], [132.74647521972656, 162.3292999267578, 1.0], [88.34162902832031, 154.57652282714844, 1.0], [236.00411987304688, 219.05242919921875, 1.0], [167.06277465820312, 210.34266662597656, 1.0], [134.33799743652344, 209.87649536132812, 1.0], [134.25735473632812, 211.53501892089844, 1.0], [238.11050415039062, 247.6772003173828, 1.0], [190.65274047851562, 261.4424133300781, 1.0], [162.34458923339844, 267.57781982421875, 1.0], [155.68666076660156, 263.8059387207031, 1.0]], "is_left": 0}