{"hand_pts": [[186.3182830810547, 75.72140502929688, 1.0], [244.5618438720703, 101.8166732788086, 1.0], [305.2331237792969, 132.48477172851562, 1.0], [301.2835388183594, 162.49073791503906, 1.0], [254.5098876953125, 164.76129150390625, 1.0], [226.13031005859375, 194.73239135742188, 1.0], [231.3299102783203, 202.2002716064453, 1.0], [234.37977600097656, 161.8694305419922, 1.0], [231.1206817626953, 142.84254455566406, 1.0], [176.9215087890625, 192.48568725585938, 1.0], [149.02015686035156, 257.2432556152344, 1.0], [144.02987670898438, 281.9919738769531, 1.0], [162.2021942138672, 266.0215148925781, 1.0], [141.33033752441406, 183.83802795410156, 1.0], [119.81278228759766, 228.22210693359375, 1.0], [121.57281494140625, 233.29849243164062, 1.0], [145.28555297851562, 206.2994384765625, 1.0], [110.81018829345703, 167.46524047851562, 1.0], [111.30963897705078, 153.38409423828125, 1.0], [130.03140258789062, 123.67948150634766, 1.0], [151.777587890625, 92.81470489501953, 1.0]], "is_left": 0}