{"hand_pts": [[184.37522888183594, 206.18829345703125, 1.0], [138.36697387695312, 173.92491149902344, 1.0], [77.6512451171875, 157.66322326660156, 1.0], [99.685791015625, 136.73890686035156, 1.0], [157.09368896484375, 134.87046813964844, 1.0], [101.2586669921875, 234.94410705566406, 1.0], [113.16072845458984, 194.60398864746094, 1.0], [141.8834686279297, 155.49940490722656, 1.0], [160.0917510986328, 142.56427001953125, 1.0], [145.56556701660156, 250.9707489013672, 1.0], [182.41041564941406, 207.80545043945312, 1.0], [209.5740203857422, 153.03005981445312, 1.0], [224.45803833007812, 108.29052734375, 1.0], [184.71942138671875, 255.0492706298828, 1.0], [224.47145080566406, 228.0805206298828, 1.0], [245.15953063964844, 178.90029907226562, 1.0], [243.76976013183594, 145.32098388671875, 1.0], [224.05361938476562, 253.0767822265625, 1.0], [257.0986328125, 227.70745849609375, 1.0], [274.2277526855469, 188.99530029296875, 1.0], [265.0479431152344, 158.33074951171875, 1.0]], "is_left": 0}