{"hand_pts": [[167.98370361328125, 43.130374908447266, 1.0], [176.73768615722656, 95.4952163696289, 1.0], [147.7877655029297, 130.43658447265625, 1.0], [194.51220703125, 161.9903106689453, 1.0], [246.87535095214844, 167.97665405273438, 1.0], [126.0867919921875, 169.7393035888672, 1.0], [133.97677612304688, 224.9666290283203, 1.0], [143.6577606201172, 259.9234619140625, 1.0], [187.86996459960938, 269.53515625, 1.0], [139.06971740722656, 162.03091430664062, 1.0], [113.03364562988281, 223.7649383544922, 1.0], [119.32608795166016, 264.3359375, 1.0], [129.82000732421875, 301.8333740234375, 1.0], [157.29974365234375, 153.7080841064453, 1.0], [229.85824584960938, 190.3651885986328, 1.0], [261.5681457519531, 167.22073364257812, 1.0], [276.77557373046875, 137.48239135742188, 1.0], [178.31898498535156, 138.95375061035156, 1.0], [228.59873962402344, 162.66714477539062, 1.0], [259.3663330078125, 153.18788146972656, 1.0], [245.6945343017578, 127.69010162353516, 1.0]], "is_left": 0}