{"hand_pts": [[54.07735824584961, 308.0911865234375, 1.0], [107.20784759521484, 280.5195617675781, 1.0], [131.64305114746094, 253.85220336914062, 1.0], [165.3794403076172, 192.8822479248047, 1.0], [164.0890655517578, 181.24026489257812, 1.0], [193.1556396484375, 261.2311096191406, 1.0], [238.49612426757812, 207.21266174316406, 1.0], [225.251953125, 172.6513671875, 1.0], [190.17822265625, 182.2823944091797, 1.0], [180.50045776367188, 240.496337890625, 1.0], [237.026611328125, 194.93057250976562, 1.0], [232.07200622558594, 159.83534240722656, 1.0], [216.67893981933594, 137.88003540039062, 1.0], [167.82574462890625, 221.57327270507812, 1.0], [196.52438354492188, 148.21759033203125, 1.0], [175.08143615722656, 139.1082305908203, 1.0], [148.8811492919922, 156.74790954589844, 1.0], [149.8458709716797, 207.03305053710938, 1.0], [170.27438354492188, 161.43795776367188, 1.0], [180.32211303710938, 128.92813110351562, 1.0], [179.30044555664062, 107.23131561279297, 1.0]], "is_left": 0}