{"hand_pts": [[214.2417449951172, 299.32135009765625, 1.0], [160.98330688476562, 235.34974670410156, 1.0], [133.6208953857422, 175.1694793701172, 1.0], [115.86673736572266, 117.28009033203125, 1.0], [120.79120635986328, 94.39680480957031, 1.0], [215.1897430419922, 135.04629516601562, 1.0], [150.55108642578125, 110.11957550048828, 1.0], [108.73672485351562, 138.87322998046875, 1.0], [87.29805755615234, 182.31117248535156, 1.0], [251.416015625, 156.83934020996094, 1.0], [189.4451141357422, 162.2628631591797, 1.0], [167.2720489501953, 207.0668182373047, 1.0], [161.9947967529297, 241.9138641357422, 1.0], [272.07012939453125, 179.60379028320312, 1.0], [231.66769409179688, 193.49472045898438, 1.0], [199.7914276123047, 215.55108642578125, 1.0], [173.99143981933594, 247.9756317138672, 1.0], [285.880126953125, 209.8839111328125, 1.0], [257.0228576660156, 214.99026489257812, 1.0], [222.50711059570312, 233.44769287109375, 1.0], [198.2620849609375, 255.03152465820312, 1.0]], "is_left": 0}