{"hand_pts": [[82.73462677001953, 118.32344055175781, 1.0], [93.03943634033203, 147.58200073242188, 1.0], [69.36214447021484, 173.82974243164062, 1.0], [68.09654235839844, 215.92547607421875, 1.0], [77.45484161376953, 255.6551513671875, 1.0], [166.98171997070312, 135.70718383789062, 1.0], [202.65565490722656, 156.49862670898438, 1.0], [214.3928985595703, 185.1284942626953, 1.0], [213.65701293945312, 219.515625, 1.0], [182.3248291015625, 137.19712829589844, 1.0], [248.1138916015625, 150.61878967285156, 1.0], [264.8194580078125, 186.11767578125, 1.0], [274.09783935546875, 221.5564727783203, 1.0], [189.6424102783203, 143.5957489013672, 1.0], [240.16983032226562, 174.7379150390625, 1.0], [216.27308654785156, 207.04055786132812, 1.0], [180.04135131835938, 215.0632781982422, 1.0], [189.08018493652344, 150.3949432373047, 1.0], [218.15904235839844, 184.16123962402344, 1.0], [193.52413940429688, 205.5739288330078, 1.0], [168.09523010253906, 227.2342987060547, 1.0]], "is_left": 0,"label":4}