{"hand_pts": [[305.9632873535156, 108.51040649414062, 1.0], [289.615478515625, 137.5608673095703, 1.0], [287.9120178222656, 131.35675048828125, 1.0], [283.5127868652344, 142.40965270996094, 1.0], [273.5917053222656, 185.84519958496094, 1.0], [188.88583374023438, 108.33467102050781, 1.0], [154.2648162841797, 145.72119140625, 1.0], [152.08294677734375, 190.36659240722656, 1.0], [174.858154296875, 233.82217407226562, 1.0], [168.21322631835938, 114.49322509765625, 1.0], [133.96633911132812, 187.85540771484375, 1.0], [180.60362243652344, 220.218505859375, 1.0], [229.29847717285156, 232.2062225341797, 1.0], [158.04476928710938, 126.8585205078125, 1.0], [136.37725830078125, 203.95794677734375, 1.0], [154.43894958496094, 250.41830444335938, 1.0], [172.15858459472656, 295.40716552734375, 1.0], [158.5849151611328, 140.37921142578125, 1.0], [118.45663452148438, 181.06101989746094, 1.0], [125.84923553466797, 220.55499267578125, 1.0], [165.22288513183594, 225.87347412109375, 1.0]], "is_left": 0}