{"hand_pts": [[104.51652526855469, 259.90411376953125, 1.0], [90.16326141357422, 209.7288818359375, 1.0], [60.940155029296875, 162.74725341796875, 1.0], [69.71289825439453, 123.66233825683594, 1.0], [115.08968353271484, 109.7116928100586, 1.0], [129.97569274902344, 225.975830078125, 1.0], [157.0099639892578, 187.4228057861328, 1.0], [170.02952575683594, 150.71376037597656, 1.0], [180.3799591064453, 118.19977569580078, 1.0], [168.3029022216797, 244.6035919189453, 1.0], [210.89996337890625, 189.81480407714844, 1.0], [211.09251403808594, 148.86111450195312, 1.0], [194.19544982910156, 123.27631378173828, 1.0], [197.01690673828125, 253.4259490966797, 1.0], [249.61131286621094, 216.3571014404297, 1.0], [247.26658630371094, 179.86436462402344, 1.0], [233.2087860107422, 149.9020233154297, 1.0], [218.80435180664062, 260.0958557128906, 1.0], [261.6168212890625, 238.53201293945312, 1.0], [263.70758056640625, 206.6536865234375, 1.0], [248.5875701904297, 175.25233459472656, 1.0]], "is_left": 0}