{"hand_pts": [[112.68296813964844, 187.3450164794922, 1.0], [139.30874633789062, 229.4640350341797, 1.0], [128.12664794921875, 273.5246887207031, 1.0], [166.809814453125, 298.7832946777344, 1.0], [222.5067596435547, 276.0792236328125, 1.0], [112.72002410888672, 204.40281677246094, 1.0], [135.5907440185547, 218.90145874023438, 1.0], [173.39608764648438, 230.51263427734375, 1.0], [219.7443084716797, 237.56539916992188, 1.0], [125.82144165039062, 167.9857635498047, 1.0], [121.29560852050781, 142.8209686279297, 1.0], [171.42495727539062, 153.8827667236328, 1.0], [220.35342407226562, 172.51083374023438, 1.0], [143.92237854003906, 142.4016876220703, 1.0], [211.48765563964844, 149.6151123046875, 1.0], [256.47119140625, 168.69993591308594, 1.0], [254.3507843017578, 184.15225219726562, 1.0], [162.51173400878906, 121.30984497070312, 1.0], [200.20242309570312, 98.96634674072266, 1.0], [237.09303283691406, 95.64620971679688, 1.0], [275.79522705078125, 112.11890411376953, 1.0]], "is_left": 0}