{"hand_pts": [[358.0441589355469, 164.9429473876953, 1.0], [286.87939453125, 155.4806365966797, 1.0], [251.8606719970703, 128.05885314941406, 1.0], [206.9784393310547, 96.99592590332031, 1.0], [164.1974334716797, 70.1739273071289, 1.0], [212.7046661376953, 224.15615844726562, 1.0], [143.7149200439453, 246.02191162109375, 1.0], [123.20819091796875, 209.54061889648438, 1.0], [108.70267486572266, 172.5855712890625, 1.0], [223.55020141601562, 229.6983642578125, 1.0], [156.2864532470703, 179.13938903808594, 1.0], [193.72454833984375, 146.27337646484375, 1.0], [220.55865478515625, 109.82223510742188, 1.0], [232.63787841796875, 226.11959838867188, 1.0], [160.99130249023438, 217.40679931640625, 1.0], [122.67843627929688, 197.4204559326172, 1.0], [109.9676284790039, 157.12388610839844, 1.0], [248.5623321533203, 216.3406524658203, 1.0], [205.59320068359375, 230.5776824951172, 1.0], [170.11875915527344, 230.2559356689453, 1.0], [130.03570556640625, 220.40354919433594, 1.0]], "is_left": 0}