{"hand_pts": [[24.57124900817871, 174.7770538330078, 1.0], [71.1843490600586, 145.24456787109375, 1.0], [93.16752624511719, 103.17037963867188, 1.0], [124.00333404541016, 81.70362854003906, 1.0], [156.51693725585938, 102.35083770751953, 1.0], [173.88052368164062, 144.28555297851562, 1.0], [238.7278289794922, 147.2365264892578, 1.0], [229.95916748046875, 160.06468200683594, 1.0], [190.51336669921875, 165.3232879638672, 1.0], [180.13710021972656, 177.51332092285156, 1.0], [245.35841369628906, 196.42800903320312, 1.0], [213.01222229003906, 197.3078155517578, 1.0], [169.8388671875, 185.2798309326172, 1.0], [180.2750244140625, 204.57525634765625, 1.0], [252.69073486328125, 231.33538818359375, 1.0], [240.9280548095703, 232.31492614746094, 1.0], [203.13462829589844, 219.37069702148438, 1.0], [170.55934143066406, 229.37063598632812, 1.0], [191.7991943359375, 254.6921844482422, 1.0], [185.42152404785156, 263.18212890625, 1.0], [150.95053100585938, 244.87049865722656, 1.0]], "is_left": 0}