{"hand_pts": [[311.8739318847656, 134.14723205566406, 1.0], [276.18341064453125, 124.68222045898438, 1.0], [270.8083190917969, 103.43207550048828, 1.0], [212.64779663085938, 111.58424377441406, 1.0], [164.72830200195312, 130.79750061035156, 1.0], [256.6432189941406, 191.18243408203125, 1.0], [231.01515197753906, 220.9481658935547, 1.0], [188.62249755859375, 222.42559814453125, 1.0], [144.5702362060547, 218.46731567382812, 1.0], [243.3717498779297, 211.35340881347656, 1.0], [155.64418029785156, 204.55430603027344, 1.0], [130.82505798339844, 169.43638610839844, 1.0], [148.6121063232422, 136.31546020507812, 1.0], [228.6661376953125, 221.69984436035156, 1.0], [146.69744873046875, 229.33837890625, 1.0], [114.11426544189453, 202.24395751953125, 1.0], [131.70497131347656, 169.8436279296875, 1.0], [217.3877716064453, 224.8599853515625, 1.0], [158.327392578125, 221.57261657714844, 1.0], [144.7040252685547, 193.7682342529297, 1.0], [171.54342651367188, 165.87948608398438, 1.0]], "is_left": 0}