{"hand_pts": [[51.00639724731445, 167.6796112060547, 1.0], [86.57646942138672, 212.31475830078125, 1.0], [108.1130599975586, 258.7206726074219, 1.0], [128.64341735839844, 291.1546630859375, 1.0], [145.2938232421875, 304.4919738769531, 1.0], [183.5679473876953, 182.43882751464844, 1.0], [242.99427795410156, 187.02635192871094, 1.0], [260.0078125, 200.99554443359375, 1.0], [278.2009582519531, 212.86801147460938, 1.0], [172.72882080078125, 151.9070587158203, 1.0], [225.8455047607422, 167.22532653808594, 1.0], [216.31954956054688, 199.30776977539062, 1.0], [208.71534729003906, 229.0574493408203, 1.0], [156.77406311035156, 132.7730255126953, 1.0], [206.526611328125, 127.55221557617188, 1.0], [200.2107696533203, 151.76248168945312, 1.0], [182.33761596679688, 181.20115661621094, 1.0], [132.8462677001953, 118.14411926269531, 1.0], [164.26016235351562, 108.50360107421875, 1.0], [170.8126983642578, 122.60188293457031, 1.0], [166.2264404296875, 149.23385620117188, 1.0]], "is_left": 0,"label":5}