{"hand_pts": [[160.6404571533203, 167.8163299560547, 1.0], [164.54168701171875, 131.72128295898438, 1.0], [183.02735900878906, 85.15495300292969, 1.0], [164.74664306640625, 75.64139556884766, 1.0], [130.8072052001953, 100.13968658447266, 1.0], [241.2103729248047, 154.60923767089844, 1.0], [220.8509063720703, 149.28494262695312, 1.0], [176.43479919433594, 145.86761474609375, 1.0], [136.9106903076172, 144.85903930664062, 1.0], [237.02206420898438, 194.52392578125, 1.0], [216.3902130126953, 203.15008544921875, 1.0], [169.0056610107422, 188.31637573242188, 1.0], [155.22335815429688, 174.0067596435547, 1.0], [225.36572265625, 224.25050354003906, 1.0], [222.8282012939453, 242.7903594970703, 1.0], [185.67640686035156, 234.61212158203125, 1.0], [154.14857482910156, 214.3421630859375, 1.0], [207.6359405517578, 249.16493225097656, 1.0], [190.2740478515625, 274.7087097167969, 1.0], [158.06959533691406, 265.4371032714844, 1.0], [146.55819702148438, 236.63369750976562, 1.0]], "is_left": 0}