{"hand_pts": [[24.616119384765625, 196.75538635253906, 1.0], [75.64981079101562, 143.98126220703125, 1.0], [98.61708068847656, 85.26889038085938, 1.0], [152.8965606689453, 75.99250793457031, 1.0], [201.0102081298828, 106.35588836669922, 1.0], [121.57760620117188, 148.5016326904297, 1.0], [188.12368774414062, 134.54759216308594, 1.0], [224.7954559326172, 131.87051391601562, 1.0], [239.7447967529297, 135.88626098632812, 1.0], [126.57050323486328, 195.5715789794922, 1.0], [209.6103057861328, 193.5648956298828, 1.0], [238.04605102539062, 183.43360900878906, 1.0], [239.8461151123047, 172.56520080566406, 1.0], [132.59423828125, 231.386474609375, 1.0], [212.86492919921875, 240.9091033935547, 1.0], [238.73583984375, 231.84124755859375, 1.0], [233.84271240234375, 216.4177703857422, 1.0], [133.2213897705078, 263.2768859863281, 1.0], [187.70904541015625, 279.05889892578125, 1.0], [205.85731506347656, 268.41766357421875, 1.0], [196.3654327392578, 245.2866668701172, 1.0]], "is_left": 0}