{"hand_pts": [[251.5383758544922, 202.95652770996094, 1.0], [223.5293731689453, 150.1763458251953, 1.0], [214.5261688232422, 92.39682006835938, 1.0], [187.55296325683594, 88.46305084228516, 1.0], [162.35218811035156, 110.49372863769531, 1.0], [256.015869140625, 161.61468505859375, 1.0], [192.31268310546875, 141.1650848388672, 1.0], [147.685302734375, 130.7797393798828, 1.0], [106.01276397705078, 123.79939270019531, 1.0], [253.4825897216797, 205.18914794921875, 1.0], [180.5556182861328, 171.99197387695312, 1.0], [141.58094787597656, 150.5723419189453, 1.0], [103.00816345214844, 129.97125244140625, 1.0], [244.22711181640625, 237.53350830078125, 1.0], [170.1011962890625, 238.614501953125, 1.0], [148.62901306152344, 224.59371948242188, 1.0], [159.37722778320312, 210.8205108642578, 1.0], [233.0512237548828, 266.1046447753906, 1.0], [209.1113739013672, 281.6712951660156, 1.0], [184.66273498535156, 286.0423278808594, 1.0], [154.1755828857422, 282.6069030761719, 1.0]], "is_left": 0}