{"hand_pts": [[66.84447479248047, 293.328369140625, 1.0], [88.35737609863281, 239.00660705566406, 1.0], [94.01058959960938, 199.62017822265625, 1.0], [140.4088134765625, 172.8529510498047, 1.0], [188.74169921875, 175.1057891845703, 1.0], [103.73018646240234, 186.2369842529297, 1.0], [150.696044921875, 147.9860382080078, 1.0], [184.25616455078125, 132.52828979492188, 1.0], [216.91885375976562, 119.8217544555664, 1.0], [126.67249298095703, 208.15725708007812, 1.0], [179.1083221435547, 156.9233856201172, 1.0], [216.5628662109375, 137.5753173828125, 1.0], [244.06605529785156, 133.62074279785156, 1.0], [148.67282104492188, 227.19271850585938, 1.0], [216.7594757080078, 192.14584350585938, 1.0], [255.20254516601562, 182.03497314453125, 1.0], [264.20306396484375, 187.3173370361328, 1.0], [166.68365478515625, 249.63458251953125, 1.0], [201.70689392089844, 232.23939514160156, 1.0], [229.19117736816406, 218.49049377441406, 1.0], [260.81060791015625, 199.6547393798828, 1.0]], "is_left": 0}