{"hand_pts": [[254.68589782714844, 162.01072692871094, 1.0], [272.77423095703125, 138.9693145751953, 1.0], [289.9378662109375, 99.99346923828125, 1.0], [277.7201843261719, 95.75355529785156, 1.0], [250.82386779785156, 113.05977630615234, 1.0], [188.26974487304688, 125.54840087890625, 1.0], [190.54954528808594, 134.83175659179688, 1.0], [214.24093627929688, 153.8833770751953, 1.0], [235.55853271484375, 173.22381591796875, 1.0], [163.7055206298828, 161.14849853515625, 1.0], [173.65237426757812, 195.10365295410156, 1.0], [222.17776489257812, 212.961181640625, 1.0], [265.4029235839844, 231.54360961914062, 1.0], [152.53924560546875, 192.110107421875, 1.0], [96.9784164428711, 198.2603302001953, 1.0], [122.97355651855469, 213.5697021484375, 1.0], [151.64886474609375, 228.2064208984375, 1.0], [150.40281677246094, 221.14154052734375, 1.0], [114.23280334472656, 247.8257293701172, 1.0], [95.00653839111328, 267.2052001953125, 1.0], [93.16295623779297, 283.98638916015625, 1.0]], "is_left": 0}