{"hand_pts": [[253.77015686035156, 99.46006774902344, 1.0], [268.246337890625, 134.97402954101562, 1.0], [293.6581115722656, 174.13685607910156, 1.0], [295.3504333496094, 200.5854034423828, 1.0], [286.2213439941406, 217.80506896972656, 1.0], [206.04672241210938, 206.24844360351562, 1.0], [211.2799835205078, 211.28721618652344, 1.0], [219.20388793945312, 204.8578338623047, 1.0], [231.9223175048828, 187.30357360839844, 1.0], [174.61334228515625, 188.5931854248047, 1.0], [137.7891845703125, 244.26220703125, 1.0], [149.14866638183594, 232.14004516601562, 1.0], [168.59007263183594, 209.01783752441406, 1.0], [154.289794921875, 168.78082275390625, 1.0], [105.805908203125, 197.8295135498047, 1.0], [94.6468734741211, 200.81105041503906, 1.0], [123.37892150878906, 180.38253784179688, 1.0], [141.76365661621094, 143.78912353515625, 1.0], [136.416015625, 128.98590087890625, 1.0], [141.6025848388672, 114.18961334228516, 1.0], [159.9052734375, 95.7014389038086, 1.0]], "is_left": 0}