{"hand_pts": [[210.36627197265625, 287.9013366699219, 1.0], [227.82119750976562, 267.0466613769531, 1.0], [252.49041748046875, 273.2038879394531, 1.0], [214.27828979492188, 256.3788146972656, 1.0], [170.36741638183594, 238.2083282470703, 1.0], [241.6483917236328, 167.83433532714844, 1.0], [241.36997985839844, 140.00146484375, 1.0], [218.32728576660156, 166.66278076171875, 1.0], [193.71043395996094, 206.65582275390625, 1.0], [209.8748779296875, 161.08746337890625, 1.0], [199.1372528076172, 101.04290008544922, 1.0], [181.47084045410156, 94.63727569580078, 1.0], [165.0823516845703, 87.25457763671875, 1.0], [181.62191772460938, 162.84693908691406, 1.0], [156.56980895996094, 139.72735595703125, 1.0], [142.44924926757812, 174.85411071777344, 1.0], [141.7086639404297, 220.11671447753906, 1.0], [154.99691772460938, 173.94151306152344, 1.0], [116.43609619140625, 190.9727325439453, 1.0], [118.91700744628906, 228.198486328125, 1.0], [145.7650604248047, 248.46910095214844, 1.0]], "is_left": 0}