{"hand_pts": [[312.07427978515625, 266.155517578125, 1.0], [272.49261474609375, 277.5063781738281, 1.0], [259.0696105957031, 303.34832763671875, 1.0], [211.56211853027344, 288.18157958984375, 1.0], [167.97802734375, 250.6737060546875, 1.0], [263.2549133300781, 189.0893096923828, 1.0], [201.9655303955078, 180.49273681640625, 1.0], [156.4108123779297, 199.90859985351562, 1.0], [118.19578552246094, 225.67063903808594, 1.0], [254.7062530517578, 160.78939819335938, 1.0], [191.7182159423828, 121.00823211669922, 1.0], [139.7643585205078, 135.03411865234375, 1.0], [96.33561706542969, 163.81825256347656, 1.0], [242.90699768066406, 145.90597534179688, 1.0], [165.20968627929688, 124.21133422851562, 1.0], [130.04400634765625, 158.47776794433594, 1.0], [124.04149627685547, 203.462646484375, 1.0], [233.59962463378906, 140.93666076660156, 1.0], [178.748779296875, 122.0419692993164, 1.0], [141.69932556152344, 137.7429962158203, 1.0], [123.62672424316406, 176.32281494140625, 1.0]], "is_left": 0}