{"hand_pts": [[258.5699157714844, 193.35543823242188, 1.0], [211.17897033691406, 150.1992950439453, 1.0], [207.34371948242188, 93.78218841552734, 1.0], [185.15061950683594, 98.76644897460938, 1.0], [177.99266052246094, 145.8227081298828, 1.0], [231.1116180419922, 130.53155517578125, 1.0], [227.6378173828125, 126.1660385131836, 1.0], [200.61668395996094, 133.14712524414062, 1.0], [161.8213653564453, 146.6300048828125, 1.0], [239.97496032714844, 167.71250915527344, 1.0], [174.0261688232422, 180.6261749267578, 1.0], [125.80038452148438, 189.6386260986328, 1.0], [98.2142562866211, 193.7596893310547, 1.0], [240.24510192871094, 198.5999298095703, 1.0], [173.76332092285156, 217.80438232421875, 1.0], [132.20660400390625, 227.15220642089844, 1.0], [133.44723510742188, 220.65933227539062, 1.0], [239.02902221679688, 228.58755493164062, 1.0], [195.03955078125, 260.0472412109375, 1.0], [164.4895477294922, 281.2721252441406, 1.0], [130.77537536621094, 300.0586242675781, 1.0]], "is_left": 0}