{"hand_pts": [[77.33355712890625, 239.5140838623047, 1.0], [80.02338409423828, 211.3541717529297, 1.0], [65.55833435058594, 194.9239959716797, 1.0], [113.59387969970703, 173.51937866210938, 1.0], [160.9429931640625, 155.18299865722656, 1.0], [153.0197296142578, 233.6107940673828, 1.0], [190.04595947265625, 230.26480102539062, 1.0], [201.0989227294922, 193.343505859375, 1.0], [190.3434600830078, 164.7371063232422, 1.0], [180.921630859375, 234.24188232421875, 1.0], [209.23280334472656, 171.3499755859375, 1.0], [187.2877655029297, 133.9332733154297, 1.0], [155.58026123046875, 109.48392486572266, 1.0], [198.9383544921875, 228.82992553710938, 1.0], [236.18093872070312, 175.03561401367188, 1.0], [203.5042266845703, 153.55902099609375, 1.0], [176.3280792236328, 179.93264770507812, 1.0], [208.0126190185547, 222.10169982910156, 1.0], [254.2593994140625, 203.78895568847656, 1.0], [260.71697998046875, 174.8150634765625, 1.0], [229.03797912597656, 156.5995635986328, 1.0]], "is_left": 0}