{"hand_pts": [[297.38311767578125, 283.474853515625, 1.0], [229.47802734375, 279.802001953125, 1.0], [178.73248291015625, 298.5845031738281, 1.0], [147.15216064453125, 262.137451171875, 1.0], [168.513671875, 225.37547302246094, 1.0], [194.61862182617188, 234.71224975585938, 1.0], [150.5539093017578, 211.7921600341797, 1.0], [132.3488006591797, 203.35411071777344, 1.0], [132.4069061279297, 205.77987670898438, 1.0], [222.23193359375, 206.71905517578125, 1.0], [179.11500549316406, 150.76669311523438, 1.0], [155.01722717285156, 127.6623764038086, 1.0], [142.0841827392578, 126.71570587158203, 1.0], [242.60601806640625, 185.7689666748047, 1.0], [190.05355834960938, 157.84678649902344, 1.0], [164.52224731445312, 149.44927978515625, 1.0], [171.67031860351562, 174.18971252441406, 1.0], [264.4853210449219, 171.5741424560547, 1.0], [236.329833984375, 134.523681640625, 1.0], [213.7282257080078, 111.85531616210938, 1.0], [187.3797607421875, 92.3149185180664, 1.0]], "is_left": 0}