{"hand_pts": [[295.1424560546875, 138.5032196044922, 1.0], [252.42237854003906, 110.20268249511719, 1.0], [217.60577392578125, 73.38243103027344, 1.0], [188.90255737304688, 75.28437042236328, 1.0], [172.38107299804688, 100.82272338867188, 1.0], [170.42271423339844, 156.1695556640625, 1.0], [131.5618133544922, 154.66619873046875, 1.0], [108.8614273071289, 153.91648864746094, 1.0], [105.21170043945312, 148.59848022460938, 1.0], [188.2073211669922, 192.6593475341797, 1.0], [125.73771667480469, 224.36888122558594, 1.0], [111.44493103027344, 225.27586364746094, 1.0], [95.63887023925781, 227.80508422851562, 1.0], [207.91896057128906, 217.68565368652344, 1.0], [183.43014526367188, 236.80982971191406, 1.0], [179.5577392578125, 238.73300170898438, 1.0], [196.67994689941406, 219.45681762695312, 1.0], [233.71958923339844, 236.04405212402344, 1.0], [258.9204406738281, 247.1572723388672, 1.0], [284.2923278808594, 224.1487274169922, 1.0], [309.67620849609375, 198.00759887695312, 1.0]], "is_left": 0}