{"hand_pts": [[114.54725646972656, 235.6426239013672, 1.0], [166.78253173828125, 246.27606201171875, 1.0], [211.38992309570312, 279.8174133300781, 1.0], [242.27340698242188, 303.7842102050781, 1.0], [220.5146484375, 288.7926940917969, 1.0], [217.18682861328125, 178.46617126464844, 1.0], [243.83583068847656, 194.5026092529297, 1.0], [237.2114715576172, 220.9592742919922, 1.0], [235.82638549804688, 242.7799530029297, 1.0], [184.6941680908203, 155.3430938720703, 1.0], [195.1385498046875, 127.42808532714844, 1.0], [198.3816680908203, 120.45256805419922, 1.0], [188.10791015625, 149.39842224121094, 1.0], [155.77496337890625, 142.6306610107422, 1.0], [146.46031188964844, 158.83851623535156, 1.0], [132.2774200439453, 191.21542358398438, 1.0], [121.8498306274414, 218.16036987304688, 1.0], [124.36550903320312, 137.5275421142578, 1.0], [138.8871612548828, 102.32658386230469, 1.0], [150.64178466796875, 97.28386688232422, 1.0], [154.08399963378906, 128.05035400390625, 1.0]], "is_left": 0}