{"hand_pts": [[164.14039611816406, 37.9317512512207, 1.0], [151.66310119628906, 85.36322784423828, 1.0], [129.12939453125, 118.23735046386719, 1.0], [151.00540161132812, 161.5496826171875, 1.0], [182.0591583251953, 164.55902099609375, 1.0], [139.98797607421875, 164.18905639648438, 1.0], [143.84219360351562, 225.39637756347656, 1.0], [152.67478942871094, 265.72314453125, 1.0], [173.19345092773438, 293.8592224121094, 1.0], [163.45787048339844, 157.91317749023438, 1.0], [158.19949340820312, 231.2843780517578, 1.0], [175.67796325683594, 244.74249267578125, 1.0], [188.3173370361328, 218.24899291992188, 1.0], [184.06044006347656, 150.52041625976562, 1.0], [208.64138793945312, 213.3602294921875, 1.0], [225.40267944335938, 219.4044189453125, 1.0], [243.02870178222656, 227.48561096191406, 1.0], [203.2825164794922, 136.41592407226562, 1.0], [238.44442749023438, 149.47439575195312, 1.0], [236.87542724609375, 129.62750244140625, 1.0], [232.94801330566406, 108.90689086914062, 1.0]], "is_left": 0}