{"hand_pts": [[255.75648498535156, 304.7616882324219, 1.0], [179.70484924316406, 277.9612731933594, 1.0], [116.10154724121094, 270.96453857421875, 1.0], [92.93169403076172, 232.95626831054688, 1.0], [101.95008850097656, 202.2124786376953, 1.0], [176.84446716308594, 222.99563598632812, 1.0], [155.20684814453125, 178.21878051757812, 1.0], [128.82437133789062, 161.52040100097656, 1.0], [118.9828109741211, 168.9217987060547, 1.0], [217.82984924316406, 215.31309509277344, 1.0], [208.2818145751953, 157.7183074951172, 1.0], [170.6055450439453, 140.39968872070312, 1.0], [143.9204864501953, 156.3627471923828, 1.0], [245.2733154296875, 210.72073364257812, 1.0], [241.1397705078125, 163.16323852539062, 1.0], [225.1129913330078, 132.7415008544922, 1.0], [208.17889404296875, 102.76802825927734, 1.0], [270.1685791015625, 212.0138702392578, 1.0], [256.5567932128906, 176.77171325683594, 1.0], [229.11068725585938, 163.6072235107422, 1.0], [195.07113647460938, 158.7191619873047, 1.0]], "is_left": 0}