{"hand_pts": [[150.8717041015625, 130.58912658691406, 1.0], [141.75015258789062, 186.22378540039062, 1.0], [122.2872085571289, 229.96575927734375, 1.0], [146.01431274414062, 217.45484924316406, 1.0], [171.72454833984375, 179.78533935546875, 1.0], [118.91272735595703, 149.05702209472656, 1.0], [142.9918670654297, 215.80450439453125, 1.0], [161.3849334716797, 258.4596862792969, 1.0], [181.744140625, 292.6355285644531, 1.0], [144.19635009765625, 120.79396057128906, 1.0], [180.81192016601562, 197.7696075439453, 1.0], [201.9979248046875, 245.83541870117188, 1.0], [221.18299865722656, 288.3464050292969, 1.0], [168.9075164794922, 105.44540405273438, 1.0], [224.5561981201172, 138.3121337890625, 1.0], [235.02542114257812, 168.66836547851562, 1.0], [224.46937561035156, 182.54737854003906, 1.0], [193.5635528564453, 94.49925994873047, 1.0], [223.75038146972656, 107.6678466796875, 1.0], [237.59913635253906, 144.59796142578125, 1.0], [225.9741668701172, 161.61981201171875, 1.0]], "is_left": 0}