{"hand_pts": [[298.2704162597656, 156.5752716064453, 1.0], [216.26882934570312, 149.1577911376953, 1.0], [147.0499267578125, 138.53565979003906, 1.0], [107.666015625, 122.4085693359375, 1.0], [131.70375061035156, 117.2528076171875, 1.0], [165.16659545898438, 240.67050170898438, 1.0], [113.95379638671875, 218.71827697753906, 1.0], [114.13507843017578, 171.85177612304688, 1.0], [138.54095458984375, 131.09422302246094, 1.0], [204.24635314941406, 252.35952758789062, 1.0], [156.22317504882812, 229.48960876464844, 1.0], [151.15440368652344, 174.20562744140625, 1.0], [164.2389678955078, 126.76832580566406, 1.0], [235.43466186523438, 252.31259155273438, 1.0], [205.5789794921875, 230.45071411132812, 1.0], [202.82508850097656, 181.24366760253906, 1.0], [212.84486389160156, 146.5696258544922, 1.0], [269.0830993652344, 243.58726501464844, 1.0], [259.2630920410156, 222.22891235351562, 1.0], [254.5081329345703, 181.09564208984375, 1.0], [254.43936157226562, 155.36155700683594, 1.0]], "is_left": 0}