{"hand_pts": [[251.721923828125, 272.22784423828125, 1.0], [260.8450012207031, 263.596435546875, 1.0], [302.4634094238281, 232.4705810546875, 1.0], [279.6859436035156, 213.6739501953125, 1.0], [237.09521484375, 210.53369140625, 1.0], [236.74734497070312, 188.6171112060547, 1.0], [231.2989959716797, 145.8922576904297, 1.0], [213.89828491210938, 142.76925659179688, 1.0], [193.95303344726562, 173.36061096191406, 1.0], [204.8000946044922, 189.666259765625, 1.0], [175.40365600585938, 160.2479705810547, 1.0], [157.663330078125, 160.6851348876953, 1.0], [155.46316528320312, 197.0768280029297, 1.0], [179.49400329589844, 197.42324829101562, 1.0], [147.3271484375, 149.52691650390625, 1.0], [126.67898559570312, 139.5403289794922, 1.0], [107.67906951904297, 135.58045959472656, 1.0], [159.23126220703125, 211.39215087890625, 1.0], [125.04965209960938, 202.3994598388672, 1.0], [102.1423110961914, 200.1790008544922, 1.0], [102.48754119873047, 223.04254150390625, 1.0]], "is_left": 0}