{"hand_pts": [[107.03741455078125, 126.7049560546875, 1.0], [99.1642837524414, 190.18849182128906, 1.0], [85.04782104492188, 254.12254333496094, 1.0], [113.626220703125, 277.4361572265625, 1.0], [157.45828247070312, 272.2756042480469, 1.0], [220.25115966796875, 242.6588134765625, 1.0], [233.59747314453125, 251.24044799804688, 1.0], [182.98509216308594, 223.0703125, 1.0], [129.37203979492188, 191.19076538085938, 1.0], [244.8340606689453, 193.56614685058594, 1.0], [241.95980834960938, 228.69808959960938, 1.0], [177.06796264648438, 220.99652099609375, 1.0], [113.18993377685547, 199.60934448242188, 1.0], [253.33013916015625, 151.3210906982422, 1.0], [233.01675415039062, 138.49075317382812, 1.0], [205.60643005371094, 127.73987579345703, 1.0], [155.83840942382812, 115.51649475097656, 1.0], [249.1278076171875, 108.18470764160156, 1.0], [239.34646606445312, 90.86280059814453, 1.0], [186.91156005859375, 88.55847930908203, 1.0], [132.95591735839844, 91.32347106933594, 1.0]], "is_left": 0}