{"hand_pts": [[66.81364440917969, 271.8592529296875, 1.0], [122.912109375, 281.6647644042969, 1.0], [170.631591796875, 305.3341979980469, 1.0], [204.438720703125, 295.63372802734375, 1.0], [232.16183471679688, 279.87640380859375, 1.0], [182.0944061279297, 224.36605834960938, 1.0], [235.51995849609375, 204.0089874267578, 1.0], [253.56211853027344, 193.18565368652344, 1.0], [269.7842102050781, 181.70985412597656, 1.0], [153.40647888183594, 192.7935028076172, 1.0], [200.73388671875, 159.03102111816406, 1.0], [214.635009765625, 156.33985900878906, 1.0], [216.8137969970703, 164.8395233154297, 1.0], [127.5739517211914, 171.02935791015625, 1.0], [178.62069702148438, 130.53335571289062, 1.0], [192.38690185546875, 127.43745422363281, 1.0], [198.3090362548828, 132.4814910888672, 1.0], [98.12713623046875, 156.71604919433594, 1.0], [121.0824203491211, 122.4008560180664, 1.0], [136.4762420654297, 105.4312744140625, 1.0], [149.8013458251953, 104.68086242675781, 1.0]], "is_left": 0,"label":5}