{"hand_pts": [[340.1517639160156, 212.9836883544922, 1.0], [293.43072509765625, 228.77664184570312, 1.0], [275.62738037109375, 256.2012634277344, 1.0], [232.1527099609375, 274.6608581542969, 1.0], [186.61131286621094, 274.5888366699219, 1.0], [238.9908905029297, 176.0496826171875, 1.0], [175.67324829101562, 173.22044372558594, 1.0], [134.96337890625, 177.33009338378906, 1.0], [112.32506561279297, 199.43380737304688, 1.0], [233.2040557861328, 161.73377990722656, 1.0], [167.0941619873047, 148.18936157226562, 1.0], [124.69807434082031, 157.81915283203125, 1.0], [93.94964599609375, 180.943115234375, 1.0], [227.95872497558594, 156.28903198242188, 1.0], [167.41590881347656, 125.35436248779297, 1.0], [128.62045288085938, 135.57896423339844, 1.0], [95.39292907714844, 151.701171875, 1.0], [228.68446350097656, 156.19851684570312, 1.0], [180.4201202392578, 163.94631958007812, 1.0], [176.69003295898438, 189.6416778564453, 1.0], [211.5442657470703, 197.19313049316406, 1.0]], "is_left": 0}