{"hand_pts": [[16.00132942199707, 90.406494140625, 1.0], [90.46163940429688, 89.85405731201172, 1.0], [132.93861389160156, 71.46409606933594, 1.0], [180.51605224609375, 79.09648895263672, 1.0], [224.541015625, 105.59715270996094, 1.0], [163.4886016845703, 148.11346435546875, 1.0], [211.46563720703125, 168.19911193847656, 1.0], [234.89710998535156, 177.75682067871094, 1.0], [237.27882385253906, 176.354736328125, 1.0], [150.794189453125, 177.8749542236328, 1.0], [213.42431640625, 214.91815185546875, 1.0], [239.92591857910156, 225.36837768554688, 1.0], [229.42556762695312, 205.7389678955078, 1.0], [140.41046142578125, 198.5592041015625, 1.0], [179.2406463623047, 227.48611450195312, 1.0], [153.7019500732422, 200.9680938720703, 1.0], [132.41896057128906, 178.5118408203125, 1.0], [123.84574890136719, 211.65699768066406, 1.0], [162.76426696777344, 252.93710327148438, 1.0], [197.74838256835938, 267.457763671875, 1.0], [231.1887664794922, 273.2098693847656, 1.0]], "is_left": 0}