{"hand_pts": [[75.21118927001953, 327.00262451171875, 1.0], [98.99959564208984, 257.987548828125, 1.0], [105.28736114501953, 203.730712890625, 1.0], [142.7669219970703, 162.95989990234375, 1.0], [184.0489501953125, 140.2043914794922, 1.0], [119.28661346435547, 185.36070251464844, 1.0], [157.6203155517578, 125.37155151367188, 1.0], [189.83526611328125, 112.88807678222656, 1.0], [216.50022888183594, 118.08773803710938, 1.0], [134.53367614746094, 212.73350524902344, 1.0], [189.60592651367188, 150.25978088378906, 1.0], [224.0380859375, 136.5813446044922, 1.0], [241.6807098388672, 143.36831665039062, 1.0], [149.39328002929688, 237.0635986328125, 1.0], [211.19247436523438, 189.17872619628906, 1.0], [238.1157989501953, 184.43222045898438, 1.0], [250.3188018798828, 191.36978149414062, 1.0], [160.5813751220703, 266.428466796875, 1.0], [202.77052307128906, 237.4847412109375, 1.0], [228.68002319335938, 223.18209838867188, 1.0], [235.88720703125, 220.9912109375, 1.0]], "is_left": 0}