{"hand_pts": [[75.61034393310547, 59.07632064819336, 1.0], [78.63094329833984, 113.86087799072266, 1.0], [74.88565063476562, 157.22860717773438, 1.0], [109.37644958496094, 193.04434204101562, 1.0], [152.79661560058594, 213.10572814941406, 1.0], [177.3533935546875, 153.63348388671875, 1.0], [201.6507110595703, 198.77780151367188, 1.0], [214.01596069335938, 228.14231872558594, 1.0], [191.6033477783203, 248.0391082763672, 1.0], [195.21124267578125, 144.6121368408203, 1.0], [251.57562255859375, 190.9846954345703, 1.0], [234.6179962158203, 220.85572814941406, 1.0], [196.15284729003906, 235.73887634277344, 1.0], [201.7786865234375, 138.48715209960938, 1.0], [250.87557983398438, 181.51927185058594, 1.0], [244.57469177246094, 209.65211486816406, 1.0], [201.51025390625, 211.94696044921875, 1.0], [198.72714233398438, 128.6780548095703, 1.0], [194.3935546875, 161.4890594482422, 1.0], [156.0882568359375, 161.67259216308594, 1.0], [114.22090148925781, 157.6057891845703, 1.0]], "is_left": 0,"label":4}