{"hand_pts": [[14.359874725341797, 222.23275756835938, 1.0], [92.99063110351562, 230.00531005859375, 1.0], [145.7606201171875, 238.30142211914062, 1.0], [202.44068908691406, 244.90476989746094, 1.0], [229.70594787597656, 246.11781311035156, 1.0], [155.73318481445312, 140.87608337402344, 1.0], [226.2188720703125, 151.2896728515625, 1.0], [241.1503448486328, 193.4368438720703, 1.0], [225.77992248535156, 235.44256591796875, 1.0], [135.84059143066406, 128.25119018554688, 1.0], [216.3935546875, 135.23199462890625, 1.0], [235.53256225585938, 185.6343231201172, 1.0], [227.6145782470703, 236.28404235839844, 1.0], [120.53704833984375, 127.25953674316406, 1.0], [191.51596069335938, 128.43601989746094, 1.0], [210.60360717773438, 172.18482971191406, 1.0], [201.6549530029297, 217.74217224121094, 1.0], [100.05455017089844, 134.8466033935547, 1.0], [140.66171264648438, 143.16506958007812, 1.0], [158.81820678710938, 178.3125, 1.0], [157.02870178222656, 217.7421875, 1.0]], "is_left": 0}