{"hand_pts": [[37.633602142333984, 172.38136291503906, 1.0], [96.13072204589844, 136.2392578125, 1.0], [130.17431640625, 85.50293731689453, 1.0], [177.49191284179688, 65.47117614746094, 1.0], [217.79769897460938, 76.25389862060547, 1.0], [144.9042510986328, 166.7471923828125, 1.0], [208.4926300048828, 166.26995849609375, 1.0], [237.61509704589844, 157.57440185546875, 1.0], [230.43185424804688, 149.297607421875, 1.0], [137.487548828125, 201.5109405517578, 1.0], [189.50143432617188, 211.85043334960938, 1.0], [235.1608123779297, 207.73004150390625, 1.0], [260.9962158203125, 188.1558074951172, 1.0], [132.9766845703125, 225.23471069335938, 1.0], [188.94581604003906, 218.04168701171875, 1.0], [200.94215393066406, 202.81822204589844, 1.0], [184.7589569091797, 181.5769805908203, 1.0], [123.89813232421875, 243.62405395507812, 1.0], [162.45635986328125, 263.71697998046875, 1.0], [194.90679931640625, 269.49542236328125, 1.0], [231.2197723388672, 263.9886474609375, 1.0]], "is_left": 0}