{"hand_pts": [[301.1067199707031, 132.5146942138672, 1.0], [242.61961364746094, 104.95802307128906, 1.0], [229.4434051513672, 69.42166137695312, 1.0], [199.52635192871094, 68.22476959228516, 1.0], [171.23373413085938, 105.46383666992188, 1.0], [221.58421325683594, 146.31362915039062, 1.0], [192.31080627441406, 160.12147521972656, 1.0], [161.6239776611328, 169.46664428710938, 1.0], [126.84317779541016, 178.6602325439453, 1.0], [229.85325622558594, 183.3153076171875, 1.0], [201.65614318847656, 231.1753387451172, 1.0], [162.1905517578125, 249.4862823486328, 1.0], [132.49681091308594, 271.4620666503906, 1.0], [232.50674438476562, 209.61038208007812, 1.0], [164.3932647705078, 234.68199157714844, 1.0], [131.81101989746094, 221.026123046875, 1.0], [110.50155639648438, 200.32850646972656, 1.0], [237.34828186035156, 229.78042602539062, 1.0], [188.63323974609375, 230.8289337158203, 1.0], [165.12112426757812, 216.60610961914062, 1.0], [155.97509765625, 191.15350341796875, 1.0]], "is_left": 0}