{"hand_pts": [[316.78997802734375, 200.7138671875, 1.0], [297.1745300292969, 224.33657836914062, 1.0], [301.634033203125, 262.6752014160156, 1.0], [274.72064208984375, 255.89414978027344, 1.0], [238.09335327148438, 216.08326721191406, 1.0], [200.11598205566406, 247.72340393066406, 1.0], [160.96340942382812, 235.16949462890625, 1.0], [169.25291442871094, 209.4035186767578, 1.0], [193.03541564941406, 183.28042602539062, 1.0], [179.8355712890625, 215.14784240722656, 1.0], [128.66336059570312, 191.11338806152344, 1.0], [150.01492309570312, 169.3869171142578, 1.0], [192.3896026611328, 157.8413543701172, 1.0], [169.33511352539062, 185.19219970703125, 1.0], [110.95332336425781, 153.98155212402344, 1.0], [130.2608642578125, 134.9886474609375, 1.0], [170.57470703125, 128.88479614257812, 1.0], [169.37586975097656, 155.51437377929688, 1.0], [133.51248168945312, 123.23567962646484, 1.0], [146.95553588867188, 109.42395782470703, 1.0], [186.1670684814453, 115.70880889892578, 1.0]], "is_left": 0}