{"hand_pts": [[331.2441101074219, 216.7735595703125, 1.0], [271.0116271972656, 245.71945190429688, 1.0], [229.96481323242188, 281.1927490234375, 1.0], [183.43215942382812, 282.3600769042969, 1.0], [160.33279418945312, 245.04405212402344, 1.0], [219.92604064941406, 214.03526306152344, 1.0], [162.47000122070312, 198.29632568359375, 1.0], [123.3163833618164, 189.03790283203125, 1.0], [87.97409057617188, 181.9039764404297, 1.0], [229.7480926513672, 178.60049438476562, 1.0], [155.58303833007812, 178.75502014160156, 1.0], [149.2344207763672, 198.42393493652344, 1.0], [146.28831481933594, 216.5476531982422, 1.0], [236.61505126953125, 153.5228729248047, 1.0], [169.65823364257812, 132.71987915039062, 1.0], [158.26966857910156, 150.16787719726562, 1.0], [143.30258178710938, 164.2220458984375, 1.0], [248.0676727294922, 134.173583984375, 1.0], [217.19190979003906, 113.94255828857422, 1.0], [198.49957275390625, 106.47718048095703, 1.0], [191.29666137695312, 121.413818359375, 1.0]], "is_left": 0}