{"hand_pts": [[190.3294677734375, 32.44160842895508, 1.0], [177.26416015625, 72.82514953613281, 1.0], [173.22824096679688, 80.49669647216797, 1.0], [202.4285125732422, 124.38584899902344, 1.0], [233.5973663330078, 159.08465576171875, 1.0], [104.3952865600586, 138.9339599609375, 1.0], [135.9757843017578, 198.0035858154297, 1.0], [174.76971435546875, 225.09617614746094, 1.0], [220.37037658691406, 231.96568298339844, 1.0], [124.97402954101562, 149.90689086914062, 1.0], [188.00112915039062, 212.6935577392578, 1.0], [238.3827362060547, 224.9012908935547, 1.0], [257.008544921875, 190.67520141601562, 1.0], [149.1142120361328, 157.91932678222656, 1.0], [114.52867126464844, 215.7189178466797, 1.0], [125.75187683105469, 251.0989227294922, 1.0], [161.79507446289062, 252.17665100097656, 1.0], [176.88319396972656, 158.6073455810547, 1.0], [207.84152221679688, 199.9250030517578, 1.0], [236.6107940673828, 202.95028686523438, 1.0], [256.5978088378906, 184.73606872558594, 1.0]], "is_left": 0}