{"hand_pts": [[224.61207580566406, 199.74440002441406, 1.0], [221.6925048828125, 241.07461547851562, 1.0], [197.84336853027344, 294.60247802734375, 1.0], [205.33712768554688, 292.6187438964844, 1.0], [225.92755126953125, 260.25445556640625, 1.0], [136.19598388671875, 219.64227294921875, 1.0], [167.3213348388672, 240.324462890625, 1.0], [211.8213348388672, 250.50347900390625, 1.0], [257.24700927734375, 255.31300354003906, 1.0], [137.41427612304688, 175.9534454345703, 1.0], [106.56829833984375, 159.73056030273438, 1.0], [145.30899047851562, 166.93325805664062, 1.0], [190.7808074951172, 183.3509063720703, 1.0], [147.4645538330078, 143.0733184814453, 1.0], [134.65940856933594, 107.9549560546875, 1.0], [170.8960418701172, 111.98585510253906, 1.0], [209.5769500732422, 120.68751525878906, 1.0], [164.64109802246094, 114.99349212646484, 1.0], [191.83447265625, 96.8111801147461, 1.0], [228.94509887695312, 111.04411315917969, 1.0], [263.3602294921875, 135.14447021484375, 1.0]], "is_left": 0}