{"hand_pts": [[305.96441650390625, 208.71531677246094, 1.0], [237.3631134033203, 227.75778198242188, 1.0], [178.21730041503906, 216.8723907470703, 1.0], [138.37161254882812, 222.96360778808594, 1.0], [111.17584991455078, 231.09207153320312, 1.0], [175.41587829589844, 166.44480895996094, 1.0], [135.8067626953125, 130.36849975585938, 1.0], [111.21388244628906, 109.5702133178711, 1.0], [90.00338745117188, 109.30059051513672, 1.0], [204.1804962158203, 157.29139709472656, 1.0], [148.61871337890625, 141.71484375, 1.0], [150.46498107910156, 188.17062377929688, 1.0], [178.67922973632812, 204.50547790527344, 1.0], [228.48536682128906, 157.8214569091797, 1.0], [177.5028533935547, 166.33956909179688, 1.0], [181.21343994140625, 207.056640625, 1.0], [188.1204071044922, 245.6543426513672, 1.0], [256.4971618652344, 163.84738159179688, 1.0], [259.0411376953125, 191.35496520996094, 1.0], [264.98565673828125, 223.47366333007812, 1.0], [266.3800354003906, 229.79615783691406, 1.0]], "is_left": 0}