{"hand_pts": [[111.3147964477539, 325.859375, 1.0], [94.11168670654297, 259.8025207519531, 1.0], [66.04409790039062, 213.33233642578125, 1.0], [97.7588119506836, 171.04385375976562, 1.0], [148.64784240722656, 169.50274658203125, 1.0], [137.013916015625, 201.14039611816406, 1.0], [156.91050720214844, 151.6590118408203, 1.0], [167.36094665527344, 127.0642318725586, 1.0], [174.73968505859375, 111.75208282470703, 1.0], [173.9522247314453, 216.38819885253906, 1.0], [220.26426696777344, 156.74473571777344, 1.0], [241.35861206054688, 114.58015441894531, 1.0], [244.4520263671875, 84.50440979003906, 1.0], [200.75228881835938, 228.32688903808594, 1.0], [223.40025329589844, 190.46267700195312, 1.0], [215.5298309326172, 190.869384765625, 1.0], [186.15402221679688, 216.4044952392578, 1.0], [220.66001892089844, 244.9529571533203, 1.0], [239.5746307373047, 222.97018432617188, 1.0], [232.81112670898438, 220.7493133544922, 1.0], [200.0897979736328, 241.1858673095703, 1.0]], "is_left": 0}