{"hand_pts": [[96.74635314941406, 277.9027404785156, 1.0], [86.60205078125, 234.2610321044922, 1.0], [58.6873664855957, 201.16864013671875, 1.0], [82.29258728027344, 181.7364044189453, 1.0], [118.2030029296875, 172.54046630859375, 1.0], [139.33743286132812, 145.74020385742188, 1.0], [171.2078857421875, 127.97329711914062, 1.0], [187.27947998046875, 131.22474670410156, 1.0], [195.34974670410156, 150.53187561035156, 1.0], [172.90304565429688, 163.08558654785156, 1.0], [201.69960021972656, 182.60952758789062, 1.0], [201.4327392578125, 212.62286376953125, 1.0], [179.03688049316406, 250.80810546875, 1.0], [196.7526092529297, 183.24810791015625, 1.0], [241.8123321533203, 153.2379913330078, 1.0], [244.7034149169922, 164.1206512451172, 1.0], [242.31716918945312, 178.89768981933594, 1.0], [213.27529907226562, 210.14260864257812, 1.0], [255.9242706298828, 207.25050354003906, 1.0], [255.47421264648438, 219.6322021484375, 1.0], [226.14456176757812, 234.1519775390625, 1.0]], "is_left": 0}