{"hand_pts": [[77.3168716430664, 76.79377746582031, 1.0], [148.40940856933594, 87.01386260986328, 1.0], [211.58570861816406, 99.97838592529297, 1.0], [224.30751037597656, 120.9738540649414, 1.0], [231.87548828125, 139.46145629882812, 1.0], [198.02748107910156, 187.95216369628906, 1.0], [239.34510803222656, 208.07485961914062, 1.0], [257.29522705078125, 205.23707580566406, 1.0], [268.45159912109375, 194.72105407714844, 1.0], [161.20468139648438, 200.2440185546875, 1.0], [209.1543426513672, 252.13523864746094, 1.0], [233.47232055664062, 251.99647521972656, 1.0], [245.26576232910156, 226.2662811279297, 1.0], [130.8026885986328, 201.9474334716797, 1.0], [142.95606994628906, 170.0365753173828, 1.0], [126.07869720458984, 132.30308532714844, 1.0], [109.59297943115234, 98.03057098388672, 1.0], [98.19081115722656, 193.98233032226562, 1.0], [120.28421020507812, 228.4613800048828, 1.0], [138.4100341796875, 235.22808837890625, 1.0], [143.39279174804688, 197.5586700439453, 1.0]], "is_left": 0}