{"hand_pts": [[215.8501739501953, 63.44779586791992, 1.0], [192.20053100585938, 99.3218994140625, 1.0], [194.78440856933594, 118.27861022949219, 1.0], [188.89971923828125, 138.85231018066406, 1.0], [162.33059692382812, 164.59970092773438, 1.0], [229.25621032714844, 180.81321716308594, 1.0], [177.59498596191406, 199.83506774902344, 1.0], [151.88671875, 170.1561279296875, 1.0], [143.6128387451172, 136.3052215576172, 1.0], [231.7545623779297, 186.06134033203125, 1.0], [225.1695098876953, 248.80921936035156, 1.0], [208.00181579589844, 280.3949279785156, 1.0], [188.27462768554688, 306.90203857421875, 1.0], [227.09165954589844, 186.40403747558594, 1.0], [171.2832794189453, 216.157470703125, 1.0], [135.00013732910156, 196.44793701171875, 1.0], [129.7581787109375, 159.6080780029297, 1.0], [219.3972625732422, 178.61270141601562, 1.0], [176.15509033203125, 191.3183135986328, 1.0], [154.59532165527344, 166.0142059326172, 1.0], [177.09515380859375, 143.76512145996094, 1.0]], "is_left": 0}