{"hand_pts": [[52.5443115234375, 188.01145935058594, 1.0], [73.70426177978516, 178.81886291503906, 1.0], [68.1567153930664, 168.50604248046875, 1.0], [97.97137451171875, 149.73866271972656, 1.0], [126.32892608642578, 136.04254150390625, 1.0], [153.98828125, 204.6248321533203, 1.0], [200.11647033691406, 218.1721649169922, 1.0], [225.641357421875, 210.95004272460938, 1.0], [232.78538513183594, 191.09317016601562, 1.0], [165.64450073242188, 202.8997344970703, 1.0], [223.19764709472656, 205.53793334960938, 1.0], [228.36514282226562, 184.01344299316406, 1.0], [201.3877410888672, 163.1538848876953, 1.0], [170.5406036376953, 197.5987548828125, 1.0], [231.90789794921875, 207.55093383789062, 1.0], [261.8690490722656, 202.24891662597656, 1.0], [272.7275695800781, 186.47357177734375, 1.0], [167.52398681640625, 190.62750244140625, 1.0], [195.19688415527344, 174.96002197265625, 1.0], [196.92526245117188, 157.13296508789062, 1.0], [170.65916442871094, 147.3197784423828, 1.0]], "is_left": 0}