{"hand_pts": [[210.22824096679688, 262.14459228515625, 1.0], [160.25608825683594, 264.6629333496094, 1.0], [100.1132583618164, 275.82470703125, 1.0], [61.08698654174805, 248.6641082763672, 1.0], [54.61030960083008, 201.80665588378906, 1.0], [196.20834350585938, 247.6238555908203, 1.0], [197.57888793945312, 239.2948760986328, 1.0], [185.88241577148438, 222.10952758789062, 1.0], [176.13107299804688, 204.82830810546875, 1.0], [223.14410400390625, 216.7516326904297, 1.0], [241.92796325683594, 188.87615966796875, 1.0], [234.47132873535156, 164.81834411621094, 1.0], [219.09898376464844, 140.30287170410156, 1.0], [237.56568908691406, 190.61036682128906, 1.0], [211.6876983642578, 136.50502014160156, 1.0], [181.70977783203125, 107.15082550048828, 1.0], [144.5847625732422, 84.61882019042969, 1.0], [247.3957977294922, 168.86660766601562, 1.0], [227.82049560546875, 118.80048370361328, 1.0], [198.84088134765625, 123.84354400634766, 1.0], [172.38082885742188, 143.74949645996094, 1.0]], "is_left": 0}