{"hand_pts": [[145.04415893554688, 245.5036163330078, 1.0], [114.1854019165039, 193.3524627685547, 1.0], [60.49015426635742, 161.04251098632812, 1.0], [75.81614685058594, 180.809326171875, 1.0], [124.10494995117188, 214.28746032714844, 1.0], [180.44448852539062, 128.26820373535156, 1.0], [136.60482788085938, 120.92053985595703, 1.0], [100.52896118164062, 138.55276489257812, 1.0], [68.36502075195312, 149.47573852539062, 1.0], [217.24668884277344, 162.70814514160156, 1.0], [227.9402618408203, 136.45211791992188, 1.0], [224.0660858154297, 126.46186065673828, 1.0], [226.563232421875, 113.28811645507812, 1.0], [239.98094177246094, 194.70346069335938, 1.0], [230.27554321289062, 211.63784790039062, 1.0], [206.9326171875, 231.04176330566406, 1.0], [187.9706268310547, 248.46055603027344, 1.0], [254.41883850097656, 229.8704376220703, 1.0], [258.41827392578125, 240.17706298828125, 1.0], [257.1770324707031, 248.8612518310547, 1.0], [252.6081085205078, 256.674560546875, 1.0]], "is_left": 0}