{"hand_pts": [[270.6307678222656, 152.94252014160156, 1.0], [212.47743225097656, 194.04530334472656, 1.0], [181.2857666015625, 249.83978271484375, 1.0], [168.63259887695312, 281.67578125, 1.0], [181.39573669433594, 269.5712890625, 1.0], [146.57022094726562, 146.0440216064453, 1.0], [103.66087341308594, 172.50437927246094, 1.0], [82.16785430908203, 195.1122589111328, 1.0], [96.26045989990234, 233.0245361328125, 1.0], [178.41880798339844, 125.33558654785156, 1.0], [128.3773651123047, 102.3542251586914, 1.0], [124.4658432006836, 142.90672302246094, 1.0], [129.7778778076172, 186.6500244140625, 1.0], [207.3806915283203, 116.5878677368164, 1.0], [224.57872009277344, 172.23289489746094, 1.0], [240.1552734375, 209.2774658203125, 1.0], [257.2262268066406, 246.9515380859375, 1.0], [239.94744873046875, 112.88106536865234, 1.0], [256.4943542480469, 137.6985626220703, 1.0], [269.550048828125, 172.02957153320312, 1.0], [274.59893798828125, 200.2596435546875, 1.0]], "is_left": 0}