{"hand_pts": [[288.6463928222656, 217.3983917236328, 1.0], [268.40185546875, 183.169921875, 1.0], [274.0960388183594, 149.81893920898438, 1.0], [273.40948486328125, 124.780029296875, 1.0], [252.3582000732422, 136.36636352539062, 1.0], [170.7048797607422, 156.51943969726562, 1.0], [164.2890167236328, 154.84754943847656, 1.0], [199.35308837890625, 168.7579345703125, 1.0], [237.84408569335938, 184.3475341796875, 1.0], [157.77102661132812, 181.10292053222656, 1.0], [146.12867736816406, 185.00352478027344, 1.0], [195.0831298828125, 194.8915252685547, 1.0], [223.2057647705078, 195.45799255371094, 1.0], [153.82254028320312, 202.10255432128906, 1.0], [75.8867416381836, 184.54458618164062, 1.0], [95.28874969482422, 185.5577392578125, 1.0], [131.63934326171875, 190.06658935546875, 1.0], [159.96597290039062, 223.6889190673828, 1.0], [141.52772521972656, 228.3736114501953, 1.0], [160.0533905029297, 230.27005004882812, 1.0], [196.33578491210938, 228.8315887451172, 1.0]], "is_left": 0}