{"hand_pts": [[176.0017547607422, 169.27523803710938, 1.0], [197.01429748535156, 224.74717712402344, 1.0], [262.36114501953125, 261.0551452636719, 1.0], [271.8995361328125, 260.1831970214844, 1.0], [224.48130798339844, 228.90699768066406, 1.0], [262.6589660644531, 179.01177978515625, 1.0], [232.09613037109375, 231.37615966796875, 1.0], [190.91986083984375, 253.7555389404297, 1.0], [152.069091796875, 271.5992736816406, 1.0], [235.41822814941406, 134.07614135742188, 1.0], [184.36563110351562, 158.8408660888672, 1.0], [142.60678100585938, 197.50213623046875, 1.0], [130.93325805664062, 220.1145782470703, 1.0], [206.3893280029297, 105.30889892578125, 1.0], [157.6644287109375, 154.3641357421875, 1.0], [128.00665283203125, 190.21478271484375, 1.0], [145.07838439941406, 181.77687072753906, 1.0], [174.27952575683594, 83.87662506103516, 1.0], [151.69581604003906, 86.46468353271484, 1.0], [126.21772003173828, 110.10481262207031, 1.0], [100.36363220214844, 138.2466278076172, 1.0]], "is_left": 0}