{"hand_pts": [[273.01123046875, 247.36221313476562, 1.0], [200.03433227539062, 231.425537109375, 1.0], [142.66848754882812, 209.08741760253906, 1.0], [117.93572998046875, 199.2305145263672, 1.0], [149.50015258789062, 210.85842895507812, 1.0], [186.61599731445312, 151.1365966796875, 1.0], [161.2113494873047, 103.51709747314453, 1.0], [140.52024841308594, 81.94245910644531, 1.0], [115.34810638427734, 83.58212280273438, 1.0], [219.5740203857422, 161.12277221679688, 1.0], [175.3776397705078, 181.44847106933594, 1.0], [149.7750701904297, 222.45606994628906, 1.0], [139.6595916748047, 259.60784912109375, 1.0], [242.15126037597656, 176.86756896972656, 1.0], [237.198974609375, 144.22654724121094, 1.0], [216.98068237304688, 143.50791931152344, 1.0], [184.0811767578125, 168.45362854003906, 1.0], [264.2340087890625, 198.60008239746094, 1.0], [235.79769897460938, 231.2210693359375, 1.0], [216.1461944580078, 260.6780700683594, 1.0], [196.2335662841797, 291.7178955078125, 1.0]], "is_left": 0,"label":2}