{"hand_pts": [[142.7045135498047, 28.215675354003906, 1.0], [117.77835845947266, 96.56537628173828, 1.0], [79.17826843261719, 146.81582641601562, 1.0], [88.03781127929688, 198.65518188476562, 1.0], [103.40918731689453, 244.1898651123047, 1.0], [137.1043243408203, 161.66763305664062, 1.0], [134.1178436279297, 212.30426025390625, 1.0], [135.20086669921875, 246.29660034179688, 1.0], [143.42315673828125, 283.8135681152344, 1.0], [177.92262268066406, 149.30694580078125, 1.0], [190.039306640625, 228.05953979492188, 1.0], [190.23146057128906, 237.61895751953125, 1.0], [182.07928466796875, 206.8007354736328, 1.0], [210.15672302246094, 139.55218505859375, 1.0], [254.2606201171875, 186.22987365722656, 1.0], [267.1638488769531, 195.40476989746094, 1.0], [249.04855346679688, 172.52337646484375, 1.0], [237.5926055908203, 124.25125885009766, 1.0], [266.3996887207031, 151.7662811279297, 1.0], [267.28704833984375, 153.36729431152344, 1.0], [252.4151611328125, 142.9901885986328, 1.0]], "is_left": 0}