{"hand_pts": [[279.2220764160156, 44.26374816894531, 1.0], [205.97775268554688, 65.485595703125, 1.0], [139.9936981201172, 65.48052978515625, 1.0], [103.57919311523438, 104.0738296508789, 1.0], [130.48703002929688, 150.32106018066406, 1.0], [168.64749145507812, 135.05905151367188, 1.0], [130.27943420410156, 188.90370178222656, 1.0], [120.12812805175781, 211.30960083007812, 1.0], [135.24085998535156, 199.3904571533203, 1.0], [209.92169189453125, 156.53099060058594, 1.0], [162.06600952148438, 213.75054931640625, 1.0], [150.75201416015625, 211.31915283203125, 1.0], [146.76454162597656, 198.6280059814453, 1.0], [242.533203125, 171.49317932128906, 1.0], [218.84823608398438, 241.8955535888672, 1.0], [207.4462127685547, 242.16246032714844, 1.0], [200.91729736328125, 225.6127166748047, 1.0], [275.8900146484375, 178.2978973388672, 1.0], [269.14227294921875, 228.49899291992188, 1.0], [252.675048828125, 238.7557373046875, 1.0], [239.5232391357422, 213.2871856689453, 1.0]], "is_left": 0}