{"hand_pts": [[141.8865966796875, 118.37525177001953, 1.0], [202.7076416015625, 135.92604064941406, 1.0], [259.7875061035156, 120.7203140258789, 1.0], [289.2109680175781, 104.74185180664062, 1.0], [271.0765380859375, 96.66427612304688, 1.0], [206.28955078125, 214.5193328857422, 1.0], [213.08480834960938, 239.33067321777344, 1.0], [217.4973907470703, 215.37939453125, 1.0], [219.1155548095703, 181.7810516357422, 1.0], [165.49681091308594, 209.28440856933594, 1.0], [187.33309936523438, 204.928955078125, 1.0], [198.193115234375, 163.41436767578125, 1.0], [203.21124267578125, 129.4138946533203, 1.0], [134.91641235351562, 198.06594848632812, 1.0], [130.6220245361328, 241.91015625, 1.0], [140.30218505859375, 248.1071319580078, 1.0], [159.21142578125, 235.9863739013672, 1.0], [106.36935424804688, 180.37322998046875, 1.0], [96.92133331298828, 202.79660034179688, 1.0], [120.54558563232422, 186.54551696777344, 1.0], [136.3093719482422, 166.20916748046875, 1.0]], "is_left": 0}