{"hand_pts": [[124.75386810302734, 67.21649169921875, 1.0], [134.69613647460938, 72.60750579833984, 1.0], [131.49583435058594, 67.34038543701172, 1.0], [160.89332580566406, 106.74983978271484, 1.0], [176.0536346435547, 128.53976440429688, 1.0], [126.37609100341797, 160.91510009765625, 1.0], [163.37635803222656, 181.16848754882812, 1.0], [196.7530517578125, 170.41636657714844, 1.0], [226.3358917236328, 145.55397033691406, 1.0], [142.77818298339844, 178.28892517089844, 1.0], [176.53573608398438, 234.27923583984375, 1.0], [209.1237030029297, 247.09689331054688, 1.0], [242.0010986328125, 247.38824462890625, 1.0], [159.85009765625, 185.4813690185547, 1.0], [171.11602783203125, 244.38995361328125, 1.0], [195.7098846435547, 250.81692504882812, 1.0], [221.2088165283203, 231.76443481445312, 1.0], [175.7869873046875, 183.6071319580078, 1.0], [205.42881774902344, 215.10182189941406, 1.0], [225.21475219726562, 197.164306640625, 1.0], [220.6600341796875, 160.66256713867188, 1.0]], "is_left": 0}