{"hand_pts": [[247.79043579101562, 325.3070373535156, 1.0], [269.85711669921875, 288.5785827636719, 1.0], [291.8721923828125, 262.3493347167969, 1.0], [292.3064880371094, 232.7953338623047, 1.0], [286.18280029296875, 203.82034301757812, 1.0], [231.6175537109375, 208.26318359375, 1.0], [220.8240509033203, 158.40066528320312, 1.0], [212.06857299804688, 140.35472106933594, 1.0], [202.28805541992188, 123.67593383789062, 1.0], [193.86952209472656, 218.21673583984375, 1.0], [169.2569580078125, 153.6590576171875, 1.0], [156.3459014892578, 118.05829620361328, 1.0], [145.9347686767578, 88.85298919677734, 1.0], [165.99961853027344, 231.37681579589844, 1.0], [137.97311401367188, 171.35079956054688, 1.0], [125.18218231201172, 143.3020477294922, 1.0], [115.20181274414062, 119.6877212524414, 1.0], [144.37820434570312, 251.18115234375, 1.0], [116.50704193115234, 215.19149780273438, 1.0], [106.10580444335938, 197.40390014648438, 1.0], [97.82568359375, 178.71852111816406, 1.0]], "is_left": 0}