{"hand_pts": [[207.87782287597656, 272.7637939453125, 1.0], [182.2133026123047, 206.12994384765625, 1.0], [181.7263641357422, 148.7254638671875, 1.0], [179.7255859375, 102.78533935546875, 1.0], [176.47048950195312, 73.18750762939453, 1.0], [221.70782470703125, 171.06201171875, 1.0], [232.4025115966797, 140.08331298828125, 1.0], [208.236328125, 125.72220611572266, 1.0], [172.6240692138672, 123.12787628173828, 1.0], [224.3898162841797, 205.6842498779297, 1.0], [189.8109893798828, 178.59498596191406, 1.0], [149.20811462402344, 177.07386779785156, 1.0], [109.27210235595703, 173.89466857910156, 1.0], [219.5906219482422, 233.2375030517578, 1.0], [177.93722534179688, 211.7257537841797, 1.0], [140.50921630859375, 202.40367126464844, 1.0], [104.94569396972656, 197.3819122314453, 1.0], [211.8375244140625, 261.9377746582031, 1.0], [202.87725830078125, 258.4725341796875, 1.0], [191.30474853515625, 253.5567626953125, 1.0], [174.71327209472656, 244.1300506591797, 1.0]], "is_left": 0}