{"hand_pts": [[40.963897705078125, 163.21383666992188, 1.0], [101.99066162109375, 127.62803649902344, 1.0], [147.40252685546875, 92.56072235107422, 1.0], [195.88877868652344, 100.39541625976562, 1.0], [239.83375549316406, 110.76434326171875, 1.0], [174.12115478515625, 162.86642456054688, 1.0], [228.51527404785156, 183.5211639404297, 1.0], [265.89630126953125, 195.3079833984375, 1.0], [294.2837219238281, 198.706787109375, 1.0], [161.40257263183594, 199.1156005859375, 1.0], [226.04733276367188, 204.12997436523438, 1.0], [206.35565185546875, 179.29046630859375, 1.0], [170.02488708496094, 161.3403778076172, 1.0], [149.70494079589844, 223.94151306152344, 1.0], [207.25315856933594, 218.67462158203125, 1.0], [197.99656677246094, 194.8595428466797, 1.0], [164.78843688964844, 177.8917694091797, 1.0], [131.998779296875, 243.0395050048828, 1.0], [149.21905517578125, 257.3112487792969, 1.0], [143.1248779296875, 239.44912719726562, 1.0], [126.15934753417969, 211.275146484375, 1.0]], "is_left": 0}