{"hand_pts": [[245.67515563964844, 91.32787322998047, 1.0], [193.5861358642578, 136.18406677246094, 1.0], [141.5027618408203, 161.5038604736328, 1.0], [93.15259552001953, 180.6251220703125, 1.0], [61.950313568115234, 183.0006561279297, 1.0], [218.00823974609375, 201.0655059814453, 1.0], [164.1327667236328, 230.3688201904297, 1.0], [123.6100082397461, 229.41781616210938, 1.0], [85.50146484375, 232.96963500976562, 1.0], [241.62014770507812, 182.80328369140625, 1.0], [252.3046875, 235.58831787109375, 1.0], [211.33477783203125, 244.33871459960938, 1.0], [180.87660217285156, 220.66567993164062, 1.0], [254.2142791748047, 164.38880920410156, 1.0], [198.92552185058594, 191.0685272216797, 1.0], [173.8903350830078, 168.0469970703125, 1.0], [148.1132049560547, 146.5922088623047, 1.0], [263.663818359375, 141.0799102783203, 1.0], [255.619140625, 145.44253540039062, 1.0], [220.60150146484375, 141.12770080566406, 1.0], [190.38150024414062, 136.5222930908203, 1.0]], "is_left": 0}