{"hand_pts": [[151.52923583984375, 58.22795104980469, 1.0], [128.28517150878906, 116.79976654052734, 1.0], [97.54418182373047, 165.29820251464844, 1.0], [74.5051498413086, 200.08692932128906, 1.0], [58.623626708984375, 223.5678253173828, 1.0], [183.5468292236328, 185.18399047851562, 1.0], [161.80467224121094, 215.72132873535156, 1.0], [138.1122589111328, 213.4748992919922, 1.0], [121.8243637084961, 180.1342315673828, 1.0], [211.72622680664062, 163.37106323242188, 1.0], [204.99989318847656, 198.9980926513672, 1.0], [171.6266326904297, 184.3910675048828, 1.0], [139.16543579101562, 166.8960418701172, 1.0], [228.87142944335938, 143.18234252929688, 1.0], [256.5058898925781, 200.1488800048828, 1.0], [264.138427734375, 231.64463806152344, 1.0], [267.4656677246094, 261.2154541015625, 1.0], [239.30029296875, 117.93525695800781, 1.0], [252.3974151611328, 148.9199676513672, 1.0], [246.6868438720703, 166.45758056640625, 1.0], [224.6472625732422, 176.84286499023438, 1.0]], "is_left": 0}