{"hand_pts": [[68.90437316894531, 85.2044677734375, 1.0], [69.94175720214844, 146.53866577148438, 1.0], [66.3815689086914, 201.5699920654297, 1.0], [111.73736572265625, 223.7860565185547, 1.0], [159.3240203857422, 232.61495971679688, 1.0], [160.394287109375, 189.93995666503906, 1.0], [205.47756958007812, 233.5658721923828, 1.0], [226.56207275390625, 260.4197082519531, 1.0], [247.39639282226562, 285.3260192871094, 1.0], [183.11119079589844, 161.62713623046875, 1.0], [242.19720458984375, 209.00933837890625, 1.0], [246.87692260742188, 237.26748657226562, 1.0], [257.1669006347656, 266.1226806640625, 1.0], [194.7252197265625, 138.54638671875, 1.0], [202.0871124267578, 147.18212890625, 1.0], [164.2174835205078, 138.72280883789062, 1.0], [130.51803588867188, 130.09141540527344, 1.0], [196.86578369140625, 113.05773162841797, 1.0], [218.64334106445312, 117.9317398071289, 1.0], [211.662353515625, 122.63079071044922, 1.0], [171.24928283691406, 126.61002349853516, 1.0]], "is_left": 0}