{"hand_pts": [[351.2727355957031, 140.17547607421875, 1.0], [303.45513916015625, 182.00025939941406, 1.0], [274.6380615234375, 217.28497314453125, 1.0], [234.6422576904297, 234.46469116210938, 1.0], [193.5638427734375, 238.5234375, 1.0], [233.0700225830078, 210.1761016845703, 1.0], [180.89329528808594, 235.16384887695312, 1.0], [147.5183563232422, 240.76553344726562, 1.0], [115.82171630859375, 244.33563232421875, 1.0], [231.43714904785156, 175.63479614257812, 1.0], [165.66908264160156, 196.14358520507812, 1.0], [130.1861572265625, 202.83534240722656, 1.0], [102.21964263916016, 206.22943115234375, 1.0], [231.6429443359375, 145.93606567382812, 1.0], [167.580322265625, 155.6174774169922, 1.0], [136.34890747070312, 157.16514587402344, 1.0], [112.4024658203125, 157.49920654296875, 1.0], [238.92454528808594, 116.1373291015625, 1.0], [195.31808471679688, 113.75213623046875, 1.0], [169.59288024902344, 113.36097717285156, 1.0], [151.04409790039062, 115.72818756103516, 1.0]], "is_left": 0,"label":5}