{"hand_pts": [[228.1145477294922, 32.0051155090332, 1.0], [261.7120666503906, 86.47163391113281, 1.0], [308.00482177734375, 111.95841979980469, 1.0], [280.2002258300781, 128.93551635742188, 1.0], [239.731201171875, 135.16119384765625, 1.0], [225.67193603515625, 170.02645874023438, 1.0], [221.88116455078125, 220.17178344726562, 1.0], [220.26364135742188, 246.57693481445312, 1.0], [226.28265380859375, 234.46401977539062, 1.0], [187.4607391357422, 155.67886352539062, 1.0], [161.2083282470703, 221.95260620117188, 1.0], [153.17242431640625, 257.49993896484375, 1.0], [171.4116668701172, 250.1256103515625, 1.0], [160.4813690185547, 140.2257537841797, 1.0], [142.18849182128906, 202.79151916503906, 1.0], [140.04283142089844, 231.97994995117188, 1.0], [142.2213897705078, 256.0632629394531, 1.0], [139.3839569091797, 118.01387786865234, 1.0], [107.06746673583984, 148.9089813232422, 1.0], [100.84375, 167.80734252929688, 1.0], [109.4420394897461, 182.25180053710938, 1.0]], "is_left": 0}