{"hand_pts": [[36.406402587890625, 238.21055603027344, 1.0], [101.72215270996094, 212.74571228027344, 1.0], [121.60580444335938, 176.44479370117188, 1.0], [162.785888671875, 152.9485626220703, 1.0], [201.7567138671875, 151.44203186035156, 1.0], [138.75196838378906, 163.63912963867188, 1.0], [206.2051239013672, 151.3648681640625, 1.0], [243.64988708496094, 168.51759338378906, 1.0], [272.7891845703125, 188.8922119140625, 1.0], [132.6718292236328, 179.81924438476562, 1.0], [191.6207275390625, 145.613525390625, 1.0], [237.3294677734375, 132.12091064453125, 1.0], [280.1853332519531, 120.70130920410156, 1.0], [131.063232421875, 197.12380981445312, 1.0], [208.12295532226562, 220.7357635498047, 1.0], [186.26356506347656, 235.87326049804688, 1.0], [142.25546264648438, 226.45230102539062, 1.0], [125.5263442993164, 217.73397827148438, 1.0], [175.30435180664062, 210.83389282226562, 1.0], [195.58621215820312, 221.20481872558594, 1.0], [209.56427001953125, 231.70062255859375, 1.0]], "is_left": 0}