{"hand_pts": [[124.81681060791016, 92.58616638183594, 1.0], [119.03235626220703, 173.4868927001953, 1.0], [99.77731323242188, 247.96084594726562, 1.0], [89.47566223144531, 279.2269592285156, 1.0], [95.8511962890625, 248.1611785888672, 1.0], [219.62173461914062, 228.31275939941406, 1.0], [224.14190673828125, 266.68389892578125, 1.0], [183.3577117919922, 252.2627410888672, 1.0], [144.24148559570312, 222.32650756835938, 1.0], [242.5962371826172, 184.424560546875, 1.0], [235.04257202148438, 210.1576690673828, 1.0], [178.64952087402344, 194.99998474121094, 1.0], [156.97149658203125, 177.94566345214844, 1.0], [252.21063232421875, 148.161865234375, 1.0], [234.3424072265625, 158.1768341064453, 1.0], [185.03868103027344, 144.46726989746094, 1.0], [160.9276123046875, 134.86962890625, 1.0], [251.32850646972656, 109.51199340820312, 1.0], [248.80177307128906, 96.06466674804688, 1.0], [207.79322814941406, 93.95246124267578, 1.0], [179.51953125, 104.31719970703125, 1.0]], "is_left": 0}