{"hand_pts": [[121.77022552490234, 282.8550109863281, 1.0], [186.54058837890625, 230.1884765625, 1.0], [237.01803588867188, 185.8351287841797, 1.0], [275.7489013671875, 164.8979949951172, 1.0], [269.8020935058594, 180.9244384765625, 1.0], [161.57058715820312, 140.28518676757812, 1.0], [210.91123962402344, 117.82752990722656, 1.0], [234.1743927001953, 153.6563262939453, 1.0], [226.18861389160156, 191.5276336669922, 1.0], [127.41986083984375, 156.22103881835938, 1.0], [180.37937927246094, 134.7428741455078, 1.0], [213.6218719482422, 172.7921905517578, 1.0], [210.69515991210938, 204.31272888183594, 1.0], [106.56844329833984, 174.44192504882812, 1.0], [153.4208984375, 171.45301818847656, 1.0], [178.5808868408203, 206.55775451660156, 1.0], [174.38934326171875, 226.19834899902344, 1.0], [89.49474334716797, 200.32144165039062, 1.0], [107.7721176147461, 204.73558044433594, 1.0], [140.04513549804688, 226.04598999023438, 1.0], [147.23587036132812, 233.9713592529297, 1.0]], "is_left": 0}