{"hand_pts": [[270.8130187988281, 70.7666244506836, 1.0], [223.2063751220703, 87.02012634277344, 1.0], [182.80856323242188, 89.07259368896484, 1.0], [149.88111877441406, 120.42768096923828, 1.0], [143.36463928222656, 164.1244659423828, 1.0], [173.8723907470703, 123.2877197265625, 1.0], [144.47415161132812, 167.9568634033203, 1.0], [164.4856719970703, 167.4303741455078, 1.0], [191.40023803710938, 151.07257080078125, 1.0], [193.6695098876953, 144.6795654296875, 1.0], [158.92379760742188, 206.63548278808594, 1.0], [165.18310546875, 216.1761932373047, 1.0], [187.8444366455078, 185.21389770507812, 1.0], [211.1372833251953, 162.7117156982422, 1.0], [191.73541259765625, 220.0018768310547, 1.0], [188.70700073242188, 243.72471618652344, 1.0], [192.5767822265625, 254.15142822265625, 1.0], [232.0192413330078, 175.5224609375, 1.0], [217.15005493164062, 222.38211059570312, 1.0], [206.90504455566406, 252.03855895996094, 1.0], [196.5313262939453, 275.7305908203125, 1.0]], "is_left": 0}