{"hand_pts": [[50.0329475402832, 254.5585479736328, 1.0], [82.6284408569336, 200.30569458007812, 1.0], [85.69668579101562, 152.5508575439453, 1.0], [122.90473175048828, 123.10881805419922, 1.0], [160.45391845703125, 100.51753997802734, 1.0], [129.12396240234375, 174.5076904296875, 1.0], [177.36158752441406, 150.9345703125, 1.0], [213.98654174804688, 137.24234008789062, 1.0], [248.93829345703125, 124.40503692626953, 1.0], [139.4208221435547, 205.4027862548828, 1.0], [206.5964813232422, 185.21421813964844, 1.0], [247.71578979492188, 170.48170471191406, 1.0], [285.40972900390625, 156.5255584716797, 1.0], [147.9578094482422, 229.595458984375, 1.0], [206.21328735351562, 197.06484985351562, 1.0], [235.49542236328125, 179.08128356933594, 1.0], [227.44541931152344, 175.07247924804688, 1.0], [150.85708618164062, 254.08282470703125, 1.0], [190.1157684326172, 258.27099609375, 1.0], [212.15992736816406, 259.4329833984375, 1.0], [208.84683227539062, 253.05328369140625, 1.0]], "is_left": 0}