{"hand_pts": [[296.0094299316406, 158.1339111328125, 1.0], [239.81507873535156, 118.95043182373047, 1.0], [188.25790405273438, 77.51958465576172, 1.0], [168.7391357421875, 97.88837432861328, 1.0], [190.07884216308594, 141.14437866210938, 1.0], [152.8996124267578, 179.77816772460938, 1.0], [137.90106201171875, 141.82809448242188, 1.0], [175.6667938232422, 110.5842514038086, 1.0], [217.46917724609375, 92.1180191040039, 1.0], [177.86756896972656, 213.87274169921875, 1.0], [126.8584213256836, 255.15455627441406, 1.0], [136.47718811035156, 218.2496795654297, 1.0], [156.61570739746094, 174.12225341796875, 1.0], [203.06158447265625, 233.77056884765625, 1.0], [149.56393432617188, 278.3214111328125, 1.0], [146.02017211914062, 251.8606719970703, 1.0], [164.12144470214844, 208.33316040039062, 1.0], [234.43873596191406, 246.20587158203125, 1.0], [229.25186157226562, 245.22779846191406, 1.0], [245.08224487304688, 207.25364685058594, 1.0], [260.5008544921875, 167.55618286132812, 1.0]], "is_left": 0}