{"hand_pts": [[209.62869262695312, 187.4302215576172, 1.0], [157.7873992919922, 171.04026794433594, 1.0], [103.72710418701172, 166.6586456298828, 1.0], [80.47924041748047, 164.8070068359375, 1.0], [117.38282012939453, 168.4488983154297, 1.0], [148.8526153564453, 222.47193908691406, 1.0], [148.5875244140625, 169.01023864746094, 1.0], [154.0037841796875, 127.38349151611328, 1.0], [165.4199676513672, 98.4571304321289, 1.0], [194.1117401123047, 223.35935974121094, 1.0], [169.11663818359375, 221.5934295654297, 1.0], [164.76773071289062, 174.9850311279297, 1.0], [174.15184020996094, 159.46876525878906, 1.0], [230.30885314941406, 216.48928833007812, 1.0], [218.29025268554688, 245.71742248535156, 1.0], [211.54225158691406, 208.2599334716797, 1.0], [205.5731201171875, 169.34226989746094, 1.0], [264.22503662109375, 205.47105407714844, 1.0], [274.6170349121094, 211.95008850097656, 1.0], [268.39862060546875, 191.4404296875, 1.0], [250.27073669433594, 160.98512268066406, 1.0]], "is_left": 0}