{"hand_pts": [[211.1312713623047, 275.1777038574219, 1.0], [247.0950927734375, 229.73184204101562, 1.0], [279.8919372558594, 174.17446899414062, 1.0], [295.535888671875, 126.7264175415039, 1.0], [299.03582763671875, 87.11937713623047, 1.0], [197.0295867919922, 155.9311065673828, 1.0], [179.52134704589844, 103.31771087646484, 1.0], [194.5716552734375, 125.093994140625, 1.0], [209.12557983398438, 163.91754150390625, 1.0], [162.31187438964844, 182.82455444335938, 1.0], [144.1933135986328, 167.06344604492188, 1.0], [177.3212432861328, 195.00967407226562, 1.0], [212.84451293945312, 223.2615509033203, 1.0], [140.41961669921875, 209.6029510498047, 1.0], [127.82518005371094, 169.78953552246094, 1.0], [158.4261474609375, 187.56198120117188, 1.0], [191.11753845214844, 213.0326385498047, 1.0], [125.30223083496094, 240.94029235839844, 1.0], [95.41621398925781, 243.72216796875, 1.0], [110.30393981933594, 250.33042907714844, 1.0], [136.79824829101562, 255.611572265625, 1.0]], "is_left": 0}