{"hand_pts": [[315.2706604003906, 143.53125, 1.0], [274.8643493652344, 117.2416763305664, 1.0], [275.2466125488281, 98.45002746582031, 1.0], [233.65028381347656, 120.96234893798828, 1.0], [203.18873596191406, 150.59432983398438, 1.0], [246.36000061035156, 178.2991485595703, 1.0], [205.63536071777344, 204.3282928466797, 1.0], [164.9059295654297, 194.05441284179688, 1.0], [125.3694076538086, 185.9823760986328, 1.0], [238.6841278076172, 206.70814514160156, 1.0], [160.87623596191406, 195.96939086914062, 1.0], [124.80107879638672, 167.2558135986328, 1.0], [94.9439697265625, 137.3348846435547, 1.0], [229.65475463867188, 223.1248321533203, 1.0], [157.28488159179688, 220.80128479003906, 1.0], [116.80094146728516, 207.476806640625, 1.0], [96.35736846923828, 173.97572326660156, 1.0], [224.46974182128906, 232.4706268310547, 1.0], [173.4778289794922, 236.90963745117188, 1.0], [163.2414093017578, 205.11952209472656, 1.0], [198.7869415283203, 192.93728637695312, 1.0]], "is_left": 0}