{"hand_pts": [[271.4434814453125, 234.23439025878906, 1.0], [218.15835571289062, 185.98683166503906, 1.0], [179.77041625976562, 137.4796600341797, 1.0], [128.5579071044922, 115.93207550048828, 1.0], [90.5226058959961, 142.47445678710938, 1.0], [240.06231689453125, 142.65994262695312, 1.0], [187.8272705078125, 111.58306121826172, 1.0], [146.53579711914062, 130.29820251464844, 1.0], [143.80059814453125, 161.0592041015625, 1.0], [253.1064453125, 177.5675506591797, 1.0], [238.87696838378906, 140.12640380859375, 1.0], [187.03817749023438, 152.9027557373047, 1.0], [152.33279418945312, 171.82444763183594, 1.0], [256.1619567871094, 208.23226928710938, 1.0], [180.79696655273438, 220.6637725830078, 1.0], [151.62548828125, 234.27659606933594, 1.0], [176.29747009277344, 231.63018798828125, 1.0], [257.28851318359375, 240.21896362304688, 1.0], [218.51724243164062, 259.10467529296875, 1.0], [183.1297607421875, 265.2437744140625, 1.0], [150.4417266845703, 266.869384765625, 1.0]], "is_left": 0}