{"hand_pts": [[257.7217712402344, 316.9674987792969, 1.0], [205.6259307861328, 279.6240539550781, 1.0], [167.70985412597656, 245.8177947998047, 1.0], [154.9308624267578, 213.12994384765625, 1.0], [163.5494384765625, 202.0111083984375, 1.0], [208.64205932617188, 195.7607879638672, 1.0], [199.35020446777344, 137.16006469726562, 1.0], [183.11390686035156, 104.40471649169922, 1.0], [159.14236450195312, 81.1749496459961, 1.0], [224.0987548828125, 203.88975524902344, 1.0], [169.86578369140625, 169.21139526367188, 1.0], [127.35272216796875, 176.50057983398438, 1.0], [91.78540802001953, 197.05531311035156, 1.0], [231.40682983398438, 215.562744140625, 1.0], [222.54971313476562, 158.0837860107422, 1.0], [200.92662048339844, 132.0751495361328, 1.0], [164.5688018798828, 125.13023376464844, 1.0], [238.067138671875, 234.10833740234375, 1.0], [212.13023376464844, 208.5767822265625, 1.0], [180.2061004638672, 211.3818817138672, 1.0], [152.3638153076172, 226.8702850341797, 1.0]], "is_left": 0,"label":5}