{"hand_pts": [[301.2646789550781, 183.55694580078125, 1.0], [266.8499755859375, 220.21005249023438, 1.0], [237.99790954589844, 276.2447509765625, 1.0], [191.33981323242188, 296.90802001953125, 1.0], [153.3701934814453, 275.2449951171875, 1.0], [165.9442138671875, 223.50296020507812, 1.0], [138.02102661132812, 222.01048278808594, 1.0], [159.156494140625, 211.95919799804688, 1.0], [197.6463165283203, 200.41329956054688, 1.0], [163.22579956054688, 184.0677032470703, 1.0], [171.756591796875, 182.95298767089844, 1.0], [197.005859375, 185.15931701660156, 1.0], [235.41973876953125, 189.7576141357422, 1.0], [167.4364013671875, 152.00070190429688, 1.0], [130.20851135253906, 135.2303924560547, 1.0], [167.0892333984375, 137.8955535888672, 1.0], [206.65509033203125, 149.11837768554688, 1.0], [181.08102416992188, 122.53408813476562, 1.0], [165.83087158203125, 92.85628509521484, 1.0], [186.90614318847656, 93.0011978149414, 1.0], [217.48094177246094, 116.0204086303711, 1.0]], "is_left": 0}