{"hand_pts": [[112.82683563232422, 202.24725341796875, 1.0], [167.2139892578125, 163.17333984375, 1.0], [218.0266571044922, 119.88848876953125, 1.0], [250.7960662841797, 81.09293365478516, 1.0], [240.31654357910156, 65.10758972167969, 1.0], [213.81463623046875, 216.61447143554688, 1.0], [230.9761199951172, 170.29759216308594, 1.0], [222.8684844970703, 128.79173278808594, 1.0], [195.86294555664062, 107.24440002441406, 1.0], [177.92762756347656, 237.82003784179688, 1.0], [222.614501953125, 236.49929809570312, 1.0], [222.1183319091797, 189.96934509277344, 1.0], [198.41029357910156, 163.65133666992188, 1.0], [146.80618286132812, 246.73703002929688, 1.0], [185.5048370361328, 268.8699035644531, 1.0], [179.58485412597656, 225.4141387939453, 1.0], [161.191650390625, 208.559814453125, 1.0], [114.06490325927734, 250.0989532470703, 1.0], [104.66445922851562, 238.8470001220703, 1.0], [103.2933120727539, 201.9566192626953, 1.0], [103.74392700195312, 162.65150451660156, 1.0]], "is_left": 0}