{"hand_pts": [[223.91966247558594, 70.54226684570312, 1.0], [176.09910583496094, 97.36600494384766, 1.0], [128.98106384277344, 100.35840606689453, 1.0], [93.59546661376953, 120.54292297363281, 1.0], [62.44141387939453, 142.57591247558594, 1.0], [180.72647094726562, 144.5384979248047, 1.0], [161.31533813476562, 180.32876586914062, 1.0], [148.99851989746094, 204.62606811523438, 1.0], [134.6151123046875, 232.81277465820312, 1.0], [210.41989135742188, 158.3441619873047, 1.0], [184.53598022460938, 212.6471710205078, 1.0], [173.45469665527344, 196.3789825439453, 1.0], [163.57125854492188, 178.52078247070312, 1.0], [232.05323791503906, 169.61862182617188, 1.0], [233.6187744140625, 235.8106689453125, 1.0], [226.31495666503906, 270.9841003417969, 1.0], [214.05055236816406, 300.1357727050781, 1.0], [252.1615753173828, 175.39537048339844, 1.0], [243.31398010253906, 207.91073608398438, 1.0], [230.7643280029297, 195.07861328125, 1.0], [231.46372985839844, 163.43194580078125, 1.0]], "is_left": 0}