{"hand_pts": [[206.53477478027344, 61.080074310302734, 1.0], [242.84771728515625, 114.1800308227539, 1.0], [291.6495666503906, 156.78921508789062, 1.0], [298.1309509277344, 188.08445739746094, 1.0], [269.0771179199219, 191.697021484375, 1.0], [206.22174072265625, 216.37741088867188, 1.0], [203.37538146972656, 254.95855712890625, 1.0], [211.34556579589844, 227.82656860351562, 1.0], [218.68446350097656, 183.90237426757812, 1.0], [165.99087524414062, 204.20909118652344, 1.0], [153.38729858398438, 248.78135681152344, 1.0], [176.0023956298828, 214.57778930664062, 1.0], [200.54638671875, 171.66946411132812, 1.0], [137.55419921875, 188.58973693847656, 1.0], [115.38316345214844, 204.13658142089844, 1.0], [139.68675231933594, 166.9135284423828, 1.0], [167.61044311523438, 135.6139373779297, 1.0], [115.17286682128906, 164.49122619628906, 1.0], [95.90968322753906, 167.44497680664062, 1.0], [116.96182250976562, 144.2841033935547, 1.0], [147.39996337890625, 126.2864990234375, 1.0]], "is_left": 0}