{"hand_pts": [[40.382293701171875, 232.4544677734375, 1.0], [69.55157470703125, 199.5598907470703, 1.0], [71.63720703125, 188.78147888183594, 1.0], [118.63703155517578, 165.28250122070312, 1.0], [161.83380126953125, 151.96914672851562, 1.0], [150.6568603515625, 238.92056274414062, 1.0], [207.5773162841797, 212.3294677734375, 1.0], [219.83065795898438, 169.250244140625, 1.0], [212.29397583007812, 131.56900024414062, 1.0], [167.4068603515625, 246.29539489746094, 1.0], [229.4965057373047, 195.64291381835938, 1.0], [212.27442932128906, 150.4794464111328, 1.0], [178.71746826171875, 121.98466491699219, 1.0], [177.74850463867188, 244.6800994873047, 1.0], [247.64588928222656, 205.0947723388672, 1.0], [245.20523071289062, 161.66055297851562, 1.0], [207.41531372070312, 142.65499877929688, 1.0], [179.09140014648438, 239.7913055419922, 1.0], [216.16754150390625, 200.2406768798828, 1.0], [201.9891815185547, 168.29075622558594, 1.0], [164.36033630371094, 160.2666473388672, 1.0]], "is_left": 0}