{"hand_pts": [[322.9616394042969, 189.25477600097656, 1.0], [262.13494873046875, 156.41348266601562, 1.0], [218.16366577148438, 121.95433807373047, 1.0], [167.3319549560547, 126.842041015625, 1.0], [168.40525817871094, 166.244873046875, 1.0], [227.13095092773438, 143.7023162841797, 1.0], [171.58421325683594, 132.68577575683594, 1.0], [132.73941040039062, 130.01585388183594, 1.0], [93.98047637939453, 133.35585021972656, 1.0], [236.93601989746094, 176.52854919433594, 1.0], [164.3832244873047, 183.35015869140625, 1.0], [151.86541748046875, 189.2734832763672, 1.0], [183.7882537841797, 185.91883850097656, 1.0], [242.1375732421875, 203.94398498535156, 1.0], [172.84376525878906, 212.4961700439453, 1.0], [147.0647430419922, 217.01979064941406, 1.0], [145.19937133789062, 216.8093719482422, 1.0], [250.56887817382812, 230.1012420654297, 1.0], [222.25192260742188, 247.94589233398438, 1.0], [190.11624145507812, 254.86102294921875, 1.0], [161.61366271972656, 248.38882446289062, 1.0]], "is_left": 0}