{"hand_pts": [[74.86598205566406, 87.54376220703125, 1.0], [73.74547576904297, 138.13287353515625, 1.0], [55.86756134033203, 179.75747680664062, 1.0], [85.4189682006836, 205.6765594482422, 1.0], [126.53678131103516, 209.20663452148438, 1.0], [141.831787109375, 186.92483520507812, 1.0], [168.8250274658203, 227.60833740234375, 1.0], [174.51785278320312, 233.53158569335938, 1.0], [180.03543090820312, 237.2138671875, 1.0], [170.07029724121094, 165.64901733398438, 1.0], [223.82028198242188, 197.73141479492188, 1.0], [220.6945037841797, 202.5355224609375, 1.0], [200.26449584960938, 197.981201171875, 1.0], [188.72036743164062, 147.32394409179688, 1.0], [244.7710418701172, 174.90602111816406, 1.0], [242.8176727294922, 182.29110717773438, 1.0], [225.887939453125, 183.22418212890625, 1.0], [199.35340881347656, 125.94307708740234, 1.0], [238.6602020263672, 140.1206512451172, 1.0], [242.40663146972656, 150.04823303222656, 1.0], [236.50498962402344, 159.75497436523438, 1.0]], "is_left": 0,"label":5}