{"hand_pts": [[103.18611907958984, 232.96176147460938, 1.0], [127.62554931640625, 180.59642028808594, 1.0], [144.002197265625, 133.13714599609375, 1.0], [159.1118927001953, 93.06026458740234, 1.0], [173.2423858642578, 59.36111068725586, 1.0], [211.6476287841797, 192.2224884033203, 1.0], [238.99368286132812, 160.39306640625, 1.0], [207.55552673339844, 145.9055938720703, 1.0], [172.4530029296875, 141.71206665039062, 1.0], [208.76881408691406, 224.20375061035156, 1.0], [186.9308624267578, 193.6079559326172, 1.0], [145.3211669921875, 179.9163055419922, 1.0], [116.83184814453125, 178.30093383789062, 1.0], [200.2407989501953, 245.7506561279297, 1.0], [238.18846130371094, 231.64279174804688, 1.0], [236.6459503173828, 210.21844482421875, 1.0], [212.6483612060547, 184.92446899414062, 1.0], [184.6475067138672, 264.4228210449219, 1.0], [188.62081909179688, 247.74024963378906, 1.0], [169.84165954589844, 225.8934783935547, 1.0], [147.8935546875, 218.2057647705078, 1.0]], "is_left": 0}