{"hand_pts": [[159.10928344726562, 323.71636962890625, 1.0], [144.04742431640625, 300.463623046875, 1.0], [123.88705444335938, 294.2603454589844, 1.0], [141.97042846679688, 251.25308227539062, 1.0], [170.09616088867188, 207.20986938476562, 1.0], [105.2027816772461, 195.36196899414062, 1.0], [131.8879852294922, 146.8184051513672, 1.0], [175.0437469482422, 158.11904907226562, 1.0], [213.58628845214844, 157.06942749023438, 1.0], [136.3702392578125, 181.26219177246094, 1.0], [144.51808166503906, 109.90353393554688, 1.0], [181.9425506591797, 132.19219970703125, 1.0], [207.5823974609375, 176.50894165039062, 1.0], [167.43736267089844, 176.92825317382812, 1.0], [224.46148681640625, 160.1134796142578, 1.0], [241.18362426757812, 206.0953826904297, 1.0], [248.38002014160156, 251.76861572265625, 1.0], [199.21536254882812, 183.19981384277344, 1.0], [224.70352172851562, 139.57473754882812, 1.0], [247.8130340576172, 126.22929382324219, 1.0], [263.3583679199219, 148.2296905517578, 1.0]], "is_left": 0}