{"hand_pts": [[151.99021911621094, 300.6219177246094, 1.0], [159.86907958984375, 238.54104614257812, 1.0], [161.52474975585938, 185.95291137695312, 1.0], [169.88766479492188, 144.01612854003906, 1.0], [179.72439575195312, 108.0792236328125, 1.0], [148.7970428466797, 202.05239868164062, 1.0], [151.1228485107422, 152.7479705810547, 1.0], [159.7580108642578, 120.63397979736328, 1.0], [169.6971435546875, 90.24635314941406, 1.0], [164.16119384765625, 230.24041748046875, 1.0], [169.37339782714844, 178.20181274414062, 1.0], [186.7847442626953, 142.3124542236328, 1.0], [204.2896270751953, 108.74437713623047, 1.0], [180.50277709960938, 252.221923828125, 1.0], [195.3424530029297, 210.80224609375, 1.0], [212.59286499023438, 182.98878479003906, 1.0], [228.3385772705078, 156.26998901367188, 1.0], [196.15135192871094, 275.9147033691406, 1.0], [210.24758911132812, 254.24826049804688, 1.0], [224.63082885742188, 234.6765899658203, 1.0], [242.1147003173828, 209.5567169189453, 1.0]], "is_left": 0}