{"hand_pts": [[57.40022277832031, 293.71893310546875, 1.0], [78.49252319335938, 267.462646484375, 1.0], [94.10975646972656, 273.5953063964844, 1.0], [121.93627166748047, 234.96026611328125, 1.0], [143.9331817626953, 188.3902130126953, 1.0], [187.062255859375, 248.26007080078125, 1.0], [233.10116577148438, 207.03932189941406, 1.0], [232.04901123046875, 169.77764892578125, 1.0], [214.16326904296875, 135.73464965820312, 1.0], [195.1596221923828, 234.24392700195312, 1.0], [250.564208984375, 172.81333923339844, 1.0], [231.00616455078125, 134.9379425048828, 1.0], [196.07618713378906, 109.5821304321289, 1.0], [193.66075134277344, 220.1759796142578, 1.0], [243.59805297851562, 157.22801208496094, 1.0], [210.22598266601562, 134.1479034423828, 1.0], [164.6452178955078, 135.43563842773438, 1.0], [181.88600158691406, 209.6913604736328, 1.0], [185.30604553222656, 160.39486694335938, 1.0], [162.013671875, 136.8070831298828, 1.0], [122.8550033569336, 140.04856872558594, 1.0]], "is_left": 0}