{"hand_pts": [[106.85884857177734, 150.08116149902344, 1.0], [172.8869171142578, 184.50814819335938, 1.0], [232.24261474609375, 212.30001831054688, 1.0], [283.72412109375, 216.9001922607422, 1.0], [282.8611145019531, 185.25860595703125, 1.0], [161.09222412109375, 226.0347442626953, 1.0], [180.4310760498047, 263.07391357421875, 1.0], [194.59136962890625, 283.88238525390625, 1.0], [226.2395477294922, 277.17730712890625, 1.0], [132.0595245361328, 196.57521057128906, 1.0], [175.0135040283203, 176.52667236328125, 1.0], [210.65304565429688, 158.07647705078125, 1.0], [247.63771057128906, 136.97137451171875, 1.0], [114.67334747314453, 169.18711853027344, 1.0], [126.9989013671875, 183.78387451171875, 1.0], [167.70697021484375, 172.390869140625, 1.0], [182.8695068359375, 161.6112060546875, 1.0], [99.51496887207031, 140.2465057373047, 1.0], [120.01644897460938, 120.87793731689453, 1.0], [152.45281982421875, 107.9412841796875, 1.0], [187.88844299316406, 97.54217529296875, 1.0]], "is_left": 0}