{"hand_pts": [[166.45263671875, 286.4103698730469, 1.0], [210.3506317138672, 237.85690307617188, 1.0], [260.98553466796875, 213.01345825195312, 1.0], [292.47479248046875, 200.644287109375, 1.0], [307.47015380859375, 196.594970703125, 1.0], [178.0649871826172, 166.21603393554688, 1.0], [165.41595458984375, 114.42401123046875, 1.0], [188.15432739257812, 114.74654388427734, 1.0], [209.8032684326172, 117.11431121826172, 1.0], [151.14346313476562, 185.20201110839844, 1.0], [206.64511108398438, 179.25706481933594, 1.0], [239.2720947265625, 205.71800231933594, 1.0], [249.78428649902344, 235.56500244140625, 1.0], [135.36846923828125, 204.27732849121094, 1.0], [102.6690902709961, 167.68246459960938, 1.0], [117.77762603759766, 152.68772888183594, 1.0], [127.98036193847656, 136.43145751953125, 1.0], [123.88985443115234, 228.69442749023438, 1.0], [106.74530792236328, 213.58929443359375, 1.0], [134.8956298828125, 208.04286193847656, 1.0], [166.97274780273438, 210.99542236328125, 1.0]], "is_left": 0}