{"hand_pts": [[38.45265579223633, 121.46060943603516, 1.0], [79.02737426757812, 179.99188232421875, 1.0], [101.74397277832031, 238.85882568359375, 1.0], [141.15545654296875, 277.0934143066406, 1.0], [182.2886505126953, 247.6368408203125, 1.0], [154.5567169189453, 152.95144653320312, 1.0], [198.73541259765625, 205.13821411132812, 1.0], [223.752685546875, 240.74803161621094, 1.0], [245.0738525390625, 275.4730529785156, 1.0], [166.45448303222656, 118.16537475585938, 1.0], [204.71798706054688, 188.09986877441406, 1.0], [176.71356201171875, 218.90478515625, 1.0], [132.35768127441406, 211.5478515625, 1.0], [174.33895874023438, 96.20418548583984, 1.0], [231.84474182128906, 141.322021484375, 1.0], [228.8279571533203, 175.40011596679688, 1.0], [224.75083923339844, 208.5432891845703, 1.0], [174.01797485351562, 78.37942504882812, 1.0], [213.63893127441406, 105.88679504394531, 1.0], [206.12191772460938, 136.24337768554688, 1.0], [185.44717407226562, 165.9454345703125, 1.0]], "is_left": 0}