{"hand_pts": [[32.756893157958984, 235.5496368408203, 1.0], [73.22879028320312, 187.94503784179688, 1.0], [98.25486755371094, 143.73681640625, 1.0], [139.84889221191406, 121.03349304199219, 1.0], [179.668212890625, 133.15174865722656, 1.0], [134.20550537109375, 172.0553741455078, 1.0], [178.50477600097656, 143.40420532226562, 1.0], [198.68614196777344, 130.8190155029297, 1.0], [210.9104766845703, 124.17692565917969, 1.0], [140.45538330078125, 204.20993041992188, 1.0], [204.47308349609375, 175.72427368164062, 1.0], [238.90003967285156, 157.72328186035156, 1.0], [268.7301940917969, 141.5471649169922, 1.0], [144.67845153808594, 229.39906311035156, 1.0], [212.75819396972656, 226.89060974121094, 1.0], [231.16241455078125, 219.41551208496094, 1.0], [216.8704833984375, 211.1801300048828, 1.0], [142.30091857910156, 253.8217315673828, 1.0], [188.27777099609375, 250.43263244628906, 1.0], [211.7593231201172, 241.27850341796875, 1.0], [228.20909118652344, 228.305908203125, 1.0]], "is_left": 0}