{"hand_pts": [[143.4386444091797, 43.63595962524414, 1.0], [152.73855590820312, 108.67989349365234, 1.0], [177.94491577148438, 156.434814453125, 1.0], [181.84490966796875, 202.06863403320312, 1.0], [177.18841552734375, 238.8538055419922, 1.0], [215.3014678955078, 151.51779174804688, 1.0], [246.903076171875, 200.61181640625, 1.0], [250.04171752929688, 236.67982482910156, 1.0], [249.40847778320312, 271.50299072265625, 1.0], [199.97923278808594, 131.55503845214844, 1.0], [197.0560760498047, 200.78216552734375, 1.0], [171.4286346435547, 240.26156616210938, 1.0], [137.32003784179688, 268.8355407714844, 1.0], [179.90164184570312, 116.48159790039062, 1.0], [211.06951904296875, 164.99649047851562, 1.0], [198.88272094726562, 202.71759033203125, 1.0], [175.72959899902344, 236.8675537109375, 1.0], [155.38916015625, 98.01848602294922, 1.0], [141.8406219482422, 132.3881072998047, 1.0], [121.84410095214844, 159.8113555908203, 1.0], [96.72310638427734, 188.643798828125, 1.0]], "is_left": 0}