{"hand_pts": [[195.59303283691406, 308.7596740722656, 1.0], [146.47238159179688, 280.5065612792969, 1.0], [83.1724853515625, 272.0799560546875, 1.0], [100.56010437011719, 253.41436767578125, 1.0], [162.48902893066406, 245.3363494873047, 1.0], [93.19470977783203, 148.07476806640625, 1.0], [111.71332550048828, 130.2506866455078, 1.0], [148.83546447753906, 177.59344482421875, 1.0], [171.81085205078125, 225.68209838867188, 1.0], [139.05068969726562, 133.63900756835938, 1.0], [174.05030822753906, 110.75462341308594, 1.0], [201.8151397705078, 171.79971313476562, 1.0], [202.91151428222656, 225.34332275390625, 1.0], [180.78131103515625, 131.35775756835938, 1.0], [228.3770294189453, 111.97138214111328, 1.0], [249.33717346191406, 167.7767333984375, 1.0], [236.62855529785156, 211.33763122558594, 1.0], [223.61729431152344, 142.16709899902344, 1.0], [268.9110412597656, 135.48211669921875, 1.0], [281.28814697265625, 178.89224243164062, 1.0], [256.8305358886719, 212.96482849121094, 1.0]], "is_left": 0}