{"hand_pts": [[12.711283683776855, 237.9908447265625, 1.0], [63.416099548339844, 186.05091857910156, 1.0], [88.8228530883789, 143.63861083984375, 1.0], [147.70318603515625, 130.0447540283203, 1.0], [201.9461212158203, 137.19851684570312, 1.0], [118.24713134765625, 218.6016082763672, 1.0], [185.85183715820312, 158.14454650878906, 1.0], [217.9637908935547, 111.62853240966797, 1.0], [227.0724639892578, 78.93441009521484, 1.0], [127.00113677978516, 244.8341064453125, 1.0], [217.7596435546875, 211.58132934570312, 1.0], [230.43182373046875, 167.13784790039062, 1.0], [210.24142456054688, 144.53005981445312, 1.0], [135.83255004882812, 258.3118896484375, 1.0], [228.04388427734375, 220.1890869140625, 1.0], [236.66441345214844, 180.2765350341797, 1.0], [232.70664978027344, 146.82803344726562, 1.0], [137.97032165527344, 267.4233093261719, 1.0], [189.26377868652344, 269.84600830078125, 1.0], [212.5435333251953, 232.3493194580078, 1.0], [195.9166717529297, 206.5940704345703, 1.0]], "is_left": 0}