{"hand_pts": [[279.30218505859375, 271.041259765625, 1.0], [210.16317749023438, 268.02490234375, 1.0], [152.77154541015625, 272.27569580078125, 1.0], [112.57193756103516, 253.3062286376953, 1.0], [79.4087905883789, 231.55517578125, 1.0], [189.35472106933594, 233.71511840820312, 1.0], [149.24407958984375, 198.3015594482422, 1.0], [136.13963317871094, 185.76577758789062, 1.0], [146.24276733398438, 192.6621551513672, 1.0], [223.47776794433594, 207.9199981689453, 1.0], [198.97357177734375, 158.20083618164062, 1.0], [167.8880615234375, 136.29530334472656, 1.0], [142.4307403564453, 129.7522430419922, 1.0], [248.4813995361328, 187.537109375, 1.0], [205.1303253173828, 149.94247436523438, 1.0], [177.26365661621094, 143.15956115722656, 1.0], [162.90760803222656, 149.5418701171875, 1.0], [273.51171875, 172.63385009765625, 1.0], [248.98167419433594, 143.43214416503906, 1.0], [231.151123046875, 129.94375610351562, 1.0], [213.8187255859375, 134.87745666503906, 1.0]], "is_left": 0}