{"hand_pts": [[208.5903778076172, 221.4504852294922, 1.0], [166.5919189453125, 229.11231994628906, 1.0], [122.06166076660156, 248.44512939453125, 1.0], [89.62626647949219, 243.6230926513672, 1.0], [64.79479217529297, 230.8018798828125, 1.0], [206.21243286132812, 251.08676147460938, 1.0], [159.50064086914062, 214.80848693847656, 1.0], [130.9407958984375, 189.72572326660156, 1.0], [103.52689361572266, 164.42111206054688, 1.0], [236.03517150878906, 228.37855529785156, 1.0], [198.88778686523438, 170.0825958251953, 1.0], [166.0013885498047, 140.50999450683594, 1.0], [152.70054626464844, 149.05035400390625, 1.0], [253.49046325683594, 206.14808654785156, 1.0], [225.9141082763672, 150.11065673828125, 1.0], [195.99053955078125, 134.73861694335938, 1.0], [171.2930908203125, 131.3785400390625, 1.0], [265.40155029296875, 184.21218872070312, 1.0], [274.7090148925781, 153.6560821533203, 1.0], [262.2606506347656, 129.59263610839844, 1.0], [225.5583953857422, 122.03321075439453, 1.0]], "is_left": 0}