{"hand_pts": [[183.81991577148438, 317.2588195800781, 1.0], [149.7278594970703, 233.38461303710938, 1.0], [129.38511657714844, 162.2161102294922, 1.0], [146.28897094726562, 138.132568359375, 1.0], [168.5786590576172, 138.23147583007812, 1.0], [219.35865783691406, 172.1392364501953, 1.0], [183.98068237304688, 109.16654205322266, 1.0], [137.06495666503906, 113.99867248535156, 1.0], [96.60188293457031, 130.4308319091797, 1.0], [238.71775817871094, 208.27236938476562, 1.0], [228.14784240722656, 153.50643920898438, 1.0], [172.88812255859375, 149.79356384277344, 1.0], [121.6018295288086, 141.89894104003906, 1.0], [244.8243408203125, 237.13638305664062, 1.0], [202.20724487304688, 212.61849975585938, 1.0], [157.400146484375, 210.43067932128906, 1.0], [111.27535247802734, 214.64193725585938, 1.0], [244.1466064453125, 269.1455078125, 1.0], [261.4947509765625, 254.057861328125, 1.0], [239.1973876953125, 230.05345153808594, 1.0], [204.3748779296875, 221.20416259765625, 1.0]], "is_left": 0}