{"hand_pts": [[322.7781982421875, 120.87895202636719, 1.0], [257.3919982910156, 143.76214599609375, 1.0], [223.38975524902344, 168.98280334472656, 1.0], [182.85765075683594, 181.74795532226562, 1.0], [186.25506591796875, 169.66400146484375, 1.0], [219.48834228515625, 217.91961669921875, 1.0], [157.99520874023438, 226.73231506347656, 1.0], [120.04879760742188, 218.1661834716797, 1.0], [95.3882064819336, 193.90792846679688, 1.0], [230.7213592529297, 209.40289306640625, 1.0], [165.91049194335938, 181.154052734375, 1.0], [157.42205810546875, 144.32901000976562, 1.0], [170.8298797607422, 114.04621124267578, 1.0], [237.11866760253906, 196.18930053710938, 1.0], [199.52023315429688, 230.91537475585938, 1.0], [165.54568481445312, 241.08380126953125, 1.0], [126.98114776611328, 234.84652709960938, 1.0], [247.08428955078125, 176.888427734375, 1.0], [208.07835388183594, 159.37802124023438, 1.0], [185.1393280029297, 138.65858459472656, 1.0], [183.7122344970703, 116.29012298583984, 1.0]], "is_left": 0,"label":4}