{"hand_pts": [[289.992431640625, 75.2015609741211, 1.0], [276.3365783691406, 140.2678985595703, 1.0], [279.4413757324219, 194.75697326660156, 1.0], [266.519287109375, 240.5011749267578, 1.0], [230.15310668945312, 264.9670715332031, 1.0], [217.81068420410156, 177.74755859375, 1.0], [204.02029418945312, 219.7468719482422, 1.0], [214.04241943359375, 221.51051330566406, 1.0], [234.8793487548828, 195.91397094726562, 1.0], [196.6372833251953, 150.47811889648438, 1.0], [149.60487365722656, 206.16943359375, 1.0], [150.0340118408203, 224.36265563964844, 1.0], [154.53497314453125, 237.04151916503906, 1.0], [181.87628173828125, 129.55258178710938, 1.0], [155.2604522705078, 162.71070861816406, 1.0], [153.8043212890625, 174.8928680419922, 1.0], [146.8223114013672, 188.9294891357422, 1.0], [174.29440307617188, 106.74197387695312, 1.0], [130.53977966308594, 118.95185852050781, 1.0], [101.9113998413086, 134.37474060058594, 1.0], [82.92134857177734, 160.00692749023438, 1.0]], "is_left": 0}