{"hand_pts": [[320.4181213378906, 92.92417907714844, 1.0], [269.6530456542969, 142.1095733642578, 1.0], [228.7176055908203, 175.106201171875, 1.0], [183.9443359375, 187.488037109375, 1.0], [177.88845825195312, 174.3933563232422, 1.0], [247.81663513183594, 187.52613830566406, 1.0], [204.27235412597656, 228.4855194091797, 1.0], [167.3168487548828, 226.50711059570312, 1.0], [144.62313842773438, 213.93431091308594, 1.0], [244.36866760253906, 167.9228057861328, 1.0], [198.607177734375, 214.81561279296875, 1.0], [162.35353088378906, 242.1470947265625, 1.0], [121.4166259765625, 259.2005310058594, 1.0], [237.37245178222656, 150.600830078125, 1.0], [168.17918395996094, 182.4684600830078, 1.0], [128.55435180664062, 190.2860870361328, 1.0], [92.21698760986328, 197.4277801513672, 1.0], [233.5609588623047, 130.11306762695312, 1.0], [179.3798370361328, 135.00851440429688, 1.0], [148.43563842773438, 135.47528076171875, 1.0], [154.30555725097656, 129.4567108154297, 1.0]], "is_left": 0}