{"hand_pts": [[331.6805114746094, 208.3392791748047, 1.0], [279.1308288574219, 159.0869140625, 1.0], [258.9145812988281, 105.19759368896484, 1.0], [202.69700622558594, 88.18310546875, 1.0], [179.10997009277344, 123.99290466308594, 1.0], [237.1927490234375, 174.8432159423828, 1.0], [169.18406677246094, 154.98281860351562, 1.0], [132.676513671875, 140.58555603027344, 1.0], [100.94049072265625, 128.3482208251953, 1.0], [234.26759338378906, 210.89845275878906, 1.0], [181.1453094482422, 201.73446655273438, 1.0], [137.82595825195312, 178.25961303710938, 1.0], [126.85546112060547, 161.555419921875, 1.0], [229.501953125, 236.32424926757812, 1.0], [158.1220703125, 232.852783203125, 1.0], [142.7223358154297, 222.00466918945312, 1.0], [180.7496795654297, 209.35533142089844, 1.0], [229.54869079589844, 258.2404479980469, 1.0], [182.1764678955078, 249.22750854492188, 1.0], [170.9774932861328, 233.1202392578125, 1.0], [163.13433837890625, 213.53660583496094, 1.0]], "is_left": 0}