{"hand_pts": [[260.5199279785156, 133.04273986816406, 1.0], [266.941650390625, 183.36024475097656, 1.0], [262.5972595214844, 240.015869140625, 1.0], [245.95220947265625, 269.8612060546875, 1.0], [229.41641235351562, 293.8121643066406, 1.0], [183.97283935546875, 205.2554473876953, 1.0], [164.02294921875, 233.12088012695312, 1.0], [162.05389404296875, 245.45155334472656, 1.0], [166.7444610595703, 252.79476928710938, 1.0], [171.98306274414062, 165.47299194335938, 1.0], [142.74391174316406, 197.62457275390625, 1.0], [172.9453582763672, 204.5822296142578, 1.0], [216.85240173339844, 200.3306884765625, 1.0], [170.68458557128906, 132.68710327148438, 1.0], [175.0260009765625, 139.9725341796875, 1.0], [193.63165283203125, 143.0987091064453, 1.0], [211.85873413085938, 146.1044464111328, 1.0], [177.22512817382812, 100.6033706665039, 1.0], [149.89993286132812, 98.56198120117188, 1.0], [137.4068145751953, 98.62694549560547, 1.0], [129.1812286376953, 101.99049377441406, 1.0]], "is_left": 0}