{"hand_pts": [[335.43511962890625, 180.49996948242188, 1.0], [300.9569091796875, 209.69146728515625, 1.0], [292.34417724609375, 229.3975067138672, 1.0], [261.4879150390625, 253.28936767578125, 1.0], [223.27383422851562, 273.8543701171875, 1.0], [231.83486938476562, 165.84011840820312, 1.0], [185.3972930908203, 189.1040496826172, 1.0], [162.84222412109375, 217.2563018798828, 1.0], [157.00314331054688, 249.28915405273438, 1.0], [221.48609924316406, 149.2005615234375, 1.0], [151.68763732910156, 144.25946044921875, 1.0], [113.55050659179688, 163.21414184570312, 1.0], [101.00345611572266, 199.00445556640625, 1.0], [215.0648193359375, 142.47561645507812, 1.0], [144.64617919921875, 138.65016174316406, 1.0], [113.83741760253906, 159.37904357910156, 1.0], [115.73633575439453, 194.33074951171875, 1.0], [216.19314575195312, 140.4479522705078, 1.0], [172.4846954345703, 143.490234375, 1.0], [145.14816284179688, 154.34713745117188, 1.0], [154.9118194580078, 184.7205047607422, 1.0]], "is_left": 0}