{"hand_pts": [[229.585693359375, 315.39239501953125, 1.0], [187.53919982910156, 286.12579345703125, 1.0], [163.51043701171875, 283.25775146484375, 1.0], [131.70822143554688, 243.09793090820312, 1.0], [105.44517517089844, 205.75650024414062, 1.0], [211.57505798339844, 227.0404052734375, 1.0], [217.12620544433594, 190.0025177001953, 1.0], [213.92446899414062, 161.06687927246094, 1.0], [201.0775909423828, 128.6728057861328, 1.0], [227.71189880371094, 215.2694549560547, 1.0], [170.09597778320312, 164.79884338378906, 1.0], [128.80166625976562, 161.63478088378906, 1.0], [100.15827178955078, 177.3809051513672, 1.0], [234.53665161132812, 207.11769104003906, 1.0], [214.02423095703125, 142.26504516601562, 1.0], [183.26104736328125, 113.8207778930664, 1.0], [155.0098419189453, 84.15343475341797, 1.0], [238.6689910888672, 205.67022705078125, 1.0], [221.9325714111328, 163.6849822998047, 1.0], [192.34884643554688, 152.373046875, 1.0], [174.72056579589844, 175.60890197753906, 1.0]], "is_left": 0}