{"hand_pts": [[73.27857208251953, 117.6580581665039, 1.0], [133.43093872070312, 105.41270446777344, 1.0], [179.6357879638672, 75.37639617919922, 1.0], [217.43795776367188, 84.40443420410156, 1.0], [222.62757873535156, 134.38870239257812, 1.0], [231.22821044921875, 160.50657653808594, 1.0], [272.3709411621094, 185.06053161621094, 1.0], [242.73915100097656, 182.03738403320312, 1.0], [197.5960235595703, 169.15509033203125, 1.0], [207.08975219726562, 196.53515625, 1.0], [229.9657440185547, 200.52719116210938, 1.0], [196.22796630859375, 174.20401000976562, 1.0], [154.9056396484375, 145.16371154785156, 1.0], [181.8847198486328, 222.02479553222656, 1.0], [203.4784698486328, 270.0470886230469, 1.0], [171.7028045654297, 243.24522399902344, 1.0], [147.4615936279297, 206.8369903564453, 1.0], [149.5840301513672, 239.7341766357422, 1.0], [123.71776580810547, 261.4404602050781, 1.0], [101.32817077636719, 230.11402893066406, 1.0], [106.07897186279297, 198.2767791748047, 1.0]], "is_left": 0}