{"hand_pts": [[44.73869705200195, 90.2164077758789, 1.0], [83.68697357177734, 145.8870391845703, 1.0], [102.09122467041016, 198.88442993164062, 1.0], [137.8858184814453, 237.82186889648438, 1.0], [178.76284790039062, 259.9566955566406, 1.0], [125.48824310302734, 208.11648559570312, 1.0], [174.79397583007812, 248.06027221679688, 1.0], [209.2421417236328, 255.16383361816406, 1.0], [236.9759063720703, 246.07296752929688, 1.0], [134.27139282226562, 177.9346160888672, 1.0], [201.00350952148438, 208.3072509765625, 1.0], [240.25497436523438, 220.9595489501953, 1.0], [270.8275451660156, 223.2036590576172, 1.0], [142.72486877441406, 150.5366668701172, 1.0], [212.66688537597656, 141.1457061767578, 1.0], [233.20452880859375, 122.26943969726562, 1.0], [213.5600128173828, 108.76030731201172, 1.0], [146.26185607910156, 119.57022857666016, 1.0], [193.54998779296875, 127.76385498046875, 1.0], [216.34548950195312, 126.27007293701172, 1.0], [208.1590118408203, 118.80297088623047, 1.0]], "is_left": 0}