{"hand_pts": [[129.82594299316406, 144.3393096923828, 1.0], [143.371337890625, 113.37076568603516, 1.0], [111.40000915527344, 75.5887451171875, 1.0], [125.78007507324219, 87.73918914794922, 1.0], [161.33482360839844, 125.271728515625, 1.0], [129.00721740722656, 157.0816192626953, 1.0], [161.1919403076172, 143.24476623535156, 1.0], [190.85360717773438, 131.23097229003906, 1.0], [221.64276123046875, 118.16250610351562, 1.0], [145.37478637695312, 194.68289184570312, 1.0], [184.86085510253906, 205.79518127441406, 1.0], [222.71884155273438, 195.34109497070312, 1.0], [251.47422790527344, 170.33221435546875, 1.0], [163.44403076171875, 220.19113159179688, 1.0], [179.75970458984375, 269.4081726074219, 1.0], [212.23321533203125, 250.82960510253906, 1.0], [242.8048095703125, 231.14361572265625, 1.0], [180.6641387939453, 238.86721801757812, 1.0], [206.08914184570312, 264.3635559082031, 1.0], [231.0425262451172, 249.48776245117188, 1.0], [250.83770751953125, 223.89285278320312, 1.0]], "is_left": 0}