{"hand_pts": [[62.13578796386719, 100.2391128540039, 1.0], [89.0764389038086, 136.9812774658203, 1.0], [66.26249694824219, 179.8524169921875, 1.0], [87.16773223876953, 217.42771911621094, 1.0], [119.52852630615234, 246.79750061035156, 1.0], [133.0592041015625, 199.5819854736328, 1.0], [176.67205810546875, 237.7921600341797, 1.0], [214.69337463378906, 236.3555908203125, 1.0], [234.36622619628906, 216.59373474121094, 1.0], [152.145751953125, 184.16065979003906, 1.0], [215.29603576660156, 209.80679321289062, 1.0], [211.02088928222656, 183.9246368408203, 1.0], [179.97897338867188, 158.69932556152344, 1.0], [168.14218139648438, 168.22506713867188, 1.0], [239.5282745361328, 187.93772888183594, 1.0], [265.6608581542969, 179.39999389648438, 1.0], [241.28793334960938, 162.53726196289062, 1.0], [178.19195556640625, 148.0643768310547, 1.0], [228.6532745361328, 146.96774291992188, 1.0], [240.970703125, 135.80331420898438, 1.0], [240.92982482910156, 123.3472900390625, 1.0]], "is_left": 0}