{"hand_pts": [[70.07747650146484, 172.13034057617188, 1.0], [136.50282287597656, 143.26683044433594, 1.0], [179.88246154785156, 90.15811157226562, 1.0], [230.13368225097656, 69.91890716552734, 1.0], [274.7341613769531, 84.24948120117188, 1.0], [142.9683380126953, 140.54632568359375, 1.0], [199.15533447265625, 130.56927490234375, 1.0], [233.3661651611328, 148.8352508544922, 1.0], [246.8192596435547, 170.40753173828125, 1.0], [120.50881958007812, 181.1421356201172, 1.0], [197.25247192382812, 192.00872802734375, 1.0], [236.98480224609375, 197.58480834960938, 1.0], [243.0917205810547, 196.5784912109375, 1.0], [107.75726318359375, 214.84072875976562, 1.0], [169.6100311279297, 238.36056518554688, 1.0], [213.06468200683594, 250.82443237304688, 1.0], [225.71041870117188, 244.09332275390625, 1.0], [95.27210235595703, 245.32949829101562, 1.0], [111.01119995117188, 256.0858459472656, 1.0], [148.62632751464844, 256.8529357910156, 1.0], [154.192626953125, 247.08102416992188, 1.0]], "is_left": 0}