{"hand_pts": [[325.60186767578125, 285.6985778808594, 1.0], [275.2425842285156, 268.28466796875, 1.0], [233.7028045654297, 255.25965881347656, 1.0], [187.54025268554688, 233.2568817138672, 1.0], [141.3861083984375, 201.8837432861328, 1.0], [178.7776641845703, 242.51785278320312, 1.0], [107.6501235961914, 212.96060180664062, 1.0], [87.47789001464844, 176.2277069091797, 1.0], [75.56394958496094, 141.34190368652344, 1.0], [184.81582641601562, 223.10836791992188, 1.0], [147.99765014648438, 155.06919860839844, 1.0], [148.4824676513672, 122.20197296142578, 1.0], [180.1885528564453, 118.7098159790039, 1.0], [194.8494873046875, 205.63014221191406, 1.0], [159.13307189941406, 144.1219940185547, 1.0], [200.795654296875, 160.56781005859375, 1.0], [240.75244140625, 185.25335693359375, 1.0], [214.05946350097656, 192.62686157226562, 1.0], [219.83718872070312, 150.7984619140625, 1.0], [239.90036010742188, 137.05564880371094, 1.0], [270.60638427734375, 156.74786376953125, 1.0]], "is_left": 0}