{"hand_pts": [[181.12100219726562, 372.1815185546875, 1.0], [231.25967407226562, 306.865966796875, 1.0], [284.21685791015625, 265.925048828125, 1.0], [251.60926818847656, 204.27813720703125, 1.0], [200.06405639648438, 172.41116333007812, 1.0], [254.8365478515625, 216.8922576904297, 1.0], [240.13095092773438, 157.22915649414062, 1.0], [225.98207092285156, 125.21998596191406, 1.0], [204.09765625, 144.49534606933594, 1.0], [207.00025939941406, 214.46969604492188, 1.0], [190.77818298339844, 140.81202697753906, 1.0], [185.63311767578125, 184.87994384765625, 1.0], [192.89773559570312, 242.0547637939453, 1.0], [166.64407348632812, 213.66860961914062, 1.0], [143.88722229003906, 153.7644500732422, 1.0], [132.8763885498047, 147.8234405517578, 1.0], [120.85240173339844, 136.49362182617188, 1.0], [127.51762390136719, 221.9155731201172, 1.0], [106.13468933105469, 160.1830596923828, 1.0], [105.2246322631836, 150.37806701660156, 1.0], [113.05401611328125, 157.71807861328125, 1.0]], "is_left": 0}