{"hand_pts": [[289.4335021972656, 86.90196990966797, 1.0], [273.82171630859375, 169.2682342529297, 1.0], [291.2521057128906, 234.9878692626953, 1.0], [245.54176330566406, 272.5217590332031, 1.0], [202.93678283691406, 243.9330291748047, 1.0], [236.1324920654297, 196.80654907226562, 1.0], [182.85317993164062, 246.5831756591797, 1.0], [182.55645751953125, 240.20849609375, 1.0], [208.40411376953125, 209.70217895507812, 1.0], [209.15362548828125, 157.8761749267578, 1.0], [138.53517150878906, 207.41790771484375, 1.0], [149.96136474609375, 208.56600952148438, 1.0], [192.14198303222656, 187.61663818359375, 1.0], [186.52220153808594, 129.55262756347656, 1.0], [113.24097442626953, 166.68174743652344, 1.0], [125.9864501953125, 170.3246612548828, 1.0], [169.69154357910156, 156.5755157470703, 1.0], [169.97879028320312, 100.90897369384766, 1.0], [119.02076721191406, 113.42933654785156, 1.0], [128.57020568847656, 124.00244903564453, 1.0], [170.2074737548828, 122.47950744628906, 1.0]], "is_left": 0}