{"hand_pts": [[156.12060546875, 214.46725463867188, 1.0], [186.43560791015625, 242.99554443359375, 1.0], [215.686767578125, 282.78271484375, 1.0], [242.2623291015625, 300.1225280761719, 1.0], [265.9427185058594, 309.75665283203125, 1.0], [142.04116821289062, 215.74359130859375, 1.0], [191.4202880859375, 223.69383239746094, 1.0], [216.66915893554688, 227.72520446777344, 1.0], [238.6095733642578, 229.94639587402344, 1.0], [132.6068572998047, 178.51727294921875, 1.0], [122.67818450927734, 139.4253387451172, 1.0], [132.03192138671875, 120.1298599243164, 1.0], [129.86695861816406, 99.17770385742188, 1.0], [132.4718780517578, 150.58010864257812, 1.0], [193.40528869628906, 126.20580291748047, 1.0], [205.71609497070312, 147.9723663330078, 1.0], [176.73294067382812, 167.17709350585938, 1.0], [136.3124542236328, 127.57796478271484, 1.0], [178.46205139160156, 117.5805435180664, 1.0], [212.60067749023438, 120.37406158447266, 1.0], [238.54544067382812, 142.7359619140625, 1.0]], "is_left": 0}