{"hand_pts": [[229.3800506591797, 42.81865310668945, 1.0], [235.47694396972656, 70.7301025390625, 1.0], [240.18394470214844, 88.5077896118164, 1.0], [236.7322235107422, 120.7944564819336, 1.0], [218.9050750732422, 159.19627380371094, 1.0], [163.97267150878906, 129.62074279785156, 1.0], [135.43634033203125, 179.26870727539062, 1.0], [153.84210205078125, 211.34376525878906, 1.0], [195.75135803222656, 208.6012420654297, 1.0], [162.2769775390625, 142.72486877441406, 1.0], [172.89674377441406, 209.01205444335938, 1.0], [204.13644409179688, 238.79379272460938, 1.0], [249.7551727294922, 241.37339782714844, 1.0], [168.95004272460938, 151.9752960205078, 1.0], [128.7183074951172, 208.94143676757812, 1.0], [144.60023498535156, 239.57736206054688, 1.0], [157.600830078125, 270.8683166503906, 1.0], [181.47157287597656, 154.55068969726562, 1.0], [164.3162841796875, 196.94424438476562, 1.0], [187.97427368164062, 210.75926208496094, 1.0], [212.26907348632812, 225.29721069335938, 1.0]], "is_left": 0}