{"hand_pts": [[332.0965881347656, 139.28616333007812, 1.0], [267.5002136230469, 154.58180236816406, 1.0], [249.04315185546875, 199.8361053466797, 1.0], [208.1648712158203, 228.02284240722656, 1.0], [168.9702911376953, 241.9968719482422, 1.0], [227.677734375, 232.28102111816406, 1.0], [184.71337890625, 278.87493896484375, 1.0], [140.3773193359375, 271.7368469238281, 1.0], [98.10745239257812, 255.48483276367188, 1.0], [237.18008422851562, 219.55052185058594, 1.0], [157.71055603027344, 206.04798889160156, 1.0], [119.68839263916016, 163.8883819580078, 1.0], [99.57159423828125, 119.80523681640625, 1.0], [242.15769958496094, 201.20693969726562, 1.0], [169.85340881347656, 153.06724548339844, 1.0], [134.9124755859375, 115.11821746826172, 1.0], [119.1999282836914, 73.65455627441406, 1.0], [251.0006866455078, 177.01564025878906, 1.0], [208.99472045898438, 134.0939483642578, 1.0], [205.3375701904297, 102.15505981445312, 1.0], [236.76153564453125, 119.5679931640625, 1.0]], "is_left": 0}