{"hand_pts": [[259.2020568847656, 334.4375305175781, 1.0], [221.52320861816406, 286.3814392089844, 1.0], [224.72999572753906, 257.9230041503906, 1.0], [230.7784423828125, 205.03392028808594, 1.0], [236.11932373046875, 155.4437255859375, 1.0], [137.36048889160156, 250.99497985839844, 1.0], [101.21304321289062, 197.6365203857422, 1.0], [88.28699493408203, 159.06802368164062, 1.0], [98.00538635253906, 121.99510955810547, 1.0], [152.639892578125, 245.98374938964844, 1.0], [172.33004760742188, 170.1072540283203, 1.0], [198.75314331054688, 136.57608032226562, 1.0], [216.63414001464844, 98.18104553222656, 1.0], [171.25192260742188, 239.1512908935547, 1.0], [169.81365966796875, 163.7793426513672, 1.0], [198.27853393554688, 147.49217224121094, 1.0], [223.76080322265625, 179.00930786132812, 1.0], [196.47119140625, 236.75140380859375, 1.0], [197.7110137939453, 181.80523681640625, 1.0], [216.40481567382812, 159.7120361328125, 1.0], [235.07298278808594, 137.62620544433594, 1.0]], "is_left": 0}