{"hand_pts": [[172.45211791992188, 124.18368530273438, 1.0], [220.06011962890625, 152.35826110839844, 1.0], [268.4794921875, 168.10720825195312, 1.0], [298.03509521484375, 176.94557189941406, 1.0], [318.8849792480469, 182.94137573242188, 1.0], [199.74900817871094, 212.39874267578125, 1.0], [203.15811157226562, 230.1024627685547, 1.0], [209.0533905029297, 228.81607055664062, 1.0], [210.96482849121094, 234.0181427001953, 1.0], [164.593505859375, 194.4424285888672, 1.0], [152.92501831054688, 227.83523559570312, 1.0], [159.338134765625, 234.4038543701172, 1.0], [183.05490112304688, 213.83363342285156, 1.0], [140.14077758789062, 174.76547241210938, 1.0], [149.7936248779297, 151.76412963867188, 1.0], [160.57778930664062, 131.9955596923828, 1.0], [181.41641235351562, 107.2911605834961, 1.0], [119.4598159790039, 151.02186584472656, 1.0], [106.4952621459961, 164.19329833984375, 1.0], [109.28710174560547, 167.82493591308594, 1.0], [134.55592346191406, 160.26792907714844, 1.0]], "is_left": 0}