{"hand_pts": [[82.9116439819336, 309.25726318359375, 1.0], [142.84332275390625, 289.5126953125, 1.0], [198.16397094726562, 293.2198181152344, 1.0], [239.30535888671875, 263.38299560546875, 1.0], [246.3897705078125, 220.63206481933594, 1.0], [190.9697265625, 229.77902221679688, 1.0], [213.43165588378906, 191.0711669921875, 1.0], [223.83851623535156, 168.35911560058594, 1.0], [219.95606994628906, 159.86776733398438, 1.0], [162.27975463867188, 213.37396240234375, 1.0], [196.45187377929688, 150.64520263671875, 1.0], [218.6739044189453, 116.50859832763672, 1.0], [235.45468139648438, 96.04016876220703, 1.0], [138.49317932128906, 202.14402770996094, 1.0], [170.6029052734375, 160.99095153808594, 1.0], [184.7240447998047, 145.84561157226562, 1.0], [193.0663299560547, 142.48773193359375, 1.0], [112.1613998413086, 197.83929443359375, 1.0], [117.34174346923828, 164.5389404296875, 1.0], [120.21163177490234, 145.40280151367188, 1.0], [120.69578552246094, 161.37527465820312, 1.0]], "is_left": 0}