{"hand_pts": [[40.615447998046875, 190.63282775878906, 1.0], [113.21243286132812, 227.7671356201172, 1.0], [167.08572387695312, 279.99151611328125, 1.0], [223.61846923828125, 294.8427734375, 1.0], [249.09368896484375, 255.72186279296875, 1.0], [143.71994018554688, 223.22752380371094, 1.0], [215.7863311767578, 228.6670379638672, 1.0], [253.70108032226562, 225.6615447998047, 1.0], [248.06813049316406, 216.49659729003906, 1.0], [125.07485961914062, 183.53378295898438, 1.0], [201.53623962402344, 157.52487182617188, 1.0], [217.36668395996094, 159.29147338867188, 1.0], [221.27764892578125, 165.77232360839844, 1.0], [113.41401672363281, 151.81846618652344, 1.0], [181.2174530029297, 137.70143127441406, 1.0], [222.35643005371094, 137.4048614501953, 1.0], [241.9941864013672, 145.63356018066406, 1.0], [99.35236358642578, 123.04994201660156, 1.0], [142.8027801513672, 107.16336059570312, 1.0], [153.8900909423828, 113.7182388305664, 1.0], [124.95024871826172, 136.35772705078125, 1.0]], "is_left": 0,"label":4}