{"hand_pts": [[122.54205322265625, 297.0552978515625, 1.0], [189.75938415527344, 266.0678405761719, 1.0], [251.9816436767578, 240.1117706298828, 1.0], [269.1961364746094, 197.08518981933594, 1.0], [279.669189453125, 157.24620056152344, 1.0], [181.37631225585938, 247.51785278320312, 1.0], [220.2134552001953, 197.57302856445312, 1.0], [244.69766235351562, 163.88858032226562, 1.0], [262.2903137207031, 135.40164184570312, 1.0], [138.0936737060547, 236.20404052734375, 1.0], [167.50473022460938, 198.94622802734375, 1.0], [200.1103057861328, 161.5974884033203, 1.0], [219.33074951171875, 144.33714294433594, 1.0], [107.47025299072266, 224.00848388671875, 1.0], [150.3574981689453, 162.06973266601562, 1.0], [179.7465057373047, 132.2675323486328, 1.0], [201.71337890625, 127.42998504638672, 1.0], [80.00861358642578, 214.92144775390625, 1.0], [90.72894287109375, 166.66163635253906, 1.0], [111.16130828857422, 159.04600524902344, 1.0], [134.97422790527344, 152.6157989501953, 1.0]], "is_left": 0}