{"hand_pts": [[341.6322326660156, 153.80067443847656, 1.0], [282.5618591308594, 163.6273651123047, 1.0], [255.68942260742188, 183.00205993652344, 1.0], [200.43638610839844, 168.19932556152344, 1.0], [149.58712768554688, 145.23098754882812, 1.0], [229.83026123046875, 231.70852661132812, 1.0], [165.21847534179688, 201.07789611816406, 1.0], [186.81838989257812, 166.99786376953125, 1.0], [230.5241241455078, 169.26226806640625, 1.0], [231.47900390625, 225.7128448486328, 1.0], [147.96533203125, 206.85287475585938, 1.0], [129.35902404785156, 167.7853546142578, 1.0], [132.46435546875, 129.41339111328125, 1.0], [231.29476928710938, 213.72630310058594, 1.0], [145.1298370361328, 195.3822784423828, 1.0], [111.08006286621094, 160.9423370361328, 1.0], [135.91761779785156, 135.32151794433594, 1.0], [236.8163299560547, 195.95814514160156, 1.0], [197.5902557373047, 211.24465942382812, 1.0], [155.31976318359375, 207.0240478515625, 1.0], [135.8324737548828, 188.438720703125, 1.0]], "is_left": 0,"label":4}