{"hand_pts": [[156.97946166992188, 313.47509765625, 1.0], [142.17416381835938, 240.81338500976562, 1.0], [123.90716552734375, 182.3070526123047, 1.0], [106.1883316040039, 147.00013732910156, 1.0], [99.25909423828125, 145.3955841064453, 1.0], [211.38160705566406, 185.0698699951172, 1.0], [181.94300842285156, 141.6023712158203, 1.0], [154.28204345703125, 123.2635726928711, 1.0], [134.92706298828125, 100.0420150756836, 1.0], [225.4217987060547, 213.79481506347656, 1.0], [206.94680786132812, 167.49124145507812, 1.0], [166.43055725097656, 158.7784881591797, 1.0], [137.1453857421875, 179.87823486328125, 1.0], [229.01564025878906, 236.83090209960938, 1.0], [271.85382080078125, 197.94287109375, 1.0], [247.38967895507812, 172.57980346679688, 1.0], [213.37274169921875, 155.46751403808594, 1.0], [225.8883056640625, 263.1369934082031, 1.0], [227.0233917236328, 242.02096557617188, 1.0], [194.70895385742188, 233.91285705566406, 1.0], [178.85552978515625, 242.8117218017578, 1.0]], "is_left": 0}