{"hand_pts": [[313.42742919921875, 159.36834716796875, 1.0], [274.8753662109375, 161.70372009277344, 1.0], [255.7103729248047, 150.08944702148438, 1.0], [217.60189819335938, 169.22799682617188, 1.0], [183.35719299316406, 194.3013458251953, 1.0], [203.2216796875, 136.91067504882812, 1.0], [158.76905822753906, 160.43434143066406, 1.0], [153.24795532226562, 188.8092803955078, 1.0], [168.47105407714844, 214.3072052001953, 1.0], [202.4396514892578, 149.12046813964844, 1.0], [140.38058471679688, 134.81646728515625, 1.0], [104.12809753417969, 144.6202850341797, 1.0], [71.82572174072266, 157.406005859375, 1.0], [204.2781982421875, 163.03863525390625, 1.0], [170.4947052001953, 206.69732666015625, 1.0], [167.11257934570312, 233.9727783203125, 1.0], [199.70582580566406, 234.90191650390625, 1.0], [212.87168884277344, 177.65225219726562, 1.0], [198.60992431640625, 214.34841918945312, 1.0], [203.13995361328125, 238.1796112060547, 1.0], [211.95919799804688, 260.7903137207031, 1.0]], "is_left": 0}