{"hand_pts": [[212.0369110107422, 145.9734344482422, 1.0], [230.54283142089844, 122.33460998535156, 1.0], [268.7225646972656, 125.49824523925781, 1.0], [290.5814208984375, 123.43557739257812, 1.0], [293.746337890625, 116.38044738769531, 1.0], [226.39959716796875, 205.83558654785156, 1.0], [206.74044799804688, 213.43515014648438, 1.0], [192.651123046875, 168.05780029296875, 1.0], [194.990234375, 140.83465576171875, 1.0], [196.6593780517578, 225.17396545410156, 1.0], [179.56259155273438, 165.8536834716797, 1.0], [176.16668701171875, 111.66564178466797, 1.0], [178.66026306152344, 64.828369140625, 1.0], [171.5485382080078, 230.593017578125, 1.0], [137.34442138671875, 276.0561828613281, 1.0], [119.07038116455078, 275.75079345703125, 1.0], [105.61785888671875, 259.4192810058594, 1.0], [148.80682373046875, 227.57276916503906, 1.0], [122.97725677490234, 225.82489013671875, 1.0], [110.85130310058594, 204.83718872070312, 1.0], [116.11341857910156, 161.0298309326172, 1.0]], "is_left": 0}