{"hand_pts": [[280.6126403808594, 265.27764892578125, 1.0], [266.0192565917969, 197.9840087890625, 1.0], [248.8587646484375, 135.59002685546875, 1.0], [204.06887817382812, 94.8499984741211, 1.0], [153.9312744140625, 87.17070007324219, 1.0], [274.127197265625, 193.35243225097656, 1.0], [211.45526123046875, 152.9053497314453, 1.0], [186.33978271484375, 148.13287353515625, 1.0], [185.9066162109375, 159.3264923095703, 1.0], [253.29241943359375, 226.55914306640625, 1.0], [190.07203674316406, 184.5107421875, 1.0], [167.4009246826172, 165.98196411132812, 1.0], [174.8135986328125, 166.23504638671875, 1.0], [231.43133544921875, 249.33511352539062, 1.0], [151.6678466796875, 214.4148712158203, 1.0], [111.02493286132812, 191.6605224609375, 1.0], [122.8994369506836, 186.53265380859375, 1.0], [210.99627685546875, 270.92352294921875, 1.0], [164.13827514648438, 254.2479705810547, 1.0], [128.8969268798828, 236.86923217773438, 1.0], [114.55422973632812, 209.74917602539062, 1.0]], "is_left": 0}