{"hand_pts": [[63.44123458862305, 42.93865966796875, 1.0], [94.2003402709961, 101.72833251953125, 1.0], [113.52317810058594, 119.87480926513672, 1.0], [152.96636962890625, 140.6964874267578, 1.0], [199.927978515625, 154.34646606445312, 1.0], [120.85326385498047, 188.4608154296875, 1.0], [173.01980590820312, 236.47573852539062, 1.0], [204.4952392578125, 230.2755889892578, 1.0], [231.00576782226562, 216.281005859375, 1.0], [134.44708251953125, 171.64019775390625, 1.0], [169.78887939453125, 242.150634765625, 1.0], [210.19020080566406, 266.9571533203125, 1.0], [242.4964141845703, 270.9964904785156, 1.0], [147.8451690673828, 154.32093811035156, 1.0], [219.87937927246094, 185.51036071777344, 1.0], [228.29312133789062, 162.54660034179688, 1.0], [220.0548858642578, 134.31884765625, 1.0], [157.18624877929688, 130.25640869140625, 1.0], [189.35604858398438, 164.24777221679688, 1.0], [219.2118377685547, 187.07237243652344, 1.0], [243.10977172851562, 201.1930389404297, 1.0]], "is_left": 0}