{"hand_pts": [[38.72165298461914, 94.74432373046875, 1.0], [100.12281799316406, 166.3481903076172, 1.0], [146.84033203125, 214.8171844482422, 1.0], [183.02076721191406, 261.05706787109375, 1.0], [184.38311767578125, 270.3030700683594, 1.0], [210.18084716796875, 151.5435333251953, 1.0], [243.22369384765625, 216.04014587402344, 1.0], [200.95806884765625, 235.09170532226562, 1.0], [155.89984130859375, 215.493408203125, 1.0], [198.27015686035156, 120.36251831054688, 1.0], [249.2058563232422, 185.31907653808594, 1.0], [223.2438507080078, 231.0946807861328, 1.0], [177.89122009277344, 251.65359497070312, 1.0], [182.8348388671875, 101.98672485351562, 1.0], [231.23504638671875, 152.44227600097656, 1.0], [198.26910400390625, 187.11801147460938, 1.0], [157.21282958984375, 195.7298583984375, 1.0], [157.75926208496094, 86.11627960205078, 1.0], [172.38465881347656, 109.44133758544922, 1.0], [158.41827392578125, 145.1700439453125, 1.0], [134.90420532226562, 159.33424377441406, 1.0]], "is_left": 0}