{"hand_pts": [[357.0377197265625, 151.21705627441406, 1.0], [273.93231201171875, 201.491943359375, 1.0], [228.2571258544922, 258.93450927734375, 1.0], [185.11593627929688, 284.29376220703125, 1.0], [201.79946899414062, 248.30169677734375, 1.0], [174.49688720703125, 151.84471130371094, 1.0], [113.00631713867188, 195.66098022460938, 1.0], [135.61004638671875, 227.39865112304688, 1.0], [181.56825256347656, 237.56698608398438, 1.0], [191.1771697998047, 120.19075012207031, 1.0], [146.2281494140625, 173.8817138671875, 1.0], [173.6195068359375, 213.6389923095703, 1.0], [209.88059997558594, 245.46730041503906, 1.0], [206.87818908691406, 102.79315948486328, 1.0], [159.81373596191406, 152.75363159179688, 1.0], [171.9354248046875, 192.26132202148438, 1.0], [180.13929748535156, 230.29159545898438, 1.0], [230.9068603515625, 91.44499206542969, 1.0], [192.8298797607422, 87.8392105102539, 1.0], [172.35861206054688, 112.43547821044922, 1.0], [172.80943298339844, 153.93406677246094, 1.0]], "is_left": 0}