{"hand_pts": [[325.3711242675781, 97.43283081054688, 1.0], [285.0978698730469, 112.6731948852539, 1.0], [273.91436767578125, 116.97058868408203, 1.0], [237.0663604736328, 130.49179077148438, 1.0], [190.24545288085938, 147.83602905273438, 1.0], [246.5006103515625, 187.77191162109375, 1.0], [195.6962432861328, 192.65406799316406, 1.0], [165.54075622558594, 183.42172241210938, 1.0], [138.45567321777344, 170.99346923828125, 1.0], [234.371337890625, 194.1357421875, 1.0], [188.2470703125, 239.8175811767578, 1.0], [152.4618682861328, 230.73873901367188, 1.0], [120.29566192626953, 222.3626251220703, 1.0], [222.5347442626953, 193.560791015625, 1.0], [151.5569610595703, 218.1282196044922, 1.0], [121.24382781982422, 204.004150390625, 1.0], [98.16280364990234, 185.33602905273438, 1.0], [215.6015167236328, 185.86746215820312, 1.0], [163.22537231445312, 192.8072967529297, 1.0], [134.2500762939453, 183.4654998779297, 1.0], [120.31930541992188, 162.28631591796875, 1.0]], "is_left": 0}