{"hand_pts": [[169.1217498779297, 195.38211059570312, 1.0], [222.58840942382812, 193.56021118164062, 1.0], [273.36334228515625, 193.4738311767578, 1.0], [289.6767883300781, 192.9785919189453, 1.0], [291.4565734863281, 192.57374572753906, 1.0], [195.3605499267578, 237.82464599609375, 1.0], [224.91812133789062, 204.9005889892578, 1.0], [242.94985961914062, 174.1029052734375, 1.0], [251.9090118408203, 147.56581115722656, 1.0], [151.00453186035156, 231.8778533935547, 1.0], [178.3623809814453, 185.10650634765625, 1.0], [197.2756805419922, 164.91329956054688, 1.0], [210.39881896972656, 155.18885803222656, 1.0], [119.33403778076172, 221.22178649902344, 1.0], [108.4501724243164, 200.0887908935547, 1.0], [130.27052307128906, 169.46746826171875, 1.0], [156.01608276367188, 141.88490295410156, 1.0], [92.58211517333984, 207.28900146484375, 1.0], [94.10653686523438, 173.51719665527344, 1.0], [111.95286560058594, 147.68753051757812, 1.0], [136.83229064941406, 146.26661682128906, 1.0]], "is_left": 0}