{"hand_pts": [[68.4251937866211, 55.057281494140625, 1.0], [114.81319427490234, 107.79949188232422, 1.0], [132.64720153808594, 145.77684020996094, 1.0], [190.8972625732422, 174.4044189453125, 1.0], [236.17457580566406, 174.5400848388672, 1.0], [93.48971557617188, 216.81649780273438, 1.0], [162.2292938232422, 254.47119140625, 1.0], [217.50498962402344, 229.65248107910156, 1.0], [247.1727752685547, 184.74461364746094, 1.0], [95.17108917236328, 203.5110321044922, 1.0], [179.45115661621094, 243.68797302246094, 1.0], [237.59532165527344, 214.3602752685547, 1.0], [259.10699462890625, 168.52444458007812, 1.0], [104.62478637695312, 186.6092071533203, 1.0], [186.70162963867188, 217.6129913330078, 1.0], [235.51739501953125, 188.93055725097656, 1.0], [245.10267639160156, 149.91448974609375, 1.0], [114.68104553222656, 161.05860900878906, 1.0], [174.82899475097656, 169.03321838378906, 1.0], [215.934326171875, 148.7346649169922, 1.0], [219.6057891845703, 121.99144744873047, 1.0]], "is_left": 0}