{"hand_pts": [[322.03515625, 276.6443786621094, 1.0], [242.7560272216797, 269.8417053222656, 1.0], [183.90792846679688, 279.34405517578125, 1.0], [141.53131103515625, 259.517822265625, 1.0], [160.9832000732422, 239.1064453125, 1.0], [206.16665649414062, 166.83058166503906, 1.0], [148.2719268798828, 131.8636932373047, 1.0], [125.241943359375, 159.502197265625, 1.0], [111.18304443359375, 192.04727172851562, 1.0], [232.84921264648438, 150.56912231445312, 1.0], [167.92982482910156, 165.0369873046875, 1.0], [171.2666473388672, 218.51266479492188, 1.0], [190.29135131835938, 263.9817810058594, 1.0], [251.1938018798828, 145.92872619628906, 1.0], [184.78419494628906, 109.04475402832031, 1.0], [147.77943420410156, 130.16368103027344, 1.0], [126.0394287109375, 169.5478973388672, 1.0], [271.61767578125, 151.5260009765625, 1.0], [232.8737030029297, 131.72642517089844, 1.0], [213.97389221191406, 166.52073669433594, 1.0], [226.46632385253906, 200.1058349609375, 1.0]], "is_left": 0}