{"hand_pts": [[315.6261901855469, 71.6094970703125, 1.0], [288.12158203125, 140.78421020507812, 1.0], [280.99066162109375, 184.73129272460938, 1.0], [252.76776123046875, 237.13914489746094, 1.0], [230.6251678466797, 255.20614624023438, 1.0], [183.06207275390625, 141.7057342529297, 1.0], [152.2569580078125, 209.8260040283203, 1.0], [170.67330932617188, 246.51402282714844, 1.0], [209.15159606933594, 249.37367248535156, 1.0], [169.37164306640625, 118.62935638427734, 1.0], [114.2138442993164, 186.15924072265625, 1.0], [137.72442626953125, 230.295654296875, 1.0], [187.7136993408203, 233.35812377929688, 1.0], [164.67393493652344, 106.13724517822266, 1.0], [118.54788970947266, 165.88616943359375, 1.0], [145.42645263671875, 200.4953155517578, 1.0], [191.3565673828125, 198.14321899414062, 1.0], [170.5721893310547, 94.36186981201172, 1.0], [146.56570434570312, 133.994873046875, 1.0], [173.6826629638672, 161.55401611328125, 1.0], [210.4008331298828, 154.28518676757812, 1.0]], "is_left": 0}