{"hand_pts": [[54.28715896606445, 228.43031311035156, 1.0], [114.26420593261719, 178.71241760253906, 1.0], [142.029296875, 120.2121810913086, 1.0], [183.3717803955078, 98.99339294433594, 1.0], [216.80909729003906, 111.19720458984375, 1.0], [133.68307495117188, 148.1836700439453, 1.0], [196.44940185546875, 120.4126205444336, 1.0], [241.96145629882812, 114.22969055175781, 1.0], [259.95904541015625, 134.6215362548828, 1.0], [124.18549346923828, 188.6470947265625, 1.0], [187.2669219970703, 155.22332763671875, 1.0], [221.6508026123047, 163.56637573242188, 1.0], [258.1741638183594, 168.9530487060547, 1.0], [121.02053833007812, 222.77340698242188, 1.0], [195.84727478027344, 235.77310180664062, 1.0], [223.88189697265625, 243.5480194091797, 1.0], [204.37278747558594, 238.9119110107422, 1.0], [115.85493469238281, 256.62432861328125, 1.0], [165.14353942871094, 275.3612976074219, 1.0], [177.59747314453125, 272.558837890625, 1.0], [164.65721130371094, 259.532958984375, 1.0]], "is_left": 0}