{"hand_pts": [[300.2079772949219, 267.7877197265625, 1.0], [221.05914306640625, 256.0643615722656, 1.0], [153.01026916503906, 256.638916015625, 1.0], [111.94778442382812, 241.61610412597656, 1.0], [116.7208023071289, 222.33651733398438, 1.0], [183.32650756835938, 162.4668426513672, 1.0], [130.55841064453125, 146.17210388183594, 1.0], [113.49408721923828, 169.3908233642578, 1.0], [109.53229522705078, 201.3568572998047, 1.0], [223.26222229003906, 156.36520385742188, 1.0], [173.09068298339844, 132.26931762695312, 1.0], [148.92921447753906, 157.4337615966797, 1.0], [134.12799072265625, 192.77220153808594, 1.0], [253.2035675048828, 159.2207489013672, 1.0], [211.89955139160156, 142.84347534179688, 1.0], [193.2379150390625, 169.1920623779297, 1.0], [181.9901123046875, 205.2104949951172, 1.0], [283.5352478027344, 170.37181091308594, 1.0], [265.1456298828125, 164.57215881347656, 1.0], [248.90097045898438, 187.30506896972656, 1.0], [238.4729766845703, 220.15269470214844, 1.0]], "is_left": 0}