{"hand_pts": [[137.12452697753906, 202.7308807373047, 1.0], [187.8389434814453, 191.66049194335938, 1.0], [238.73883056640625, 177.3815155029297, 1.0], [278.87469482421875, 168.6876678466797, 1.0], [313.62908935546875, 162.26158142089844, 1.0], [182.1183319091797, 145.279296875, 1.0], [217.33416748046875, 154.21823120117188, 1.0], [240.6761932373047, 169.53395080566406, 1.0], [249.28607177734375, 202.21426391601562, 1.0], [149.3696746826172, 161.84170532226562, 1.0], [156.99363708496094, 160.67303466796875, 1.0], [180.05490112304688, 192.8203582763672, 1.0], [191.69024658203125, 210.22119140625, 1.0], [126.74545288085938, 180.43930053710938, 1.0], [134.96365356445312, 153.1540985107422, 1.0], [154.7271270751953, 156.92599487304688, 1.0], [178.77755737304688, 168.5581817626953, 1.0], [106.89442443847656, 201.412109375, 1.0], [115.64823913574219, 239.5677490234375, 1.0], [128.85568237304688, 247.59121704101562, 1.0], [141.5520477294922, 246.6388397216797, 1.0]], "is_left": 0}