{"hand_pts": [[139.31503295898438, 202.9408416748047, 1.0], [178.66107177734375, 169.01914978027344, 1.0], [224.7157440185547, 146.75747680664062, 1.0], [264.95904541015625, 133.65121459960938, 1.0], [276.03253173828125, 153.10836791992188, 1.0], [149.22042846679688, 137.17543029785156, 1.0], [147.13926696777344, 99.59811401367188, 1.0], [148.14132690429688, 77.50523376464844, 1.0], [139.45074462890625, 52.30548858642578, 1.0], [135.27427673339844, 169.17898559570312, 1.0], [172.52525329589844, 189.68194580078125, 1.0], [205.96299743652344, 205.76318359375, 1.0], [237.27175903320312, 220.817626953125, 1.0], [130.70762634277344, 197.6245880126953, 1.0], [176.65138244628906, 229.52117919921875, 1.0], [209.81312561035156, 244.36660766601562, 1.0], [237.85147094726562, 254.93038940429688, 1.0], [129.14373779296875, 226.33189392089844, 1.0], [162.0359649658203, 264.0248107910156, 1.0], [174.5714874267578, 260.4427795410156, 1.0], [180.3662872314453, 247.55889892578125, 1.0]], "is_left": 0}