{"hand_pts": [[330.9162292480469, 181.40798950195312, 1.0], [285.9338684082031, 224.30052185058594, 1.0], [258.8419494628906, 265.8072814941406, 1.0], [212.21705627441406, 275.24859619140625, 1.0], [163.49325561523438, 265.3817443847656, 1.0], [235.07936096191406, 168.66236877441406, 1.0], [175.1686248779297, 206.5604705810547, 1.0], [178.106689453125, 232.91091918945312, 1.0], [194.0921173095703, 251.0581817626953, 1.0], [225.53668212890625, 132.98284912109375, 1.0], [155.6422576904297, 145.85833740234375, 1.0], [115.20288848876953, 180.3387451171875, 1.0], [101.37760925292969, 222.4384002685547, 1.0], [216.58978271484375, 111.8556137084961, 1.0], [150.03274536132812, 137.3336181640625, 1.0], [166.58689880371094, 168.69332885742188, 1.0], [209.88665771484375, 182.1060791015625, 1.0], [213.81939697265625, 98.01533508300781, 1.0], [165.9262237548828, 113.13345336914062, 1.0], [143.40963745117188, 135.70179748535156, 1.0], [128.40457153320312, 166.39219665527344, 1.0]], "is_left": 0}