{"hand_pts": [[234.39463806152344, 261.128662109375, 1.0], [247.2749481201172, 249.7018280029297, 1.0], [292.6763610839844, 233.039306640625, 1.0], [309.64691162109375, 218.78341674804688, 1.0], [287.0514831542969, 210.4428253173828, 1.0], [241.3247833251953, 164.4062957763672, 1.0], [216.23733520507812, 180.7451629638672, 1.0], [198.12368774414062, 206.6761474609375, 1.0], [187.07913208007812, 243.8501739501953, 1.0], [204.29287719726562, 158.77825927734375, 1.0], [142.06460571289062, 164.23851013183594, 1.0], [127.36726379394531, 205.8341522216797, 1.0], [153.39913940429688, 234.87770080566406, 1.0], [172.93862915039062, 161.2083282470703, 1.0], [149.61141967773438, 120.75048828125, 1.0], [131.76727294921875, 133.7602081298828, 1.0], [121.9955062866211, 165.04898071289062, 1.0], [145.56724548339844, 171.41619873046875, 1.0], [116.0386734008789, 138.41751098632812, 1.0], [107.02498626708984, 152.0567626953125, 1.0], [116.01021575927734, 181.26356506347656, 1.0]], "is_left": 0}