{"hand_pts": [[52.346336364746094, 111.12122344970703, 1.0], [102.95536804199219, 126.77674865722656, 1.0], [145.46514892578125, 121.93209838867188, 1.0], [187.65570068359375, 130.01712036132812, 1.0], [226.8955078125, 139.5311737060547, 1.0], [183.7065887451172, 127.6178970336914, 1.0], [231.7828826904297, 159.0002899169922, 1.0], [257.6097106933594, 184.07177734375, 1.0], [286.6053466796875, 204.52313232421875, 1.0], [168.6697235107422, 141.06556701660156, 1.0], [197.42752075195312, 200.0238494873047, 1.0], [203.4101104736328, 237.5393829345703, 1.0], [179.55853271484375, 254.30282592773438, 1.0], [152.301025390625, 155.3900146484375, 1.0], [191.17184448242188, 205.06521606445312, 1.0], [202.34701538085938, 236.4945831298828, 1.0], [189.29421997070312, 255.65829467773438, 1.0], [129.3546905517578, 168.03952026367188, 1.0], [151.78359985351562, 203.98081970214844, 1.0], [146.93173217773438, 222.03857421875, 1.0], [127.88334655761719, 218.86285400390625, 1.0]], "is_left": 0}