{"hand_pts": [[165.86732482910156, 330.2566833496094, 1.0], [218.90687561035156, 277.9802551269531, 1.0], [275.7945251464844, 260.57855224609375, 1.0], [297.8796691894531, 212.63780212402344, 1.0], [283.98590087890625, 168.56484985351562, 1.0], [210.0545196533203, 221.0376739501953, 1.0], [221.2678985595703, 155.00909423828125, 1.0], [225.17724609375, 136.18063354492188, 1.0], [223.00537109375, 148.45945739746094, 1.0], [168.3061981201172, 215.83033752441406, 1.0], [165.7244415283203, 136.5229034423828, 1.0], [176.11570739746094, 124.89140319824219, 1.0], [187.88356018066406, 163.51748657226562, 1.0], [137.19110107421875, 210.73849487304688, 1.0], [138.87576293945312, 147.45953369140625, 1.0], [148.9503631591797, 158.64511108398438, 1.0], [160.28216552734375, 196.8774871826172, 1.0], [109.25348663330078, 211.69590759277344, 1.0], [93.77689361572266, 170.395263671875, 1.0], [103.32239532470703, 171.3126678466797, 1.0], [123.88690948486328, 205.9507598876953, 1.0]], "is_left": 0}