{"hand_pts": [[341.23419189453125, 132.50836181640625, 1.0], [306.3863525390625, 195.0939483642578, 1.0], [273.50732421875, 240.5749969482422, 1.0], [226.0792694091797, 263.6072998046875, 1.0], [182.4368896484375, 281.29742431640625, 1.0], [208.03651428222656, 192.34515380859375, 1.0], [145.8093719482422, 201.52308654785156, 1.0], [124.92877960205078, 213.84169006347656, 1.0], [132.46646118164062, 226.08087158203125, 1.0], [208.65830993652344, 153.3330841064453, 1.0], [138.89773559570312, 167.5867156982422, 1.0], [126.58978271484375, 193.08859252929688, 1.0], [107.14456939697266, 213.75782775878906, 1.0], [215.50042724609375, 125.70092010498047, 1.0], [154.87826538085938, 148.33108520507812, 1.0], [134.53790283203125, 170.38108825683594, 1.0], [109.96395874023438, 188.6416015625, 1.0], [231.1635284423828, 100.70085144042969, 1.0], [206.59368896484375, 115.2412338256836, 1.0], [233.0304718017578, 137.5913848876953, 1.0], [265.3477478027344, 149.6541748046875, 1.0]], "is_left": 0}