{"hand_pts": [[254.35496520996094, 162.7103729248047, 1.0], [255.35708618164062, 130.13528442382812, 1.0], [284.4369812011719, 97.39332580566406, 1.0], [279.5057373046875, 100.50111389160156, 1.0], [239.57896423339844, 142.67184448242188, 1.0], [251.6510772705078, 178.4639129638672, 1.0], [212.6876220703125, 158.326171875, 1.0], [198.38870239257812, 139.66055297851562, 1.0], [180.49325561523438, 121.5580062866211, 1.0], [222.9639892578125, 210.8162384033203, 1.0], [169.37838745117188, 219.05325317382812, 1.0], [138.92698669433594, 200.52622985839844, 1.0], [111.4378662109375, 182.62738037109375, 1.0], [197.49050903320312, 231.31539916992188, 1.0], [143.5692138671875, 219.73094177246094, 1.0], [144.33338928222656, 192.93994140625, 1.0], [152.9143829345703, 167.7034149169922, 1.0], [174.91624450683594, 245.71478271484375, 1.0], [129.88870239257812, 247.39170837402344, 1.0], [100.10978698730469, 245.69354248046875, 1.0], [76.78965759277344, 230.70797729492188, 1.0]], "is_left": 0}