{"hand_pts": [[51.02381896972656, 183.573486328125, 1.0], [126.44843292236328, 175.62550354003906, 1.0], [181.21713256835938, 156.9712371826172, 1.0], [233.71240234375, 155.3903350830078, 1.0], [253.71817016601562, 181.74314880371094, 1.0], [159.72702026367188, 139.4659423828125, 1.0], [218.15408325195312, 139.31675720214844, 1.0], [247.88011169433594, 163.55474853515625, 1.0], [248.7279052734375, 191.5604705810547, 1.0], [131.38491821289062, 154.62461853027344, 1.0], [188.53634643554688, 170.61465454101562, 1.0], [224.5961151123047, 197.15916442871094, 1.0], [255.0706329345703, 223.076904296875, 1.0], [110.8299331665039, 171.812255859375, 1.0], [165.71104431152344, 173.19932556152344, 1.0], [203.9929656982422, 189.63243103027344, 1.0], [238.8577423095703, 208.70068359375, 1.0], [88.30743408203125, 191.0266876220703, 1.0], [110.8089828491211, 224.4823760986328, 1.0], [122.06816864013672, 241.26925659179688, 1.0], [116.83370971679688, 230.8517303466797, 1.0]], "is_left": 0}