{"hand_pts": [[53.69371795654297, 198.13873291015625, 1.0], [91.09877014160156, 157.57945251464844, 1.0], [126.27938842773438, 117.2649917602539, 1.0], [135.3209228515625, 100.30510711669922, 1.0], [121.14215850830078, 110.44591522216797, 1.0], [182.60841369628906, 169.4280242919922, 1.0], [236.8782958984375, 171.1751251220703, 1.0], [216.416748046875, 164.67185974121094, 1.0], [198.42092895507812, 159.50442504882812, 1.0], [175.06336975097656, 199.00978088378906, 1.0], [239.347412109375, 191.84597778320312, 1.0], [272.0392761230469, 183.51803588867188, 1.0], [290.61883544921875, 171.05674743652344, 1.0], [162.80606079101562, 220.0590362548828, 1.0], [203.44166564941406, 230.7925262451172, 1.0], [181.21438598632812, 214.04263305664062, 1.0], [150.7177276611328, 196.80726623535156, 1.0], [142.9584197998047, 238.3761444091797, 1.0], [172.53826904296875, 240.09384155273438, 1.0], [181.25772094726562, 231.96641540527344, 1.0], [168.1512451171875, 212.0308380126953, 1.0]], "is_left": 0}