{"hand_pts": [[87.60142517089844, 51.55961227416992, 1.0], [90.70966339111328, 117.44544982910156, 1.0], [79.54496765136719, 158.3040771484375, 1.0], [94.28934478759766, 206.43179321289062, 1.0], [116.8358383178711, 240.2302703857422, 1.0], [175.23602294921875, 142.44287109375, 1.0], [208.63539123535156, 196.76123046875, 1.0], [214.9241180419922, 235.06289672851562, 1.0], [208.46917724609375, 267.06927490234375, 1.0], [198.08746337890625, 124.63909912109375, 1.0], [211.3118896484375, 199.44451904296875, 1.0], [174.61961364746094, 222.5164031982422, 1.0], [135.06764221191406, 234.10276794433594, 1.0], [210.55450439453125, 113.46063232421875, 1.0], [245.58917236328125, 176.5084991455078, 1.0], [220.31588745117188, 204.98309326171875, 1.0], [182.8370361328125, 218.51576232910156, 1.0], [213.78921508789062, 100.23387908935547, 1.0], [241.11666870117188, 136.8197479248047, 1.0], [228.87921142578125, 165.9617919921875, 1.0], [197.7266387939453, 187.88194274902344, 1.0]], "is_left": 0}