{"hand_pts": [[288.9768981933594, 204.609619140625, 1.0], [236.19557189941406, 160.63914489746094, 1.0], [206.00726318359375, 104.4881820678711, 1.0], [194.8763427734375, 87.17537689208984, 1.0], [197.72425842285156, 96.75273132324219, 1.0], [148.1400909423828, 207.80636596679688, 1.0], [130.65411376953125, 155.86178588867188, 1.0], [166.29588317871094, 126.5030746459961, 1.0], [195.1475830078125, 94.25415802001953, 1.0], [168.59669494628906, 240.1710968017578, 1.0], [133.72567749023438, 216.635498046875, 1.0], [159.26319885253906, 174.6631622314453, 1.0], [194.52816772460938, 140.11231994628906, 1.0], [190.2769775390625, 259.3947448730469, 1.0], [189.96197509765625, 209.43820190429688, 1.0], [221.00762939453125, 174.2288360595703, 1.0], [249.9495849609375, 138.73492431640625, 1.0], [218.63192749023438, 272.6011657714844, 1.0], [180.07858276367188, 287.90435791015625, 1.0], [158.32901000976562, 281.0595397949219, 1.0], [158.8638458251953, 245.2249298095703, 1.0]], "is_left": 0}