{"hand_pts": [[278.2201232910156, 35.18460464477539, 1.0], [218.86099243164062, 53.9725456237793, 1.0], [170.59539794921875, 56.6225700378418, 1.0], [131.18637084960938, 81.8365478515625, 1.0], [108.59386444091797, 124.2795181274414, 1.0], [220.342041015625, 138.3333740234375, 1.0], [179.06544494628906, 180.79209899902344, 1.0], [144.70370483398438, 202.24720764160156, 1.0], [109.97784423828125, 219.46981811523438, 1.0], [240.77557373046875, 157.51458740234375, 1.0], [205.5925750732422, 218.01458740234375, 1.0], [161.716796875, 231.97669982910156, 1.0], [120.32745361328125, 243.3650665283203, 1.0], [252.15301513671875, 168.49163818359375, 1.0], [210.7347869873047, 227.6985626220703, 1.0], [171.54571533203125, 237.99935913085938, 1.0], [133.99652099609375, 230.83872985839844, 1.0], [262.8148498535156, 170.3550262451172, 1.0], [240.88218688964844, 215.8535614013672, 1.0], [215.0785369873047, 238.58287048339844, 1.0], [179.48399353027344, 243.9258575439453, 1.0]], "is_left": 0}