{"hand_pts": [[114.3403091430664, 97.42235565185547, 1.0], [119.67491149902344, 97.97530364990234, 1.0], [105.87642669677734, 80.85186004638672, 1.0], [118.6248779296875, 85.25825500488281, 1.0], [148.83248901367188, 105.06757354736328, 1.0], [103.55333709716797, 156.97943115234375, 1.0], [116.6033935546875, 181.71005249023438, 1.0], [147.89874267578125, 192.37991333007812, 1.0], [190.64955139160156, 193.17799377441406, 1.0], [131.14779663085938, 179.66668701171875, 1.0], [177.80126953125, 225.2831573486328, 1.0], [218.048095703125, 241.92735290527344, 1.0], [257.2036437988281, 238.77926635742188, 1.0], [157.93844604492188, 193.804443359375, 1.0], [224.82208251953125, 220.5937042236328, 1.0], [248.2283935546875, 200.71237182617188, 1.0], [263.0386962890625, 177.2490234375, 1.0], [182.6251678466797, 200.7125244140625, 1.0], [229.11924743652344, 230.92581176757812, 1.0], [261.8789978027344, 234.73147583007812, 1.0], [288.5994567871094, 227.9971923828125, 1.0]], "is_left": 0,"label":4}