{"hand_pts": [[331.3074951171875, 246.7086944580078, 1.0], [252.5077362060547, 258.3893737792969, 1.0], [203.39105224609375, 263.6662902832031, 1.0], [149.7770233154297, 259.6783752441406, 1.0], [119.53384399414062, 245.5421905517578, 1.0], [202.8743438720703, 185.79574584960938, 1.0], [146.7497100830078, 158.8965606689453, 1.0], [112.7129135131836, 163.7938232421875, 1.0], [121.18175506591797, 184.47877502441406, 1.0], [230.89617919921875, 161.98287963867188, 1.0], [174.80780029296875, 138.62721252441406, 1.0], [143.1305389404297, 146.11154174804688, 1.0], [118.14887237548828, 163.2337188720703, 1.0], [252.1670684814453, 149.511474609375, 1.0], [198.8195343017578, 173.66558837890625, 1.0], [181.5216522216797, 202.50277709960938, 1.0], [192.40155029296875, 237.80438232421875, 1.0], [276.533447265625, 145.08990478515625, 1.0], [238.15585327148438, 128.5797119140625, 1.0], [216.8807373046875, 152.5413818359375, 1.0], [204.1678924560547, 185.41932678222656, 1.0]], "is_left": 0}