{"hand_pts": [[210.26040649414062, 87.43953704833984, 1.0], [152.9220428466797, 106.39552307128906, 1.0], [93.17725372314453, 127.58052825927734, 1.0], [82.95799255371094, 160.60470581054688, 1.0], [117.78182983398438, 180.42459106445312, 1.0], [154.8632354736328, 185.45794677734375, 1.0], [155.5395965576172, 232.8829345703125, 1.0], [156.69508361816406, 249.4311065673828, 1.0], [157.8713836669922, 232.92642211914062, 1.0], [201.20639038085938, 188.4139862060547, 1.0], [178.6735382080078, 203.24526977539062, 1.0], [160.6332244873047, 183.0498809814453, 1.0], [143.7644500732422, 167.1733856201172, 1.0], [236.82028198242188, 184.9170379638672, 1.0], [219.8502960205078, 180.06375122070312, 1.0], [205.5636444091797, 156.56204223632812, 1.0], [191.9261016845703, 122.32315826416016, 1.0], [269.4602355957031, 173.93499755859375, 1.0], [283.11285400390625, 207.0519256591797, 1.0], [273.28765869140625, 211.4798126220703, 1.0], [246.921142578125, 190.67935180664062, 1.0]], "is_left": 0}