{"hand_pts": [[226.81027221679688, 145.16799926757812, 1.0], [168.30543518066406, 166.3358612060547, 1.0], [110.46074676513672, 182.3931121826172, 1.0], [81.31021118164062, 182.62290954589844, 1.0], [83.44141387939453, 171.6900634765625, 1.0], [183.88880920410156, 237.42979431152344, 1.0], [161.09988403320312, 252.54554748535156, 1.0], [141.02947998046875, 232.74331665039062, 1.0], [125.135498046875, 196.55479431152344, 1.0], [224.1560821533203, 220.69070434570312, 1.0], [196.7122802734375, 221.69627380371094, 1.0], [165.9709930419922, 189.32586669921875, 1.0], [139.5474090576172, 151.62522888183594, 1.0], [252.20477294921875, 200.20745849609375, 1.0], [234.33058166503906, 192.06060791015625, 1.0], [207.5553436279297, 158.02835083007812, 1.0], [183.02972412109375, 125.53707122802734, 1.0], [276.456787109375, 174.74765014648438, 1.0], [275.1150207519531, 158.33297729492188, 1.0], [253.9461669921875, 133.3821563720703, 1.0], [224.84986877441406, 112.1631851196289, 1.0]], "is_left": 0}