{"hand_pts": [[45.8179817199707, 190.37905883789062, 1.0], [80.35983276367188, 151.64822387695312, 1.0], [88.64889526367188, 113.16029357910156, 1.0], [135.6271209716797, 107.80552673339844, 1.0], [174.03309631347656, 133.20204162597656, 1.0], [137.9253387451172, 177.0802459716797, 1.0], [185.8106231689453, 148.7914581298828, 1.0], [174.741943359375, 136.6280059814453, 1.0], [147.66134643554688, 140.1162567138672, 1.0], [149.79832458496094, 204.7132110595703, 1.0], [202.80685424804688, 205.8525848388672, 1.0], [234.33509826660156, 182.59268188476562, 1.0], [239.4793243408203, 158.5186004638672, 1.0], [158.7613983154297, 222.2596893310547, 1.0], [216.899658203125, 234.5194091796875, 1.0], [253.14169311523438, 226.164794921875, 1.0], [281.4774169921875, 207.68109130859375, 1.0], [161.07382202148438, 235.7680206298828, 1.0], [204.58761596679688, 252.93789672851562, 1.0], [222.2672882080078, 232.26034545898438, 1.0], [216.08782958984375, 203.88328552246094, 1.0]], "is_left": 0}