{"hand_pts": [[59.16259002685547, 163.54417419433594, 1.0], [137.64544677734375, 152.35523986816406, 1.0], [198.31898498535156, 171.72877502441406, 1.0], [252.8357391357422, 188.06234741210938, 1.0], [253.86427307128906, 187.17123413085938, 1.0], [180.68150329589844, 231.2982177734375, 1.0], [215.35614013671875, 264.9534606933594, 1.0], [229.1805877685547, 225.2073516845703, 1.0], [220.56399536132812, 182.3036346435547, 1.0], [146.589599609375, 236.59645080566406, 1.0], [206.2712860107422, 182.74673461914062, 1.0], [235.60739135742188, 136.3632354736328, 1.0], [255.8721923828125, 87.80830383300781, 1.0], [120.5702133178711, 231.71258544921875, 1.0], [170.0177001953125, 205.53147888183594, 1.0], [177.26318359375, 158.4241485595703, 1.0], [180.83322143554688, 113.72105407714844, 1.0], [92.62429809570312, 220.1061553955078, 1.0], [111.5632553100586, 183.4013671875, 1.0], [124.18836212158203, 155.38490295410156, 1.0], [139.18170166015625, 121.64183807373047, 1.0]], "is_left": 0}