{"hand_pts": [[99.8801040649414, 332.26690673828125, 1.0], [154.2195281982422, 305.54571533203125, 1.0], [207.66461181640625, 302.5975646972656, 1.0], [244.837158203125, 276.8011169433594, 1.0], [268.4589538574219, 239.52989196777344, 1.0], [214.58169555664062, 228.9597930908203, 1.0], [257.13555908203125, 172.86688232421875, 1.0], [249.59396362304688, 148.23089599609375, 1.0], [218.5733642578125, 156.54283142089844, 1.0], [179.18296813964844, 212.2316436767578, 1.0], [189.21083068847656, 141.52474975585938, 1.0], [171.03504943847656, 143.0091094970703, 1.0], [153.73362731933594, 144.04861450195312, 1.0], [147.6813201904297, 201.59434509277344, 1.0], [180.3717803955078, 132.20578002929688, 1.0], [177.03648376464844, 120.53042602539062, 1.0], [171.9890594482422, 113.34764862060547, 1.0], [113.66610717773438, 199.41603088378906, 1.0], [119.3778305053711, 148.9213104248047, 1.0], [120.19111633300781, 144.1824188232422, 1.0], [120.74640655517578, 158.36972045898438, 1.0]], "is_left": 0}