{"hand_pts": [[247.8861083984375, 315.5411682128906, 1.0], [195.3002471923828, 291.84027099609375, 1.0], [176.5023193359375, 305.325439453125, 1.0], [175.9214630126953, 278.1954650878906, 1.0], [189.193603515625, 232.8219451904297, 1.0], [131.97433471679688, 217.73533630371094, 1.0], [125.34573364257812, 183.9895477294922, 1.0], [129.37796020507812, 168.45802307128906, 1.0], [134.22410583496094, 153.0082244873047, 1.0], [160.8561248779297, 196.3952178955078, 1.0], [175.7184600830078, 151.1049041748047, 1.0], [192.7910614013672, 139.62416076660156, 1.0], [217.12490844726562, 162.3670196533203, 1.0], [187.81057739257812, 181.8650665283203, 1.0], [158.53807067871094, 107.8238525390625, 1.0], [169.58261108398438, 115.0274429321289, 1.0], [181.44717407226562, 126.48814392089844, 1.0], [218.560791015625, 176.0629425048828, 1.0], [241.029541015625, 146.96249389648438, 1.0], [257.7516174316406, 163.14398193359375, 1.0], [260.3771667480469, 201.78512573242188, 1.0]], "is_left": 0}