{"hand_pts": [[146.61117553710938, 149.41656494140625, 1.0], [211.41256713867188, 143.11410522460938, 1.0], [266.646484375, 105.50785064697266, 1.0], [275.9349670410156, 134.9440460205078, 1.0], [270.17120361328125, 173.0581512451172, 1.0], [186.1475067138672, 108.83523559570312, 1.0], [186.05230712890625, 116.83140563964844, 1.0], [194.69180297851562, 138.96463012695312, 1.0], [200.417724609375, 159.2717742919922, 1.0], [143.52764892578125, 134.2565460205078, 1.0], [186.18902587890625, 161.04493713378906, 1.0], [224.17747497558594, 195.13955688476562, 1.0], [233.5262451171875, 205.21560668945312, 1.0], [115.37786865234375, 160.5483856201172, 1.0], [138.2646026611328, 236.63819885253906, 1.0], [163.8813934326172, 269.37493896484375, 1.0], [188.0467529296875, 285.7174987792969, 1.0], [92.0849838256836, 187.44412231445312, 1.0], [109.21578216552734, 228.85731506347656, 1.0], [126.6185302734375, 259.4827575683594, 1.0], [162.41534423828125, 276.147216796875, 1.0]], "is_left": 0}