{"hand_pts": [[339.2342224121094, 187.70606994628906, 1.0], [284.62896728515625, 140.57455444335938, 1.0], [257.3341369628906, 91.60002899169922, 1.0], [204.70693969726562, 89.27445220947266, 1.0], [171.84909057617188, 123.84169006347656, 1.0], [240.021484375, 172.02609252929688, 1.0], [180.06822204589844, 176.45408630371094, 1.0], [135.66323852539062, 169.54913330078125, 1.0], [94.82190704345703, 161.06089782714844, 1.0], [239.1689453125, 209.10952758789062, 1.0], [156.00369262695312, 200.0823211669922, 1.0], [132.5993194580078, 173.48687744140625, 1.0], [147.6807403564453, 148.87672424316406, 1.0], [236.3563232421875, 234.09686279296875, 1.0], [158.5738525390625, 232.73974609375, 1.0], [150.23048400878906, 204.73240661621094, 1.0], [170.62924194335938, 181.85084533691406, 1.0], [238.43524169921875, 254.14315795898438, 1.0], [186.09364318847656, 258.3674011230469, 1.0], [156.57643127441406, 242.07772827148438, 1.0], [157.92210388183594, 210.6675262451172, 1.0]], "is_left": 0}