{"hand_pts": [[281.3931884765625, 326.87457275390625, 1.0], [292.3979797363281, 261.4920959472656, 1.0], [305.3431396484375, 228.77041625976562, 1.0], [303.87335205078125, 178.74327087402344, 1.0], [292.3884582519531, 177.7835693359375, 1.0], [207.44998168945312, 224.3718719482422, 1.0], [153.3790740966797, 191.69674682617188, 1.0], [142.18699645996094, 152.11952209472656, 1.0], [167.23118591308594, 128.0588836669922, 1.0], [181.9667510986328, 235.67971801757812, 1.0], [118.68665313720703, 190.3166046142578, 1.0], [143.9356689453125, 147.97911071777344, 1.0], [169.4682159423828, 109.725341796875, 1.0], [168.93280029296875, 242.20545959472656, 1.0], [136.27670288085938, 174.5469970703125, 1.0], [147.43670654296875, 132.82704162597656, 1.0], [175.6191864013672, 99.797607421875, 1.0], [165.13685607910156, 252.32669067382812, 1.0], [123.3873291015625, 223.4058074951172, 1.0], [150.9932098388672, 194.80870056152344, 1.0], [179.27969360351562, 164.18006896972656, 1.0]], "is_left": 0}