{"hand_pts": [[213.93431091308594, 273.2925109863281, 1.0], [204.68515014648438, 202.16671752929688, 1.0], [183.8580322265625, 141.55116271972656, 1.0], [196.38255310058594, 108.31217956542969, 1.0], [217.17970275878906, 95.4450454711914, 1.0], [144.14865112304688, 193.18092346191406, 1.0], [133.0071563720703, 158.5828857421875, 1.0], [142.16268920898438, 131.95013427734375, 1.0], [159.05056762695312, 106.10957336425781, 1.0], [159.18199157714844, 229.2902069091797, 1.0], [136.7147979736328, 195.53225708007812, 1.0], [170.46517944335938, 157.30447387695312, 1.0], [210.00241088867188, 132.9932403564453, 1.0], [178.41201782226562, 254.45687866210938, 1.0], [158.94815063476562, 239.07952880859375, 1.0], [177.20298767089844, 207.83450317382812, 1.0], [206.48489379882812, 173.2480010986328, 1.0], [201.57444763183594, 278.4947509765625, 1.0], [220.36407470703125, 252.6566619873047, 1.0], [244.65492248535156, 225.35418701171875, 1.0], [265.4433288574219, 203.99880981445312, 1.0]], "is_left": 0}