{"hand_pts": [[116.43406677246094, 318.9036865234375, 1.0], [134.1448974609375, 239.76541137695312, 1.0], [115.46642303466797, 178.99273681640625, 1.0], [117.92225646972656, 125.7000503540039, 1.0], [143.37986755371094, 119.94573211669922, 1.0], [113.24603271484375, 184.40634155273438, 1.0], [175.66152954101562, 138.55535888671875, 1.0], [203.86778259277344, 153.00634765625, 1.0], [223.22608947753906, 175.451904296875, 1.0], [126.0445785522461, 214.1263427734375, 1.0], [139.74826049804688, 171.52984619140625, 1.0], [182.74722290039062, 133.91339111328125, 1.0], [219.1377410888672, 97.9565200805664, 1.0], [142.36212158203125, 237.42330932617188, 1.0], [213.4571990966797, 188.4863739013672, 1.0], [248.61122131347656, 181.61204528808594, 1.0], [284.8334045410156, 172.72854614257812, 1.0], [158.88356018066406, 264.2819519042969, 1.0], [213.99346923828125, 251.12608337402344, 1.0], [252.2008819580078, 243.7367706298828, 1.0], [275.7079162597656, 242.63563537597656, 1.0]], "is_left": 0}