{"hand_pts": [[223.51637268066406, 230.18287658691406, 1.0], [208.90480041503906, 168.7724151611328, 1.0], [190.49951171875, 109.0728530883789, 1.0], [184.5702362060547, 84.50436401367188, 1.0], [189.7565155029297, 95.52623748779297, 1.0], [139.834716796875, 181.38905334472656, 1.0], [132.32640075683594, 151.68771362304688, 1.0], [159.75689697265625, 129.0911102294922, 1.0], [195.83779907226562, 110.51190185546875, 1.0], [156.0157928466797, 222.7689666748047, 1.0], [142.16348266601562, 200.64212036132812, 1.0], [160.15875244140625, 172.30484008789062, 1.0], [192.0609588623047, 141.17640686035156, 1.0], [176.46258544921875, 251.55038452148438, 1.0], [162.2225799560547, 240.9566192626953, 1.0], [185.53500366210938, 214.5895233154297, 1.0], [218.6259002685547, 184.4840545654297, 1.0], [201.4882049560547, 276.58209228515625, 1.0], [215.55844116210938, 272.4106750488281, 1.0], [238.6323699951172, 252.72618103027344, 1.0], [265.0820007324219, 222.63970947265625, 1.0]], "is_left": 0}