{"hand_pts": [[289.8189697265625, 52.78217697143555, 1.0], [251.19786071777344, 113.9275894165039, 1.0], [219.2799835205078, 139.71939086914062, 1.0], [161.47145080566406, 147.40638732910156, 1.0], [144.8603057861328, 132.08839416503906, 1.0], [257.0945739746094, 197.95021057128906, 1.0], [220.37551879882812, 245.97117614746094, 1.0], [172.11785888671875, 248.6348419189453, 1.0], [125.54036712646484, 239.59976196289062, 1.0], [252.17527770996094, 173.5823516845703, 1.0], [223.9429168701172, 247.0315704345703, 1.0], [175.40518188476562, 265.1754150390625, 1.0], [129.93502807617188, 258.9844970703125, 1.0], [242.0630645751953, 149.47523498535156, 1.0], [169.81842041015625, 187.01988220214844, 1.0], [130.55262756347656, 176.43804931640625, 1.0], [98.113525390625, 160.5447235107422, 1.0], [232.62913513183594, 119.01942443847656, 1.0], [196.16510009765625, 150.20693969726562, 1.0], [159.30348205566406, 158.28245544433594, 1.0], [150.8549346923828, 141.90267944335938, 1.0]], "is_left": 0}