{"hand_pts": [[135.54713439941406, 144.35501098632812, 1.0], [164.9404754638672, 107.3873519897461, 1.0], [194.61463928222656, 60.30254364013672, 1.0], [226.39198303222656, 76.54798126220703, 1.0], [219.70254516601562, 130.2642822265625, 1.0], [135.5811004638672, 137.48321533203125, 1.0], [141.76071166992188, 154.13162231445312, 1.0], [184.13534545898438, 156.5215301513672, 1.0], [223.97067260742188, 161.30484008789062, 1.0], [134.67196655273438, 178.90975952148438, 1.0], [119.94908142089844, 214.05880737304688, 1.0], [131.81936645507812, 228.71243286132812, 1.0], [158.03085327148438, 234.52732849121094, 1.0], [140.71087646484375, 208.79127502441406, 1.0], [206.89573669433594, 223.33706665039062, 1.0], [246.02088928222656, 211.6022491455078, 1.0], [286.0657653808594, 203.9304656982422, 1.0], [148.63906860351562, 232.82850646972656, 1.0], [184.46131896972656, 262.46844482421875, 1.0], [219.2328643798828, 257.6304626464844, 1.0], [226.5010528564453, 223.46900939941406, 1.0]], "is_left": 0}