{"hand_pts": [[162.08653259277344, 224.84765625, 1.0], [150.15908813476562, 166.84176635742188, 1.0], [167.92654418945312, 98.72344207763672, 1.0], [173.50938415527344, 74.3607177734375, 1.0], [166.07919311523438, 101.30587005615234, 1.0], [235.009033203125, 141.1211395263672, 1.0], [218.99293518066406, 139.3952178955078, 1.0], [204.58433532714844, 141.046875, 1.0], [182.37403869628906, 146.95941162109375, 1.0], [238.86619567871094, 187.2626953125, 1.0], [172.47781372070312, 182.76158142089844, 1.0], [117.26422119140625, 187.1651611328125, 1.0], [78.5250015258789, 191.84423828125, 1.0], [231.83177185058594, 224.91017150878906, 1.0], [186.69940185546875, 215.75376892089844, 1.0], [136.1473388671875, 215.68963623046875, 1.0], [87.89078521728516, 215.80035400390625, 1.0], [217.78451538085938, 261.3744201660156, 1.0], [230.340576171875, 269.88970947265625, 1.0], [232.83497619628906, 274.3910827636719, 1.0], [200.51048278808594, 263.9237060546875, 1.0]], "is_left": 0}