{"hand_pts": [[56.6520881652832, 181.43447875976562, 1.0], [75.67761993408203, 208.07725524902344, 1.0], [71.67892456054688, 245.42706298828125, 1.0], [106.07099151611328, 235.25172424316406, 1.0], [137.83824157714844, 197.898193359375, 1.0], [182.14976501464844, 241.25677490234375, 1.0], [211.37474060058594, 228.11407470703125, 1.0], [185.09597778320312, 203.5301055908203, 1.0], [144.72218322753906, 186.3341827392578, 1.0], [203.51904296875, 214.36534118652344, 1.0], [242.40966796875, 190.03121948242188, 1.0], [202.01480102539062, 169.3914794921875, 1.0], [149.2734832763672, 163.68954467773438, 1.0], [214.31201171875, 189.7934112548828, 1.0], [261.56280517578125, 164.96070861816406, 1.0], [232.63031005859375, 146.6044158935547, 1.0], [183.41403198242188, 144.1297149658203, 1.0], [214.09353637695312, 164.575927734375, 1.0], [245.0592803955078, 137.52481079101562, 1.0], [223.73495483398438, 123.96971893310547, 1.0], [180.8809051513672, 129.74488830566406, 1.0]], "is_left": 0}