{"hand_pts": [[38.21479034423828, 92.48570251464844, 1.0], [61.56882095336914, 159.33895874023438, 1.0], [63.710872650146484, 203.59803771972656, 1.0], [105.69667053222656, 235.4390411376953, 1.0], [154.19642639160156, 253.03965759277344, 1.0], [147.87420654296875, 149.9383544921875, 1.0], [195.11761474609375, 197.78549194335938, 1.0], [206.95079040527344, 237.86773681640625, 1.0], [199.7565460205078, 266.7984313964844, 1.0], [168.74244689941406, 121.84395599365234, 1.0], [235.4972686767578, 167.5469512939453, 1.0], [234.00518798828125, 214.71969604492188, 1.0], [201.79774475097656, 238.47702026367188, 1.0], [181.6107940673828, 105.16813659667969, 1.0], [231.79635620117188, 166.1128692626953, 1.0], [217.24337768554688, 203.5365753173828, 1.0], [177.1773681640625, 215.4329376220703, 1.0], [184.90432739257812, 90.3800048828125, 1.0], [229.9156036376953, 117.85173034667969, 1.0], [239.1617889404297, 151.53549194335938, 1.0], [219.08433532714844, 185.7017364501953, 1.0]], "is_left": 0}