{"hand_pts": [[26.663633346557617, 138.09927368164062, 1.0], [98.65275573730469, 161.00469970703125, 1.0], [140.966552734375, 195.88653564453125, 1.0], [195.95948791503906, 196.2084503173828, 1.0], [246.5233917236328, 194.06642150878906, 1.0], [149.67906188964844, 240.026123046875, 1.0], [211.50177001953125, 216.36624145507812, 1.0], [234.26707458496094, 181.99862670898438, 1.0], [258.8135681152344, 150.42906188964844, 1.0], [133.8393096923828, 225.3723602294922, 1.0], [204.01353454589844, 193.16043090820312, 1.0], [197.62539672851562, 152.8820343017578, 1.0], [173.1038055419922, 121.00308990478516, 1.0], [122.8405532836914, 206.45724487304688, 1.0], [191.3900909423828, 213.58641052246094, 1.0], [231.44140625, 202.3790740966797, 1.0], [261.11602783203125, 176.10328674316406, 1.0], [107.68096160888672, 181.9853973388672, 1.0], [145.34329223632812, 169.45526123046875, 1.0], [168.97286987304688, 144.91851806640625, 1.0], [157.67303466796875, 135.27085876464844, 1.0]], "is_left": 0}