{"hand_pts": [[133.9105987548828, 183.04867553710938, 1.0], [154.02882385253906, 137.4366455078125, 1.0], [192.757568359375, 88.78535461425781, 1.0], [203.7679443359375, 77.7179183959961, 1.0], [191.60523986816406, 96.85783386230469, 1.0], [256.29345703125, 164.24404907226562, 1.0], [219.1196746826172, 139.68106079101562, 1.0], [168.6879119873047, 128.2052459716797, 1.0], [144.97593688964844, 133.6179656982422, 1.0], [250.618408203125, 207.8265380859375, 1.0], [230.3819122314453, 198.9869384765625, 1.0], [178.02919006347656, 179.87950134277344, 1.0], [139.86964416503906, 164.86956787109375, 1.0], [236.87257385253906, 239.58282470703125, 1.0], [191.1072998046875, 247.65975952148438, 1.0], [141.21047973632812, 235.07394409179688, 1.0], [123.2016372680664, 214.29734802246094, 1.0], [214.79360961914062, 266.3108825683594, 1.0], [178.90966796875, 276.2396240234375, 1.0], [139.5934295654297, 258.85791015625, 1.0], [121.59832763671875, 232.34913635253906, 1.0]], "is_left": 0}