{"hand_pts": [[67.90109252929688, 119.24198913574219, 1.0], [128.20465087890625, 99.6512680053711, 1.0], [182.74081420898438, 74.61973571777344, 1.0], [226.78707885742188, 114.58341217041016, 1.0], [230.5367889404297, 163.34552001953125, 1.0], [134.48658752441406, 126.79969024658203, 1.0], [208.50885009765625, 142.3612060546875, 1.0], [216.9455108642578, 139.82907104492188, 1.0], [181.1175079345703, 130.5928497314453, 1.0], [123.26753997802734, 165.9602508544922, 1.0], [139.62750244140625, 184.941162109375, 1.0], [193.61009216308594, 196.6793670654297, 1.0], [243.88214111328125, 206.73106384277344, 1.0], [120.001220703125, 196.2073974609375, 1.0], [196.17503356933594, 233.18350219726562, 1.0], [233.40846252441406, 244.3733673095703, 1.0], [231.992919921875, 223.626220703125, 1.0], [116.0407485961914, 220.6392059326172, 1.0], [148.33541870117188, 254.7424774169922, 1.0], [181.21005249023438, 273.3480529785156, 1.0], [210.9250946044922, 258.8520812988281, 1.0]], "is_left": 0}