{"hand_pts": [[59.62934875488281, 268.0120849609375, 1.0], [116.73005676269531, 274.74249267578125, 1.0], [160.53924560546875, 293.1393127441406, 1.0], [189.43165588378906, 260.9498291015625, 1.0], [177.96253967285156, 221.30979919433594, 1.0], [189.56317138671875, 226.9095916748047, 1.0], [235.2938690185547, 189.1973419189453, 1.0], [262.4212646484375, 164.43316650390625, 1.0], [283.61981201171875, 141.35369873046875, 1.0], [168.25949096679688, 199.2812957763672, 1.0], [215.7176055908203, 150.4939422607422, 1.0], [206.1223907470703, 160.56027221679688, 1.0], [202.6531524658203, 163.58509826660156, 1.0], [148.28028869628906, 179.8690948486328, 1.0], [203.4594268798828, 142.03196716308594, 1.0], [211.53530883789062, 141.98744201660156, 1.0], [196.82928466796875, 160.2183380126953, 1.0], [123.04715728759766, 166.93124389648438, 1.0], [130.282470703125, 132.2623291015625, 1.0], [124.78524017333984, 145.3717498779297, 1.0], [119.27631378173828, 174.72042846679688, 1.0]], "is_left": 0}