{"hand_pts": [[70.1244125366211, 113.01815795898438, 1.0], [80.14983367919922, 164.8929443359375, 1.0], [63.77061080932617, 206.96461486816406, 1.0], [109.24938201904297, 209.8773193359375, 1.0], [153.3408203125, 183.76841735839844, 1.0], [151.6835479736328, 232.87200927734375, 1.0], [160.644287109375, 249.5603790283203, 1.0], [144.680419921875, 229.1106414794922, 1.0], [129.58584594726562, 207.45921325683594, 1.0], [175.7775421142578, 206.58958435058594, 1.0], [217.1998291015625, 201.5026397705078, 1.0], [212.29220581054688, 179.6558837890625, 1.0], [173.0382843017578, 153.05503845214844, 1.0], [191.55462646484375, 181.7337188720703, 1.0], [244.94747924804688, 178.42845153808594, 1.0], [264.4692077636719, 169.16647338867188, 1.0], [252.16122436523438, 150.52474975585938, 1.0], [198.9730224609375, 152.58001708984375, 1.0], [240.96060180664062, 144.76719665527344, 1.0], [254.58395385742188, 135.2761688232422, 1.0], [223.9449005126953, 128.8825225830078, 1.0]], "is_left": 0,"label":5}