{"hand_pts": [[36.3408203125, 104.438232421875, 1.0], [86.1751708984375, 117.97991943359375, 1.0], [95.63977813720703, 146.1090087890625, 1.0], [150.45071411132812, 162.2777557373047, 1.0], [196.88253784179688, 162.43807983398438, 1.0], [133.98829650878906, 213.30628967285156, 1.0], [197.97373962402344, 191.3819122314453, 1.0], [203.18576049804688, 143.88487243652344, 1.0], [206.42860412597656, 98.05941772460938, 1.0], [139.45364379882812, 211.6721649169922, 1.0], [196.3368682861328, 272.45208740234375, 1.0], [245.94534301757812, 260.9484558105469, 1.0], [273.5163879394531, 223.9158935546875, 1.0], [145.59652709960938, 201.8142547607422, 1.0], [198.58840942382812, 260.7962951660156, 1.0], [225.7838134765625, 227.2259521484375, 1.0], [200.77139282226562, 191.85276794433594, 1.0], [146.24668884277344, 184.02444458007812, 1.0], [195.48760986328125, 160.54196166992188, 1.0], [200.28871154785156, 124.12975311279297, 1.0], [182.9853973388672, 94.86561584472656, 1.0]], "is_left": 0}