{"hand_pts": [[39.1548957824707, 157.1781005859375, 1.0], [83.3382797241211, 200.35760498046875, 1.0], [110.61729431152344, 243.1619873046875, 1.0], [155.12074279785156, 237.29263305664062, 1.0], [194.19248962402344, 225.15774536132812, 1.0], [124.1142578125, 203.61412048339844, 1.0], [177.6890106201172, 208.0257110595703, 1.0], [217.08360290527344, 210.04940795898438, 1.0], [251.2125244140625, 210.3907470703125, 1.0], [128.87413024902344, 172.16456604003906, 1.0], [179.17730712890625, 189.9412078857422, 1.0], [219.1427001953125, 205.00106811523438, 1.0], [257.637939453125, 219.76206970214844, 1.0], [134.4173126220703, 148.20700073242188, 1.0], [204.44517517089844, 151.80763244628906, 1.0], [241.43881225585938, 155.4762420654297, 1.0], [270.8313903808594, 161.3958282470703, 1.0], [135.2468719482422, 125.88628387451172, 1.0], [173.5760498046875, 119.84700775146484, 1.0], [192.56629943847656, 135.28564453125, 1.0], [185.44259643554688, 150.85292053222656, 1.0]], "is_left": 0}