{"hand_pts": [[154.6203155517578, 46.88867950439453, 1.0], [197.90065002441406, 93.29297637939453, 1.0], [245.01577758789062, 117.23052978515625, 1.0], [259.7487487792969, 149.9254608154297, 1.0], [241.160888671875, 165.74850463867188, 1.0], [169.99166870117188, 176.64859008789062, 1.0], [167.42739868164062, 235.53257751464844, 1.0], [172.20602416992188, 271.9823913574219, 1.0], [195.9433135986328, 290.835693359375, 1.0], [151.47703552246094, 167.455810546875, 1.0], [137.94189453125, 232.91685485839844, 1.0], [178.81106567382812, 230.97633361816406, 1.0], [214.12979125976562, 210.59207153320312, 1.0], [142.89027404785156, 155.97286987304688, 1.0], [175.81227111816406, 180.0841064453125, 1.0], [208.1420440673828, 159.8845977783203, 1.0], [238.74313354492188, 138.09547424316406, 1.0], [137.45436096191406, 137.59922790527344, 1.0], [129.77011108398438, 171.024169921875, 1.0], [148.75582885742188, 189.48243713378906, 1.0], [177.00425720214844, 178.31195068359375, 1.0]], "is_left": 0}