{"hand_pts": [[70.29649353027344, 217.15017700195312, 1.0], [137.1998748779297, 233.58111572265625, 1.0], [195.24365234375, 250.18643188476562, 1.0], [240.8784942626953, 241.50938415527344, 1.0], [271.3778381347656, 220.13771057128906, 1.0], [152.47438049316406, 225.89849853515625, 1.0], [189.88084411621094, 226.57955932617188, 1.0], [222.6539306640625, 219.09767150878906, 1.0], [254.883544921875, 209.53651428222656, 1.0], [131.44557189941406, 193.97218322753906, 1.0], [171.20359802246094, 190.00099182128906, 1.0], [207.45408630371094, 184.32725524902344, 1.0], [240.29808044433594, 179.30560302734375, 1.0], [118.73161315917969, 167.45863342285156, 1.0], [148.6267852783203, 159.0282440185547, 1.0], [182.192626953125, 150.2106475830078, 1.0], [216.22593688964844, 141.54458618164062, 1.0], [105.28514862060547, 144.0666961669922, 1.0], [136.42514038085938, 123.48688507080078, 1.0], [164.3966827392578, 110.0939712524414, 1.0], [200.14112854003906, 101.03953552246094, 1.0]], "is_left": 0}