{"hand_pts": [[201.21847534179688, 290.0030822753906, 1.0], [233.6560821533203, 235.88909912109375, 1.0], [269.760009765625, 229.98248291015625, 1.0], [285.3510437011719, 193.92617797851562, 1.0], [281.5769348144531, 147.26588439941406, 1.0], [193.75094604492188, 253.13250732421875, 1.0], [221.5753173828125, 183.14474487304688, 1.0], [239.22850036621094, 153.58782958984375, 1.0], [255.2588348388672, 124.67578125, 1.0], [159.11013793945312, 254.32212829589844, 1.0], [143.8186798095703, 187.3464813232422, 1.0], [157.98922729492188, 136.40634155273438, 1.0], [176.49478149414062, 96.63906860351562, 1.0], [134.4293212890625, 247.54449462890625, 1.0], [148.17990112304688, 159.9134063720703, 1.0], [169.99630737304688, 129.12713623046875, 1.0], [189.53274536132812, 135.91639709472656, 1.0], [114.42279052734375, 239.9612579345703, 1.0], [89.76957702636719, 227.3746795654297, 1.0], [94.21250915527344, 195.8239288330078, 1.0], [123.18537902832031, 170.5257568359375, 1.0]], "is_left": 0}