{"hand_pts": [[342.41644287109375, 137.67715454101562, 1.0], [263.7950744628906, 115.51000213623047, 1.0], [213.46636962890625, 70.00048828125, 1.0], [165.119873046875, 93.95469665527344, 1.0], [173.85958862304688, 147.3361053466797, 1.0], [162.8531494140625, 124.27159881591797, 1.0], [113.09528350830078, 155.15478515625, 1.0], [142.4130859375, 166.54139709472656, 1.0], [192.48936462402344, 160.62069702148438, 1.0], [176.44869995117188, 163.06015014648438, 1.0], [126.70470428466797, 208.7733154296875, 1.0], [167.33433532714844, 204.644287109375, 1.0], [212.41116333007812, 175.92996215820312, 1.0], [189.93511962890625, 195.03927612304688, 1.0], [148.48983764648438, 249.69947814941406, 1.0], [184.92381286621094, 242.1811981201172, 1.0], [220.51121520996094, 208.867919921875, 1.0], [212.01031494140625, 223.37301635742188, 1.0], [189.81622314453125, 267.26116943359375, 1.0], [208.8068084716797, 261.4216613769531, 1.0], [233.6307830810547, 225.86639404296875, 1.0]], "is_left": 0}