{"hand_pts": [[96.22258758544922, 299.91082763671875, 1.0], [161.66148376464844, 277.7564697265625, 1.0], [221.02261352539062, 277.227294921875, 1.0], [269.5493469238281, 265.8460388183594, 1.0], [286.1610107421875, 228.92938232421875, 1.0], [192.5500030517578, 230.5747833251953, 1.0], [228.32240295410156, 187.36416625976562, 1.0], [245.3123321533203, 161.37472534179688, 1.0], [250.44436645507812, 145.43020629882812, 1.0], [157.9361114501953, 215.25942993164062, 1.0], [182.44212341308594, 154.7688446044922, 1.0], [196.80841064453125, 132.353759765625, 1.0], [209.9593505859375, 113.22211456298828, 1.0], [130.557861328125, 203.39205932617188, 1.0], [168.03164672851562, 158.4473876953125, 1.0], [186.8267822265625, 144.07080078125, 1.0], [193.0794219970703, 147.2404022216797, 1.0], [102.13764953613281, 197.1726837158203, 1.0], [96.92852783203125, 158.4907684326172, 1.0], [94.7125473022461, 134.6381378173828, 1.0], [102.57621002197266, 134.52127075195312, 1.0]], "is_left": 0}