{"hand_pts": [[282.4351806640625, 44.66678237915039, 1.0], [276.6426086425781, 108.1194839477539, 1.0], [298.71600341796875, 156.0446319580078, 1.0], [290.5423278808594, 203.23855590820312, 1.0], [273.64007568359375, 245.18508911132812, 1.0], [237.95849609375, 164.21070861816406, 1.0], [193.92855834960938, 210.1705322265625, 1.0], [162.2818603515625, 237.27940368652344, 1.0], [131.44361877441406, 261.55706787109375, 1.0], [211.0839385986328, 143.82220458984375, 1.0], [168.45620727539062, 202.42332458496094, 1.0], [151.06915283203125, 225.51597595214844, 1.0], [152.9966278076172, 224.53123474121094, 1.0], [189.9888916015625, 126.98600769042969, 1.0], [151.87503051757812, 176.8921356201172, 1.0], [137.5767364501953, 198.1685333251953, 1.0], [155.0345916748047, 186.97154235839844, 1.0], [174.85418701171875, 106.11710357666016, 1.0], [131.1355438232422, 129.71749877929688, 1.0], [112.34992218017578, 151.8338165283203, 1.0], [94.98655700683594, 175.8568572998047, 1.0]], "is_left": 0}