{"hand_pts": [[109.36210632324219, 217.25155639648438, 1.0], [113.08474731445312, 232.372802734375, 1.0], [84.73625946044922, 239.70272827148438, 1.0], [78.03063201904297, 224.800537109375, 1.0], [109.73115539550781, 188.94410705566406, 1.0], [209.41943359375, 247.886474609375, 1.0], [190.64447021484375, 230.45948791503906, 1.0], [146.79290771484375, 210.36773681640625, 1.0], [107.52926635742188, 189.4071502685547, 1.0], [222.52767944335938, 218.52279663085938, 1.0], [238.7671661376953, 205.2859649658203, 1.0], [204.4390106201172, 187.2589569091797, 1.0], [155.81240844726562, 173.05580139160156, 1.0], [224.7808380126953, 191.8457794189453, 1.0], [225.07345581054688, 140.3162384033203, 1.0], [188.4943389892578, 115.57320404052734, 1.0], [152.1602783203125, 91.62342071533203, 1.0], [217.6906280517578, 166.314208984375, 1.0], [257.18414306640625, 150.61065673828125, 1.0], [278.22979736328125, 137.90257263183594, 1.0], [250.96615600585938, 132.38636779785156, 1.0]], "is_left": 0}