{"hand_pts": [[324.0233459472656, 154.7855682373047, 1.0], [296.3997802734375, 200.2009735107422, 1.0], [286.1169738769531, 247.28660583496094, 1.0], [262.48992919921875, 263.7515563964844, 1.0], [237.54644775390625, 250.44532775878906, 1.0], [195.45333862304688, 210.6278839111328, 1.0], [145.2411346435547, 212.91636657714844, 1.0], [171.73992919921875, 206.0827178955078, 1.0], [207.1891326904297, 198.26254272460938, 1.0], [191.3955841064453, 175.2488250732422, 1.0], [115.59090423583984, 184.13804626464844, 1.0], [103.10169219970703, 191.70936584472656, 1.0], [112.67960357666016, 198.20689392089844, 1.0], [195.16433715820312, 147.1584014892578, 1.0], [144.8081817626953, 158.12220764160156, 1.0], [177.61965942382812, 163.04461669921875, 1.0], [206.8964385986328, 168.05918884277344, 1.0], [208.2259979248047, 120.44401550292969, 1.0], [165.75230407714844, 117.06121826171875, 1.0], [155.64328002929688, 123.24673461914062, 1.0], [150.61309814453125, 133.02597045898438, 1.0]], "is_left": 0}