{"hand_pts": [[326.1781921386719, 140.0392608642578, 1.0], [259.9705810546875, 132.73284912109375, 1.0], [215.97360229492188, 132.70303344726562, 1.0], [176.63455200195312, 125.68158721923828, 1.0], [171.9237823486328, 120.40475463867188, 1.0], [203.0487518310547, 196.14212036132812, 1.0], [150.17486572265625, 227.2004852294922, 1.0], [112.96997833251953, 238.0504150390625, 1.0], [93.19014739990234, 218.41880798339844, 1.0], [220.97125244140625, 208.27230834960938, 1.0], [147.7554473876953, 197.39102172851562, 1.0], [143.7834930419922, 158.6400604248047, 1.0], [134.83465576171875, 123.25177764892578, 1.0], [235.25180053710938, 211.67506408691406, 1.0], [181.67556762695312, 220.86134338378906, 1.0], [184.10659790039062, 185.54513549804688, 1.0], [197.38629150390625, 153.88218688964844, 1.0], [254.1935577392578, 208.6617889404297, 1.0], [224.09437561035156, 226.61965942382812, 1.0], [203.31573486328125, 204.91827392578125, 1.0], [212.0883026123047, 180.4403533935547, 1.0]], "is_left": 0}