{"hand_pts": [[55.37786102294922, 171.15196228027344, 1.0], [94.49039459228516, 128.9247589111328, 1.0], [96.00241088867188, 90.45738220214844, 1.0], [144.68356323242188, 85.03013610839844, 1.0], [193.57864379882812, 89.6423568725586, 1.0], [126.79656982421875, 169.7235565185547, 1.0], [181.3953094482422, 178.190673828125, 1.0], [219.4387969970703, 182.28921508789062, 1.0], [259.8245849609375, 182.20855712890625, 1.0], [135.8367919921875, 207.3319549560547, 1.0], [213.34007263183594, 191.21897888183594, 1.0], [222.35552978515625, 160.4298095703125, 1.0], [209.27349853515625, 134.57676696777344, 1.0], [145.5497589111328, 231.88760375976562, 1.0], [218.63699340820312, 236.82904052734375, 1.0], [224.45205688476562, 206.29696655273438, 1.0], [199.7918701171875, 182.85357666015625, 1.0], [150.83460998535156, 250.2015838623047, 1.0], [187.0523681640625, 283.7847900390625, 1.0], [208.42173767089844, 256.94482421875, 1.0], [228.43617248535156, 226.52627563476562, 1.0]], "is_left": 0}