{"hand_pts": [[339.2662658691406, 88.14700317382812, 1.0], [290.22955322265625, 131.93704223632812, 1.0], [269.55718994140625, 175.5051727294922, 1.0], [231.91029357910156, 218.47903442382812, 1.0], [187.99874877929688, 255.7071533203125, 1.0], [240.49266052246094, 237.61338806152344, 1.0], [187.58595275878906, 228.215087890625, 1.0], [190.0787353515625, 181.40545654296875, 1.0], [219.76611328125, 143.36659240722656, 1.0], [231.9478759765625, 223.26837158203125, 1.0], [155.17291259765625, 219.29840087890625, 1.0], [127.55752563476562, 189.2847442626953, 1.0], [117.10800170898438, 150.5411376953125, 1.0], [223.37059020996094, 203.85118103027344, 1.0], [140.7267608642578, 203.1017303466797, 1.0], [113.25334167480469, 172.5597381591797, 1.0], [109.4911880493164, 133.44882202148438, 1.0], [220.71473693847656, 175.80398559570312, 1.0], [166.26095581054688, 162.34347534179688, 1.0], [143.87985229492188, 136.2596435546875, 1.0], [138.9594268798828, 104.98497772216797, 1.0]], "is_left": 0}