{"hand_pts": [[53.55131912231445, 243.84207153320312, 1.0], [109.76957702636719, 200.13308715820312, 1.0], [156.44131469726562, 163.49876403808594, 1.0], [196.8441925048828, 132.60946655273438, 1.0], [229.98402404785156, 108.32978820800781, 1.0], [177.85252380371094, 221.88194274902344, 1.0], [227.4702606201172, 193.25033569335938, 1.0], [245.71682739257812, 159.31826782226562, 1.0], [266.65447998046875, 130.5800018310547, 1.0], [152.78494262695312, 232.29698181152344, 1.0], [210.34059143066406, 211.252685546875, 1.0], [231.94992065429688, 172.82064819335938, 1.0], [244.34048461914062, 131.54727172851562, 1.0], [129.64596557617188, 234.1250457763672, 1.0], [173.22357177734375, 205.95513916015625, 1.0], [187.3205108642578, 170.06622314453125, 1.0], [197.8677520751953, 132.6147003173828, 1.0], [102.15707397460938, 234.09385681152344, 1.0], [129.1200714111328, 221.86940002441406, 1.0], [145.9453887939453, 198.88626098632812, 1.0], [163.7530517578125, 171.46180725097656, 1.0]], "is_left": 0}