{"hand_pts": [[129.690673828125, 117.11016845703125, 1.0], [96.83566284179688, 130.720703125, 1.0], [54.3157958984375, 129.44227600097656, 1.0], [88.66157531738281, 133.9014892578125, 1.0], [131.150390625, 138.7439727783203, 1.0], [127.43907928466797, 221.94815063476562, 1.0], [137.5695037841797, 217.29197692871094, 1.0], [140.24302673339844, 178.51182556152344, 1.0], [144.21755981445312, 140.56561279296875, 1.0], [172.12405395507812, 217.75579833984375, 1.0], [217.0061492919922, 279.4853210449219, 1.0], [238.96826171875, 294.7660217285156, 1.0], [243.98074340820312, 278.0484313964844, 1.0], [205.77130126953125, 205.8136749267578, 1.0], [247.47119140625, 177.0928955078125, 1.0], [248.91990661621094, 133.75025939941406, 1.0], [226.215576171875, 92.760009765625, 1.0], [233.3404998779297, 186.26307678222656, 1.0], [255.61219787597656, 198.0391845703125, 1.0], [238.90896606445312, 167.61000061035156, 1.0], [211.61199951171875, 137.28514099121094, 1.0]], "is_left": 0}