{"hand_pts": [[45.65906524658203, 136.0323028564453, 1.0], [74.44278717041016, 186.72711181640625, 1.0], [75.49606323242188, 227.6669921875, 1.0], [90.5819320678711, 268.0132141113281, 1.0], [120.889892578125, 289.4105529785156, 1.0], [143.2900848388672, 168.25, 1.0], [185.6287384033203, 194.31283569335938, 1.0], [213.3997802734375, 216.54449462890625, 1.0], [239.86512756347656, 239.96572875976562, 1.0], [158.7885284423828, 141.164306640625, 1.0], [228.15298461914062, 162.64454650878906, 1.0], [260.55816650390625, 190.5687713623047, 1.0], [242.59193420410156, 218.4617156982422, 1.0], [169.35195922851562, 124.1554946899414, 1.0], [239.4430694580078, 137.2706756591797, 1.0], [234.68006896972656, 168.6629638671875, 1.0], [196.9344024658203, 180.59945678710938, 1.0], [172.19625854492188, 109.88789367675781, 1.0], [197.78126525878906, 127.4922103881836, 1.0], [208.03175354003906, 143.0647430419922, 1.0], [187.1763458251953, 164.6129150390625, 1.0]], "is_left": 0}