{"hand_pts": [[270.7213134765625, 338.1676330566406, 1.0], [272.779541015625, 295.74169921875, 1.0], [295.1459045410156, 273.23046875, 1.0], [246.28652954101562, 235.5760040283203, 1.0], [200.0203094482422, 226.69802856445312, 1.0], [255.33888244628906, 183.08262634277344, 1.0], [212.7861328125, 126.20174407958984, 1.0], [183.87374877929688, 141.82667541503906, 1.0], [155.7200469970703, 158.96670532226562, 1.0], [223.850830078125, 183.38673400878906, 1.0], [182.81195068359375, 154.86300659179688, 1.0], [163.90484619140625, 164.22755432128906, 1.0], [176.93313598632812, 216.53929138183594, 1.0], [197.12020874023438, 190.30584716796875, 1.0], [147.6931915283203, 165.62245178222656, 1.0], [132.5418701171875, 187.25045776367188, 1.0], [137.8372344970703, 229.39529418945312, 1.0], [174.8199462890625, 207.50343322753906, 1.0], [140.33978271484375, 155.67262268066406, 1.0], [116.31470489501953, 128.34042358398438, 1.0], [101.96460723876953, 117.64663696289062, 1.0]], "is_left": 0}