{"hand_pts": [[334.2533264160156, 196.5648956298828, 1.0], [303.1802062988281, 197.54684448242188, 1.0], [289.2295227050781, 160.72731018066406, 1.0], [246.34938049316406, 173.2613067626953, 1.0], [220.17587280273438, 202.56533813476562, 1.0], [217.91754150390625, 147.9283447265625, 1.0], [168.95042419433594, 160.52516174316406, 1.0], [150.0955047607422, 185.42930603027344, 1.0], [139.696044921875, 215.81871032714844, 1.0], [209.6099395751953, 157.32855224609375, 1.0], [135.87889099121094, 128.61317443847656, 1.0], [106.08488464355469, 147.66346740722656, 1.0], [123.70067596435547, 183.06832885742188, 1.0], [207.16525268554688, 171.2705841064453, 1.0], [148.05868530273438, 192.82252502441406, 1.0], [164.19989013671875, 226.83030700683594, 1.0], [201.82717895507812, 224.2814178466797, 1.0], [213.28172302246094, 188.31776428222656, 1.0], [170.2764434814453, 198.02545166015625, 1.0], [145.6009979248047, 213.11236572265625, 1.0], [132.65628051757812, 235.3917236328125, 1.0]], "is_left": 0}