{"hand_pts": [[280.189697265625, 171.0233154296875, 1.0], [253.37234497070312, 215.86605834960938, 1.0], [245.81207275390625, 266.60546875, 1.0], [233.91773986816406, 298.1518859863281, 1.0], [216.89981079101562, 271.59844970703125, 1.0], [153.4414520263672, 217.59176635742188, 1.0], [161.7367401123047, 230.1572265625, 1.0], [185.88136291503906, 233.1557159423828, 1.0], [222.97244262695312, 229.69558715820312, 1.0], [149.7667236328125, 175.9835662841797, 1.0], [160.2823944091797, 188.32797241210938, 1.0], [208.50729370117188, 192.45985412597656, 1.0], [218.92230224609375, 190.11557006835938, 1.0], [153.9300079345703, 143.13623046875, 1.0], [114.85816955566406, 115.85650634765625, 1.0], [152.7941131591797, 124.53952026367188, 1.0], [190.91754150390625, 141.8798065185547, 1.0], [167.3486785888672, 113.06912994384766, 1.0], [141.79644775390625, 94.30055236816406, 1.0], [162.63255310058594, 104.015625, 1.0], [188.62124633789062, 119.21697235107422, 1.0]], "is_left": 0}