{"hand_pts": [[173.37831115722656, 105.45270538330078, 1.0], [186.85845947265625, 172.52320861816406, 1.0], [211.12200927734375, 238.29510498046875, 1.0], [203.91883850097656, 275.7197570800781, 1.0], [176.30416870117188, 269.5770263671875, 1.0], [247.96157836914062, 182.2258758544922, 1.0], [243.20037841796875, 227.2598419189453, 1.0], [206.30215454101562, 246.73751831054688, 1.0], [165.15757751464844, 256.11199951171875, 1.0], [231.96942138671875, 143.51632690429688, 1.0], [217.02548217773438, 184.54965209960938, 1.0], [176.18890380859375, 210.8640594482422, 1.0], [138.5295867919922, 226.27267456054688, 1.0], [212.16929626464844, 115.110107421875, 1.0], [177.64634704589844, 144.55422973632812, 1.0], [139.33433532714844, 165.26333618164062, 1.0], [107.17984771728516, 181.1912078857422, 1.0], [188.25311279296875, 87.9447250366211, 1.0], [166.60902404785156, 90.28740692138672, 1.0], [139.31817626953125, 112.92671203613281, 1.0], [122.60801696777344, 138.2222137451172, 1.0]], "is_left": 0,"label":5}