{"hand_pts": [[347.46331787109375, 199.22207641601562, 1.0], [288.9889221191406, 187.55873107910156, 1.0], [257.93115234375, 178.19810485839844, 1.0], [209.1314239501953, 155.53298950195312, 1.0], [164.43138122558594, 134.2899169921875, 1.0], [219.7021942138672, 241.46498107910156, 1.0], [159.30581665039062, 220.66531372070312, 1.0], [120.84500885009766, 204.7782745361328, 1.0], [91.9232177734375, 176.33961486816406, 1.0], [223.73513793945312, 242.3004913330078, 1.0], [152.3310546875, 203.96481323242188, 1.0], [144.59963989257812, 160.52090454101562, 1.0], [130.2100372314453, 120.58438110351562, 1.0], [227.66648864746094, 235.65724182128906, 1.0], [162.83642578125, 193.85255432128906, 1.0], [157.3645477294922, 155.6458740234375, 1.0], [151.11199951171875, 118.54569244384766, 1.0], [238.42042541503906, 224.4886016845703, 1.0], [195.08148193359375, 198.83892822265625, 1.0], [197.86631774902344, 169.44253540039062, 1.0], [211.38931274414062, 145.76028442382812, 1.0]], "is_left": 0}