{"hand_pts": [[196.94883728027344, 344.19873046875, 1.0], [156.71693420410156, 293.1201171875, 1.0], [137.332275390625, 294.3423767089844, 1.0], [141.66883850097656, 277.30120849609375, 1.0], [156.49282836914062, 253.88291931152344, 1.0], [133.6731719970703, 193.2078857421875, 1.0], [112.39363098144531, 139.04344177246094, 1.0], [116.79402160644531, 124.71388244628906, 1.0], [136.36500549316406, 138.6188201904297, 1.0], [172.56903076171875, 190.80503845214844, 1.0], [176.36412048339844, 126.5361099243164, 1.0], [184.7830047607422, 120.80829620361328, 1.0], [192.17477416992188, 111.71092987060547, 1.0], [206.18707275390625, 193.3458709716797, 1.0], [218.701904296875, 162.90235900878906, 1.0], [226.09266662597656, 164.51158142089844, 1.0], [232.59654235839844, 170.90948486328125, 1.0], [239.19802856445312, 205.6732177734375, 1.0], [253.919189453125, 161.273193359375, 1.0], [251.5649871826172, 172.75350952148438, 1.0], [239.21485900878906, 207.4402618408203, 1.0]], "is_left": 0,"label":2}