{"hand_pts": [[144.3370819091797, 314.40374755859375, 1.0], [201.5919952392578, 295.65887451171875, 1.0], [245.24252319335938, 292.6702880859375, 1.0], [262.3612976074219, 259.75714111328125, 1.0], [255.99554443359375, 216.9225616455078, 1.0], [163.06564331054688, 239.48654174804688, 1.0], [212.9677734375, 207.3502960205078, 1.0], [255.0083465576172, 197.48477172851562, 1.0], [289.13177490234375, 197.4048309326172, 1.0], [133.69857788085938, 217.10887145996094, 1.0], [128.5102081298828, 162.25025939941406, 1.0], [154.02345275878906, 130.32247924804688, 1.0], [178.43765258789062, 101.4906234741211, 1.0], [117.31375885009766, 199.98585510253906, 1.0], [146.14015197753906, 140.67605590820312, 1.0], [185.8866424560547, 120.85539245605469, 1.0], [230.38363647460938, 120.11032104492188, 1.0], [105.34346771240234, 189.65455627441406, 1.0], [104.0824203491211, 142.99148559570312, 1.0], [142.10757446289062, 132.60667419433594, 1.0], [184.36813354492188, 144.7562713623047, 1.0]], "is_left": 0}