{"hand_pts": [[131.77468872070312, 321.0168151855469, 1.0], [120.25301361083984, 256.655517578125, 1.0], [85.98638916015625, 211.96426391601562, 1.0], [64.1169204711914, 168.48214721679688, 1.0], [62.487613677978516, 127.31092071533203, 1.0], [190.9761962890625, 209.2602996826172, 1.0], [190.98733520507812, 148.28468322753906, 1.0], [164.61822509765625, 133.8556671142578, 1.0], [138.5040740966797, 128.90435791015625, 1.0], [213.3674774169922, 225.71168518066406, 1.0], [258.75146484375, 171.7390899658203, 1.0], [233.24057006835938, 143.89395141601562, 1.0], [197.6334228515625, 155.64869689941406, 1.0], [224.78421020507812, 237.71022033691406, 1.0], [260.8236999511719, 180.46043395996094, 1.0], [253.7533721923828, 143.75100708007812, 1.0], [230.71090698242188, 117.94097137451172, 1.0], [228.4176025390625, 253.3573760986328, 1.0], [217.23507690429688, 223.94532775878906, 1.0], [186.2150421142578, 229.6295928955078, 1.0], [154.83154296875, 241.18331909179688, 1.0]], "is_left": 0}