{"hand_pts": [[61.567684173583984, 54.097103118896484, 1.0], [67.65740203857422, 124.04518127441406, 1.0], [59.688201904296875, 178.89981079101562, 1.0], [79.6492691040039, 226.6374053955078, 1.0], [113.9878158569336, 258.47998046875, 1.0], [149.6540985107422, 144.53062438964844, 1.0], [185.5628662109375, 194.66688537597656, 1.0], [196.9081268310547, 234.610107421875, 1.0], [203.3706817626953, 272.33624267578125, 1.0], [171.47848510742188, 122.5114517211914, 1.0], [222.18675231933594, 178.52378845214844, 1.0], [230.88787841796875, 225.441650390625, 1.0], [229.9916534423828, 269.1838684082031, 1.0], [183.55682373046875, 108.57681274414062, 1.0], [236.4355010986328, 159.11685180664062, 1.0], [242.07000732421875, 200.3375701904297, 1.0], [234.31361389160156, 239.1157684326172, 1.0], [186.67739868164062, 93.38999938964844, 1.0], [223.65553283691406, 125.9206314086914, 1.0], [231.27828979492188, 159.05345153808594, 1.0], [221.62120056152344, 194.85189819335938, 1.0]], "is_left": 0}