{"hand_pts": [[144.79733276367188, 259.0797424316406, 1.0], [116.30923461914062, 196.14044189453125, 1.0], [89.41828155517578, 135.73318481445312, 1.0], [117.55461120605469, 111.21643829345703, 1.0], [151.60548400878906, 99.57025146484375, 1.0], [97.88599395751953, 206.56591796875, 1.0], [117.22804260253906, 169.6820526123047, 1.0], [146.01026916503906, 143.16683959960938, 1.0], [170.090576171875, 127.4387435913086, 1.0], [137.78829956054688, 237.77784729003906, 1.0], [194.15611267089844, 184.7379150390625, 1.0], [221.3184814453125, 154.26141357421875, 1.0], [236.5638885498047, 132.8440704345703, 1.0], [172.32171630859375, 256.9031677246094, 1.0], [221.9950408935547, 209.533935546875, 1.0], [231.0297088623047, 187.05593872070312, 1.0], [225.5657501220703, 176.84912109375, 1.0], [204.79248046875, 273.2828674316406, 1.0], [250.1740264892578, 250.70150756835938, 1.0], [273.5967102050781, 227.948974609375, 1.0], [296.43414306640625, 202.42037963867188, 1.0]], "is_left": 0}