{"hand_pts": [[17.656787872314453, 173.70477294921875, 1.0], [106.14530181884766, 136.55368041992188, 1.0], [161.2203826904297, 80.75233459472656, 1.0], [228.8885040283203, 91.69173431396484, 1.0], [242.05987548828125, 144.4405517578125, 1.0], [166.6905975341797, 125.4101791381836, 1.0], [250.5314178466797, 138.13168334960938, 1.0], [239.1689453125, 153.55162048339844, 1.0], [189.6405029296875, 158.4451904296875, 1.0], [146.49813842773438, 167.08482360839844, 1.0], [244.1959686279297, 194.97402954101562, 1.0], [237.85830688476562, 198.13009643554688, 1.0], [188.7687530517578, 183.5159149169922, 1.0], [132.89291381835938, 201.59190368652344, 1.0], [215.03466796875, 241.041748046875, 1.0], [204.5867156982422, 239.1353759765625, 1.0], [161.6483612060547, 215.61830139160156, 1.0], [114.28681182861328, 233.5973663330078, 1.0], [153.2303009033203, 272.6630554199219, 1.0], [147.77383422851562, 264.205810546875, 1.0], [120.4012222290039, 232.5623321533203, 1.0]], "is_left": 0}