{"hand_pts": [[306.61260986328125, 120.90330505371094, 1.0], [284.897216796875, 150.28355407714844, 1.0], [260.0545959472656, 162.34423828125, 1.0], [223.36593627929688, 180.76507568359375, 1.0], [194.81887817382812, 194.94505310058594, 1.0], [173.97508239746094, 143.29942321777344, 1.0], [106.14099884033203, 154.31396484375, 1.0], [102.96233367919922, 186.5634002685547, 1.0], [141.037109375, 219.7787628173828, 1.0], [176.6278533935547, 145.18310546875, 1.0], [174.0628204345703, 203.134033203125, 1.0], [222.62820434570312, 234.80128479003906, 1.0], [266.5735168457031, 228.7291717529297, 1.0], [188.00254821777344, 151.3908233642578, 1.0], [114.35469818115234, 158.03150939941406, 1.0], [145.50965881347656, 190.32778930664062, 1.0], [187.3499755859375, 210.837890625, 1.0], [208.48887634277344, 157.20225524902344, 1.0], [169.98779296875, 174.51922607421875, 1.0], [180.61602783203125, 200.60154724121094, 1.0], [201.65621948242188, 226.0397491455078, 1.0]], "is_left": 0}