{"hand_pts": [[163.9847412109375, 170.30201721191406, 1.0], [124.30712127685547, 148.1111602783203, 1.0], [83.01085662841797, 115.13056182861328, 1.0], [71.68589782714844, 122.36941528320312, 1.0], [87.42561340332031, 155.43898010253906, 1.0], [196.6020965576172, 109.66266632080078, 1.0], [187.6575927734375, 117.35199737548828, 1.0], [158.4144287109375, 147.50363159179688, 1.0], [125.15943145751953, 183.65594482421875, 1.0], [230.0365753173828, 144.300048828125, 1.0], [228.97523498535156, 163.03871154785156, 1.0], [188.97093200683594, 194.27975463867188, 1.0], [142.05650329589844, 224.2000732421875, 1.0], [248.0637664794922, 177.5642852783203, 1.0], [252.60784912109375, 206.0127410888672, 1.0], [215.95237731933594, 235.72134399414062, 1.0], [169.5172119140625, 258.5137023925781, 1.0], [257.8492126464844, 211.35800170898438, 1.0], [261.8720703125, 241.9332733154297, 1.0], [234.36868286132812, 265.4451904296875, 1.0], [190.17242431640625, 278.17718505859375, 1.0]], "is_left": 0}