{"hand_pts": [[271.8694152832031, 184.40097045898438, 1.0], [256.27947998046875, 218.9369659423828, 1.0], [266.1146545410156, 262.5948791503906, 1.0], [267.4331359863281, 244.3601837158203, 1.0], [264.296630859375, 210.3004150390625, 1.0], [176.97235107421875, 220.94125366210938, 1.0], [191.9500274658203, 226.98651123046875, 1.0], [228.9547576904297, 221.9744873046875, 1.0], [264.1926574707031, 215.94021606445312, 1.0], [173.02139282226562, 189.6612091064453, 1.0], [107.3083724975586, 180.4125518798828, 1.0], [72.71736907958984, 176.71615600585938, 1.0], [60.88560104370117, 177.43496704101562, 1.0], [176.0735321044922, 164.98287963867188, 1.0], [117.76943969726562, 153.21055603027344, 1.0], [142.53204345703125, 160.3682861328125, 1.0], [173.3268585205078, 169.4813232421875, 1.0], [186.4395294189453, 142.30674743652344, 1.0], [175.36727905273438, 117.77661895751953, 1.0], [187.04588317871094, 113.25467681884766, 1.0], [203.92388916015625, 114.80715942382812, 1.0]], "is_left": 0,"label":3}