{"hand_pts": [[352.38916015625, 199.0771942138672, 1.0], [303.0805969238281, 188.55169677734375, 1.0], [275.271728515625, 205.5636749267578, 1.0], [229.42620849609375, 192.78939819335938, 1.0], [202.6532745361328, 164.95687866210938, 1.0], [216.54452514648438, 231.86912536621094, 1.0], [155.55783081054688, 221.71987915039062, 1.0], [142.0733642578125, 184.51971435546875, 1.0], [129.53262329101562, 148.3625946044922, 1.0], [216.95594787597656, 224.50108337402344, 1.0], [158.30923461914062, 191.3174591064453, 1.0], [131.73324584960938, 163.2305145263672, 1.0], [147.2863006591797, 127.19459533691406, 1.0], [220.64869689941406, 211.59979248046875, 1.0], [149.66473388671875, 205.05560302734375, 1.0], [116.41091918945312, 186.69737243652344, 1.0], [101.29371643066406, 156.2438507080078, 1.0], [232.67015075683594, 195.8152618408203, 1.0], [188.58010864257812, 176.2421112060547, 1.0], [186.142578125, 147.46253967285156, 1.0], [186.09085083007812, 118.63082122802734, 1.0]], "is_left": 0}