{"hand_pts": [[186.26133728027344, 172.21832275390625, 1.0], [139.08023071289062, 187.8276824951172, 1.0], [86.83122253417969, 202.94570922851562, 1.0], [78.83185577392578, 196.36654663085938, 1.0], [78.98278045654297, 187.2233428955078, 1.0], [186.07174682617188, 232.16624450683594, 1.0], [179.3426971435547, 236.78968811035156, 1.0], [172.39639282226562, 234.163818359375, 1.0], [165.41371154785156, 228.8358917236328, 1.0], [224.49468994140625, 210.5312042236328, 1.0], [191.88525390625, 201.41363525390625, 1.0], [150.05001831054688, 175.90480041503906, 1.0], [109.98236083984375, 148.97743225097656, 1.0], [248.66336059570312, 188.0062713623047, 1.0], [259.4252624511719, 181.37338256835938, 1.0], [226.5016632080078, 155.4204559326172, 1.0], [190.31947326660156, 136.5975341796875, 1.0], [266.1956481933594, 163.56231689453125, 1.0], [271.88031005859375, 150.35702514648438, 1.0], [247.1029815673828, 132.666259765625, 1.0], [209.17257690429688, 117.66197967529297, 1.0]], "is_left": 0}