{"hand_pts": [[215.94606018066406, 343.9637451171875, 1.0], [185.66664123535156, 289.2449951171875, 1.0], [187.64651489257812, 261.1029052734375, 1.0], [211.33392333984375, 208.54348754882812, 1.0], [228.7642822265625, 184.70530700683594, 1.0], [112.072998046875, 235.49191284179688, 1.0], [80.749755859375, 179.66067504882812, 1.0], [103.67560577392578, 139.14639282226562, 1.0], [127.82672119140625, 100.9310302734375, 1.0], [134.87379455566406, 233.74110412597656, 1.0], [179.80567932128906, 166.4835205078125, 1.0], [220.382568359375, 154.64230346679688, 1.0], [248.94549560546875, 180.50485229492188, 1.0], [160.32513427734375, 231.12660217285156, 1.0], [173.9009552001953, 153.2252197265625, 1.0], [202.47825622558594, 126.51788330078125, 1.0], [226.933837890625, 148.11184692382812, 1.0], [190.75389099121094, 234.36244201660156, 1.0], [211.55850219726562, 182.61512756347656, 1.0], [232.65780639648438, 148.3235626220703, 1.0], [251.9733428955078, 145.184814453125, 1.0]], "is_left": 0}