{"hand_pts": [[83.46172332763672, 37.20235061645508, 1.0], [96.25000762939453, 118.65347290039062, 1.0], [91.37203216552734, 162.5892791748047, 1.0], [102.98087310791016, 230.06961059570312, 1.0], [117.57481384277344, 255.32168579101562, 1.0], [207.66983032226562, 144.9672088623047, 1.0], [208.4568328857422, 228.61422729492188, 1.0], [164.6019287109375, 227.6745147705078, 1.0], [135.59060668945312, 184.99374389648438, 1.0], [230.89730834960938, 127.71025848388672, 1.0], [253.74209594726562, 225.23458862304688, 1.0], [202.82913208007812, 246.26039123535156, 1.0], [157.3274383544922, 209.3331298828125, 1.0], [241.89849853515625, 118.967041015625, 1.0], [255.99862670898438, 203.8524627685547, 1.0], [204.95664978027344, 208.16268920898438, 1.0], [164.53012084960938, 174.2957763671875, 1.0], [241.2157440185547, 107.86336517333984, 1.0], [246.01239013671875, 156.40138244628906, 1.0], [203.67103576660156, 165.81112670898438, 1.0], [171.7282257080078, 139.8732452392578, 1.0]], "is_left": 0}