{"hand_pts": [[51.97456359863281, 105.60311126708984, 1.0], [82.85543823242188, 118.38827514648438, 1.0], [56.586143493652344, 133.53005981445312, 1.0], [110.03023529052734, 166.79483032226562, 1.0], [158.5719757080078, 176.64520263671875, 1.0], [108.38750457763672, 199.63302612304688, 1.0], [169.97674560546875, 206.92413330078125, 1.0], [211.9233856201172, 203.68923950195312, 1.0], [252.89608764648438, 196.4555206298828, 1.0], [129.3617706298828, 206.7918243408203, 1.0], [201.705810546875, 185.7565155029297, 1.0], [240.128173828125, 165.8466796875, 1.0], [233.76235961914062, 127.65619659423828, 1.0], [149.36610412597656, 206.36553955078125, 1.0], [230.04354858398438, 197.1232452392578, 1.0], [248.65090942382812, 166.20425415039062, 1.0], [238.07061767578125, 131.6678009033203, 1.0], [164.4482879638672, 198.47073364257812, 1.0], [208.11094665527344, 231.1446075439453, 1.0], [233.78466796875, 220.5901641845703, 1.0], [250.77146911621094, 202.98435974121094, 1.0]], "is_left": 0}