{"hand_pts": [[64.48322296142578, 79.40345001220703, 1.0], [100.41924285888672, 96.98794555664062, 1.0], [117.61626434326172, 102.31593322753906, 1.0], [149.93243408203125, 121.63712310791016, 1.0], [193.04571533203125, 156.49147033691406, 1.0], [98.7417984008789, 189.5355224609375, 1.0], [165.29617309570312, 213.77902221679688, 1.0], [209.85885620117188, 188.53639221191406, 1.0], [223.25872802734375, 151.69163513183594, 1.0], [109.93570709228516, 199.4410858154297, 1.0], [161.9505157470703, 255.71298217773438, 1.0], [214.01402282714844, 267.00213623046875, 1.0], [265.772705078125, 256.3534240722656, 1.0], [124.8677749633789, 200.9797821044922, 1.0], [214.1100616455078, 214.97853088378906, 1.0], [241.3453369140625, 178.51309204101562, 1.0], [234.75376892089844, 138.13711547851562, 1.0], [138.05966186523438, 193.52801513671875, 1.0], [199.99427795410156, 199.6385955810547, 1.0], [234.23312377929688, 179.52455139160156, 1.0], [230.483642578125, 144.22564697265625, 1.0]], "is_left": 0}