{"hand_pts": [[123.78865051269531, 231.5668182373047, 1.0], [113.15419006347656, 216.69900512695312, 1.0], [74.27544403076172, 187.0868377685547, 1.0], [93.03639221191406, 145.3929443359375, 1.0], [140.20529174804688, 129.9343719482422, 1.0], [176.6685791015625, 255.87069702148438, 1.0], [171.1874237060547, 219.1702117919922, 1.0], [151.0010528564453, 183.07977294921875, 1.0], [134.66102600097656, 163.24293518066406, 1.0], [208.90135192871094, 250.1315460205078, 1.0], [210.38821411132812, 202.66400146484375, 1.0], [178.7137908935547, 166.86993408203125, 1.0], [152.26507568359375, 165.50350952148438, 1.0], [230.18849182128906, 238.87351989746094, 1.0], [246.3769989013672, 188.90602111816406, 1.0], [229.8056182861328, 151.27554321289062, 1.0], [196.43490600585938, 132.83154296875, 1.0], [243.2549591064453, 225.28103637695312, 1.0], [271.332275390625, 185.7635498046875, 1.0], [246.92996215820312, 161.0996551513672, 1.0], [210.49948120117188, 167.3283233642578, 1.0]], "is_left": 0}