{"hand_pts": [[237.88681030273438, 334.98175048828125, 1.0], [196.06732177734375, 278.2385559082031, 1.0], [157.0926513671875, 255.06439208984375, 1.0], [169.40834045410156, 197.25851440429688, 1.0], [204.90603637695312, 181.97015380859375, 1.0], [78.63483428955078, 210.65638732910156, 1.0], [130.05072021484375, 156.00889587402344, 1.0], [190.66146850585938, 162.9053497314453, 1.0], [212.98907470703125, 206.43190002441406, 1.0], [101.17720031738281, 206.12159729003906, 1.0], [115.40016174316406, 115.75814056396484, 1.0], [174.59095764160156, 105.61094665527344, 1.0], [224.652587890625, 129.75567626953125, 1.0], [129.79403686523438, 202.1926727294922, 1.0], [193.921630859375, 138.3693084716797, 1.0], [238.57546997070312, 170.0947265625, 1.0], [228.64479064941406, 216.0275421142578, 1.0], [167.30905151367188, 205.75869750976562, 1.0], [222.12997436523438, 168.52479553222656, 1.0], [263.15338134765625, 181.31126403808594, 1.0], [254.8492889404297, 220.1870574951172, 1.0]], "is_left": 0}