{"hand_pts": [[40.18232727050781, 117.44246673583984, 1.0], [122.17965698242188, 112.67870330810547, 1.0], [184.01072692871094, 104.23236083984375, 1.0], [227.265869140625, 125.5312728881836, 1.0], [249.83033752441406, 156.27993774414062, 1.0], [182.3186798095703, 155.651611328125, 1.0], [244.6912841796875, 170.9082489013672, 1.0], [255.05479431152344, 175.9555206298828, 1.0], [244.95321655273438, 176.55491638183594, 1.0], [151.1607666015625, 180.32899475097656, 1.0], [225.6506805419922, 197.37843322753906, 1.0], [226.02215576171875, 182.17909240722656, 1.0], [210.75645446777344, 164.06752014160156, 1.0], [125.87226104736328, 197.78211975097656, 1.0], [164.05755615234375, 241.25917053222656, 1.0], [184.89117431640625, 234.60379028320312, 1.0], [189.92929077148438, 216.70704650878906, 1.0], [96.6259765625, 209.5173797607422, 1.0], [113.39422607421875, 238.44383239746094, 1.0], [121.55744171142578, 223.95701599121094, 1.0], [125.69285583496094, 199.79978942871094, 1.0]], "is_left": 0}