{"hand_pts": [[360.13372802734375, 238.81602478027344, 1.0], [292.35601806640625, 214.60948181152344, 1.0], [254.5519561767578, 209.9193572998047, 1.0], [211.695068359375, 165.7816925048828, 1.0], [192.3446502685547, 125.94671630859375, 1.0], [184.71719360351562, 257.6164855957031, 1.0], [110.61853790283203, 227.8753204345703, 1.0], [107.39320373535156, 179.42813110351562, 1.0], [143.25547790527344, 146.85324096679688, 1.0], [191.8040008544922, 254.7745361328125, 1.0], [115.08293914794922, 199.8289337158203, 1.0], [141.4821319580078, 153.3868408203125, 1.0], [192.9832763671875, 145.26783752441406, 1.0], [201.6243438720703, 244.3490753173828, 1.0], [155.41249084472656, 170.97569274902344, 1.0], [193.60707092285156, 142.22476196289062, 1.0], [234.38706970214844, 162.7036895751953, 1.0], [221.41612243652344, 230.96249389648438, 1.0], [179.12411499023438, 190.65719604492188, 1.0], [178.60128784179688, 152.2521209716797, 1.0], [202.7849884033203, 129.51773071289062, 1.0]], "is_left": 0}