{"hand_pts": [[330.5656433105469, 164.76658630371094, 1.0], [306.9667663574219, 180.82827758789062, 1.0], [292.66363525390625, 227.251708984375, 1.0], [256.2252502441406, 245.7860565185547, 1.0], [220.2485809326172, 256.3792724609375, 1.0], [209.96328735351562, 221.3900604248047, 1.0], [186.12010192871094, 198.83180236816406, 1.0], [216.67825317382812, 168.5927734375, 1.0], [251.17190551757812, 158.5073699951172, 1.0], [195.84548950195312, 200.38877868652344, 1.0], [123.67572784423828, 209.99591064453125, 1.0], [120.31110382080078, 187.8530731201172, 1.0], [113.15630340576172, 168.88455200195312, 1.0], [190.42161560058594, 178.51197814941406, 1.0], [123.14751434326172, 191.45721435546875, 1.0], [143.96292114257812, 167.63766479492188, 1.0], [164.17703247070312, 144.56195068359375, 1.0], [194.8092803955078, 154.66311645507812, 1.0], [148.46722412109375, 142.88095092773438, 1.0], [120.69953918457031, 131.67738342285156, 1.0], [126.46143341064453, 118.90206909179688, 1.0]], "is_left": 0}