{"hand_pts": [[201.0402069091797, 297.6788635253906, 1.0], [207.95741271972656, 293.4312438964844, 1.0], [238.7845458984375, 305.8581848144531, 1.0], [228.067138671875, 283.588134765625, 1.0], [190.804443359375, 246.7411651611328, 1.0], [250.2023468017578, 199.8688201904297, 1.0], [247.61407470703125, 160.43605041503906, 1.0], [210.14627075195312, 167.95814514160156, 1.0], [169.54983520507812, 188.00112915039062, 1.0], [228.48574829101562, 174.82180786132812, 1.0], [213.26939392089844, 127.39805603027344, 1.0], [175.37977600097656, 152.1058807373047, 1.0], [140.4274444580078, 185.1234588623047, 1.0], [205.00460815429688, 161.32791137695312, 1.0], [159.4499969482422, 118.93846130371094, 1.0], [123.62715911865234, 144.38748168945312, 1.0], [100.69873809814453, 185.73748779296875, 1.0], [179.96873474121094, 158.13418579101562, 1.0], [147.42111206054688, 122.97071075439453, 1.0], [122.2685546875, 142.5296630859375, 1.0], [112.92211151123047, 182.36524963378906, 1.0]], "is_left": 0}