{"hand_pts": [[303.2687072753906, 258.9073181152344, 1.0], [285.11712646484375, 211.0809783935547, 1.0], [291.88946533203125, 174.1301727294922, 1.0], [286.9085693359375, 140.20523071289062, 1.0], [258.5442199707031, 112.91785430908203, 1.0], [227.52972412109375, 182.4217529296875, 1.0], [175.76089477539062, 156.37283325195312, 1.0], [166.4574432373047, 152.5430908203125, 1.0], [181.08738708496094, 161.50003051757812, 1.0], [209.87539672851562, 204.78305053710938, 1.0], [146.8416748046875, 177.5819854736328, 1.0], [112.48649597167969, 159.88922119140625, 1.0], [81.79287719726562, 143.00689697265625, 1.0], [197.2921905517578, 222.48924255371094, 1.0], [133.898681640625, 198.3112030029297, 1.0], [121.01567840576172, 185.08804321289062, 1.0], [146.56045532226562, 185.2712860107422, 1.0], [191.5442657470703, 241.7138671875, 1.0], [149.86770629882812, 232.71461486816406, 1.0], [150.92478942871094, 224.4391326904297, 1.0], [165.3347930908203, 216.43515014648438, 1.0]], "is_left": 0}