{"hand_pts": [[156.59860229492188, 82.13103485107422, 1.0], [128.6912078857422, 129.01004028320312, 1.0], [86.38975524902344, 153.55941772460938, 1.0], [72.89868927001953, 182.8406219482422, 1.0], [88.47430419921875, 205.8058319091797, 1.0], [172.2247314453125, 163.4153594970703, 1.0], [159.74778747558594, 205.31588745117188, 1.0], [145.5728759765625, 226.1261444091797, 1.0], [130.83673095703125, 236.4537811279297, 1.0], [205.11685180664062, 154.17454528808594, 1.0], [208.7931365966797, 201.8223114013672, 1.0], [182.50692749023438, 194.702392578125, 1.0], [168.22476196289062, 169.03817749023438, 1.0], [227.5746307373047, 147.60923767089844, 1.0], [242.47360229492188, 193.21865844726562, 1.0], [220.87890625, 205.4449462890625, 1.0], [195.5879669189453, 204.82028198242188, 1.0], [244.17726135253906, 137.89796447753906, 1.0], [266.3832092285156, 161.5631866455078, 1.0], [277.40087890625, 181.10073852539062, 1.0], [265.17889404296875, 204.09027099609375, 1.0]], "is_left": 0,"label":4}