{"hand_pts": [[69.0787353515625, 275.6471252441406, 1.0], [132.14198303222656, 282.3754577636719, 1.0], [185.65817260742188, 290.30206298828125, 1.0], [197.6702423095703, 240.8065948486328, 1.0], [167.89219665527344, 205.87054443359375, 1.0], [198.794921875, 218.56878662109375, 1.0], [211.67361450195312, 220.39988708496094, 1.0], [214.7230224609375, 223.91119384765625, 1.0], [210.82579040527344, 230.34677124023438, 1.0], [171.29537963867188, 189.75411987304688, 1.0], [231.0583953857422, 143.04786682128906, 1.0], [238.79026794433594, 149.9216766357422, 1.0], [215.0859832763672, 178.62464904785156, 1.0], [146.7105712890625, 170.86373901367188, 1.0], [197.63623046875, 120.31604766845703, 1.0], [228.0333709716797, 97.63482666015625, 1.0], [249.241455078125, 94.23119354248047, 1.0], [117.69873046875, 159.77732849121094, 1.0], [117.4119873046875, 145.1192626953125, 1.0], [106.91651153564453, 170.81996154785156, 1.0], [99.43514251708984, 203.5232391357422, 1.0]], "is_left": 0}