{"hand_pts": [[333.32342529296875, 158.27398681640625, 1.0], [265.2739562988281, 128.10708618164062, 1.0], [221.8707733154297, 84.50972747802734, 1.0], [169.83937072753906, 86.70905303955078, 1.0], [140.6370086669922, 121.42481994628906, 1.0], [230.61216735839844, 153.44459533691406, 1.0], [164.04141235351562, 156.2164764404297, 1.0], [132.28216552734375, 155.36532592773438, 1.0], [124.49445343017578, 153.85475158691406, 1.0], [245.07901000976562, 188.88636779785156, 1.0], [170.36734008789062, 198.2472381591797, 1.0], [129.331298828125, 189.66790771484375, 1.0], [111.20565795898438, 175.36721801757812, 1.0], [253.60897827148438, 215.0372314453125, 1.0], [189.2218780517578, 237.2494354248047, 1.0], [154.52890014648438, 229.95481872558594, 1.0], [142.79598999023438, 211.99693298339844, 1.0], [265.0727844238281, 236.53663635253906, 1.0], [222.97596740722656, 259.75616455078125, 1.0], [192.62808227539062, 257.6742858886719, 1.0], [176.57766723632812, 236.75851440429688, 1.0]], "is_left": 0}