{"hand_pts": [[136.7917938232422, 305.1437072753906, 1.0], [197.4143524169922, 238.7828369140625, 1.0], [244.62478637695312, 185.4706268310547, 1.0], [280.1226806640625, 158.54443359375, 1.0], [264.9031982421875, 183.580810546875, 1.0], [155.79638671875, 143.3800506591797, 1.0], [205.8289031982422, 108.64954376220703, 1.0], [237.1713104248047, 141.65188598632812, 1.0], [234.27633666992188, 185.38246154785156, 1.0], [120.85835266113281, 164.2422637939453, 1.0], [177.50955200195312, 134.183349609375, 1.0], [219.38441467285156, 169.15719604492188, 1.0], [219.934814453125, 206.4217529296875, 1.0], [100.79508209228516, 185.32472229003906, 1.0], [137.77207946777344, 160.8731231689453, 1.0], [175.23133850097656, 191.57655334472656, 1.0], [180.23306274414062, 217.65829467773438, 1.0], [86.19192504882812, 213.94720458984375, 1.0], [108.34207153320312, 212.9376678466797, 1.0], [143.76425170898438, 232.81492614746094, 1.0], [149.46075439453125, 243.82742309570312, 1.0]], "is_left": 0}