{"hand_pts": [[36.65532302856445, 159.88612365722656, 1.0], [74.2134017944336, 205.58438110351562, 1.0], [86.13539123535156, 239.25064086914062, 1.0], [124.14627838134766, 256.6424560546875, 1.0], [167.3647918701172, 255.671875, 1.0], [132.9219970703125, 167.78302001953125, 1.0], [182.18264770507812, 202.7933349609375, 1.0], [202.77674865722656, 233.241455078125, 1.0], [214.911376953125, 262.5782470703125, 1.0], [143.56747436523438, 140.1485595703125, 1.0], [211.40286254882812, 144.0069122314453, 1.0], [249.75119018554688, 165.20150756835938, 1.0], [276.4207458496094, 196.52381896972656, 1.0], [151.6884002685547, 123.92753601074219, 1.0], [210.17698669433594, 162.9031219482422, 1.0], [222.67869567871094, 199.5286102294922, 1.0], [218.50146484375, 234.94439697265625, 1.0], [153.2786407470703, 112.142822265625, 1.0], [199.53341674804688, 106.23873901367188, 1.0], [226.09986877441406, 126.79033660888672, 1.0], [220.74505615234375, 162.40411376953125, 1.0]], "is_left": 0}