{"hand_pts": [[233.34197998046875, 291.6523132324219, 1.0], [218.9620361328125, 291.1114196777344, 1.0], [236.8537139892578, 296.5216369628906, 1.0], [234.3642120361328, 275.611083984375, 1.0], [209.36537170410156, 235.09512329101562, 1.0], [241.58477783203125, 204.2657012939453, 1.0], [208.6697235107422, 175.35826110839844, 1.0], [169.461181640625, 185.15122985839844, 1.0], [131.3557586669922, 194.33749389648438, 1.0], [229.59649658203125, 180.363525390625, 1.0], [186.53231811523438, 157.685302734375, 1.0], [148.287841796875, 182.42196655273438, 1.0], [113.93672180175781, 211.6157684326172, 1.0], [214.40907287597656, 167.77796936035156, 1.0], [204.61122131347656, 105.69181823730469, 1.0], [169.8693389892578, 117.23609924316406, 1.0], [136.1341552734375, 133.20712280273438, 1.0], [198.85513305664062, 164.8163299560547, 1.0], [163.43179321289062, 134.30618286132812, 1.0], [132.40818786621094, 140.35293579101562, 1.0], [108.20040130615234, 167.0240020751953, 1.0]], "is_left": 0,"label":5}