{"hand_pts": [[321.3531494140625, 180.4686737060547, 1.0], [244.67855834960938, 201.46157836914062, 1.0], [187.0760955810547, 229.4793243408203, 1.0], [137.66354370117188, 226.5439910888672, 1.0], [113.48226165771484, 204.07020568847656, 1.0], [215.14959716796875, 244.93666076660156, 1.0], [148.4439697265625, 228.60089111328125, 1.0], [132.18576049804688, 197.1787567138672, 1.0], [123.49727630615234, 166.510498046875, 1.0], [242.8859405517578, 219.4715118408203, 1.0], [165.433349609375, 195.712158203125, 1.0], [124.30502319335938, 170.48318481445312, 1.0], [115.46581268310547, 147.825439453125, 1.0], [262.3536682128906, 193.22996520996094, 1.0], [208.23670959472656, 191.64981079101562, 1.0], [166.42178344726562, 171.7526092529297, 1.0], [131.04641723632812, 150.2439422607422, 1.0], [283.67694091796875, 164.76480102539062, 1.0], [248.76425170898438, 134.8129425048828, 1.0], [222.22230529785156, 114.83483123779297, 1.0], [214.50411987304688, 113.86962127685547, 1.0]], "is_left": 0}