{"hand_pts": [[110.11138153076172, 39.12450408935547, 1.0], [170.32362365722656, 63.59815979003906, 1.0], [224.795166015625, 71.86322784423828, 1.0], [262.0366516113281, 94.89797973632812, 1.0], [286.1568603515625, 124.35963439941406, 1.0], [182.35060119628906, 145.5662841796875, 1.0], [220.51248168945312, 189.30140686035156, 1.0], [244.16969299316406, 210.14340209960938, 1.0], [265.76959228515625, 230.92547607421875, 1.0], [146.02313232421875, 155.8472900390625, 1.0], [178.1044464111328, 215.0198516845703, 1.0], [203.25343322753906, 239.67550659179688, 1.0], [227.62147521972656, 253.66151428222656, 1.0], [119.26892852783203, 159.4834442138672, 1.0], [142.10142517089844, 218.8455810546875, 1.0], [164.04132080078125, 229.925048828125, 1.0], [185.40234375, 230.35435485839844, 1.0], [93.92073822021484, 154.87484741210938, 1.0], [99.69026184082031, 196.21517944335938, 1.0], [111.9996109008789, 217.29959106445312, 1.0], [132.78797912597656, 227.34849548339844, 1.0]], "is_left": 0}