{"hand_pts": [[131.37530517578125, 177.20326232910156, 1.0], [204.50518798828125, 184.0960693359375, 1.0], [271.3421325683594, 202.7356414794922, 1.0], [288.97442626953125, 184.52549743652344, 1.0], [254.59487915039062, 155.51809692382812, 1.0], [207.6057586669922, 261.0047912597656, 1.0], [230.13807678222656, 240.46453857421875, 1.0], [235.7444305419922, 192.0282745361328, 1.0], [230.76351928710938, 153.54611206054688, 1.0], [162.16944885253906, 250.02462768554688, 1.0], [189.1027374267578, 203.9028778076172, 1.0], [198.92144775390625, 159.7136688232422, 1.0], [195.3137664794922, 154.02020263671875, 1.0], [128.46237182617188, 232.5078582763672, 1.0], [144.30499267578125, 191.44076538085938, 1.0], [156.78407287597656, 152.5100860595703, 1.0], [160.58053588867188, 146.929443359375, 1.0], [96.713623046875, 209.41647338867188, 1.0], [88.78931427001953, 162.8037567138672, 1.0], [101.77387237548828, 128.0854949951172, 1.0], [116.49528503417969, 145.82383728027344, 1.0]], "is_left": 0}