{"hand_pts": [[167.2483367919922, 101.89549255371094, 1.0], [156.0043182373047, 173.50917053222656, 1.0], [123.0067367553711, 230.0030975341797, 1.0], [160.44288635253906, 275.07440185546875, 1.0], [212.0858612060547, 260.2268981933594, 1.0], [96.48395538330078, 168.484130859375, 1.0], [140.69522094726562, 222.99798583984375, 1.0], [182.64749145507812, 235.73135375976562, 1.0], [191.77891540527344, 217.05052185058594, 1.0], [118.21609497070312, 136.64195251464844, 1.0], [183.7715301513672, 197.64768981933594, 1.0], [214.91700744628906, 210.87281799316406, 1.0], [200.3201904296875, 191.61474609375, 1.0], [143.08578491210938, 116.8302993774414, 1.0], [213.7175750732422, 165.19674682617188, 1.0], [238.57362365722656, 177.8232421875, 1.0], [211.82444763183594, 161.56663513183594, 1.0], [171.0570831298828, 98.93199920654297, 1.0], [223.4701690673828, 121.06140899658203, 1.0], [242.04446411132812, 141.13487243652344, 1.0], [209.24105834960938, 132.4972381591797, 1.0]], "is_left": 0}