{"hand_pts": [[203.16285705566406, 97.29869079589844, 1.0], [244.31118774414062, 136.94781494140625, 1.0], [293.9563903808594, 168.3159637451172, 1.0], [292.4777526855469, 190.51930236816406, 1.0], [248.6845245361328, 187.30381774902344, 1.0], [210.1051788330078, 219.17330932617188, 1.0], [212.79864501953125, 253.4310302734375, 1.0], [219.9662322998047, 233.11480712890625, 1.0], [225.2649383544922, 200.2385711669922, 1.0], [166.23321533203125, 206.63485717773438, 1.0], [158.29156494140625, 213.46018981933594, 1.0], [175.81471252441406, 184.1480712890625, 1.0], [199.8209686279297, 150.0597381591797, 1.0], [134.53042602539062, 190.87384033203125, 1.0], [124.29325866699219, 200.07115173339844, 1.0], [139.48643493652344, 178.54368591308594, 1.0], [164.31454467773438, 149.35487365722656, 1.0], [108.74964141845703, 168.4392547607422, 1.0], [97.3143310546875, 164.16275024414062, 1.0], [119.12203979492188, 142.7318572998047, 1.0], [149.908447265625, 121.95311737060547, 1.0]], "is_left": 0}