{"hand_pts": [[224.2953643798828, 137.59857177734375, 1.0], [174.28582763671875, 133.6260528564453, 1.0], [117.9279556274414, 132.00399780273438, 1.0], [77.16586303710938, 139.59713745117188, 1.0], [97.7981185913086, 158.38519287109375, 1.0], [154.09042358398438, 175.86328125, 1.0], [144.3933868408203, 204.04444885253906, 1.0], [140.79725646972656, 218.89146423339844, 1.0], [139.09022521972656, 232.28240966796875, 1.0], [192.35540771484375, 186.24490356445312, 1.0], [182.9893035888672, 199.29537963867188, 1.0], [178.2037811279297, 191.4132537841797, 1.0], [176.9621124267578, 169.81459045410156, 1.0], [221.97418212890625, 190.7456817626953, 1.0], [213.79954528808594, 218.1913299560547, 1.0], [207.27125549316406, 206.4678955078125, 1.0], [206.5479278564453, 186.86892700195312, 1.0], [249.90313720703125, 190.8202362060547, 1.0], [267.4278259277344, 186.05430603027344, 1.0], [276.859375, 176.8555450439453, 1.0], [285.6065368652344, 166.991943359375, 1.0]], "is_left": 0}