{"hand_pts": [[331.55047607421875, 174.17105102539062, 1.0], [280.5192565917969, 132.32437133789062, 1.0], [248.80738830566406, 85.85318756103516, 1.0], [203.99267578125, 77.00581359863281, 1.0], [186.46559143066406, 121.17510223388672, 1.0], [206.0623016357422, 166.06082153320312, 1.0], [154.5345458984375, 149.4014129638672, 1.0], [164.6478271484375, 134.00074768066406, 1.0], [192.31236267089844, 126.6874771118164, 1.0], [209.45533752441406, 202.9327392578125, 1.0], [141.20620727539062, 225.97647094726562, 1.0], [101.0352783203125, 223.8399200439453, 1.0], [81.72150421142578, 204.32046508789062, 1.0], [214.1732940673828, 228.07791137695312, 1.0], [154.44204711914062, 265.3138427734375, 1.0], [142.4989776611328, 244.3846893310547, 1.0], [158.96885681152344, 211.76878356933594, 1.0], [225.82269287109375, 247.9671173095703, 1.0], [206.1214599609375, 233.6490478515625, 1.0], [222.9158935546875, 209.73204040527344, 1.0], [251.18862915039062, 186.93951416015625, 1.0]], "is_left": 0}