{"hand_pts": [[41.12529373168945, 109.58573150634766, 1.0], [119.50831604003906, 102.40721893310547, 1.0], [173.2523651123047, 71.666015625, 1.0], [227.25173950195312, 104.92784881591797, 1.0], [247.0782470703125, 157.01222229003906, 1.0], [150.7897186279297, 113.91487884521484, 1.0], [222.09181213378906, 138.57098388671875, 1.0], [244.53297424316406, 159.39886474609375, 1.0], [223.5229949951172, 163.08216857910156, 1.0], [126.91673278808594, 148.15711975097656, 1.0], [203.7737579345703, 202.26177978515625, 1.0], [229.21900939941406, 215.87869262695312, 1.0], [217.54905700683594, 201.8249969482422, 1.0], [111.51226806640625, 177.39419555664062, 1.0], [179.81430053710938, 237.30516052246094, 1.0], [201.1186981201172, 250.5504913330078, 1.0], [185.78494262695312, 227.62315368652344, 1.0], [94.1350326538086, 202.52474975585938, 1.0], [127.20687103271484, 248.70533752441406, 1.0], [160.88681030273438, 267.63739013671875, 1.0], [183.46066284179688, 260.8372802734375, 1.0]], "is_left": 0}