{"hand_pts": [[287.30712890625, 190.86231994628906, 1.0], [257.83892822265625, 151.32106018066406, 1.0], [226.26010131835938, 97.7383804321289, 1.0], [188.36744689941406, 71.71778106689453, 1.0], [179.7388153076172, 107.90479278564453, 1.0], [164.5935821533203, 142.317138671875, 1.0], [156.06268310546875, 143.84107971191406, 1.0], [179.29574584960938, 152.66444396972656, 1.0], [215.60679626464844, 164.50897216796875, 1.0], [165.47305297851562, 180.6439971923828, 1.0], [94.89656829833984, 185.4893341064453, 1.0], [100.3722915649414, 187.6905975341797, 1.0], [139.56507873535156, 183.82315063476562, 1.0], [172.44833374023438, 211.59765625, 1.0], [186.70716857910156, 227.17388916015625, 1.0], [225.2098846435547, 226.5929718017578, 1.0], [237.67257690429688, 213.9477081298828, 1.0], [187.70623779296875, 240.3808135986328, 1.0], [190.3612060546875, 264.4181823730469, 1.0], [207.47232055664062, 273.5539245605469, 1.0], [237.08294677734375, 266.0484619140625, 1.0]], "is_left": 0,"label":2}