{"hand_pts": [[67.86761474609375, 178.79254150390625, 1.0], [115.16381072998047, 140.57057189941406, 1.0], [159.5253143310547, 103.06468200683594, 1.0], [195.83103942871094, 94.67170715332031, 1.0], [196.61643981933594, 120.25927734375, 1.0], [209.2866973876953, 179.4630889892578, 1.0], [237.7578887939453, 150.3553466796875, 1.0], [199.70814514160156, 131.36155700683594, 1.0], [157.45843505859375, 124.04263305664062, 1.0], [194.52023315429688, 211.0660400390625, 1.0], [260.353515625, 239.5417022705078, 1.0], [277.4417724609375, 231.35025024414062, 1.0], [292.8911437988281, 223.6557159423828, 1.0], [176.67648315429688, 231.22630310058594, 1.0], [167.7383575439453, 203.3638916015625, 1.0], [133.34129333496094, 185.64295959472656, 1.0], [97.60919952392578, 165.78968811035156, 1.0], [151.48947143554688, 246.11251831054688, 1.0], [154.09181213378906, 255.43736267089844, 1.0], [137.6028289794922, 234.00669860839844, 1.0], [124.98613739013672, 210.2213897705078, 1.0]], "is_left": 0}