{"hand_pts": [[117.93315887451172, 321.6247253417969, 1.0], [176.58677673339844, 297.7410888671875, 1.0], [236.7340545654297, 287.55859375, 1.0], [267.27667236328125, 259.5425109863281, 1.0], [276.8478698730469, 226.91917419433594, 1.0], [210.12100219726562, 199.97201538085938, 1.0], [248.8144073486328, 143.06336975097656, 1.0], [261.6012878417969, 124.63272857666016, 1.0], [267.5674743652344, 114.53710174560547, 1.0], [167.23072814941406, 194.67388916015625, 1.0], [195.26779174804688, 147.0069580078125, 1.0], [206.59996032714844, 147.74188232421875, 1.0], [214.06161499023438, 160.3824462890625, 1.0], [132.23233032226562, 197.05599975585938, 1.0], [141.63375854492188, 136.0138702392578, 1.0], [146.4425506591797, 134.6611785888672, 1.0], [150.9850616455078, 153.5946502685547, 1.0], [97.56830596923828, 208.61106872558594, 1.0], [86.3404769897461, 189.06802368164062, 1.0], [82.7895278930664, 192.4804229736328, 1.0], [87.00926971435547, 212.65316772460938, 1.0]], "is_left": 0}