{"hand_pts": [[92.39889526367188, 295.2699279785156, 1.0], [134.83946228027344, 269.97076416015625, 1.0], [151.14059448242188, 264.8370056152344, 1.0], [176.4889373779297, 255.03663635253906, 1.0], [214.73472595214844, 237.95285034179688, 1.0], [122.89813232421875, 169.69473266601562, 1.0], [184.1138458251953, 169.44825744628906, 1.0], [204.3624725341797, 208.31529235839844, 1.0], [221.58644104003906, 246.5054931640625, 1.0], [120.18134307861328, 156.7499542236328, 1.0], [192.3549346923828, 127.15249633789062, 1.0], [223.4212188720703, 169.4215850830078, 1.0], [255.45921325683594, 207.6101531982422, 1.0], [124.14673614501953, 152.53224182128906, 1.0], [168.31683349609375, 90.84002685546875, 1.0], [212.76116943359375, 98.069580078125, 1.0], [239.71762084960938, 134.13973999023438, 1.0], [128.61375427246094, 158.3860321044922, 1.0], [180.617919921875, 162.2594451904297, 1.0], [204.24366760253906, 194.3096466064453, 1.0], [226.7032012939453, 230.65179443359375, 1.0]], "is_left": 0}