{"hand_pts": [[264.83953857421875, 238.22567749023438, 1.0], [280.2935485839844, 206.13583374023438, 1.0], [302.0227966308594, 175.7936248779297, 1.0], [302.7437438964844, 147.8727264404297, 1.0], [255.01858520507812, 135.8305206298828, 1.0], [226.41983032226562, 237.66973876953125, 1.0], [197.7841033935547, 218.22776794433594, 1.0], [183.9979248046875, 178.6909637451172, 1.0], [178.34368896484375, 133.6986083984375, 1.0], [188.4009246826172, 237.05783081054688, 1.0], [165.00440979003906, 224.40127563476562, 1.0], [155.38243103027344, 203.75303649902344, 1.0], [161.32681274414062, 158.81985473632812, 1.0], [160.8987274169922, 229.0839385986328, 1.0], [116.20286560058594, 157.30047607421875, 1.0], [143.06858825683594, 130.94126892089844, 1.0], [181.24696350097656, 145.98236083984375, 1.0], [140.83273315429688, 219.08840942382812, 1.0], [99.87618255615234, 210.14605712890625, 1.0], [112.61018371582031, 176.4277801513672, 1.0], [130.8954620361328, 142.69154357910156, 1.0]], "is_left": 0}