{"hand_pts": [[146.07159423828125, 297.8939514160156, 1.0], [124.30680084228516, 242.9953155517578, 1.0], [91.51280212402344, 203.9034881591797, 1.0], [71.12694549560547, 171.3351287841797, 1.0], [87.36536407470703, 171.15963745117188, 1.0], [182.90591430664062, 180.5216522216797, 1.0], [206.74656677246094, 128.5290069580078, 1.0], [215.33555603027344, 98.33599090576172, 1.0], [217.7235870361328, 74.91954803466797, 1.0], [206.16751098632812, 203.5675811767578, 1.0], [241.85752868652344, 146.1331329345703, 1.0], [243.0194091796875, 115.02889251708984, 1.0], [215.4064178466797, 112.22425842285156, 1.0], [218.37335205078125, 224.50303649902344, 1.0], [204.9862518310547, 199.80584716796875, 1.0], [175.94029235839844, 203.52403259277344, 1.0], [143.0507049560547, 218.5730438232422, 1.0], [223.93775939941406, 249.4998321533203, 1.0], [230.69015502929688, 244.63510131835938, 1.0], [200.86346435546875, 248.7394256591797, 1.0], [176.1553497314453, 253.16001892089844, 1.0]], "is_left": 0}