{"hand_pts": [[258.06591796875, 161.30908203125, 1.0], [234.391845703125, 218.3170166015625, 1.0], [209.78050231933594, 271.3284606933594, 1.0], [193.41827392578125, 297.5431823730469, 1.0], [183.93064880371094, 303.9567565917969, 1.0], [170.20391845703125, 191.12355041503906, 1.0], [131.2638397216797, 204.43545532226562, 1.0], [120.117431640625, 218.81649780273438, 1.0], [113.35114288330078, 232.69863891601562, 1.0], [191.79043579101562, 153.93389892578125, 1.0], [152.53302001953125, 161.7998504638672, 1.0], [146.41116333007812, 182.94618225097656, 1.0], [145.31544494628906, 205.9160614013672, 1.0], [215.57781982421875, 129.74546813964844, 1.0], [183.26828002929688, 128.54135131835938, 1.0], [184.00140380859375, 147.55221557617188, 1.0], [190.28587341308594, 171.2274169921875, 1.0], [243.20864868164062, 110.04368591308594, 1.0], [236.64694213867188, 107.70967102050781, 1.0], [238.94549560546875, 117.83440399169922, 1.0], [245.64881896972656, 139.74014282226562, 1.0]], "is_left": 0}