{"hand_pts": [[150.33309936523438, 352.408935546875, 1.0], [123.45480346679688, 290.0578308105469, 1.0], [92.99822235107422, 246.61585998535156, 1.0], [103.52027130126953, 198.02432250976562, 1.0], [140.82427978515625, 169.19285583496094, 1.0], [135.32687377929688, 221.07321166992188, 1.0], [143.2489776611328, 161.8291778564453, 1.0], [151.19525146484375, 145.2430877685547, 1.0], [159.1188507080078, 147.0276641845703, 1.0], [172.19911193847656, 231.3009033203125, 1.0], [197.27464294433594, 157.40582275390625, 1.0], [206.85556030273438, 121.43760681152344, 1.0], [207.51416015625, 107.01940155029297, 1.0], [201.4866943359375, 240.45941162109375, 1.0], [218.87828063964844, 168.7863311767578, 1.0], [224.4961700439453, 132.37875366210938, 1.0], [220.62643432617188, 118.10994720458984, 1.0], [226.8446044921875, 255.88853454589844, 1.0], [247.4354248046875, 216.90444946289062, 1.0], [251.67164611816406, 199.84535217285156, 1.0], [244.4985809326172, 193.90919494628906, 1.0]], "is_left": 0}