{"hand_pts": [[26.081666946411133, 137.64303588867188, 1.0], [93.655517578125, 126.03260803222656, 1.0], [140.48208618164062, 105.47545623779297, 1.0], [190.08731079101562, 123.53077697753906, 1.0], [220.06044006347656, 159.22378540039062, 1.0], [154.11363220214844, 117.91224670410156, 1.0], [217.07284545898438, 134.6193084716797, 1.0], [227.33966064453125, 157.7246551513672, 1.0], [220.0960693359375, 178.4657440185547, 1.0], [139.33277893066406, 147.35499572753906, 1.0], [193.2304229736328, 201.91256713867188, 1.0], [206.32321166992188, 229.54066467285156, 1.0], [203.71189880371094, 246.02064514160156, 1.0], [127.61460876464844, 173.87124633789062, 1.0], [196.0200653076172, 195.5413360595703, 1.0], [230.74794006347656, 214.35000610351562, 1.0], [262.1265563964844, 232.2036895751953, 1.0], [110.78255462646484, 198.5657196044922, 1.0], [149.5329132080078, 232.97940063476562, 1.0], [167.5916748046875, 247.0413818359375, 1.0], [164.3195037841797, 239.81442260742188, 1.0]], "is_left": 0}