{"hand_pts": [[154.40036010742188, 71.76839447021484, 1.0], [207.70748901367188, 125.68045806884766, 1.0], [269.65655517578125, 132.63687133789062, 1.0], [287.13128662109375, 169.0839080810547, 1.0], [279.35577392578125, 207.31736755371094, 1.0], [222.120361328125, 125.74156188964844, 1.0], [229.05023193359375, 202.43690490722656, 1.0], [220.12344360351562, 238.50640869140625, 1.0], [206.10256958007812, 232.31834411621094, 1.0], [177.94151306152344, 121.3831787109375, 1.0], [188.07290649414062, 163.54440307617188, 1.0], [193.268798828125, 220.5718994140625, 1.0], [194.44752502441406, 243.9173583984375, 1.0], [142.62901306152344, 124.23976135253906, 1.0], [139.91476440429688, 170.19847106933594, 1.0], [145.573486328125, 218.0079345703125, 1.0], [151.74652099609375, 261.4677734375, 1.0], [109.2637939453125, 126.3690185546875, 1.0], [88.2557601928711, 158.1640625, 1.0], [98.83090209960938, 197.3166046142578, 1.0], [116.2695541381836, 232.2978515625, 1.0]], "is_left": 0}