{"hand_pts": [[45.05929183959961, 251.05543518066406, 1.0], [76.15718078613281, 190.4672393798828, 1.0], [74.80851745605469, 136.28013610839844, 1.0], [96.91006469726562, 99.39598846435547, 1.0], [121.16514587402344, 68.71090698242188, 1.0], [144.73081970214844, 186.6556396484375, 1.0], [200.70596313476562, 160.4899444580078, 1.0], [237.28407287597656, 143.9163818359375, 1.0], [250.2274627685547, 129.28851318359375, 1.0], [158.55990600585938, 220.67572021484375, 1.0], [224.54905700683594, 189.1818084716797, 1.0], [256.22894287109375, 158.81875610351562, 1.0], [266.2998046875, 130.73973083496094, 1.0], [167.7222137451172, 244.57974243164062, 1.0], [216.3151092529297, 226.7685089111328, 1.0], [211.1258087158203, 214.56614685058594, 1.0], [173.22898864746094, 209.504150390625, 1.0], [169.17190551757812, 266.7729797363281, 1.0], [215.03770446777344, 260.15191650390625, 1.0], [216.03533935546875, 237.79043579101562, 1.0], [184.79747009277344, 222.59927368164062, 1.0]], "is_left": 0}