{"hand_pts": [[25.82520294189453, 249.68406677246094, 1.0], [102.21062469482422, 197.4514923095703, 1.0], [161.42343139648438, 174.00100708007812, 1.0], [218.25048828125, 174.2913055419922, 1.0], [207.35726928710938, 194.02618408203125, 1.0], [136.95179748535156, 109.55982208251953, 1.0], [218.62094116210938, 99.44629669189453, 1.0], [218.3162384033203, 144.42031860351562, 1.0], [223.08966064453125, 186.9728240966797, 1.0], [121.26136779785156, 139.3922882080078, 1.0], [211.63983154296875, 164.05479431152344, 1.0], [224.67274475097656, 205.9401397705078, 1.0], [203.3588104248047, 237.63522338867188, 1.0], [112.78026580810547, 169.8477020263672, 1.0], [193.72837829589844, 193.63172912597656, 1.0], [228.12803649902344, 226.40684509277344, 1.0], [236.2723388671875, 258.25592041015625, 1.0], [101.19969940185547, 206.1263885498047, 1.0], [131.74087524414062, 196.2597198486328, 1.0], [173.77734375, 198.50965881347656, 1.0], [182.98683166503906, 205.004638671875, 1.0]], "is_left": 0}