{"hand_pts": [[41.2321662902832, 175.8566131591797, 1.0], [82.7736587524414, 145.73622131347656, 1.0], [107.50004577636719, 103.44596099853516, 1.0], [149.5630340576172, 100.23098754882812, 1.0], [186.61988830566406, 113.74513244628906, 1.0], [163.30029296875, 153.3750457763672, 1.0], [218.63209533691406, 148.31288146972656, 1.0], [253.09934997558594, 151.00717163085938, 1.0], [279.3728942871094, 157.9249267578125, 1.0], [163.19700622558594, 187.17864990234375, 1.0], [230.0528564453125, 181.90005493164062, 1.0], [243.02920532226562, 180.09280395507812, 1.0], [242.49974060058594, 178.69154357910156, 1.0], [159.55772399902344, 213.59765625, 1.0], [178.39541625976562, 234.11801147460938, 1.0], [142.9739990234375, 222.3258056640625, 1.0], [111.58851623535156, 206.31883239746094, 1.0], [148.38198852539062, 236.83419799804688, 1.0], [183.22555541992188, 254.93751525878906, 1.0], [199.00698852539062, 261.29693603515625, 1.0], [203.5396270751953, 258.25738525390625, 1.0]], "is_left": 0}