{"hand_pts": [[76.38905334472656, 70.42806243896484, 1.0], [80.43216705322266, 121.70328521728516, 1.0], [75.7137451171875, 130.30091857910156, 1.0], [111.89887237548828, 163.25807189941406, 1.0], [145.1632537841797, 181.52352905273438, 1.0], [164.95050048828125, 123.46035766601562, 1.0], [194.0598907470703, 162.1455841064453, 1.0], [201.36349487304688, 203.48114013671875, 1.0], [191.28956604003906, 245.00662231445312, 1.0], [189.20054626464844, 120.3721923828125, 1.0], [225.8692169189453, 180.8426971435547, 1.0], [215.38064575195312, 231.06004333496094, 1.0], [194.94972229003906, 274.1322021484375, 1.0], [202.94747924804688, 123.66045379638672, 1.0], [230.94439697265625, 201.73733520507812, 1.0], [229.92401123046875, 248.21852111816406, 1.0], [189.33888244628906, 254.80087280273438, 1.0], [207.40684509277344, 126.07917022705078, 1.0], [228.24598693847656, 176.78634643554688, 1.0], [197.09036254882812, 195.59109497070312, 1.0], [161.34378051757812, 209.88160705566406, 1.0]], "is_left": 0}