{"hand_pts": [[282.9580078125, 142.90611267089844, 1.0], [212.6282501220703, 170.6911163330078, 1.0], [147.12783813476562, 165.45643615722656, 1.0], [98.78010559082031, 175.57037353515625, 1.0], [117.6242904663086, 198.24024963378906, 1.0], [172.96315002441406, 137.56211853027344, 1.0], [142.68609619140625, 166.22958374023438, 1.0], [125.45054626464844, 188.69224548339844, 1.0], [129.16424560546875, 229.9498748779297, 1.0], [210.19534301757812, 138.90615844726562, 1.0], [171.57876586914062, 139.46328735351562, 1.0], [156.9899444580078, 187.42283630371094, 1.0], [146.71629333496094, 231.85003662109375, 1.0], [239.830810546875, 147.0678253173828, 1.0], [211.69215393066406, 209.52735900878906, 1.0], [204.6195526123047, 251.529052734375, 1.0], [209.2176971435547, 268.14410400390625, 1.0], [270.71368408203125, 157.26336669921875, 1.0], [262.56976318359375, 158.46311950683594, 1.0], [241.85353088378906, 184.1399383544922, 1.0], [220.12472534179688, 213.9419708251953, 1.0]], "is_left": 0}