{"hand_pts": [[123.29742431640625, 241.07562255859375, 1.0], [117.73503112792969, 247.87451171875, 1.0], [108.55106353759766, 287.96441650390625, 1.0], [146.63226318359375, 293.20892333984375, 1.0], [187.6068572998047, 267.8226623535156, 1.0], [121.14159393310547, 170.9339599609375, 1.0], [153.7323760986328, 173.533203125, 1.0], [178.7545928955078, 193.58169555664062, 1.0], [186.69505310058594, 224.28196716308594, 1.0], [148.71031188964844, 153.07366943359375, 1.0], [185.46795654296875, 111.33590698242188, 1.0], [205.017822265625, 146.11146545410156, 1.0], [216.04800415039062, 184.7991180419922, 1.0], [173.2934112548828, 145.78445434570312, 1.0], [197.5966796875, 87.16600036621094, 1.0], [214.0286865234375, 112.39937591552734, 1.0], [220.86607360839844, 147.7421875, 1.0], [195.44093322753906, 146.4284210205078, 1.0], [234.0113983154297, 164.1511993408203, 1.0], [237.69015502929688, 197.18728637695312, 1.0], [238.97560119628906, 232.61253356933594, 1.0]], "is_left": 0}