{"hand_pts": [[12.64184284210205, 195.63414001464844, 1.0], [63.05753707885742, 208.6592559814453, 1.0], [91.06585693359375, 206.2671356201172, 1.0], [140.94854736328125, 200.98696899414062, 1.0], [181.6687774658203, 196.2777557373047, 1.0], [136.58740234375, 168.81365966796875, 1.0], [193.89431762695312, 178.33013916015625, 1.0], [230.03082275390625, 189.78765869140625, 1.0], [261.7935485839844, 207.2492218017578, 1.0], [137.95947265625, 165.61090087890625, 1.0], [208.88381958007812, 144.64617919921875, 1.0], [252.73281860351562, 160.43798828125, 1.0], [246.05715942382812, 192.44032287597656, 1.0], [137.59413146972656, 168.7071075439453, 1.0], [209.53672790527344, 158.59776306152344, 1.0], [214.48643493652344, 189.27059936523438, 1.0], [199.38023376464844, 216.51913452148438, 1.0], [129.6878662109375, 175.29803466796875, 1.0], [177.87881469726562, 174.75167846679688, 1.0], [208.9265899658203, 189.4654541015625, 1.0], [224.03477478027344, 212.93280029296875, 1.0]], "is_left": 0}