{"hand_pts": [[92.30330657958984, 110.0937271118164, 1.0], [130.61903381347656, 105.93512725830078, 1.0], [144.70506286621094, 78.54273223876953, 1.0], [118.2373046875, 93.88915252685547, 1.0], [90.99528503417969, 124.28277587890625, 1.0], [221.88092041015625, 158.5076904296875, 1.0], [270.37542724609375, 192.48873901367188, 1.0], [287.581298828125, 212.61204528808594, 1.0], [290.8984375, 229.03012084960938, 1.0], [201.3784942626953, 181.1450653076172, 1.0], [234.69265747070312, 204.93289184570312, 1.0], [195.95761108398438, 188.92892456054688, 1.0], [153.686767578125, 165.2972412109375, 1.0], [176.89312744140625, 196.04661560058594, 1.0], [220.18006896972656, 236.5856170654297, 1.0], [221.70277404785156, 247.39825439453125, 1.0], [196.4766387939453, 235.139892578125, 1.0], [145.46572875976562, 204.89796447753906, 1.0], [148.58242797851562, 226.61195373535156, 1.0], [125.83768463134766, 212.465087890625, 1.0], [103.90557098388672, 185.62158203125, 1.0]], "is_left": 0}