{"hand_pts": [[183.2611083984375, 189.64044189453125, 1.0], [202.46823120117188, 230.24050903320312, 1.0], [257.5965576171875, 276.18341064453125, 1.0], [287.4870300292969, 296.3280944824219, 1.0], [270.8873596191406, 272.837158203125, 1.0], [252.21942138671875, 213.3441162109375, 1.0], [226.82237243652344, 219.78546142578125, 1.0], [186.67140197753906, 223.94241333007812, 1.0], [149.73121643066406, 226.65943908691406, 1.0], [219.01976013183594, 173.53602600097656, 1.0], [216.0963592529297, 174.2786102294922, 1.0], [172.76329040527344, 188.57945251464844, 1.0], [138.6957244873047, 201.7685089111328, 1.0], [184.76708984375, 143.22711181640625, 1.0], [163.92123413085938, 123.68061065673828, 1.0], [125.90493774414062, 132.21998596191406, 1.0], [115.08966827392578, 153.61709594726562, 1.0], [148.2975616455078, 116.78385925292969, 1.0], [133.88052368164062, 96.5407485961914, 1.0], [112.72023010253906, 98.05455017089844, 1.0], [90.90991973876953, 113.39827728271484, 1.0]], "is_left": 0}