{"hand_pts": [[38.348899841308594, 235.67564392089844, 1.0], [89.62617492675781, 243.9857635498047, 1.0], [127.2925796508789, 287.2973327636719, 1.0], [166.96270751953125, 261.0089416503906, 1.0], [159.9108428955078, 213.51687622070312, 1.0], [171.111328125, 242.89862060546875, 1.0], [227.31744384765625, 224.94223022460938, 1.0], [238.10914611816406, 197.77235412597656, 1.0], [238.14959716796875, 170.3470916748047, 1.0], [160.99600219726562, 213.5454559326172, 1.0], [223.41786193847656, 195.54910278320312, 1.0], [257.638427734375, 183.17138671875, 1.0], [285.7821350097656, 170.28684997558594, 1.0], [149.4807891845703, 187.7561798095703, 1.0], [180.12095642089844, 131.05075073242188, 1.0], [162.58929443359375, 115.88059997558594, 1.0], [135.21847534179688, 118.55882263183594, 1.0], [131.07809448242188, 164.571533203125, 1.0], [160.7128448486328, 133.94815063476562, 1.0], [181.87596130371094, 114.07147979736328, 1.0], [179.74923706054688, 120.9188461303711, 1.0]], "is_left": 0}