{"hand_pts": [[211.59280395507812, 108.25027465820312, 1.0], [222.6178436279297, 103.14738464355469, 1.0], [219.04010009765625, 76.75887298583984, 1.0], [211.687255859375, 95.45549011230469, 1.0], [204.5201416015625, 137.1488494873047, 1.0], [137.33924865722656, 150.46469116210938, 1.0], [189.16310119628906, 146.48043823242188, 1.0], [237.29612731933594, 137.1411590576172, 1.0], [287.0030517578125, 125.82356262207031, 1.0], [129.1396484375, 180.08409118652344, 1.0], [81.29403686523438, 232.89830017089844, 1.0], [105.96978759765625, 252.07650756835938, 1.0], [118.89281463623047, 275.7715759277344, 1.0], [131.82467651367188, 201.39263916015625, 1.0], [180.8531951904297, 239.7285614013672, 1.0], [227.3461151123047, 222.1453094482422, 1.0], [260.9543151855469, 193.39256286621094, 1.0], [141.94873046875, 216.00234985351562, 1.0], [177.0679473876953, 244.87864685058594, 1.0], [216.9680633544922, 236.66468811035156, 1.0], [225.5124969482422, 202.34466552734375, 1.0]], "is_left": 0}