{"hand_pts": [[302.3571472167969, 113.11251068115234, 1.0], [244.3571014404297, 161.71966552734375, 1.0], [212.59927368164062, 201.21176147460938, 1.0], [173.82618713378906, 227.60398864746094, 1.0], [145.50326538085938, 230.0996551513672, 1.0], [251.53834533691406, 188.13040161132812, 1.0], [200.61634826660156, 220.44773864746094, 1.0], [151.8415985107422, 230.7669677734375, 1.0], [109.0293197631836, 234.92001342773438, 1.0], [259.54638671875, 163.65113830566406, 1.0], [200.38052368164062, 190.4530792236328, 1.0], [145.04881286621094, 201.1868133544922, 1.0], [109.8683090209961, 203.96080017089844, 1.0], [258.71954345703125, 143.8926544189453, 1.0], [189.65975952148438, 165.95233154296875, 1.0], [140.0904083251953, 176.44168090820312, 1.0], [98.16736602783203, 184.50965881347656, 1.0], [257.6894836425781, 123.02638244628906, 1.0], [205.6514129638672, 133.59068298339844, 1.0], [164.3050537109375, 143.40643310546875, 1.0], [134.57862854003906, 152.53836059570312, 1.0]], "is_left": 0}