{"hand_pts": [[57.7474250793457, 126.3266372680664, 1.0], [66.70159149169922, 185.48748779296875, 1.0], [58.816444396972656, 248.61294555664062, 1.0], [78.22389221191406, 268.6651306152344, 1.0], [109.43827056884766, 247.08750915527344, 1.0], [181.88246154785156, 221.51048278808594, 1.0], [218.07168579101562, 252.30381774902344, 1.0], [210.41937255859375, 254.99606323242188, 1.0], [189.6717071533203, 247.93814086914062, 1.0], [198.63575744628906, 177.46328735351562, 1.0], [253.17507934570312, 199.91961669921875, 1.0], [241.0168914794922, 205.31475830078125, 1.0], [208.07875061035156, 205.48777770996094, 1.0], [202.86720275878906, 140.56829833984375, 1.0], [247.95840454101562, 144.07720947265625, 1.0], [228.03106689453125, 142.57675170898438, 1.0], [184.09031677246094, 141.55853271484375, 1.0], [195.69711303710938, 103.48583984375, 1.0], [218.7584991455078, 92.03019714355469, 1.0], [200.9894256591797, 90.5471420288086, 1.0], [158.48211669921875, 98.74238586425781, 1.0]], "is_left": 0}