{"hand_pts": [[268.8121643066406, 178.79510498046875, 1.0], [278.06805419921875, 158.19248962402344, 1.0], [291.6064147949219, 130.72341918945312, 1.0], [289.3969421386719, 110.67425537109375, 1.0], [257.7894287109375, 104.84159088134766, 1.0], [239.57415771484375, 216.94607543945312, 1.0], [230.34544372558594, 235.2120361328125, 1.0], [210.9636688232422, 204.62586975097656, 1.0], [195.13555908203125, 166.7210235595703, 1.0], [202.29727172851562, 224.20556640625, 1.0], [152.11761474609375, 192.99078369140625, 1.0], [154.8603057861328, 144.56729125976562, 1.0], [185.6028289794922, 131.6466064453125, 1.0], [172.56167602539062, 221.9485321044922, 1.0], [120.78684997558594, 245.72943115234375, 1.0], [100.7527847290039, 219.92129516601562, 1.0], [106.78626251220703, 179.262451171875, 1.0], [148.55503845214844, 214.37733459472656, 1.0], [99.04745483398438, 219.2280731201172, 1.0], [107.6996841430664, 186.28622436523438, 1.0], [144.68275451660156, 183.19351196289062, 1.0]], "is_left": 0}