{"hand_pts": [[143.28794860839844, 323.7001037597656, 1.0], [122.89197540283203, 272.09088134765625, 1.0], [101.28536224365234, 232.65902709960938, 1.0], [129.52874755859375, 199.23516845703125, 1.0], [165.17788696289062, 208.40374755859375, 1.0], [140.33242797851562, 200.03851318359375, 1.0], [140.9946746826172, 150.34910583496094, 1.0], [146.02980041503906, 147.439208984375, 1.0], [150.4195556640625, 177.9979248046875, 1.0], [172.37002563476562, 210.36135864257812, 1.0], [189.92190551757812, 147.829345703125, 1.0], [200.25384521484375, 108.21395111083984, 1.0], [210.17449951171875, 71.21590423583984, 1.0], [197.51629638671875, 221.5156707763672, 1.0], [210.88461303710938, 176.01329040527344, 1.0], [210.17486572265625, 169.17677307128906, 1.0], [199.08116149902344, 185.40577697753906, 1.0], [218.6882781982422, 238.99197387695312, 1.0], [242.0525360107422, 211.8387451171875, 1.0], [251.08201599121094, 199.3323974609375, 1.0], [256.2055358886719, 188.01126098632812, 1.0]], "is_left": 0}