{"hand_pts": [[263.7980651855469, 321.9055480957031, 1.0], [261.8182373046875, 248.36866760253906, 1.0], [283.707763671875, 191.6099395751953, 1.0], [254.20938110351562, 144.7527313232422, 1.0], [211.67379760742188, 116.57242584228516, 1.0], [236.9568328857422, 190.08560180664062, 1.0], [208.32371520996094, 148.51361083984375, 1.0], [175.43153381347656, 122.17930603027344, 1.0], [143.22607421875, 99.04991149902344, 1.0], [208.7162322998047, 215.1837615966797, 1.0], [179.54827880859375, 155.12332153320312, 1.0], [189.0957794189453, 168.07582092285156, 1.0], [208.36444091796875, 198.4110107421875, 1.0], [185.17977905273438, 235.27149963378906, 1.0], [132.50439453125, 179.21371459960938, 1.0], [132.5017852783203, 180.79383850097656, 1.0], [161.68405151367188, 208.0745849609375, 1.0], [166.31333923339844, 259.40704345703125, 1.0], [122.37174987792969, 231.02664184570312, 1.0], [107.74715423583984, 214.763671875, 1.0], [121.75664520263672, 212.9215087890625, 1.0]], "is_left": 0}