{"hand_pts": [[39.584754943847656, 208.74404907226562, 1.0], [75.63133239746094, 166.43788146972656, 1.0], [87.30039978027344, 120.52848815917969, 1.0], [122.11102294921875, 110.49989318847656, 1.0], [156.0963134765625, 107.80255126953125, 1.0], [159.2314453125, 139.35557556152344, 1.0], [217.8231658935547, 119.6509017944336, 1.0], [233.98500061035156, 127.32366943359375, 1.0], [215.5365753173828, 147.39520263671875, 1.0], [168.27096557617188, 174.34324645996094, 1.0], [242.33816528320312, 179.48776245117188, 1.0], [265.5773620605469, 186.84361267089844, 1.0], [235.159912109375, 190.32662963867188, 1.0], [171.88031005859375, 204.23121643066406, 1.0], [213.26112365722656, 226.37338256835938, 1.0], [183.74407958984375, 233.29013061523438, 1.0], [144.64889526367188, 229.3335418701172, 1.0], [166.7172088623047, 234.0037384033203, 1.0], [200.56246948242188, 255.788330078125, 1.0], [204.05592346191406, 264.80841064453125, 1.0], [200.34530639648438, 269.2423095703125, 1.0]], "is_left": 0}