{"hand_pts": [[102.83126831054688, 274.4335021972656, 1.0], [142.27157592773438, 284.2210693359375, 1.0], [177.0816192626953, 319.34820556640625, 1.0], [217.7604522705078, 285.59588623046875, 1.0], [240.5570526123047, 240.46441650390625, 1.0], [129.47052001953125, 218.33917236328125, 1.0], [139.0403594970703, 182.2432861328125, 1.0], [175.93023681640625, 169.31175231933594, 1.0], [208.03195190429688, 153.1313018798828, 1.0], [126.77763366699219, 186.05616760253906, 1.0], [194.09642028808594, 150.06805419921875, 1.0], [229.83839416503906, 174.87034606933594, 1.0], [268.6882019042969, 191.0657501220703, 1.0], [130.57337951660156, 164.50086975097656, 1.0], [166.20025634765625, 123.33171844482422, 1.0], [206.83328247070312, 127.47108459472656, 1.0], [243.3620147705078, 146.3158416748047, 1.0], [134.93223571777344, 151.05914306640625, 1.0], [164.80795288085938, 113.5460205078125, 1.0], [193.17848205566406, 135.43634033203125, 1.0], [203.90931701660156, 172.2759246826172, 1.0]], "is_left": 0}