{"hand_pts": [[269.3077697753906, 250.80227661132812, 1.0], [217.0985565185547, 262.69390869140625, 1.0], [166.8235626220703, 296.2901306152344, 1.0], [115.87784576416016, 314.7275390625, 1.0], [91.0443115234375, 280.6780090332031, 1.0], [241.94737243652344, 217.1214141845703, 1.0], [203.45211791992188, 186.02195739746094, 1.0], [159.63226318359375, 178.17408752441406, 1.0], [118.58491516113281, 171.66851806640625, 1.0], [258.31243896484375, 186.03860473632812, 1.0], [183.5283660888672, 162.421875, 1.0], [131.80677795410156, 159.2484893798828, 1.0], [84.80458068847656, 165.542236328125, 1.0], [263.8615417480469, 164.11424255371094, 1.0], [200.42779541015625, 130.17996215820312, 1.0], [170.5383758544922, 151.9862823486328, 1.0], [144.89955139160156, 174.59722900390625, 1.0], [266.8004455566406, 148.92027282714844, 1.0], [259.00775146484375, 115.13751983642578, 1.0], [229.09561157226562, 105.37736511230469, 1.0], [187.6964111328125, 115.70724487304688, 1.0]], "is_left": 0}