{"hand_pts": [[121.8328857421875, 168.36123657226562, 1.0], [144.5519256591797, 126.40973663330078, 1.0], [136.5241241455078, 80.62310028076172, 1.0], [166.50921630859375, 76.59196472167969, 1.0], [205.38238525390625, 112.56809997558594, 1.0], [117.07836151123047, 167.72848510742188, 1.0], [162.53770446777344, 157.0531005859375, 1.0], [206.34133911132812, 144.6743621826172, 1.0], [240.93002319335938, 138.0670623779297, 1.0], [129.79141235351562, 208.16807556152344, 1.0], [142.93780517578125, 223.6972198486328, 1.0], [191.0508270263672, 205.7958984375, 1.0], [234.46337890625, 176.1693115234375, 1.0], [147.24203491210938, 235.00604248046875, 1.0], [178.26507568359375, 242.8555908203125, 1.0], [220.39759826660156, 213.2798614501953, 1.0], [237.99424743652344, 187.14434814453125, 1.0], [165.09014892578125, 255.01966857910156, 1.0], [189.55662536621094, 270.6593322753906, 1.0], [219.78775024414062, 241.91233825683594, 1.0], [246.69813537597656, 208.9556121826172, 1.0]], "is_left": 0}