{"hand_pts": [[192.9403533935547, 142.0784454345703, 1.0], [226.7626953125, 170.60116577148438, 1.0], [275.22467041015625, 181.32635498046875, 1.0], [300.87908935546875, 197.15768432617188, 1.0], [266.38702392578125, 213.39283752441406, 1.0], [213.62034606933594, 133.11961364746094, 1.0], [226.95379638671875, 184.49522399902344, 1.0], [229.85797119140625, 221.7716064453125, 1.0], [230.6949920654297, 256.2343444824219, 1.0], [173.23776245117188, 127.68946075439453, 1.0], [161.4888458251953, 104.09220886230469, 1.0], [159.41085815429688, 143.69825744628906, 1.0], [159.46563720703125, 184.66566467285156, 1.0], [142.11854553222656, 130.36920166015625, 1.0], [142.1485595703125, 192.7688446044922, 1.0], [153.52627563476562, 226.831787109375, 1.0], [166.06201171875, 255.76319885253906, 1.0], [115.41827392578125, 136.08401489257812, 1.0], [100.87328338623047, 179.8464813232422, 1.0], [100.42406463623047, 213.0442352294922, 1.0], [123.95396423339844, 214.70584106445312, 1.0]], "is_left": 0}