{"hand_pts": [[133.10964965820312, 232.8634796142578, 1.0], [161.6689453125, 264.927001953125, 1.0], [164.03076171875, 301.36181640625, 1.0], [181.82192993164062, 301.1021728515625, 1.0], [205.15599060058594, 269.1695556640625, 1.0], [130.47999572753906, 209.8555145263672, 1.0], [163.57827758789062, 210.00750732421875, 1.0], [209.5665740966797, 222.246826171875, 1.0], [251.31483459472656, 231.1621551513672, 1.0], [138.80918884277344, 174.62405395507812, 1.0], [148.27137756347656, 156.2919158935547, 1.0], [192.415283203125, 171.19496154785156, 1.0], [230.68028259277344, 182.77206420898438, 1.0], [153.3914337158203, 152.06976318359375, 1.0], [161.3633270263672, 115.38423156738281, 1.0], [199.010986328125, 120.85830688476562, 1.0], [243.06011962890625, 143.8129119873047, 1.0], [169.30165100097656, 136.5802459716797, 1.0], [183.02267456054688, 107.02774810791016, 1.0], [210.7692108154297, 107.17845916748047, 1.0], [245.2941131591797, 124.92788696289062, 1.0]], "is_left": 0}