{"hand_pts": [[133.4617462158203, 76.79275512695312, 1.0], [177.093994140625, 152.06857299804688, 1.0], [200.98129272460938, 218.72593688964844, 1.0], [249.7550811767578, 238.890625, 1.0], [288.1146545410156, 228.64764404296875, 1.0], [132.0563507080078, 226.41236877441406, 1.0], [123.52293395996094, 271.4376525878906, 1.0], [168.54812622070312, 262.9551696777344, 1.0], [210.5902862548828, 255.19142150878906, 1.0], [117.58891296386719, 190.02874755859375, 1.0], [189.46473693847656, 195.77978515625, 1.0], [223.24993896484375, 166.86097717285156, 1.0], [248.73211669921875, 139.422607421875, 1.0], [114.4882583618164, 158.0183563232422, 1.0], [191.41664123535156, 158.14825439453125, 1.0], [234.48495483398438, 139.49684143066406, 1.0], [232.53953552246094, 120.7459487915039, 1.0], [115.53693389892578, 121.70619201660156, 1.0], [121.48780822753906, 131.04608154296875, 1.0], [145.39801025390625, 140.44496154785156, 1.0], [186.05902099609375, 151.90206909179688, 1.0]], "is_left": 0}