{"hand_pts": [[217.6766357421875, 300.60845947265625, 1.0], [250.4109344482422, 251.79115295410156, 1.0], [279.3431396484375, 201.17169189453125, 1.0], [277.47039794921875, 153.25051879882812, 1.0], [258.3412170410156, 122.92171478271484, 1.0], [205.3092498779297, 167.12509155273438, 1.0], [217.60101318359375, 166.87814331054688, 1.0], [233.73410034179688, 203.655029296875, 1.0], [247.89431762695312, 234.37359619140625, 1.0], [168.3789825439453, 185.26699829101562, 1.0], [160.23904418945312, 119.60640716552734, 1.0], [167.38478088378906, 92.57621002197266, 1.0], [186.6721954345703, 91.2462387084961, 1.0], [143.35806274414062, 204.898193359375, 1.0], [148.3992919921875, 188.84048461914062, 1.0], [170.3511505126953, 205.12783813476562, 1.0], [194.873779296875, 234.5020294189453, 1.0], [124.85637664794922, 231.00421142578125, 1.0], [95.71133422851562, 222.5168914794922, 1.0], [82.14311981201172, 219.78282165527344, 1.0], [78.27613830566406, 219.01210021972656, 1.0]], "is_left": 0}