{"hand_pts": [[34.737789154052734, 152.12188720703125, 1.0], [80.64912414550781, 185.24476623535156, 1.0], [103.06645965576172, 221.9466094970703, 1.0], [151.4022216796875, 226.23089599609375, 1.0], [179.92237854003906, 203.1537628173828, 1.0], [140.84510803222656, 215.31614685058594, 1.0], [197.2425994873047, 224.31553649902344, 1.0], [208.35362243652344, 211.920166015625, 1.0], [206.3615264892578, 195.25929260253906, 1.0], [142.48458862304688, 190.71009826660156, 1.0], [212.00160217285156, 204.0691375732422, 1.0], [249.65003967285156, 203.7627410888672, 1.0], [281.2303161621094, 201.77708435058594, 1.0], [143.43177795410156, 169.20248413085938, 1.0], [206.28407287597656, 164.3160400390625, 1.0], [217.02548217773438, 155.502685546875, 1.0], [214.31521606445312, 147.08108520507812, 1.0], [138.27577209472656, 146.84751892089844, 1.0], [180.61007690429688, 136.60159301757812, 1.0], [194.0931854248047, 131.12710571289062, 1.0], [173.61978149414062, 134.89793395996094, 1.0]], "is_left": 0}