{"hand_pts": [[308.23040771484375, 297.5013122558594, 1.0], [280.0697021484375, 230.0438232421875, 1.0], [260.30767822265625, 172.34214782714844, 1.0], [227.21554565429688, 131.51080322265625, 1.0], [192.33396911621094, 101.2004165649414, 1.0], [238.65524291992188, 194.68389892578125, 1.0], [215.14793395996094, 148.9222869873047, 1.0], [187.29147338867188, 118.05506134033203, 1.0], [164.41583251953125, 89.21479034423828, 1.0], [224.6212615966797, 227.6007843017578, 1.0], [175.0763397216797, 175.19288635253906, 1.0], [140.96527099609375, 140.338134765625, 1.0], [109.8551254272461, 108.7044448852539, 1.0], [212.61526489257812, 253.11175537109375, 1.0], [156.91136169433594, 212.02890014648438, 1.0], [123.26541137695312, 185.34352111816406, 1.0], [90.03856658935547, 159.50289916992188, 1.0], [205.9111785888672, 279.90478515625, 1.0], [170.7337188720703, 261.3066711425781, 1.0], [143.25900268554688, 241.87319946289062, 1.0], [115.7977523803711, 216.065673828125, 1.0]], "is_left": 0}