{"hand_pts": [[43.74921417236328, 222.64633178710938, 1.0], [73.20390319824219, 244.78359985351562, 1.0], [86.08472442626953, 272.8277893066406, 1.0], [127.84937286376953, 275.790771484375, 1.0], [172.78807067871094, 267.5590515136719, 1.0], [113.00102996826172, 174.904541015625, 1.0], [164.5135955810547, 163.70849609375, 1.0], [198.65380859375, 189.97097778320312, 1.0], [219.16879272460938, 223.5751190185547, 1.0], [129.9588623046875, 155.31497192382812, 1.0], [189.25930786132812, 135.32693481445312, 1.0], [228.2925262451172, 155.062255859375, 1.0], [247.64324951171875, 196.3409881591797, 1.0], [144.97113037109375, 147.53965759277344, 1.0], [210.8430938720703, 122.81121063232422, 1.0], [249.1373748779297, 139.4089813232422, 1.0], [258.15087890625, 180.69151306152344, 1.0], [154.59120178222656, 146.92626953125, 1.0], [205.04318237304688, 140.78248596191406, 1.0], [226.8570556640625, 168.76199340820312, 1.0], [238.35813903808594, 204.47254943847656, 1.0]], "is_left": 0}