{"hand_pts": [[112.2344970703125, 37.56891632080078, 1.0], [119.66011810302734, 66.75418853759766, 1.0], [106.18303680419922, 70.5603256225586, 1.0], [123.07291412353516, 86.21369934082031, 1.0], [166.11070251464844, 110.17251586914062, 1.0], [101.06319427490234, 176.83078002929688, 1.0], [130.43081665039062, 229.071044921875, 1.0], [170.87240600585938, 232.67391967773438, 1.0], [211.67074584960938, 232.62210083007812, 1.0], [123.78490447998047, 187.89051818847656, 1.0], [186.6455535888672, 237.68907165527344, 1.0], [233.20848083496094, 233.23248291015625, 1.0], [258.03900146484375, 190.54397583007812, 1.0], [147.3942413330078, 189.9898681640625, 1.0], [198.14947509765625, 255.49655151367188, 1.0], [235.4855499267578, 238.21524047851562, 1.0], [242.3565216064453, 193.61178588867188, 1.0], [170.15753173828125, 181.35052490234375, 1.0], [223.10971069335938, 202.28338623046875, 1.0], [250.02427673339844, 179.94924926757812, 1.0], [248.6525421142578, 140.8986053466797, 1.0]], "is_left": 0}