{"hand_pts": [[83.82616424560547, 41.332130432128906, 1.0], [160.11859130859375, 72.94750213623047, 1.0], [210.2945556640625, 87.32344818115234, 1.0], [212.17608642578125, 137.11068725585938, 1.0], [205.55502319335938, 180.84405517578125, 1.0], [205.68133544921875, 128.3487091064453, 1.0], [235.59140014648438, 178.83847045898438, 1.0], [220.38429260253906, 173.38461303710938, 1.0], [205.65196228027344, 169.88778686523438, 1.0], [167.44015502929688, 143.27984619140625, 1.0], [212.87030029296875, 192.22267150878906, 1.0], [245.11158752441406, 226.03196716308594, 1.0], [271.2230529785156, 253.71165466308594, 1.0], [136.6878662109375, 154.90185546875, 1.0], [162.98350524902344, 220.76052856445312, 1.0], [181.2848663330078, 259.9128723144531, 1.0], [197.4596710205078, 266.57464599609375, 1.0], [104.00653839111328, 159.83670043945312, 1.0], [107.80097961425781, 199.37091064453125, 1.0], [110.05557250976562, 223.73333740234375, 1.0], [113.45858764648438, 205.85792541503906, 1.0]], "is_left": 0}