{"hand_pts": [[302.8550109863281, 250.43084716796875, 1.0], [212.087646484375, 251.2191925048828, 1.0], [136.15306091308594, 264.10723876953125, 1.0], [104.02283477783203, 263.3035888671875, 1.0], [145.01800537109375, 252.2876739501953, 1.0], [146.60711669921875, 159.2131805419922, 1.0], [102.03787994384766, 164.37945556640625, 1.0], [126.00919342041016, 201.10110473632812, 1.0], [166.5972900390625, 221.8642578125, 1.0], [186.00001525878906, 136.65818786621094, 1.0], [145.6136932373047, 137.46775817871094, 1.0], [165.04541015625, 185.94056701660156, 1.0], [192.5797882080078, 210.71922302246094, 1.0], [217.50904846191406, 126.04785919189453, 1.0], [193.110107421875, 126.08100891113281, 1.0], [211.141845703125, 169.86180114746094, 1.0], [225.87669372558594, 185.58346557617188, 1.0], [252.42906188964844, 125.23055267333984, 1.0], [252.76927185058594, 126.73664855957031, 1.0], [258.0412292480469, 164.25457763671875, 1.0], [258.1241760253906, 177.98020935058594, 1.0]], "is_left": 0}