{"hand_pts": [[41.37137985229492, 233.96524047851562, 1.0], [114.15936279296875, 257.1718444824219, 1.0], [168.61802673339844, 283.70257568359375, 1.0], [205.0695037841797, 258.0616455078125, 1.0], [190.8965301513672, 214.8675537109375, 1.0], [153.65126037597656, 219.12168884277344, 1.0], [199.9663543701172, 215.09982299804688, 1.0], [239.97198486328125, 211.29234313964844, 1.0], [277.14154052734375, 206.48487854003906, 1.0], [134.10964965820312, 185.2632293701172, 1.0], [209.0025177001953, 189.0135040283203, 1.0], [235.6225128173828, 206.4141082763672, 1.0], [216.3298797607422, 227.5697784423828, 1.0], [120.62647247314453, 160.8011474609375, 1.0], [178.20774841308594, 137.9339599609375, 1.0], [205.00350952148438, 136.98756408691406, 1.0], [232.6912384033203, 133.367919921875, 1.0], [104.00254821777344, 141.8684539794922, 1.0], [138.34512329101562, 113.01423645019531, 1.0], [164.93138122558594, 96.17395782470703, 1.0], [198.04281616210938, 99.85968780517578, 1.0]], "is_left": 0}