{"hand_pts": [[323.1298522949219, 139.41622924804688, 1.0], [256.38433837890625, 117.00988006591797, 1.0], [210.83670043945312, 75.81193542480469, 1.0], [163.63047790527344, 79.82596588134766, 1.0], [162.75274658203125, 124.60186004638672, 1.0], [184.58389282226562, 146.9966278076172, 1.0], [125.30284881591797, 148.48611450195312, 1.0], [139.56350708007812, 146.17425537109375, 1.0], [159.06442260742188, 145.0316925048828, 1.0], [200.71298217773438, 182.4944610595703, 1.0], [136.38145446777344, 214.19581604003906, 1.0], [146.3486785888672, 202.8724365234375, 1.0], [181.4844207763672, 178.98709106445312, 1.0], [214.70846557617188, 209.21327209472656, 1.0], [170.3931121826172, 249.33135986328125, 1.0], [190.44381713867188, 231.43540954589844, 1.0], [219.07081604003906, 201.8839874267578, 1.0], [234.53323364257812, 230.77867126464844, 1.0], [211.60699462890625, 265.3128662109375, 1.0], [202.8616485595703, 274.0010070800781, 1.0], [213.64895629882812, 246.6825408935547, 1.0]], "is_left": 0}