{"hand_pts": [[238.69833374023438, 192.80026245117188, 1.0], [268.5445251464844, 215.8192138671875, 1.0], [291.22186279296875, 255.52227783203125, 1.0], [286.6155090332031, 255.87156677246094, 1.0], [261.9487609863281, 224.41395568847656, 1.0], [174.31788635253906, 240.80108642578125, 1.0], [168.37086486816406, 238.9932861328125, 1.0], [201.08888244628906, 215.39598083496094, 1.0], [239.10679626464844, 187.9987335205078, 1.0], [146.14596557617188, 208.56422424316406, 1.0], [120.01773834228516, 200.2835693359375, 1.0], [159.70484924316406, 178.35740661621094, 1.0], [209.7524871826172, 157.02310180664062, 1.0], [133.7743682861328, 178.96995544433594, 1.0], [110.96813201904297, 161.87570190429688, 1.0], [150.76065063476562, 141.5936279296875, 1.0], [200.37757873535156, 124.11933135986328, 1.0], [130.94166564941406, 149.546142578125, 1.0], [121.09522247314453, 123.84130859375, 1.0], [149.92266845703125, 106.63028717041016, 1.0], [198.3756103515625, 100.0132064819336, 1.0]], "is_left": 0}