{"hand_pts": [[60.956031799316406, 158.3677520751953, 1.0], [107.82770538330078, 221.08795166015625, 1.0], [140.40843200683594, 280.8724670410156, 1.0], [176.8476104736328, 262.17022705078125, 1.0], [209.72830200195312, 241.17633056640625, 1.0], [219.10948181152344, 191.06321716308594, 1.0], [245.74234008789062, 213.13180541992188, 1.0], [198.87684631347656, 229.2038116455078, 1.0], [157.37210083007812, 245.24632263183594, 1.0], [210.27352905273438, 146.1740264892578, 1.0], [206.7449951171875, 191.72499084472656, 1.0], [152.72975158691406, 214.93276977539062, 1.0], [117.462646484375, 214.6003875732422, 1.0], [195.9539337158203, 115.92095947265625, 1.0], [258.4206848144531, 135.53707885742188, 1.0], [262.89501953125, 167.64541625976562, 1.0], [227.11846923828125, 202.89544677734375, 1.0], [171.93338012695312, 91.01057434082031, 1.0], [153.22213745117188, 93.53553771972656, 1.0], [135.73477172851562, 98.14701080322266, 1.0], [100.86952209472656, 121.52394104003906, 1.0]], "is_left": 0}