{"hand_pts": [[153.9205780029297, 23.472270965576172, 1.0], [134.33389282226562, 85.86357116699219, 1.0], [84.27178192138672, 113.74356079101562, 1.0], [84.88615417480469, 167.41290283203125, 1.0], [94.83368682861328, 217.15187072753906, 1.0], [131.31861877441406, 161.67279052734375, 1.0], [147.62454223632812, 216.4583282470703, 1.0], [161.1878662109375, 246.4738006591797, 1.0], [176.0235595703125, 273.40179443359375, 1.0], [165.1394805908203, 154.88780212402344, 1.0], [198.86476135253906, 226.77413940429688, 1.0], [219.5532989501953, 263.4363098144531, 1.0], [236.70419311523438, 283.7662048339844, 1.0], [193.9330291748047, 148.38458251953125, 1.0], [228.27964782714844, 197.5855255126953, 1.0], [219.0329132080078, 161.1214599609375, 1.0], [196.8000946044922, 132.5930633544922, 1.0], [220.22657775878906, 135.0625457763672, 1.0], [251.58021545410156, 157.0911102294922, 1.0], [272.1297302246094, 169.138916015625, 1.0], [281.0414733886719, 165.6060333251953, 1.0]], "is_left": 0}