{"hand_pts": [[237.66517639160156, 37.96955871582031, 1.0], [214.86595153808594, 61.181480407714844, 1.0], [190.086181640625, 62.832149505615234, 1.0], [174.1116943359375, 79.60723876953125, 1.0], [176.09259033203125, 121.61197662353516, 1.0], [156.0030975341797, 136.3998565673828, 1.0], [131.41636657714844, 190.1068572998047, 1.0], [142.3777313232422, 219.85403442382812, 1.0], [161.89158630371094, 243.89202880859375, 1.0], [177.71652221679688, 154.6885223388672, 1.0], [129.211669921875, 209.93667602539062, 1.0], [137.00668334960938, 235.09860229492188, 1.0], [156.1156005859375, 249.30474853515625, 1.0], [200.89781188964844, 166.3357391357422, 1.0], [183.27743530273438, 235.26119995117188, 1.0], [201.62362670898438, 252.3126220703125, 1.0], [226.0936737060547, 244.7823944091797, 1.0], [227.30247497558594, 169.53814697265625, 1.0], [226.8145294189453, 214.1925048828125, 1.0], [241.46826171875, 219.64785766601562, 1.0], [258.4133605957031, 205.4022674560547, 1.0]], "is_left": 0}