{"hand_pts": [[68.45416259765625, 27.0278263092041, 1.0], [111.86951446533203, 67.10564422607422, 1.0], [147.6964874267578, 76.43280792236328, 1.0], [170.25888061523438, 121.97273254394531, 1.0], [173.10218811035156, 173.54400634765625, 1.0], [221.35946655273438, 118.7052001953125, 1.0], [253.35166931152344, 177.61123657226562, 1.0], [230.5661163330078, 208.74267578125, 1.0], [188.74392700195312, 224.19078063964844, 1.0], [206.02896118164062, 131.92857360839844, 1.0], [244.32737731933594, 207.5765380859375, 1.0], [220.94615173339844, 239.74383544921875, 1.0], [181.15545654296875, 251.16954040527344, 1.0], [185.16407775878906, 143.5289764404297, 1.0], [210.22216796875, 220.7593994140625, 1.0], [182.80686950683594, 245.84901428222656, 1.0], [143.02529907226562, 244.6073760986328, 1.0], [155.37530517578125, 148.84765625, 1.0], [158.97348022460938, 203.95506286621094, 1.0], [139.02566528320312, 226.8565673828125, 1.0], [110.27873992919922, 221.52748107910156, 1.0]], "is_left": 0}