{"hand_pts": [[249.2633514404297, 299.4697265625, 1.0], [264.10772705078125, 238.4170684814453, 1.0], [308.1566162109375, 208.7926025390625, 1.0], [313.38885498046875, 190.20729064941406, 1.0], [313.47076416015625, 174.47012329101562, 1.0], [200.5828094482422, 177.36529541015625, 1.0], [180.36744689941406, 126.27751922607422, 1.0], [173.09519958496094, 100.525390625, 1.0], [168.166015625, 80.36222076416016, 1.0], [168.6842803955078, 202.91665649414062, 1.0], [139.27452087402344, 151.1463623046875, 1.0], [153.2435760498047, 141.6429443359375, 1.0], [184.85781860351562, 157.638427734375, 1.0], [147.93955993652344, 225.18597412109375, 1.0], [117.1385726928711, 174.91221618652344, 1.0], [133.0758056640625, 167.8114776611328, 1.0], [160.52362060546875, 174.41024780273438, 1.0], [135.06434631347656, 251.44573974609375, 1.0], [126.5395278930664, 246.3114013671875, 1.0], [136.82164001464844, 248.73475646972656, 1.0], [162.0655975341797, 254.9014129638672, 1.0]], "is_left": 0}