{"hand_pts": [[151.5609588623047, 274.51885986328125, 1.0], [145.1993408203125, 208.6925506591797, 1.0], [146.70370483398438, 152.24363708496094, 1.0], [162.84832763671875, 111.45317840576172, 1.0], [182.64466857910156, 80.43199157714844, 1.0], [124.13430786132812, 191.31036376953125, 1.0], [136.18231201171875, 140.49911499023438, 1.0], [166.58782958984375, 132.7128143310547, 1.0], [178.5673828125, 153.26693725585938, 1.0], [148.6356964111328, 222.07455444335938, 1.0], [160.7443084716797, 205.9797821044922, 1.0], [192.70848083496094, 171.46266174316406, 1.0], [218.63665771484375, 142.61471557617188, 1.0], [172.93865966796875, 244.0008087158203, 1.0], [179.6161651611328, 222.1206512451172, 1.0], [203.4751434326172, 194.3663330078125, 1.0], [223.313232421875, 171.8592071533203, 1.0], [196.96481323242188, 265.9867248535156, 1.0], [237.76734924316406, 248.9937286376953, 1.0], [251.06141662597656, 228.8254852294922, 1.0], [230.3789520263672, 227.11929321289062, 1.0]], "is_left": 0}