{"hand_pts": [[62.75496292114258, 116.70462036132812, 1.0], [117.26778411865234, 94.46815490722656, 1.0], [164.93609619140625, 62.43559646606445, 1.0], [201.88209533691406, 50.255977630615234, 1.0], [224.2024383544922, 58.4565544128418, 1.0], [186.36190795898438, 163.03834533691406, 1.0], [238.98272705078125, 186.0310821533203, 1.0], [254.89837646484375, 187.04678344726562, 1.0], [261.2152404785156, 183.45953369140625, 1.0], [157.9387664794922, 193.10287475585938, 1.0], [209.37010192871094, 214.7547149658203, 1.0], [221.03802490234375, 200.68386840820312, 1.0], [232.56005859375, 188.59036254882812, 1.0], [131.14405822753906, 210.5626220703125, 1.0], [175.2001190185547, 246.2518310546875, 1.0], [189.2349395751953, 244.52435302734375, 1.0], [193.3854522705078, 227.2572021484375, 1.0], [100.12142944335938, 220.0364990234375, 1.0], [121.47196960449219, 245.61428833007812, 1.0], [132.8147735595703, 247.96437072753906, 1.0], [139.57571411132812, 230.60009765625, 1.0]], "is_left": 0,"label":5}