{"hand_pts": [[225.0686492919922, 19.488203048706055, 1.0], [189.27099609375, 68.198974609375, 1.0], [149.63909912109375, 83.76862335205078, 1.0], [110.16387176513672, 107.85721588134766, 1.0], [80.5274658203125, 144.4705352783203, 1.0], [231.531005859375, 151.22128295898438, 1.0], [247.4927520751953, 211.8738555908203, 1.0], [228.37818908691406, 250.26490783691406, 1.0], [190.21792602539062, 266.5113830566406, 1.0], [242.19094848632812, 153.8896026611328, 1.0], [175.5447235107422, 204.017578125, 1.0], [128.6198272705078, 223.3087921142578, 1.0], [101.18751525878906, 189.5574951171875, 1.0], [242.9333038330078, 153.2861785888672, 1.0], [230.54588317871094, 227.25030517578125, 1.0], [190.1999053955078, 248.435546875, 1.0], [151.98321533203125, 231.77780151367188, 1.0], [239.82313537597656, 144.35902404785156, 1.0], [212.4871826171875, 188.10281372070312, 1.0], [180.4009552001953, 207.8299560546875, 1.0], [145.0147705078125, 226.25604248046875, 1.0]], "is_left": 0}