{"hand_pts": [[69.27776336669922, 200.64361572265625, 1.0], [78.14708709716797, 227.2989044189453, 1.0], [78.3167953491211, 262.5384826660156, 1.0], [105.610595703125, 254.60206604003906, 1.0], [138.84017944335938, 223.56539916992188, 1.0], [174.73548889160156, 231.70753479003906, 1.0], [216.66436767578125, 233.86412048339844, 1.0], [208.3215789794922, 219.0832061767578, 1.0], [203.97007751464844, 204.5093536376953, 1.0], [185.38856506347656, 196.2490692138672, 1.0], [224.93699645996094, 192.627685546875, 1.0], [193.9803924560547, 184.712646484375, 1.0], [168.28648376464844, 177.16958618164062, 1.0], [185.93714904785156, 166.6737823486328, 1.0], [250.60162353515625, 165.4099578857422, 1.0], [258.7871398925781, 160.06703186035156, 1.0], [241.8750457763672, 155.22052001953125, 1.0], [177.16087341308594, 139.5927276611328, 1.0], [185.75027465820312, 108.59537506103516, 1.0], [177.0882110595703, 91.13573455810547, 1.0], [156.61399841308594, 80.30819702148438, 1.0]], "is_left": 0}