{"hand_pts": [[331.4599914550781, 176.55128479003906, 1.0], [266.1102294921875, 140.62294006347656, 1.0], [225.80079650878906, 93.08309173583984, 1.0], [175.65237426757812, 79.72404479980469, 1.0], [128.95748901367188, 72.4023208618164, 1.0], [221.87974548339844, 161.3620147705078, 1.0], [158.87567138671875, 162.57901000976562, 1.0], [135.6376495361328, 162.3601531982422, 1.0], [126.87586975097656, 162.76600646972656, 1.0], [236.06234741210938, 200.4345703125, 1.0], [165.35125732421875, 182.78091430664062, 1.0], [129.82229614257812, 166.54446411132812, 1.0], [131.2832794189453, 147.79855346679688, 1.0], [245.6363525390625, 229.6013641357422, 1.0], [176.05438232421875, 232.57672119140625, 1.0], [149.0527801513672, 221.19708251953125, 1.0], [173.6455535888672, 208.48023986816406, 1.0], [258.8922119140625, 254.20407104492188, 1.0], [226.8646240234375, 271.10955810546875, 1.0], [197.53880310058594, 277.6587219238281, 1.0], [169.240234375, 262.1174011230469, 1.0]], "is_left": 0,"label":4}