{"hand_pts": [[172.52699279785156, 292.32061767578125, 1.0], [201.42477416992188, 276.3987121582031, 1.0], [202.66253662109375, 302.5046691894531, 1.0], [175.79827880859375, 276.5428161621094, 1.0], [146.3871307373047, 239.40843200683594, 1.0], [265.2381896972656, 188.02821350097656, 1.0], [267.4861145019531, 169.98399353027344, 1.0], [230.26004028320312, 193.09437561035156, 1.0], [192.2803192138672, 219.33297729492188, 1.0], [239.45530700683594, 163.89804077148438, 1.0], [203.1138916015625, 152.91835021972656, 1.0], [179.2939453125, 201.22743225097656, 1.0], [165.46463012695312, 245.4231719970703, 1.0], [212.67630004882812, 149.17747497558594, 1.0], [181.86781311035156, 116.52658081054688, 1.0], [155.67979431152344, 114.41011047363281, 1.0], [133.57797241210938, 155.05865478515625, 1.0], [182.4120635986328, 144.4416046142578, 1.0], [147.5402069091797, 108.35224151611328, 1.0], [120.1820297241211, 118.65056610107422, 1.0], [115.17637634277344, 158.71640014648438, 1.0]], "is_left": 0}