{"hand_pts": [[117.5550308227539, 259.920166015625, 1.0], [114.72992706298828, 275.34735107421875, 1.0], [104.26461029052734, 305.0056457519531, 1.0], [123.53779602050781, 310.996337890625, 1.0], [154.38929748535156, 303.61907958984375, 1.0], [115.60336303710938, 194.3231964111328, 1.0], [140.70309448242188, 170.2853240966797, 1.0], [170.10507202148438, 175.5945281982422, 1.0], [201.69277954101562, 196.6839141845703, 1.0], [144.90174865722656, 170.10247802734375, 1.0], [185.38705444335938, 130.9607391357422, 1.0], [216.13185119628906, 160.31182861328125, 1.0], [219.84088134765625, 206.1834259033203, 1.0], [171.6118927001953, 158.46432495117188, 1.0], [214.86717224121094, 124.39081573486328, 1.0], [244.58761596679688, 128.57650756835938, 1.0], [260.9129638671875, 165.71517944335938, 1.0], [195.8074188232422, 155.50042724609375, 1.0], [220.9165802001953, 116.42094421386719, 1.0], [241.3478240966797, 113.73274993896484, 1.0], [250.06405639648438, 143.564208984375, 1.0]], "is_left": 0}