{"hand_pts": [[217.1810302734375, 373.0632629394531, 1.0], [233.59918212890625, 298.9428405761719, 1.0], [237.5991973876953, 267.79400634765625, 1.0], [218.42608642578125, 223.11029052734375, 1.0], [173.22589111328125, 188.8119659423828, 1.0], [265.71966552734375, 200.74473571777344, 1.0], [256.54534912109375, 121.0699691772461, 1.0], [218.91915893554688, 117.43565368652344, 1.0], [181.2665252685547, 113.71040344238281, 1.0], [233.01747131347656, 208.56915283203125, 1.0], [171.748779296875, 150.1227264404297, 1.0], [159.1105194091797, 195.58680725097656, 1.0], [157.02601623535156, 245.60382080078125, 1.0], [201.72633361816406, 216.8681182861328, 1.0], [180.80557250976562, 125.50916290283203, 1.0], [159.44212341308594, 145.74794006347656, 1.0], [143.32777404785156, 175.34140014648438, 1.0], [170.48370361328125, 234.07110595703125, 1.0], [133.82266235351562, 184.46051025390625, 1.0], [104.93888092041016, 152.00872802734375, 1.0], [101.55934143066406, 154.81588745117188, 1.0]], "is_left": 0}