{"hand_pts": [[199.85623168945312, 12.143471717834473, 1.0], [225.8149871826172, 83.90560913085938, 1.0], [259.6969299316406, 131.91746520996094, 1.0], [280.6769714355469, 178.4496612548828, 1.0], [277.23883056640625, 197.50625610351562, 1.0], [161.32664489746094, 163.37535095214844, 1.0], [178.39715576171875, 226.5851593017578, 1.0], [216.06150817871094, 239.15646362304688, 1.0], [254.50819396972656, 226.9017791748047, 1.0], [145.7511444091797, 142.2425994873047, 1.0], [126.81148529052734, 211.72572326660156, 1.0], [157.2535400390625, 241.11582946777344, 1.0], [203.00222778320312, 236.95216369628906, 1.0], [141.57821655273438, 123.3925552368164, 1.0], [121.74220275878906, 188.98770141601562, 1.0], [134.09071350097656, 223.94992065429688, 1.0], [153.8845977783203, 254.635986328125, 1.0], [143.6199951171875, 98.5787353515625, 1.0], [139.0779266357422, 132.51699829101562, 1.0], [162.99391174316406, 152.39942932128906, 1.0], [199.248779296875, 153.4369354248047, 1.0]], "is_left": 0}