{"hand_pts": [[212.1080780029297, 53.27226638793945, 1.0], [227.20590209960938, 100.86019897460938, 1.0], [241.34024047851562, 134.36831665039062, 1.0], [218.19729614257812, 167.57176208496094, 1.0], [184.43394470214844, 174.77191162109375, 1.0], [250.45338439941406, 163.57896423339844, 1.0], [258.8748779296875, 212.3336944580078, 1.0], [257.108154296875, 243.2273406982422, 1.0], [247.2433624267578, 271.44940185546875, 1.0], [217.46963500976562, 153.5936279296875, 1.0], [189.3181915283203, 205.19573974609375, 1.0], [163.6476287841797, 226.45787048339844, 1.0], [142.05235290527344, 214.3642578125, 1.0], [185.85763549804688, 143.24295043945312, 1.0], [194.82174682617188, 196.9139862060547, 1.0], [169.69606018066406, 206.23764038085938, 1.0], [145.4215087890625, 215.41525268554688, 1.0], [154.51210021972656, 127.25886535644531, 1.0], [109.90400695800781, 149.2613525390625, 1.0], [76.91011047363281, 162.71571350097656, 1.0], [57.2080078125, 168.2051544189453, 1.0]], "is_left": 0}