{"hand_pts": [[232.72776794433594, 339.9696044921875, 1.0], [244.31651306152344, 278.3592834472656, 1.0], [249.06494140625, 237.74485778808594, 1.0], [227.8551483154297, 196.7731475830078, 1.0], [212.02125549316406, 204.8034210205078, 1.0], [162.0165252685547, 218.936279296875, 1.0], [114.51702117919922, 171.434326171875, 1.0], [99.53937530517578, 132.28579711914062, 1.0], [78.43861389160156, 97.17507934570312, 1.0], [150.5577392578125, 226.0844268798828, 1.0], [167.55589294433594, 149.7879180908203, 1.0], [206.3097381591797, 116.5199966430664, 1.0], [248.82379150390625, 93.31454467773438, 1.0], [150.54014587402344, 231.54534912109375, 1.0], [145.69129943847656, 161.43040466308594, 1.0], [193.34300231933594, 151.1754913330078, 1.0], [239.79722595214844, 145.2545166015625, 1.0], [158.45169067382812, 242.7858123779297, 1.0], [185.0835418701172, 209.4204864501953, 1.0], [221.60269165039062, 197.661376953125, 1.0], [254.37924194335938, 212.34503173828125, 1.0]], "is_left": 0}