{"hand_pts": [[93.08809661865234, 224.8188934326172, 1.0], [159.13514709472656, 196.3089141845703, 1.0], [214.92465209960938, 167.2423095703125, 1.0], [253.63580322265625, 150.2628936767578, 1.0], [276.1534423828125, 142.260009765625, 1.0], [165.71095275878906, 123.17205810546875, 1.0], [210.03248596191406, 121.92554473876953, 1.0], [236.50137329101562, 146.9853057861328, 1.0], [246.11209106445312, 185.16152954101562, 1.0], [132.88031005859375, 141.30479431152344, 1.0], [198.42103576660156, 144.99520874023438, 1.0], [240.41969299316406, 160.9713134765625, 1.0], [254.53994750976562, 195.07183837890625, 1.0], [110.56700897216797, 162.17047119140625, 1.0], [153.62644958496094, 203.40646362304688, 1.0], [175.5325927734375, 237.3002166748047, 1.0], [191.31752014160156, 270.4884338378906, 1.0], [89.49891662597656, 188.06613159179688, 1.0], [100.15066528320312, 224.6959228515625, 1.0], [108.8160400390625, 253.0575408935547, 1.0], [123.3281478881836, 279.2665100097656, 1.0]], "is_left": 0}