{"hand_pts": [[253.0433349609375, 241.30044555664062, 1.0], [246.26193237304688, 170.5856170654297, 1.0], [235.00271606445312, 101.56112670898438, 1.0], [180.15223693847656, 89.15222930908203, 1.0], [139.6065216064453, 122.52220916748047, 1.0], [263.7693176269531, 178.95350646972656, 1.0], [239.115234375, 132.85438537597656, 1.0], [203.61106872558594, 118.90898895263672, 1.0], [198.42776489257812, 137.81936645507812, 1.0], [240.98931884765625, 221.57553100585938, 1.0], [196.2157440185547, 183.5654754638672, 1.0], [156.59048461914062, 148.5453338623047, 1.0], [126.4841537475586, 119.8039321899414, 1.0], [217.39247131347656, 251.11279296875, 1.0], [202.62925720214844, 229.1229705810547, 1.0], [169.62020874023438, 196.02346801757812, 1.0], [137.59007263183594, 164.15817260742188, 1.0], [194.5343780517578, 277.5356140136719, 1.0], [156.30657958984375, 287.1585388183594, 1.0], [127.57894897460938, 289.92578125, 1.0], [94.52832794189453, 272.38531494140625, 1.0]], "is_left": 0}