{"hand_pts": [[73.1697998046875, 180.5934295654297, 1.0], [114.27275085449219, 229.04684448242188, 1.0], [142.1229248046875, 281.9569091796875, 1.0], [177.95919799804688, 300.4359130859375, 1.0], [211.9463348388672, 295.200439453125, 1.0], [138.3235321044922, 206.36456298828125, 1.0], [170.9064178466797, 218.50253295898438, 1.0], [200.53065490722656, 226.50643920898438, 1.0], [229.79161071777344, 232.86166381835938, 1.0], [139.6279754638672, 165.51565551757812, 1.0], [181.54837036132812, 169.29415893554688, 1.0], [216.5002899169922, 181.17608642578125, 1.0], [249.9334716796875, 194.14979553222656, 1.0], [143.2200927734375, 136.39869689941406, 1.0], [185.66436767578125, 130.82684326171875, 1.0], [217.77500915527344, 138.5781707763672, 1.0], [249.15362548828125, 150.09397888183594, 1.0], [144.0311279296875, 111.70960235595703, 1.0], [176.80682373046875, 100.23191833496094, 1.0], [203.7686767578125, 103.03845977783203, 1.0], [231.62454223632812, 115.45661163330078, 1.0]], "is_left": 0}