{"hand_pts": [[312.5645446777344, 299.09027099609375, 1.0], [238.22596740722656, 258.6407165527344, 1.0], [181.77235412597656, 235.85418701171875, 1.0], [135.3697052001953, 222.66799926757812, 1.0], [104.71749877929688, 215.24603271484375, 1.0], [227.95556640625, 155.71995544433594, 1.0], [148.41952514648438, 154.93971252441406, 1.0], [149.35752868652344, 201.36328125, 1.0], [194.5283203125, 220.71353149414062, 1.0], [249.7882080078125, 164.5822296142578, 1.0], [200.7903289794922, 93.17803955078125, 1.0], [152.2349395751953, 65.63953399658203, 1.0], [99.09684753417969, 70.34540557861328, 1.0], [261.404052734375, 178.3784942626953, 1.0], [185.11151123046875, 164.99598693847656, 1.0], [141.4114532470703, 184.6258087158203, 1.0], [139.79180908203125, 222.53402709960938, 1.0], [273.25872802734375, 200.50196838378906, 1.0], [227.73828125, 204.88575744628906, 1.0], [193.90184020996094, 219.65826416015625, 1.0], [187.17489624023438, 247.8079833984375, 1.0]], "is_left": 0}