{"hand_pts": [[218.64077758789062, 36.08286666870117, 1.0], [182.27276611328125, 66.64655303955078, 1.0], [123.99360656738281, 81.0155258178711, 1.0], [87.69497680664062, 107.4614486694336, 1.0], [66.11808776855469, 138.76614379882812, 1.0], [142.5417022705078, 162.77374267578125, 1.0], [126.9875717163086, 194.3354949951172, 1.0], [152.73919677734375, 172.1378936767578, 1.0], [178.86239624023438, 139.92868041992188, 1.0], [178.36636352539062, 173.34783935546875, 1.0], [184.01417541503906, 229.1566619873047, 1.0], [192.72291564941406, 252.0737762451172, 1.0], [211.70228576660156, 219.63421630859375, 1.0], [210.96241760253906, 176.67137145996094, 1.0], [196.86534118652344, 247.40757751464844, 1.0], [213.42892456054688, 234.00193786621094, 1.0], [230.16561889648438, 205.4272918701172, 1.0], [244.35157775878906, 170.38949584960938, 1.0], [254.81640625, 219.25840759277344, 1.0], [262.4087219238281, 225.3493194580078, 1.0], [266.4144287109375, 218.51852416992188, 1.0]], "is_left": 0}