{"hand_pts": [[263.43505859375, 154.4573211669922, 1.0], [276.8575439453125, 129.80368041992188, 1.0], [297.0235900878906, 108.65694427490234, 1.0], [261.96563720703125, 130.15631103515625, 1.0], [218.30661010742188, 159.45208740234375, 1.0], [185.9800262451172, 126.30130004882812, 1.0], [144.18836975097656, 118.32254791259766, 1.0], [134.1671905517578, 129.65806579589844, 1.0], [132.46524047851562, 147.35031127929688, 1.0], [158.9203643798828, 164.2413787841797, 1.0], [179.1524658203125, 190.07647705078125, 1.0], [229.7279052734375, 190.3349151611328, 1.0], [269.5086975097656, 183.209716796875, 1.0], [145.50537109375, 195.6662139892578, 1.0], [150.29469299316406, 229.3707275390625, 1.0], [195.90931701660156, 228.75001525878906, 1.0], [240.7008819580078, 228.46322631835938, 1.0], [141.87030029296875, 223.92295837402344, 1.0], [119.61050415039062, 247.3023681640625, 1.0], [108.31546783447266, 263.81402587890625, 1.0], [119.52095031738281, 275.38299560546875, 1.0]], "is_left": 0}