{"hand_pts": [[348.72821044921875, 152.69650268554688, 1.0], [282.43951416015625, 154.13363647460938, 1.0], [227.64158630371094, 146.41114807128906, 1.0], [184.13734436035156, 154.98538208007812, 1.0], [148.96405029296875, 163.9663543701172, 1.0], [207.35353088378906, 125.55613708496094, 1.0], [142.42420959472656, 148.54269409179688, 1.0], [117.35887145996094, 180.31771850585938, 1.0], [140.3912811279297, 205.88592529296875, 1.0], [221.9669189453125, 141.9277801513672, 1.0], [152.90469360351562, 180.74197387695312, 1.0], [158.7812042236328, 210.3455810546875, 1.0], [199.17483520507812, 212.6323699951172, 1.0], [234.64845275878906, 159.86880493164062, 1.0], [164.04339599609375, 181.00680541992188, 1.0], [126.45834350585938, 203.3336181640625, 1.0], [91.2169189453125, 227.13330078125, 1.0], [253.33990478515625, 178.42837524414062, 1.0], [219.3643341064453, 213.98202514648438, 1.0], [213.16615295410156, 237.91961669921875, 1.0], [206.1756134033203, 262.2872009277344, 1.0]], "is_left": 0}