{"hand_pts": [[234.99595642089844, 307.35595703125, 1.0], [246.5784149169922, 256.1138916015625, 1.0], [287.2762145996094, 219.91836547851562, 1.0], [293.3214111328125, 180.5161895751953, 1.0], [255.57530212402344, 153.36976623535156, 1.0], [246.93865966796875, 196.64108276367188, 1.0], [219.07290649414062, 149.80184936523438, 1.0], [187.7394561767578, 143.3737030029297, 1.0], [168.7568359375, 159.08909606933594, 1.0], [213.42970275878906, 208.76820373535156, 1.0], [178.55905151367188, 155.11538696289062, 1.0], [154.1239013671875, 121.94251251220703, 1.0], [128.0424346923828, 100.8691177368164, 1.0], [183.82582092285156, 219.93907165527344, 1.0], [143.70399475097656, 183.91738891601562, 1.0], [139.752685546875, 197.59329223632812, 1.0], [161.95664978027344, 226.07766723632812, 1.0], [156.79861450195312, 236.10353088378906, 1.0], [119.71985626220703, 209.38803100585938, 1.0], [94.59136199951172, 192.9929962158203, 1.0], [97.20707702636719, 199.6168670654297, 1.0]], "is_left": 0}