{"hand_pts": [[64.52626037597656, 274.30010986328125, 1.0], [102.96089172363281, 265.31317138671875, 1.0], [119.79309844970703, 282.1025085449219, 1.0], [155.39122009277344, 284.6566162109375, 1.0], [204.4706268310547, 262.1144714355469, 1.0], [117.50443267822266, 199.97300720214844, 1.0], [174.13388061523438, 189.59860229492188, 1.0], [189.10519409179688, 210.7332000732422, 1.0], [188.9661865234375, 232.67379760742188, 1.0], [124.28630828857422, 181.6029510498047, 1.0], [166.4529571533203, 123.37522888183594, 1.0], [206.83131408691406, 93.35881042480469, 1.0], [253.1648712158203, 83.28412628173828, 1.0], [134.0526885986328, 170.33462524414062, 1.0], [215.2565460205078, 135.7779083251953, 1.0], [233.33497619628906, 160.36045837402344, 1.0], [252.02276611328125, 183.8541259765625, 1.0], [141.35263061523438, 166.45025634765625, 1.0], [197.36830139160156, 147.48089599609375, 1.0], [228.18511962890625, 155.08615112304688, 1.0], [249.4175567626953, 174.16522216796875, 1.0]], "is_left": 0}