{"hand_pts": [[338.05914306640625, 102.1535873413086, 1.0], [273.5594482421875, 132.28489685058594, 1.0], [231.68328857421875, 133.05838012695312, 1.0], [171.87384033203125, 132.73699951171875, 1.0], [125.53020477294922, 132.22166442871094, 1.0], [245.52920532226562, 220.7084197998047, 1.0], [174.32241821289062, 222.3450164794922, 1.0], [151.6877899169922, 188.28445434570312, 1.0], [152.6082763671875, 149.88259887695312, 1.0], [251.7202606201172, 214.8590087890625, 1.0], [181.1564178466797, 262.6600036621094, 1.0], [151.50152587890625, 226.00872802734375, 1.0], [128.31434631347656, 189.89366149902344, 1.0], [252.48614501953125, 203.43936157226562, 1.0], [168.67367553710938, 207.5781707763672, 1.0], [127.39482116699219, 185.80809020996094, 1.0], [114.44837951660156, 151.50564575195312, 1.0], [256.3799133300781, 184.35069274902344, 1.0], [199.9725341796875, 196.58876037597656, 1.0], [165.59397888183594, 182.1822052001953, 1.0], [164.88426208496094, 154.2598419189453, 1.0]], "is_left": 0}