{"hand_pts": [[56.989341735839844, 211.3594970703125, 1.0], [116.1075210571289, 226.2087860107422, 1.0], [165.54696655273438, 249.51971435546875, 1.0], [215.89114379882812, 260.0523681640625, 1.0], [244.68701171875, 233.1754608154297, 1.0], [135.60006713867188, 215.72547912597656, 1.0], [200.01715087890625, 215.82135009765625, 1.0], [243.14132690429688, 214.38641357421875, 1.0], [274.32269287109375, 210.631103515625, 1.0], [121.85612487792969, 192.31988525390625, 1.0], [192.71202087402344, 165.97805786132812, 1.0], [236.54486083984375, 152.85780334472656, 1.0], [243.30081176757812, 159.11488342285156, 1.0], [114.5117416381836, 173.74647521972656, 1.0], [157.5483856201172, 153.57388305664062, 1.0], [188.6283416748047, 153.816650390625, 1.0], [197.80789184570312, 162.06370544433594, 1.0], [105.59098815917969, 157.81451416015625, 1.0], [144.3649139404297, 133.86856079101562, 1.0], [172.36207580566406, 124.506591796875, 1.0], [198.43052673339844, 123.32213592529297, 1.0]], "is_left": 0,"label":3}