{"hand_pts": [[256.1799621582031, 40.12272644042969, 1.0], [189.7608184814453, 66.37227630615234, 1.0], [144.6593017578125, 72.68512725830078, 1.0], [106.592041015625, 98.4635238647461, 1.0], [73.36137390136719, 127.50298309326172, 1.0], [180.54637145996094, 163.9504852294922, 1.0], [152.10150146484375, 218.5157012939453, 1.0], [131.21339416503906, 238.37657165527344, 1.0], [127.92095184326172, 229.26736450195312, 1.0], [217.06497192382812, 179.71347045898438, 1.0], [181.0326385498047, 242.34144592285156, 1.0], [164.1673126220703, 208.30343627929688, 1.0], [155.19732666015625, 166.19664001464844, 1.0], [243.35049438476562, 187.1201171875, 1.0], [221.9480743408203, 253.90504455566406, 1.0], [198.34616088867188, 252.21937561035156, 1.0], [175.52017211914062, 254.66925048828125, 1.0], [268.4582214355469, 184.4756317138672, 1.0], [261.77947998046875, 202.1907958984375, 1.0], [248.8074493408203, 178.87161254882812, 1.0], [241.5796661376953, 143.0679168701172, 1.0]], "is_left": 0}