{"hand_pts": [[19.583099365234375, 153.1758575439453, 1.0], [77.75658416748047, 177.8048553466797, 1.0], [108.00445556640625, 179.6179962158203, 1.0], [157.2790069580078, 164.66859436035156, 1.0], [184.86044311523438, 147.20089721679688, 1.0], [140.38560485839844, 234.2283477783203, 1.0], [201.8651580810547, 242.1654052734375, 1.0], [229.35284423828125, 222.88156127929688, 1.0], [257.1484375, 204.6080780029297, 1.0], [137.77606201171875, 213.39010620117188, 1.0], [212.03903198242188, 232.50880432128906, 1.0], [257.8095703125, 231.65200805664062, 1.0], [265.98419189453125, 204.9860382080078, 1.0], [135.97955322265625, 191.41636657714844, 1.0], [203.57818603515625, 166.31240844726562, 1.0], [188.80377197265625, 144.94287109375, 1.0], [154.0879364013672, 144.85345458984375, 1.0], [128.07203674316406, 166.24758911132812, 1.0], [174.5813751220703, 150.78761291503906, 1.0], [204.42149353027344, 136.34945678710938, 1.0], [225.24468994140625, 118.60189819335938, 1.0]], "is_left": 0,"label":4}