{"hand_pts": [[48.36717224121094, 160.1511688232422, 1.0], [67.38508605957031, 137.0423583984375, 1.0], [79.93803405761719, 113.93378448486328, 1.0], [136.0322265625, 135.14312744140625, 1.0], [157.48568725585938, 164.30943298339844, 1.0], [158.05825805664062, 129.29832458496094, 1.0], [219.62644958496094, 139.06654357910156, 1.0], [240.90065002441406, 158.66259765625, 1.0], [250.25474548339844, 179.30709838867188, 1.0], [178.15927124023438, 160.666259765625, 1.0], [252.2130584716797, 166.66856384277344, 1.0], [256.4701843261719, 179.59873962402344, 1.0], [224.15625, 183.22250366210938, 1.0], [189.0343475341797, 187.2796173095703, 1.0], [212.70602416992188, 232.70767211914062, 1.0], [178.1807098388672, 238.07254028320312, 1.0], [145.9510040283203, 213.9962921142578, 1.0], [190.43312072753906, 212.0666961669922, 1.0], [199.9337921142578, 246.18765258789062, 1.0], [169.8992156982422, 247.2080535888672, 1.0], [133.24102783203125, 240.02867126464844, 1.0]], "is_left": 0}