{"hand_pts": [[221.31166076660156, 296.73809814453125, 1.0], [260.4056091308594, 265.38763427734375, 1.0], [297.0263671875, 240.76133728027344, 1.0], [315.2857666015625, 215.63185119628906, 1.0], [323.71246337890625, 191.1651611328125, 1.0], [210.030517578125, 206.92282104492188, 1.0], [204.04916381835938, 164.1547393798828, 1.0], [204.38926696777344, 138.46127319335938, 1.0], [200.39163208007812, 112.26522827148438, 1.0], [177.46617126464844, 215.5265350341797, 1.0], [157.25924682617188, 164.4380645751953, 1.0], [156.08706665039062, 135.30323791503906, 1.0], [150.0565185546875, 106.3162841796875, 1.0], [157.80880737304688, 226.02293395996094, 1.0], [130.9575653076172, 179.3659210205078, 1.0], [129.30474853515625, 155.67152404785156, 1.0], [126.55677795410156, 132.01307678222656, 1.0], [144.65391540527344, 241.53683471679688, 1.0], [125.01160430908203, 214.52481079101562, 1.0], [120.08235931396484, 197.05984497070312, 1.0], [119.68901062011719, 178.60252380371094, 1.0]], "is_left": 0}