{"hand_pts": [[292.8168640136719, 318.578125, 1.0], [245.0667266845703, 311.8994445800781, 1.0], [207.58868408203125, 314.93414306640625, 1.0], [168.08030700683594, 297.8591003417969, 1.0], [131.43051147460938, 270.204345703125, 1.0], [234.11483764648438, 223.43580627441406, 1.0], [202.1999969482422, 181.283447265625, 1.0], [168.5568389892578, 161.81336975097656, 1.0], [136.853515625, 141.28945922851562, 1.0], [237.19151306152344, 205.1399688720703, 1.0], [196.96836853027344, 149.3976593017578, 1.0], [155.715087890625, 132.59463500976562, 1.0], [116.44346618652344, 117.63739776611328, 1.0], [235.1195526123047, 197.07630920410156, 1.0], [195.06727600097656, 139.73817443847656, 1.0], [156.83023071289062, 124.81708526611328, 1.0], [117.40885162353516, 116.85958099365234, 1.0], [234.68223571777344, 198.31105041503906, 1.0], [204.3924102783203, 158.28872680664062, 1.0], [175.4163818359375, 139.43838500976562, 1.0], [141.2098388671875, 128.37913513183594, 1.0]], "is_left": 0}