{"hand_pts": [[233.6540069580078, 45.357852935791016, 1.0], [187.4442596435547, 79.39021301269531, 1.0], [158.40809631347656, 88.11015319824219, 1.0], [124.5363998413086, 119.5052719116211, 1.0], [94.97381591796875, 150.7244873046875, 1.0], [205.1625518798828, 146.19642639160156, 1.0], [206.50039672851562, 196.28948974609375, 1.0], [202.39700317382812, 229.71861267089844, 1.0], [180.61326599121094, 256.9511413574219, 1.0], [223.45761108398438, 155.93519592285156, 1.0], [170.4390869140625, 203.18846130371094, 1.0], [141.39144897460938, 186.05801391601562, 1.0], [127.28624725341797, 157.63670349121094, 1.0], [232.92794799804688, 161.834716796875, 1.0], [208.0459442138672, 223.50181579589844, 1.0], [185.99163818359375, 254.21621704101562, 1.0], [159.5108642578125, 278.7709655761719, 1.0], [240.3131561279297, 160.63723754882812, 1.0], [226.59373474121094, 203.81890869140625, 1.0], [203.13978576660156, 225.783447265625, 1.0], [177.44168090820312, 211.29141235351562, 1.0]], "is_left": 0}