{"hand_pts": [[39.63023376464844, 84.86023712158203, 1.0], [95.227294921875, 68.5347671508789, 1.0], [139.66256713867188, 48.61511993408203, 1.0], [185.45626831054688, 50.216304779052734, 1.0], [228.31434631347656, 64.04510498046875, 1.0], [136.82432556152344, 152.2199249267578, 1.0], [184.64065551757812, 185.6452178955078, 1.0], [223.41087341308594, 199.27835083007812, 1.0], [260.74249267578125, 215.50022888183594, 1.0], [128.4991912841797, 176.88204956054688, 1.0], [185.95474243164062, 224.83892822265625, 1.0], [231.60983276367188, 234.9674530029297, 1.0], [274.885986328125, 245.22344970703125, 1.0], [123.81694793701172, 187.5814666748047, 1.0], [177.53671264648438, 237.6766357421875, 1.0], [217.76052856445312, 245.40158081054688, 1.0], [257.4017639160156, 249.2732391357422, 1.0], [115.39147186279297, 188.833740234375, 1.0], [152.58518981933594, 220.63134765625, 1.0], [183.57078552246094, 230.8743896484375, 1.0], [217.9436492919922, 232.25048828125, 1.0]], "is_left": 0}