{"hand_pts": [[328.6357727050781, 265.88409423828125, 1.0], [277.8005065917969, 269.6775207519531, 1.0], [236.05886840820312, 290.2561340332031, 1.0], [187.78363037109375, 263.8758850097656, 1.0], [189.27439880371094, 227.65829467773438, 1.0], [243.775390625, 182.54808044433594, 1.0], [176.45668029785156, 191.6894073486328, 1.0], [136.15528869628906, 206.419921875, 1.0], [138.88934326171875, 242.0061798095703, 1.0], [244.23899841308594, 164.6125030517578, 1.0], [167.31951904296875, 138.26780700683594, 1.0], [118.53759765625, 137.21690368652344, 1.0], [102.38941955566406, 179.17251586914062, 1.0], [241.7782440185547, 158.18255615234375, 1.0], [196.69342041015625, 95.1220932006836, 1.0], [161.49496459960938, 119.9860610961914, 1.0], [161.8578643798828, 162.75364685058594, 1.0], [243.19927978515625, 160.6943359375, 1.0], [193.325927734375, 163.55242919921875, 1.0], [160.6126251220703, 173.3917694091797, 1.0], [127.60750579833984, 188.11865234375, 1.0]], "is_left": 0}