{"hand_pts": [[105.53741455078125, 283.50506591796875, 1.0], [182.20755004882812, 254.29119873046875, 1.0], [248.96815490722656, 216.2013702392578, 1.0], [264.2395324707031, 171.2479248046875, 1.0], [222.96533203125, 166.87705993652344, 1.0], [200.70477294921875, 146.40550231933594, 1.0], [249.65599060058594, 126.01895904541016, 1.0], [259.2916259765625, 163.95994567871094, 1.0], [263.6125183105469, 203.96421813964844, 1.0], [153.68943786621094, 149.38804626464844, 1.0], [206.1978302001953, 123.98443603515625, 1.0], [226.79737854003906, 167.96861267089844, 1.0], [231.65151977539062, 219.13446044921875, 1.0], [118.4045639038086, 159.94326782226562, 1.0], [136.19448852539062, 164.4576873779297, 1.0], [140.9796600341797, 210.63259887695312, 1.0], [142.03550720214844, 244.89334106445312, 1.0], [84.47819519042969, 179.92941284179688, 1.0], [91.8738784790039, 184.2224884033203, 1.0], [108.1204833984375, 218.30088806152344, 1.0], [121.12320709228516, 247.48204040527344, 1.0]], "is_left": 0}