{"hand_pts": [[92.75952911376953, 113.76271057128906, 1.0], [161.12362670898438, 149.5458984375, 1.0], [225.26246643066406, 176.8173828125, 1.0], [267.1409912109375, 209.99990844726562, 1.0], [247.2136993408203, 229.27395629882812, 1.0], [211.8844451904297, 107.36817932128906, 1.0], [253.86898803710938, 154.78680419921875, 1.0], [271.55596923828125, 197.45413208007812, 1.0], [250.86172485351562, 240.86569213867188, 1.0], [168.89366149902344, 104.0539779663086, 1.0], [206.8346405029297, 160.6089630126953, 1.0], [220.36000061035156, 215.72438049316406, 1.0], [225.2448272705078, 270.10955810546875, 1.0], [132.73126220703125, 110.24037170410156, 1.0], [161.3650665283203, 182.3733367919922, 1.0], [147.90444946289062, 206.09600830078125, 1.0], [132.54664611816406, 213.22836303710938, 1.0], [95.05439758300781, 119.5597152709961, 1.0], [94.45264434814453, 175.2013397216797, 1.0], [93.51903533935547, 216.51512145996094, 1.0], [95.3731918334961, 247.08926391601562, 1.0]], "is_left": 0}