{"hand_pts": [[106.17369842529297, 174.28533935546875, 1.0], [107.70117950439453, 191.28067016601562, 1.0], [116.20198822021484, 239.0592041015625, 1.0], [131.4154815673828, 249.33035278320312, 1.0], [137.4943389892578, 206.34359741210938, 1.0], [198.75418090820312, 241.7318115234375, 1.0], [173.55702209472656, 216.8977813720703, 1.0], [136.0606231689453, 190.2281036376953, 1.0], [100.85460662841797, 164.01927185058594, 1.0], [215.80223083496094, 220.3509063720703, 1.0], [193.36880493164062, 187.7290802001953, 1.0], [145.14874267578125, 164.64669799804688, 1.0], [97.5052261352539, 138.86126708984375, 1.0], [222.2639923095703, 197.70127868652344, 1.0], [291.5122985839844, 207.43724060058594, 1.0], [297.43109130859375, 190.95956420898438, 1.0], [286.57586669921875, 171.04444885253906, 1.0], [219.65916442871094, 172.491943359375, 1.0], [213.01148986816406, 131.38388061523438, 1.0], [203.02090454101562, 100.31777954101562, 1.0], [166.10794067382812, 75.15692901611328, 1.0]], "is_left": 0}