{"hand_pts": [[145.3646240234375, 345.7001953125, 1.0], [177.37657165527344, 275.8161926269531, 1.0], [221.82107543945312, 239.7244873046875, 1.0], [217.01214599609375, 178.87046813964844, 1.0], [179.30030822753906, 149.284423828125, 1.0], [260.5296325683594, 233.72161865234375, 1.0], [248.78668212890625, 157.9417724609375, 1.0], [201.92941284179688, 140.00955200195312, 1.0], [160.52874755859375, 156.07691955566406, 1.0], [235.3314971923828, 243.34512329101562, 1.0], [227.25804138183594, 156.2584686279297, 1.0], [184.72186279296875, 120.3036117553711, 1.0], [145.63815307617188, 122.85860443115234, 1.0], [207.5018310546875, 247.9329071044922, 1.0], [190.27713012695312, 167.67214965820312, 1.0], [150.78285217285156, 147.37347412109375, 1.0], [124.84133911132812, 159.93247985839844, 1.0], [174.543212890625, 256.5066223144531, 1.0], [146.02438354492188, 206.9878692626953, 1.0], [115.84490203857422, 184.52880859375, 1.0], [107.82634735107422, 197.06883239746094, 1.0]], "is_left": 0}