{"hand_pts": [[228.90142822265625, 193.8800048828125, 1.0], [207.59349060058594, 136.47886657714844, 1.0], [195.06565856933594, 73.4271011352539, 1.0], [165.72463989257812, 78.69461822509766, 1.0], [146.85523986816406, 125.96337127685547, 1.0], [252.29649353027344, 152.5599822998047, 1.0], [237.1216583251953, 152.0643768310547, 1.0], [198.23158264160156, 150.08172607421875, 1.0], [155.3448028564453, 148.8355712890625, 1.0], [247.68008422851562, 198.935546875, 1.0], [194.27406311035156, 183.03536987304688, 1.0], [145.34556579589844, 163.70733642578125, 1.0], [112.9590072631836, 146.95751953125, 1.0], [236.16864013671875, 233.27174377441406, 1.0], [202.7957763671875, 252.52975463867188, 1.0], [159.38723754882812, 236.14512634277344, 1.0], [140.50405883789062, 212.15626525878906, 1.0], [221.7477264404297, 263.6956787109375, 1.0], [187.3138885498047, 272.6181335449219, 1.0], [151.5023193359375, 258.9329528808594, 1.0], [119.73339080810547, 234.0430450439453, 1.0]], "is_left": 0}