{"hand_pts": [[303.0052185058594, 145.34359741210938, 1.0], [291.6929931640625, 140.29437255859375, 1.0], [296.36163330078125, 122.22708129882812, 1.0], [240.4993438720703, 130.12660217285156, 1.0], [197.80551147460938, 147.56614685058594, 1.0], [240.5897674560547, 227.73117065429688, 1.0], [212.01792907714844, 226.4193115234375, 1.0], [205.76878356933594, 177.54356384277344, 1.0], [197.90774536132812, 130.7567901611328, 1.0], [211.97779846191406, 232.47906494140625, 1.0], [169.6343231201172, 277.7508239746094, 1.0], [143.2494659423828, 295.3048095703125, 1.0], [127.37299346923828, 258.643798828125, 1.0], [189.63844299316406, 226.7483367919922, 1.0], [133.92086791992188, 180.08453369140625, 1.0], [138.1191864013672, 129.8704071044922, 1.0], [142.19017028808594, 80.9537582397461, 1.0], [174.2486114501953, 213.3140869140625, 1.0], [126.83932495117188, 188.0130157470703, 1.0], [124.84249114990234, 147.94203186035156, 1.0], [161.8341522216797, 127.4112777709961, 1.0]], "is_left": 0}