{"hand_pts": [[83.88765716552734, 69.76668548583984, 1.0], [155.76571655273438, 117.90901184082031, 1.0], [214.58143615722656, 153.26629638671875, 1.0], [254.05177307128906, 180.5344696044922, 1.0], [270.5545349121094, 195.62887573242188, 1.0], [161.91650390625, 192.76821899414062, 1.0], [202.73455810546875, 232.6752471923828, 1.0], [233.266845703125, 237.21585083007812, 1.0], [259.6889343261719, 231.61964416503906, 1.0], [130.9095001220703, 173.6951141357422, 1.0], [175.2903289794922, 216.97450256347656, 1.0], [213.146484375, 220.20188903808594, 1.0], [247.131103515625, 214.4722137451172, 1.0], [110.02656555175781, 153.57598876953125, 1.0], [145.6746063232422, 188.40740966796875, 1.0], [178.26441955566406, 188.5686798095703, 1.0], [209.53741455078125, 180.712158203125, 1.0], [89.77125549316406, 127.880615234375, 1.0], [110.29206848144531, 144.113525390625, 1.0], [136.5416717529297, 146.88919067382812, 1.0], [168.13433837890625, 143.3383331298828, 1.0]], "is_left": 0}