{"hand_pts": [[105.95989227294922, 69.27629089355469, 1.0], [166.89976501464844, 87.55684661865234, 1.0], [224.99148559570312, 90.79839324951172, 1.0], [267.35894775390625, 108.19537353515625, 1.0], [290.14715576171875, 134.9604949951172, 1.0], [199.34829711914062, 173.9285430908203, 1.0], [229.93753051757812, 187.42611694335938, 1.0], [237.9821319580078, 178.68406677246094, 1.0], [234.09376525878906, 157.92030334472656, 1.0], [162.61669921875, 186.8096466064453, 1.0], [191.04412841796875, 252.8466033935547, 1.0], [206.45132446289062, 257.1604309082031, 1.0], [217.81002807617188, 250.19895935058594, 1.0], [133.2872314453125, 191.49725341796875, 1.0], [138.41322326660156, 245.64247131347656, 1.0], [144.56185913085938, 226.98204040527344, 1.0], [150.51243591308594, 206.87379455566406, 1.0], [103.66754150390625, 187.40582275390625, 1.0], [113.16415405273438, 200.13104248046875, 1.0], [119.5947265625, 178.01608276367188, 1.0], [123.50436401367188, 144.54220581054688, 1.0]], "is_left": 0}