{"hand_pts": [[97.87705993652344, 295.86627197265625, 1.0], [154.97198486328125, 267.5758972167969, 1.0], [199.507568359375, 253.6895751953125, 1.0], [221.03802490234375, 219.79263305664062, 1.0], [235.1237030029297, 189.166748046875, 1.0], [127.57743835449219, 192.76007080078125, 1.0], [159.72222900390625, 148.6429443359375, 1.0], [208.19102478027344, 150.02659606933594, 1.0], [249.48658752441406, 164.25747680664062, 1.0], [112.73446655273438, 187.6359405517578, 1.0], [206.69747924804688, 180.11367797851562, 1.0], [247.646240234375, 208.147705078125, 1.0], [279.41259765625, 236.81829833984375, 1.0], [109.14682006835938, 187.74063110351562, 1.0], [120.99148559570312, 131.49461364746094, 1.0], [151.32054138183594, 106.82129669189453, 1.0], [188.38194274902344, 87.91292572021484, 1.0], [108.09163665771484, 195.3360595703125, 1.0], [161.78648376464844, 191.5546417236328, 1.0], [200.6832733154297, 194.43824768066406, 1.0], [234.1620330810547, 216.02734375, 1.0]], "is_left": 0}