{"hand_pts": [[117.8934097290039, 123.0772933959961, 1.0], [99.09317779541016, 141.16175842285156, 1.0], [63.64148712158203, 161.06687927246094, 1.0], [99.85928344726562, 167.41929626464844, 1.0], [150.5221710205078, 158.60081481933594, 1.0], [144.36685180664062, 226.67483520507812, 1.0], [146.44415283203125, 240.58401489257812, 1.0], [140.6773681640625, 195.703369140625, 1.0], [136.42745971679688, 152.06951904296875, 1.0], [181.11795043945312, 218.208984375, 1.0], [203.59701538085938, 259.8017272949219, 1.0], [205.0171661376953, 248.81085205078125, 1.0], [194.6566619873047, 213.6557159423828, 1.0], [207.52931213378906, 203.67823791503906, 1.0], [251.116943359375, 216.21202087402344, 1.0], [232.56629943847656, 176.96145629882812, 1.0], [204.8011932373047, 141.64990234375, 1.0], [227.01248168945312, 182.48875427246094, 1.0], [253.77734375, 146.96987915039062, 1.0], [267.74072265625, 118.14402770996094, 1.0], [251.99351501464844, 81.9816665649414, 1.0]], "is_left": 0}