{"hand_pts": [[111.9698486328125, 195.29551696777344, 1.0], [95.32408142089844, 177.4514923095703, 1.0], [61.219512939453125, 184.36151123046875, 1.0], [89.78364562988281, 177.15878295898438, 1.0], [134.06251525878906, 167.10641479492188, 1.0], [138.58743286132812, 211.0194854736328, 1.0], [166.79957580566406, 218.48318481445312, 1.0], [171.81825256347656, 185.8594970703125, 1.0], [167.8532257080078, 157.62940979003906, 1.0], [172.469970703125, 212.32701110839844, 1.0], [198.75042724609375, 215.8308563232422, 1.0], [205.6702117919922, 193.38548278808594, 1.0], [211.15451049804688, 170.49136352539062, 1.0], [196.41693115234375, 207.7617645263672, 1.0], [235.56698608398438, 191.39857482910156, 1.0], [237.26165771484375, 161.45916748046875, 1.0], [212.77947998046875, 139.41612243652344, 1.0], [213.6311798095703, 200.75775146484375, 1.0], [243.9359893798828, 184.1068115234375, 1.0], [259.6278381347656, 167.02456665039062, 1.0], [240.60574340820312, 143.25303649902344, 1.0]], "is_left": 0}