{"hand_pts": [[289.40521240234375, 147.45852661132812, 1.0], [269.9324951171875, 176.66705322265625, 1.0], [271.94805908203125, 216.69789123535156, 1.0], [257.3128356933594, 245.53060913085938, 1.0], [236.03848266601562, 267.405029296875, 1.0], [209.8467559814453, 226.6572723388672, 1.0], [186.6580810546875, 222.07460021972656, 1.0], [180.39825439453125, 207.78587341308594, 1.0], [198.36122131347656, 181.15939331054688, 1.0], [192.10855102539062, 204.4522247314453, 1.0], [166.5629119873047, 194.65676879882812, 1.0], [192.9563751220703, 171.7096710205078, 1.0], [220.7074737548828, 151.16168212890625, 1.0], [179.8369903564453, 182.01300048828125, 1.0], [120.31653594970703, 166.76715087890625, 1.0], [91.92303466796875, 152.53952026367188, 1.0], [73.75546264648438, 134.84010314941406, 1.0], [174.65765380859375, 156.6281280517578, 1.0], [141.45603942871094, 145.1080780029297, 1.0], [152.6552734375, 132.0958251953125, 1.0], [180.2169189453125, 124.84400939941406, 1.0]], "is_left": 0}