{"hand_pts": [[44.835716247558594, 146.68820190429688, 1.0], [105.13936614990234, 124.17461395263672, 1.0], [142.76187133789062, 95.1366195678711, 1.0], [171.6129150390625, 121.73439025878906, 1.0], [185.4899444580078, 155.71339416503906, 1.0], [155.54891967773438, 147.61102294921875, 1.0], [213.28689575195312, 146.29234313964844, 1.0], [249.52081298828125, 146.02188110351562, 1.0], [278.3434753417969, 146.1908721923828, 1.0], [139.70132446289062, 178.60609436035156, 1.0], [195.8952178955078, 184.74407958984375, 1.0], [232.09744262695312, 183.02468872070312, 1.0], [230.6480255126953, 176.6634063720703, 1.0], [127.4695053100586, 201.49771118164062, 1.0], [176.32310485839844, 230.93186950683594, 1.0], [208.7994384765625, 237.14126586914062, 1.0], [228.8399658203125, 229.80870056152344, 1.0], [111.33222198486328, 219.80718994140625, 1.0], [141.4056854248047, 245.63232421875, 1.0], [166.95579528808594, 252.88096618652344, 1.0], [181.98574829101562, 238.2489013671875, 1.0]], "is_left": 0}