{"hand_pts": [[202.8914794921875, 35.25410079956055, 1.0], [231.41123962402344, 90.1068115234375, 1.0], [277.6149597167969, 114.70349884033203, 1.0], [293.9903259277344, 153.6075439453125, 1.0], [270.0362548828125, 175.3388671875, 1.0], [180.10292053222656, 155.91134643554688, 1.0], [204.61891174316406, 198.2248077392578, 1.0], [224.81488037109375, 215.3267059326172, 1.0], [245.22760009765625, 225.59437561035156, 1.0], [153.56605529785156, 150.2460479736328, 1.0], [125.24513244628906, 214.22947692871094, 1.0], [123.77458190917969, 257.4930725097656, 1.0], [141.83213806152344, 289.33831787109375, 1.0], [138.41709899902344, 144.8981475830078, 1.0], [138.90280151367188, 200.28506469726562, 1.0], [163.22439575195312, 210.58218383789062, 1.0], [192.5601043701172, 209.69805908203125, 1.0], [129.4803466796875, 133.55039978027344, 1.0], [138.57383728027344, 159.15826416015625, 1.0], [151.01206970214844, 171.9190216064453, 1.0], [172.97412109375, 177.98802185058594, 1.0]], "is_left": 0}