{"hand_pts": [[87.24331665039062, 297.7398681640625, 1.0], [163.2224578857422, 275.0758056640625, 1.0], [226.33779907226562, 279.007080078125, 1.0], [263.9463195800781, 252.8932342529297, 1.0], [272.48748779296875, 214.65492248535156, 1.0], [179.12966918945312, 262.4026184082031, 1.0], [225.07135009765625, 222.5894012451172, 1.0], [249.08905029296875, 186.85853576660156, 1.0], [247.3430938720703, 166.89602661132812, 1.0], [145.1202392578125, 239.8801727294922, 1.0], [179.2574462890625, 160.5525665283203, 1.0], [194.72032165527344, 125.43001556396484, 1.0], [190.0940704345703, 140.42398071289062, 1.0], [121.03909301757812, 218.36785888671875, 1.0], [168.73768615722656, 156.26368713378906, 1.0], [191.21395874023438, 129.22999572753906, 1.0], [192.20648193359375, 136.23353576660156, 1.0], [97.21037292480469, 200.01629638671875, 1.0], [103.51393127441406, 144.33984375, 1.0], [109.59796905517578, 112.88385772705078, 1.0], [118.69734954833984, 103.92756652832031, 1.0]], "is_left": 0}