{"hand_pts": [[117.04796600341797, 302.8671875, 1.0], [134.2191619873047, 287.3182373046875, 1.0], [158.8353729248047, 294.77630615234375, 1.0], [168.1333770751953, 252.3761749267578, 1.0], [152.2314453125, 226.012451171875, 1.0], [208.00511169433594, 235.6631622314453, 1.0], [251.09051513671875, 206.60256958007812, 1.0], [259.7087707519531, 180.85447692871094, 1.0], [236.5603790283203, 161.53436279296875, 1.0], [200.16781616210938, 215.13595581054688, 1.0], [184.74864196777344, 167.90518188476562, 1.0], [144.7171173095703, 182.9275360107422, 1.0], [107.21197509765625, 196.30523681640625, 1.0], [187.32627868652344, 199.90724182128906, 1.0], [217.27154541015625, 139.04983520507812, 1.0], [203.94155883789062, 115.13459777832031, 1.0], [194.03492736816406, 88.76251220703125, 1.0], [168.77023315429688, 191.2645263671875, 1.0], [165.6926727294922, 147.499755859375, 1.0], [156.33921813964844, 120.90367889404297, 1.0], [146.49066162109375, 93.57007598876953, 1.0]], "is_left": 0}