{"hand_pts": [[228.3834686279297, 348.368408203125, 1.0], [243.8071746826172, 280.37567138671875, 1.0], [282.7818908691406, 234.01039123535156, 1.0], [259.1337890625, 178.61441040039062, 1.0], [212.84678649902344, 143.1587677001953, 1.0], [259.9530029296875, 171.77810668945312, 1.0], [212.64578247070312, 139.72280883789062, 1.0], [198.05389404296875, 187.95896911621094, 1.0], [203.57408142089844, 236.17755126953125, 1.0], [224.40835571289062, 183.28994750976562, 1.0], [177.0074462890625, 144.14866638183594, 1.0], [170.8610076904297, 192.92529296875, 1.0], [172.71803283691406, 243.6338653564453, 1.0], [192.31649780273438, 196.6139373779297, 1.0], [162.65675354003906, 117.35700225830078, 1.0], [138.62210083007812, 111.1718521118164, 1.0], [132.13841247558594, 133.03485107421875, 1.0], [162.09400939941406, 219.12774658203125, 1.0], [113.47747039794922, 191.21206665039062, 1.0], [87.04798126220703, 191.02696228027344, 1.0], [83.43296813964844, 211.0034637451172, 1.0]], "is_left": 0}