{"hand_pts": [[74.61219024658203, 195.0983123779297, 1.0], [98.32584381103516, 155.77769470214844, 1.0], [100.04536437988281, 104.45460510253906, 1.0], [138.60995483398438, 73.45960998535156, 1.0], [181.59552001953125, 54.560569763183594, 1.0], [136.2909393310547, 199.69448852539062, 1.0], [176.06446838378906, 176.1501922607422, 1.0], [195.44073486328125, 144.66168212890625, 1.0], [197.46157836914062, 126.99915313720703, 1.0], [153.4711151123047, 227.0247802734375, 1.0], [226.57496643066406, 212.79547119140625, 1.0], [218.9626007080078, 177.1744384765625, 1.0], [177.4765167236328, 176.74185180664062, 1.0], [167.89678955078125, 241.8168182373047, 1.0], [214.21995544433594, 261.6529235839844, 1.0], [229.47354125976562, 225.1623077392578, 1.0], [210.8564910888672, 201.87071228027344, 1.0], [176.701904296875, 250.8580322265625, 1.0], [223.4460906982422, 259.2171936035156, 1.0], [235.0745086669922, 229.02603149414062, 1.0], [216.18798828125, 199.99545288085938, 1.0]], "is_left": 0}