{"hand_pts": [[285.6838684082031, 66.9029541015625, 1.0], [214.2134552001953, 96.6226577758789, 1.0], [159.75564575195312, 106.57058715820312, 1.0], [114.61097717285156, 132.2900848388672, 1.0], [77.54576110839844, 161.5915069580078, 1.0], [190.05775451660156, 167.3714141845703, 1.0], [148.6303253173828, 191.557373046875, 1.0], [131.4967041015625, 193.00225830078125, 1.0], [121.26631927490234, 187.8326416015625, 1.0], [220.77182006835938, 178.2237548828125, 1.0], [176.63172912597656, 234.77857971191406, 1.0], [147.02699279785156, 252.2047576904297, 1.0], [134.8550262451172, 233.1892852783203, 1.0], [243.43356323242188, 184.29696655273438, 1.0], [211.1052703857422, 228.4040985107422, 1.0], [203.14427185058594, 208.18267822265625, 1.0], [197.9542236328125, 183.1470489501953, 1.0], [267.1916809082031, 183.00924682617188, 1.0], [242.7030792236328, 205.90567016601562, 1.0], [237.81912231445312, 180.5192108154297, 1.0], [253.6517333984375, 159.2290496826172, 1.0]], "is_left": 0}