{"hand_pts": [[271.6135559082031, 309.3614807128906, 1.0], [268.8141784667969, 265.29583740234375, 1.0], [272.27349853515625, 238.10183715820312, 1.0], [263.0059814453125, 207.15574645996094, 1.0], [233.56503295898438, 172.57473754882812, 1.0], [176.86056518554688, 250.84751892089844, 1.0], [161.13690185546875, 192.5682830810547, 1.0], [171.8433074951172, 149.97869873046875, 1.0], [197.163818359375, 115.29373931884766, 1.0], [158.7227020263672, 247.0643310546875, 1.0], [163.09336853027344, 175.62673950195312, 1.0], [202.63934326171875, 143.34402465820312, 1.0], [238.14874267578125, 111.7255630493164, 1.0], [151.5608673095703, 239.6502227783203, 1.0], [155.020751953125, 161.3729705810547, 1.0], [174.7075958251953, 119.83840942382812, 1.0], [211.83383178710938, 94.71580505371094, 1.0], [153.7991180419922, 234.62472534179688, 1.0], [110.26631927490234, 206.9761505126953, 1.0], [104.34144592285156, 173.6873779296875, 1.0], [139.148193359375, 157.936279296875, 1.0]], "is_left": 0}