{"hand_pts": [[0.9759595394134521, 200.46446228027344, 1.0], [58.40584182739258, 213.60145568847656, 1.0], [88.93443298339844, 259.3091125488281, 1.0], [135.1984100341797, 228.14834594726562, 1.0], [176.37095642089844, 191.8954620361328, 1.0], [148.10406494140625, 248.9090118408203, 1.0], [216.7129669189453, 263.6588439941406, 1.0], [243.14614868164062, 231.81431579589844, 1.0], [221.7123260498047, 195.22271728515625, 1.0], [147.4420166015625, 220.28855895996094, 1.0], [221.23092651367188, 175.46987915039062, 1.0], [232.00856018066406, 137.56784057617188, 1.0], [253.52488708496094, 101.69731140136719, 1.0], [144.52972412109375, 191.9726104736328, 1.0], [216.41665649414062, 149.85804748535156, 1.0], [189.18251037597656, 131.36431884765625, 1.0], [158.2224578857422, 117.07877349853516, 1.0], [133.05918884277344, 163.12692260742188, 1.0], [187.50538635253906, 156.59503173828125, 1.0], [225.92176818847656, 149.26779174804688, 1.0], [266.8730773925781, 142.1998748779297, 1.0]], "is_left": 0}