{"hand_pts": [[329.3940124511719, 272.4607849121094, 1.0], [259.62158203125, 233.23106384277344, 1.0], [215.2239227294922, 195.64903259277344, 1.0], [174.44325256347656, 183.49021911621094, 1.0], [158.65835571289062, 189.13583374023438, 1.0], [234.9988555908203, 152.07562255859375, 1.0], [181.13479614257812, 122.58918762207031, 1.0], [136.73670959472656, 127.89774322509766, 1.0], [97.03905487060547, 146.7550811767578, 1.0], [247.5266571044922, 171.96890258789062, 1.0], [191.2722625732422, 124.92737579345703, 1.0], [145.56454467773438, 147.8504638671875, 1.0], [154.34518432617188, 182.02439880371094, 1.0], [252.994384765625, 193.76698303222656, 1.0], [174.8673095703125, 196.80926513671875, 1.0], [140.37493896484375, 223.35398864746094, 1.0], [125.98246765136719, 252.89146423339844, 1.0], [260.671630859375, 220.96360778808594, 1.0], [221.8785858154297, 209.45309448242188, 1.0], [186.4400177001953, 208.18898010253906, 1.0], [167.9158935546875, 223.2300262451172, 1.0]], "is_left": 0}