{"hand_pts": [[83.98819732666016, 91.53685760498047, 1.0], [151.72752380371094, 108.14130401611328, 1.0], [213.4212646484375, 112.66992950439453, 1.0], [243.38160705566406, 141.609130859375, 1.0], [223.7426300048828, 169.93890380859375, 1.0], [155.58132934570312, 178.9657440185547, 1.0], [207.39515686035156, 205.85452270507812, 1.0], [243.4263458251953, 214.268310546875, 1.0], [277.3241882324219, 218.5672149658203, 1.0], [125.97000122070312, 186.80441284179688, 1.0], [173.3877716064453, 229.0273895263672, 1.0], [215.0066375732422, 222.89833068847656, 1.0], [252.11041259765625, 210.86697387695312, 1.0], [107.30033111572266, 188.58364868164062, 1.0], [158.5407257080078, 188.45399475097656, 1.0], [180.33029174804688, 166.13841247558594, 1.0], [194.47027587890625, 138.4044189453125, 1.0], [89.91522979736328, 183.48985290527344, 1.0], [115.79591369628906, 203.0250244140625, 1.0], [144.3365936279297, 192.1144561767578, 1.0], [169.17645263671875, 170.7137908935547, 1.0]], "is_left": 0}