{"hand_pts": [[235.8258056640625, 9.809986114501953, 1.0], [195.03543090820312, 67.9303970336914, 1.0], [178.3125, 111.27252960205078, 1.0], [145.1584014892578, 152.44395446777344, 1.0], [126.56549835205078, 159.43601989746094, 1.0], [235.0882110595703, 179.5095672607422, 1.0], [221.8793182373047, 250.7699737548828, 1.0], [174.1873321533203, 239.5597686767578, 1.0], [129.32264709472656, 218.84405517578125, 1.0], [244.57630920410156, 169.55325317382812, 1.0], [193.26963806152344, 232.29782104492188, 1.0], [148.02333068847656, 254.7458953857422, 1.0], [107.16537475585938, 215.94371032714844, 1.0], [243.9263916015625, 155.4215087890625, 1.0], [239.8046417236328, 231.887939453125, 1.0], [193.36585998535156, 238.95713806152344, 1.0], [147.5282440185547, 244.37977600097656, 1.0], [239.8385009765625, 131.4428253173828, 1.0], [196.4241485595703, 154.32275390625, 1.0], [157.17408752441406, 137.34930419921875, 1.0], [135.98477172851562, 105.50504302978516, 1.0]], "is_left": 0}