{"hand_pts": [[356.2976379394531, 227.00308227539062, 1.0], [283.6576843261719, 255.57894897460938, 1.0], [228.35081481933594, 289.61676025390625, 1.0], [173.31222534179688, 282.842041015625, 1.0], [139.9600372314453, 249.6284942626953, 1.0], [211.7069091796875, 208.27037048339844, 1.0], [142.6926727294922, 209.3017120361328, 1.0], [124.76078796386719, 220.6908416748047, 1.0], [129.1431121826172, 232.75746154785156, 1.0], [231.4946746826172, 171.69232177734375, 1.0], [155.32167053222656, 162.0338134765625, 1.0], [130.6571807861328, 178.48037719726562, 1.0], [125.38606262207031, 202.00392150878906, 1.0], [247.88525390625, 147.2689208984375, 1.0], [179.1033172607422, 115.16107940673828, 1.0], [146.23583984375, 121.12212371826172, 1.0], [122.38970947265625, 135.25144958496094, 1.0], [269.6846008300781, 129.9685516357422, 1.0], [236.01956176757812, 112.3187026977539, 1.0], [222.0718994140625, 123.36898803710938, 1.0], [219.61294555664062, 150.1807403564453, 1.0]], "is_left": 0}