{"hand_pts": [[249.14382934570312, 331.76177978515625, 1.0], [220.32212829589844, 268.0163879394531, 1.0], [197.0274200439453, 220.0057830810547, 1.0], [172.6111602783203, 172.19580078125, 1.0], [149.73974609375, 128.69790649414062, 1.0], [253.6835174560547, 181.52171325683594, 1.0], [220.56283569335938, 122.42030334472656, 1.0], [174.84234619140625, 114.11823272705078, 1.0], [144.37806701660156, 146.54661560058594, 1.0], [250.291015625, 199.8845977783203, 1.0], [228.86399841308594, 127.69148254394531, 1.0], [184.4561309814453, 102.51664733886719, 1.0], [137.64659118652344, 91.7065200805664, 1.0], [240.1239013671875, 217.80142211914062, 1.0], [170.4159393310547, 179.9686279296875, 1.0], [134.82949829101562, 199.16429138183594, 1.0], [100.21499633789062, 217.83425903320312, 1.0], [228.1971435546875, 242.27459716796875, 1.0], [178.09158325195312, 237.1905975341797, 1.0], [151.17105102539062, 252.7000732421875, 1.0], [129.20742797851562, 269.07550048828125, 1.0]], "is_left": 0}