{"hand_pts": [[82.39432525634766, 256.67974853515625, 1.0], [148.21397399902344, 263.5113525390625, 1.0], [206.51950073242188, 288.7322692871094, 1.0], [262.84173583984375, 286.3818359375, 1.0], [273.5129699707031, 237.2776336669922, 1.0], [153.5037384033203, 224.49896240234375, 1.0], [220.22019958496094, 216.35145568847656, 1.0], [218.43263244628906, 227.28199768066406, 1.0], [214.9042205810547, 236.94642639160156, 1.0], [132.62486267089844, 192.51380920410156, 1.0], [199.4799041748047, 154.50759887695312, 1.0], [195.7879180908203, 179.44204711914062, 1.0], [163.9954376220703, 212.3256378173828, 1.0], [120.80520629882812, 167.90000915527344, 1.0], [144.97967529296875, 121.80543518066406, 1.0], [173.08395385742188, 96.8949966430664, 1.0], [214.03744506835938, 85.83406829833984, 1.0], [109.00859069824219, 149.03253173828125, 1.0], [142.7670135498047, 118.97191619873047, 1.0], [165.6614532470703, 108.26130676269531, 1.0], [177.68017578125, 127.24324035644531, 1.0]], "is_left": 0}