{"hand_pts": [[125.4568862915039, 203.2708740234375, 1.0], [186.85958862304688, 183.76649475097656, 1.0], [247.6387481689453, 185.6763153076172, 1.0], [286.2034912109375, 174.38563537597656, 1.0], [306.428955078125, 158.5915069580078, 1.0], [207.4185333251953, 222.62559509277344, 1.0], [217.73817443847656, 230.8330841064453, 1.0], [222.95848083496094, 214.7807159423828, 1.0], [222.96600341796875, 178.55886840820312, 1.0], [170.4174346923828, 220.080322265625, 1.0], [178.29502868652344, 202.1117706298828, 1.0], [187.56312561035156, 160.16793823242188, 1.0], [194.0127716064453, 131.8451385498047, 1.0], [142.05450439453125, 211.49090576171875, 1.0], [139.4052734375, 218.17140197753906, 1.0], [152.89881896972656, 186.48780822753906, 1.0], [167.3871307373047, 154.1824188232422, 1.0], [114.33086395263672, 200.4990692138672, 1.0], [111.60760498046875, 162.93759155273438, 1.0], [110.39911651611328, 135.5382843017578, 1.0], [110.83314514160156, 107.25439453125, 1.0]], "is_left": 0}