{"hand_pts": [[265.67913818359375, 162.2610321044922, 1.0], [261.45306396484375, 144.6197509765625, 1.0], [283.5669250488281, 120.42068481445312, 1.0], [299.8896179199219, 111.38445281982422, 1.0], [308.97784423828125, 117.37293243408203, 1.0], [166.4527130126953, 151.99331665039062, 1.0], [125.14816284179688, 148.33328247070312, 1.0], [149.54122924804688, 158.56478881835938, 1.0], [190.13706970214844, 170.485595703125, 1.0], [158.48989868164062, 178.91574096679688, 1.0], [119.494873046875, 197.93479919433594, 1.0], [110.66481018066406, 209.17144775390625, 1.0], [122.47007751464844, 217.84144592285156, 1.0], [160.95545959472656, 200.45689392089844, 1.0], [132.7950439453125, 215.7234649658203, 1.0], [178.6902618408203, 213.84353637695312, 1.0], [221.91717529296875, 205.82667541503906, 1.0], [172.3524169921875, 219.01995849609375, 1.0], [152.03347778320312, 234.33999633789062, 1.0], [168.4821014404297, 237.0235595703125, 1.0], [207.4143829345703, 225.56752014160156, 1.0]], "is_left": 0}