{"hand_pts": [[322.2409362792969, 92.83741760253906, 1.0], [270.322021484375, 96.16254425048828, 1.0], [261.836181640625, 102.2762222290039, 1.0], [217.87704467773438, 106.76699829101562, 1.0], [165.82369995117188, 106.57170104980469, 1.0], [242.37815856933594, 201.91729736328125, 1.0], [183.41648864746094, 206.6033172607422, 1.0], [160.2121124267578, 163.45587158203125, 1.0], [180.92010498046875, 139.29946899414062, 1.0], [237.74595642089844, 219.8309783935547, 1.0], [155.7583465576172, 220.35693359375, 1.0], [108.33150482177734, 196.81887817382812, 1.0], [103.04910278320312, 143.69801330566406, 1.0], [230.02252197265625, 225.30426025390625, 1.0], [143.11837768554688, 215.87257385253906, 1.0], [147.8221435546875, 165.21083068847656, 1.0], [182.99253845214844, 131.97047424316406, 1.0], [226.0877685546875, 220.17953491210938, 1.0], [193.08883666992188, 267.8904113769531, 1.0], [156.54986572265625, 274.03521728515625, 1.0], [119.10802459716797, 265.36053466796875, 1.0]], "is_left": 0}