{"hand_pts": [[298.8371276855469, 61.36394119262695, 1.0], [233.5847930908203, 90.03849029541016, 1.0], [188.16970825195312, 105.26266479492188, 1.0], [160.99070739746094, 145.7734832763672, 1.0], [174.60328674316406, 166.46575927734375, 1.0], [226.8518524169922, 172.40408325195312, 1.0], [165.73089599609375, 198.15216064453125, 1.0], [125.49811553955078, 196.4221954345703, 1.0], [92.08668518066406, 186.44461059570312, 1.0], [247.13897705078125, 180.2061004638672, 1.0], [174.252197265625, 210.17431640625, 1.0], [132.5713348388672, 198.74032592773438, 1.0], [103.499755859375, 174.65261840820312, 1.0], [258.7802734375, 181.9273681640625, 1.0], [192.6732177734375, 201.92149353027344, 1.0], [160.80703735351562, 185.3728485107422, 1.0], [145.98651123046875, 153.61334228515625, 1.0], [270.63800048828125, 175.37692260742188, 1.0], [255.25482177734375, 216.55433654785156, 1.0], [226.03729248046875, 234.8257598876953, 1.0], [188.24412536621094, 241.13807678222656, 1.0]], "is_left": 0}