{"hand_pts": [[347.73162841796875, 199.65821838378906, 1.0], [292.954345703125, 199.0955810546875, 1.0], [256.2712097167969, 192.01467895507812, 1.0], [208.6645965576172, 191.23399353027344, 1.0], [164.4560089111328, 193.7020263671875, 1.0], [229.31993103027344, 145.88278198242188, 1.0], [169.8024444580078, 147.17137145996094, 1.0], [137.87094116210938, 168.98666381835938, 1.0], [112.73992156982422, 196.68902587890625, 1.0], [234.38278198242188, 154.5945587158203, 1.0], [163.15460205078125, 154.30300903320312, 1.0], [124.7113037109375, 174.70570373535156, 1.0], [90.9715805053711, 196.78610229492188, 1.0], [238.910888671875, 168.0656280517578, 1.0], [172.1613311767578, 178.34518432617188, 1.0], [148.75863647460938, 207.53207397460938, 1.0], [132.87255859375, 238.3535919189453, 1.0], [249.2848358154297, 185.0336151123047, 1.0], [205.9448699951172, 189.3255157470703, 1.0], [177.98971557617188, 205.0478973388672, 1.0], [164.83718872070312, 228.4517364501953, 1.0]], "is_left": 0}