{"hand_pts": [[8.545829772949219, 80.61000061035156, 1.0], [65.70421600341797, 140.57269287109375, 1.0], [101.55818176269531, 160.01766967773438, 1.0], [164.07090759277344, 178.39901733398438, 1.0], [215.89447021484375, 186.8994903564453, 1.0], [185.9800262451172, 125.17638397216797, 1.0], [208.4036865234375, 196.07464599609375, 1.0], [202.611083984375, 240.75978088378906, 1.0], [173.4816436767578, 273.1837158203125, 1.0], [189.5972900390625, 107.7210922241211, 1.0], [249.66221618652344, 178.8090362548828, 1.0], [246.98370361328125, 230.50791931152344, 1.0], [200.17828369140625, 255.33135986328125, 1.0], [186.671630859375, 100.32637023925781, 1.0], [202.30307006835938, 182.9134521484375, 1.0], [183.3616180419922, 226.30194091796875, 1.0], [144.5220184326172, 255.97256469726562, 1.0], [172.0375518798828, 94.45326232910156, 1.0], [190.48680114746094, 143.60267639160156, 1.0], [176.07518005371094, 179.54000854492188, 1.0], [160.9066925048828, 218.49266052246094, 1.0]], "is_left": 0}