{"hand_pts": [[103.47964477539062, 53.67158126831055, 1.0], [97.65406036376953, 83.4871826171875, 1.0], [89.62252044677734, 108.18802642822266, 1.0], [98.08341979980469, 135.95509338378906, 1.0], [114.45182037353516, 164.06314086914062, 1.0], [135.88023376464844, 157.67221069335938, 1.0], [142.34629821777344, 207.18130493164062, 1.0], [151.8369903564453, 236.16046142578125, 1.0], [158.6678009033203, 266.5915222167969, 1.0], [169.44683837890625, 150.3560791015625, 1.0], [188.29417419433594, 209.4332275390625, 1.0], [201.80335998535156, 241.7213897705078, 1.0], [213.29254150390625, 274.1076965332031, 1.0], [195.14413452148438, 139.7748260498047, 1.0], [224.7776336669922, 193.28135681152344, 1.0], [243.5478515625, 218.58306884765625, 1.0], [261.7983093261719, 244.97300720214844, 1.0], [214.5381317138672, 123.35704803466797, 1.0], [246.1787567138672, 153.8888702392578, 1.0], [267.8059387207031, 173.350341796875, 1.0], [288.8511657714844, 194.07711791992188, 1.0]], "is_left": 0}