{"hand_pts": [[76.04904174804688, 299.1036682128906, 1.0], [91.22852325439453, 233.99351501464844, 1.0], [97.60932159423828, 180.1688995361328, 1.0], [145.8184051513672, 159.1736297607422, 1.0], [187.35183715820312, 162.11749267578125, 1.0], [123.83245086669922, 197.13526916503906, 1.0], [151.65692138671875, 146.80702209472656, 1.0], [180.966796875, 109.39891815185547, 1.0], [212.57618713378906, 82.85244750976562, 1.0], [146.58084106445312, 221.39031982421875, 1.0], [202.61666870117188, 157.2826385498047, 1.0], [209.9366455078125, 145.35496520996094, 1.0], [187.01158142089844, 166.77931213378906, 1.0], [165.89523315429688, 239.15682983398438, 1.0], [234.80555725097656, 203.47756958007812, 1.0], [257.5008850097656, 178.56578063964844, 1.0], [247.71470642089844, 170.06089782714844, 1.0], [179.75384521484375, 259.0782470703125, 1.0], [215.42138671875, 234.68954467773438, 1.0], [214.71829223632812, 229.20559692382812, 1.0], [179.4202880859375, 244.25775146484375, 1.0]], "is_left": 0}