{"hand_pts": [[207.6649932861328, 120.98532104492188, 1.0], [160.5597381591797, 108.66903686523438, 1.0], [119.82464599609375, 82.33284759521484, 1.0], [120.52851867675781, 85.32914733886719, 1.0], [148.16249084472656, 106.8433837890625, 1.0], [125.48677062988281, 181.8037109375, 1.0], [113.5172348022461, 189.666748046875, 1.0], [125.25196075439453, 173.7650909423828, 1.0], [150.6851806640625, 145.15487670898438, 1.0], [170.92221069335938, 200.6067657470703, 1.0], [165.37208557128906, 219.26304626464844, 1.0], [178.5335693359375, 187.9564208984375, 1.0], [193.02626037597656, 149.18505859375, 1.0], [209.6847381591797, 208.36134338378906, 1.0], [202.42434692382812, 262.191162109375, 1.0], [204.58970642089844, 269.3492126464844, 1.0], [206.38754272460938, 279.33526611328125, 1.0], [247.5312042236328, 208.41287231445312, 1.0], [270.8854675292969, 210.15347290039062, 1.0], [286.7971496582031, 202.10116577148438, 1.0], [296.3977355957031, 177.3287811279297, 1.0]], "is_left": 0}