{"hand_pts": [[83.76544189453125, 206.7812957763672, 1.0], [126.36798095703125, 150.64173889160156, 1.0], [163.24630737304688, 100.6958999633789, 1.0], [190.1690673828125, 71.6519546508789, 1.0], [208.77206420898438, 57.86923599243164, 1.0], [192.2506866455078, 187.71701049804688, 1.0], [239.03414916992188, 177.2742156982422, 1.0], [257.1248779296875, 160.03221130371094, 1.0], [274.22686767578125, 145.1013946533203, 1.0], [163.6789093017578, 218.52737426757812, 1.0], [211.8238067626953, 213.0094451904297, 1.0], [227.704345703125, 188.33721923828125, 1.0], [241.1748809814453, 164.0017547607422, 1.0], [135.6980438232422, 235.8971710205078, 1.0], [172.81985473632812, 235.6575164794922, 1.0], [181.67324829101562, 213.65545654296875, 1.0], [187.4457244873047, 188.18173217773438, 1.0], [104.03287506103516, 248.5216064453125, 1.0], [116.76300048828125, 247.8034210205078, 1.0], [121.45234680175781, 233.88600158691406, 1.0], [124.85575103759766, 209.4934844970703, 1.0]], "is_left": 0}