{"hand_pts": [[333.9814453125, 115.07896423339844, 1.0], [264.80120849609375, 99.30471801757812, 1.0], [228.848876953125, 85.73219299316406, 1.0], [181.5482635498047, 107.26069641113281, 1.0], [182.49920654296875, 130.7998809814453, 1.0], [211.94432067871094, 168.15884399414062, 1.0], [150.3001708984375, 186.40843200683594, 1.0], [116.02499389648438, 174.74122619628906, 1.0], [128.26226806640625, 152.30697631835938, 1.0], [226.53561401367188, 194.56619262695312, 1.0], [157.06231689453125, 192.70408630371094, 1.0], [126.15618896484375, 171.63185119628906, 1.0], [106.1635971069336, 143.726806640625, 1.0], [237.08140563964844, 209.57806396484375, 1.0], [192.64947509765625, 267.64715576171875, 1.0], [154.00228881835938, 281.4912109375, 1.0], [115.10942840576172, 289.3511047363281, 1.0], [252.2104949951172, 216.7701873779297, 1.0], [219.9658660888672, 221.73497009277344, 1.0], [214.42771911621094, 192.94927978515625, 1.0], [235.67176818847656, 170.90826416015625, 1.0]], "is_left": 0}