{"hand_pts": [[285.78472900390625, 213.83470153808594, 1.0], [241.62962341308594, 246.8817901611328, 1.0], [227.15650939941406, 289.7639465332031, 1.0], [184.1309051513672, 288.7447509765625, 1.0], [141.63827514648438, 269.1318359375, 1.0], [239.55030822753906, 200.6481170654297, 1.0], [172.9055938720703, 225.49142456054688, 1.0], [159.6015625, 243.5052490234375, 1.0], [185.95057678222656, 243.536376953125, 1.0], [239.62802124023438, 161.2051239013672, 1.0], [216.99069213867188, 129.6697235107422, 1.0], [182.71337890625, 121.39998626708984, 1.0], [136.8611297607422, 138.49154663085938, 1.0], [234.310546875, 134.3463134765625, 1.0], [157.95008850097656, 158.13369750976562, 1.0], [122.94419860839844, 182.3998260498047, 1.0], [137.72738647460938, 207.5490264892578, 1.0], [230.11245727539062, 114.5611801147461, 1.0], [189.4241943359375, 92.09783935546875, 1.0], [152.85272216796875, 98.29341888427734, 1.0], [145.07272338867188, 132.55787658691406, 1.0]], "is_left": 0}