{"hand_pts": [[86.37117004394531, 194.28782653808594, 1.0], [159.18624877929688, 213.68516540527344, 1.0], [216.5635528564453, 240.95797729492188, 1.0], [258.92425537109375, 266.43780517578125, 1.0], [249.50747680664062, 276.01287841796875, 1.0], [210.3052520751953, 165.0308837890625, 1.0], [237.57972717285156, 180.681640625, 1.0], [241.91595458984375, 201.99380493164062, 1.0], [249.8281707763672, 218.3199005126953, 1.0], [170.04714965820312, 149.90884399414062, 1.0], [196.7539520263672, 175.07167053222656, 1.0], [208.47845458984375, 200.18165588378906, 1.0], [222.61134338378906, 218.50103759765625, 1.0], [135.84890747070312, 143.6139678955078, 1.0], [149.5015411376953, 135.52134704589844, 1.0], [155.3556671142578, 155.9344024658203, 1.0], [159.41543579101562, 186.68287658691406, 1.0], [98.94497680664062, 142.4397430419922, 1.0], [96.1998291015625, 127.5430908203125, 1.0], [104.55077362060547, 135.22628784179688, 1.0], [123.06272888183594, 160.87762451171875, 1.0]], "is_left": 0}