{"hand_pts": [[277.7818908691406, 277.68988037109375, 1.0], [208.71910095214844, 262.3334045410156, 1.0], [162.38279724121094, 273.5753173828125, 1.0], [132.8234405517578, 234.3482208251953, 1.0], [155.24671936035156, 206.32272338867188, 1.0], [214.56448364257812, 228.4052276611328, 1.0], [160.0231475830078, 186.53240966796875, 1.0], [126.3697280883789, 162.13221740722656, 1.0], [96.17205810546875, 140.22335815429688, 1.0], [246.55760192871094, 209.64425659179688, 1.0], [191.4071502685547, 166.94032287597656, 1.0], [145.63458251953125, 152.65872192382812, 1.0], [132.68255615234375, 163.46835327148438, 1.0], [266.50457763671875, 194.21517944335938, 1.0], [201.66436767578125, 152.42369079589844, 1.0], [168.60438537597656, 145.5709228515625, 1.0], [150.72557067871094, 157.44398498535156, 1.0], [284.30517578125, 183.80514526367188, 1.0], [242.0863037109375, 156.669677734375, 1.0], [217.0354461669922, 159.17221069335938, 1.0], [204.4981231689453, 178.6992645263672, 1.0]], "is_left": 0}