{"hand_pts": [[233.98562622070312, 261.05364990234375, 1.0], [268.0075988769531, 231.06640625, 1.0], [305.55218505859375, 222.61404418945312, 1.0], [303.5428161621094, 201.5988311767578, 1.0], [272.49273681640625, 178.26670837402344, 1.0], [209.4468536376953, 239.16078186035156, 1.0], [202.87310791015625, 217.14820861816406, 1.0], [202.85997009277344, 193.02415466308594, 1.0], [203.25894165039062, 167.10914611816406, 1.0], [171.69837951660156, 232.41346740722656, 1.0], [159.594482421875, 188.51638793945312, 1.0], [169.08956909179688, 150.36231994628906, 1.0], [182.9740753173828, 112.990966796875, 1.0], [147.2130126953125, 221.7412567138672, 1.0], [130.6254425048828, 185.19033813476562, 1.0], [147.51168823242188, 148.79481506347656, 1.0], [165.7711181640625, 113.41709899902344, 1.0], [130.02003479003906, 211.52210998535156, 1.0], [109.42750549316406, 178.85211181640625, 1.0], [106.83056640625, 150.38621520996094, 1.0], [117.0669174194336, 118.6175537109375, 1.0]], "is_left": 0}