{"hand_pts": [[65.98967742919922, 112.595703125, 1.0], [110.25678253173828, 108.23162078857422, 1.0], [147.3863067626953, 66.05618286132812, 1.0], [208.52076721191406, 62.08009719848633, 1.0], [266.009033203125, 70.15694427490234, 1.0], [105.49488830566406, 197.04830932617188, 1.0], [164.00180053710938, 212.77195739746094, 1.0], [207.45045471191406, 218.3214874267578, 1.0], [255.6801300048828, 202.7615966796875, 1.0], [107.0956039428711, 223.05821228027344, 1.0], [201.0599365234375, 215.82379150390625, 1.0], [192.22413635253906, 169.80148315429688, 1.0], [145.66017150878906, 150.44573974609375, 1.0], [114.66681671142578, 236.78468322753906, 1.0], [199.0915069580078, 256.0320739746094, 1.0], [234.05581665039062, 221.8336181640625, 1.0], [237.63587951660156, 177.57525634765625, 1.0], [121.49044799804688, 240.6574249267578, 1.0], [177.97793579101562, 248.23272705078125, 1.0], [209.68759155273438, 223.5435333251953, 1.0], [228.41700744628906, 185.66754150390625, 1.0]], "is_left": 0}