{"hand_pts": [[10.450736999511719, 148.42300415039062, 1.0], [79.44824981689453, 136.26025390625, 1.0], [127.84330749511719, 121.7828369140625, 1.0], [181.1016082763672, 117.51834869384766, 1.0], [214.9786376953125, 123.82205200195312, 1.0], [148.10650634765625, 210.89686584472656, 1.0], [213.89480590820312, 211.67922973632812, 1.0], [240.28514099121094, 184.11273193359375, 1.0], [251.58895874023438, 149.81007385253906, 1.0], [133.06057739257812, 222.4773712158203, 1.0], [208.8551483154297, 231.59466552734375, 1.0], [241.84222412109375, 201.39283752441406, 1.0], [254.7180633544922, 160.17843627929688, 1.0], [120.56200408935547, 223.61572265625, 1.0], [186.77035522460938, 225.99209594726562, 1.0], [207.54864501953125, 192.48785400390625, 1.0], [212.69815063476562, 152.3317108154297, 1.0], [102.44982147216797, 217.79286193847656, 1.0], [143.30508422851562, 219.49391174316406, 1.0], [166.54698181152344, 197.55165100097656, 1.0], [174.26153564453125, 162.52268981933594, 1.0]], "is_left": 0}