{"hand_pts": [[255.7578887939453, 133.22763061523438, 1.0], [199.66481018066406, 190.3844451904297, 1.0], [164.84754943847656, 252.79989624023438, 1.0], [112.91348266601562, 261.4208679199219, 1.0], [99.122314453125, 216.1942138671875, 1.0], [243.99110412597656, 250.73593139648438, 1.0], [172.0065155029297, 255.5946807861328, 1.0], [132.56211853027344, 223.366943359375, 1.0], [138.1176300048828, 194.85202026367188, 1.0], [266.7624206542969, 211.89300537109375, 1.0], [186.9928436279297, 204.21299743652344, 1.0], [138.7237548828125, 178.42996215820312, 1.0], [147.2624969482422, 168.43470764160156, 1.0], [275.64404296875, 176.931640625, 1.0], [212.38868713378906, 161.29493713378906, 1.0], [164.31723022460938, 141.17308044433594, 1.0], [160.12789916992188, 137.9266357421875, 1.0], [279.7210388183594, 139.15176391601562, 1.0], [235.7726593017578, 109.81098937988281, 1.0], [196.87376403808594, 97.92463684082031, 1.0], [197.241943359375, 110.89773559570312, 1.0]], "is_left": 0}