{"hand_pts": [[39.683780670166016, 163.35939025878906, 1.0], [111.0693359375, 179.41197204589844, 1.0], [169.43727111816406, 199.2442626953125, 1.0], [223.60211181640625, 215.0531463623047, 1.0], [274.1905822753906, 228.3516845703125, 1.0], [172.79209899902344, 139.05899047851562, 1.0], [226.82473754882812, 178.73878479003906, 1.0], [198.91798400878906, 199.2703094482422, 1.0], [167.9840087890625, 215.27236938476562, 1.0], [150.17471313476562, 136.3184051513672, 1.0], [211.02407836914062, 152.93017578125, 1.0], [242.9502410888672, 184.4910430908203, 1.0], [247.0305633544922, 219.6301727294922, 1.0], [131.86756896972656, 140.2470245361328, 1.0], [180.77244567871094, 179.96975708007812, 1.0], [182.357421875, 213.45950317382812, 1.0], [162.6813201904297, 227.9776153564453, 1.0], [108.92521667480469, 147.54681396484375, 1.0], [139.694091796875, 146.49139404296875, 1.0], [160.62901306152344, 171.25677490234375, 1.0], [183.9246368408203, 196.92039489746094, 1.0]], "is_left": 0}