{"hand_pts": [[34.279720306396484, 185.29733276367188, 1.0], [69.45801544189453, 221.9139862060547, 1.0], [69.0930404663086, 265.4493408203125, 1.0], [94.8687515258789, 240.8442840576172, 1.0], [109.9501953125, 190.3177947998047, 1.0], [174.1885223388672, 240.2437744140625, 1.0], [234.93275451660156, 229.356201171875, 1.0], [249.82546997070312, 209.3699951171875, 1.0], [235.6565399169922, 185.84963989257812, 1.0], [181.38153076171875, 201.09494018554688, 1.0], [260.105712890625, 220.99191284179688, 1.0], [239.27496337890625, 207.32923889160156, 1.0], [191.6409454345703, 197.35931396484375, 1.0], [181.2591552734375, 167.8363800048828, 1.0], [239.78765869140625, 158.08895874023438, 1.0], [237.45555114746094, 149.53695678710938, 1.0], [205.64430236816406, 145.74700927734375, 1.0], [171.02891540527344, 135.94544982910156, 1.0], [195.3721923828125, 105.00167846679688, 1.0], [180.13644409179688, 96.12931823730469, 1.0], [145.27418518066406, 118.19038391113281, 1.0]], "is_left": 0}