{"hand_pts": [[55.64372253417969, 189.86888122558594, 1.0], [137.56068420410156, 176.9489288330078, 1.0], [202.74130249023438, 162.54385375976562, 1.0], [230.5537567138672, 135.72332763671875, 1.0], [220.79747009277344, 119.47966003417969, 1.0], [196.71205139160156, 244.0848388671875, 1.0], [250.01513671875, 240.44862365722656, 1.0], [266.2108154296875, 205.90797424316406, 1.0], [251.17210388183594, 165.4460906982422, 1.0], [160.4718017578125, 246.16915893554688, 1.0], [216.749267578125, 233.37139892578125, 1.0], [225.79225158691406, 185.02101135253906, 1.0], [225.7769012451172, 139.88998413085938, 1.0], [131.82530212402344, 239.5577850341797, 1.0], [167.26556396484375, 193.3834228515625, 1.0], [165.5160675048828, 150.85012817382812, 1.0], [151.8721923828125, 123.32044219970703, 1.0], [100.58226013183594, 227.772216796875, 1.0], [116.79762268066406, 195.7226104736328, 1.0], [120.82363891601562, 161.1761016845703, 1.0], [115.40604400634766, 145.62571716308594, 1.0]], "is_left": 0}