{"hand_pts": [[69.40624237060547, 128.88766479492188, 1.0], [82.62398529052734, 183.4794158935547, 1.0], [77.18555450439453, 239.3395233154297, 1.0], [111.60079193115234, 252.97401428222656, 1.0], [138.034912109375, 210.451171875, 1.0], [163.56874084472656, 223.7012939453125, 1.0], [218.26272583007812, 247.43833923339844, 1.0], [213.48507690429688, 237.4324951171875, 1.0], [202.56130981445312, 223.697509765625, 1.0], [182.2319793701172, 189.65440368652344, 1.0], [250.541015625, 209.65553283691406, 1.0], [272.8393249511719, 218.994140625, 1.0], [252.75650024414062, 218.3916473388672, 1.0], [192.4067840576172, 160.83657836914062, 1.0], [217.1303253173828, 143.86012268066406, 1.0], [178.17608642578125, 134.92031860351562, 1.0], [139.42271423339844, 133.3003387451172, 1.0], [193.81082153320312, 130.59898376464844, 1.0], [208.17852783203125, 107.97245788574219, 1.0], [188.78884887695312, 97.98233795166016, 1.0], [153.2457733154297, 106.98932647705078, 1.0]], "is_left": 0}