{"hand_pts": [[143.70556640625, 28.871580123901367, 1.0], [126.72916412353516, 86.6903305053711, 1.0], [103.04621124267578, 130.41073608398438, 1.0], [101.21320343017578, 178.5410919189453, 1.0], [119.5726089477539, 215.84609985351562, 1.0], [170.16209411621094, 141.16903686523438, 1.0], [176.94825744628906, 200.19081115722656, 1.0], [172.31129455566406, 235.78720092773438, 1.0], [163.48110961914062, 262.7314453125, 1.0], [192.48968505859375, 129.0724334716797, 1.0], [210.32772827148438, 196.62290954589844, 1.0], [201.40579223632812, 236.31410217285156, 1.0], [188.53831481933594, 270.799560546875, 1.0], [206.47154235839844, 119.45431518554688, 1.0], [223.9169921875, 183.6917266845703, 1.0], [213.4820556640625, 213.49632263183594, 1.0], [197.5933837890625, 237.6930694580078, 1.0], [215.16050720214844, 104.98974609375, 1.0], [234.38490295410156, 144.14382934570312, 1.0], [231.50787353515625, 173.08665466308594, 1.0], [214.83311462402344, 195.8189697265625, 1.0]], "is_left": 0}