{"hand_pts": [[345.5507507324219, 154.04493713378906, 1.0], [295.60028076171875, 200.6466064453125, 1.0], [269.9771423339844, 247.77813720703125, 1.0], [227.73927307128906, 272.85400390625, 1.0], [183.05165100097656, 271.3094482421875, 1.0], [240.60128784179688, 200.18800354003906, 1.0], [182.9719696044922, 217.9838409423828, 1.0], [145.66087341308594, 227.9286651611328, 1.0], [115.23243713378906, 234.44418334960938, 1.0], [239.56924438476562, 164.93020629882812, 1.0], [167.78610229492188, 178.1194305419922, 1.0], [127.5466079711914, 191.25079345703125, 1.0], [95.00396728515625, 204.56112670898438, 1.0], [238.35238647460938, 138.49343872070312, 1.0], [177.8402557373047, 136.8229217529297, 1.0], [138.75205993652344, 144.46749877929688, 1.0], [103.57528686523438, 155.04164123535156, 1.0], [242.87159729003906, 114.48619079589844, 1.0], [195.92344665527344, 114.93325805664062, 1.0], [166.95333862304688, 121.239501953125, 1.0], [149.54891967773438, 136.1888885498047, 1.0]], "is_left": 0}