{"hand_pts": [[154.35104370117188, 186.70591735839844, 1.0], [169.46664428710938, 226.90032958984375, 1.0], [168.32872009277344, 276.62310791015625, 1.0], [197.8329620361328, 288.3569641113281, 1.0], [232.12060546875, 278.4194641113281, 1.0], [135.59046936035156, 209.04624938964844, 1.0], [155.8564910888672, 234.33226013183594, 1.0], [177.2255859375, 250.1683807373047, 1.0], [206.3935089111328, 263.6737365722656, 1.0], [142.0319366455078, 173.02220153808594, 1.0], [190.65933227539062, 160.99522399902344, 1.0], [231.6146240234375, 162.74526977539062, 1.0], [265.86309814453125, 177.8059844970703, 1.0], [153.50144958496094, 146.63406372070312, 1.0], [152.91554260253906, 142.80349731445312, 1.0], [168.15658569335938, 147.68478393554688, 1.0], [199.19430541992188, 163.29519653320312, 1.0], [166.97206115722656, 124.05220031738281, 1.0], [177.5299072265625, 94.62440490722656, 1.0], [193.82025146484375, 82.95594787597656, 1.0], [215.1873016357422, 80.05258178710938, 1.0]], "is_left": 0}