{"hand_pts": [[88.19943237304688, 275.3994445800781, 1.0], [148.01988220214844, 233.3757781982422, 1.0], [205.09280395507812, 211.93008422851562, 1.0], [242.31842041015625, 197.44346618652344, 1.0], [269.111083984375, 186.68284606933594, 1.0], [135.43951416015625, 158.270263671875, 1.0], [206.50559997558594, 152.693603515625, 1.0], [234.41452026367188, 181.16754150390625, 1.0], [239.50587463378906, 215.16726684570312, 1.0], [115.07051849365234, 174.71861267089844, 1.0], [141.27316284179688, 114.15170288085938, 1.0], [192.06573486328125, 125.84590148925781, 1.0], [239.7030029296875, 133.87806701660156, 1.0], [105.18893432617188, 192.8721923828125, 1.0], [165.51785278320312, 183.1598663330078, 1.0], [208.5613555908203, 196.64675903320312, 1.0], [243.59474182128906, 218.86068725585938, 1.0], [97.00688171386719, 216.83514404296875, 1.0], [118.2755126953125, 201.36643981933594, 1.0], [155.75779724121094, 202.92161560058594, 1.0], [179.98353576660156, 215.98504638671875, 1.0]], "is_left": 0}