{"hand_pts": [[139.8059539794922, 311.92333984375, 1.0], [196.60134887695312, 273.6935729980469, 1.0], [255.7019805908203, 264.4800720214844, 1.0], [299.508056640625, 245.557861328125, 1.0], [289.32989501953125, 227.021728515625, 1.0], [176.71920776367188, 207.59840393066406, 1.0], [195.7261505126953, 159.60633850097656, 1.0], [221.30255126953125, 148.93638610839844, 1.0], [244.6026153564453, 135.01620483398438, 1.0], [143.8983612060547, 207.29257202148438, 1.0], [163.3274383544922, 153.94017028808594, 1.0], [197.9670867919922, 158.06832885742188, 1.0], [229.77609252929688, 155.87652587890625, 1.0], [122.51725769042969, 209.5374298095703, 1.0], [131.5515899658203, 155.3985137939453, 1.0], [161.26438903808594, 142.5532684326172, 1.0], [193.97805786132812, 138.43670654296875, 1.0], [104.39107513427734, 218.2902374267578, 1.0], [94.00947570800781, 182.77076721191406, 1.0], [113.9205093383789, 163.72677612304688, 1.0], [145.17245483398438, 150.9478302001953, 1.0]], "is_left": 0}