{"hand_pts": [[282.42254638671875, 170.0404510498047, 1.0], [276.1125793457031, 193.21066284179688, 1.0], [295.0120849609375, 194.4927978515625, 1.0], [259.49365234375, 214.7780303955078, 1.0], [229.194091796875, 221.72457885742188, 1.0], [230.70645141601562, 152.5688934326172, 1.0], [205.81556701660156, 140.71470642089844, 1.0], [182.73040771484375, 163.8229217529297, 1.0], [159.4898223876953, 184.88381958007812, 1.0], [206.50804138183594, 145.0677490234375, 1.0], [149.13648986816406, 163.88633728027344, 1.0], [161.106689453125, 199.7596435546875, 1.0], [188.22877502441406, 219.38943481445312, 1.0], [188.58267211914062, 145.48049926757812, 1.0], [132.73687744140625, 173.4777374267578, 1.0], [106.18917083740234, 197.92938232421875, 1.0], [83.62621307373047, 224.53065490722656, 1.0], [177.00498962402344, 149.46827697753906, 1.0], [144.6993408203125, 177.6856689453125, 1.0], [144.82835388183594, 206.1199493408203, 1.0], [172.28118896484375, 219.48995971679688, 1.0]], "is_left": 0}