{"hand_pts": [[115.17184448242188, 44.41984558105469, 1.0], [104.31853485107422, 115.3176498413086, 1.0], [74.26087188720703, 164.41482543945312, 1.0], [74.39641571044922, 213.6186981201172, 1.0], [101.69590759277344, 225.4838104248047, 1.0], [152.8755645751953, 161.3795928955078, 1.0], [160.2561492919922, 215.16375732421875, 1.0], [150.95907592773438, 217.11874389648438, 1.0], [137.83982849121094, 182.33087158203125, 1.0], [185.27174377441406, 140.37799072265625, 1.0], [205.05792236328125, 206.4061737060547, 1.0], [190.40003967285156, 220.30836486816406, 1.0], [169.8003692626953, 222.09271240234375, 1.0], [208.69036865234375, 124.7777328491211, 1.0], [261.53961181640625, 172.83522033691406, 1.0], [260.2043762207031, 200.76646423339844, 1.0], [245.17160034179688, 217.9000701904297, 1.0], [225.4672088623047, 105.67131042480469, 1.0], [247.52049255371094, 147.43577575683594, 1.0], [260.63214111328125, 176.43458557128906, 1.0], [244.58473205566406, 193.9429473876953, 1.0]], "is_left": 0}