{"hand_pts": [[248.2028350830078, 262.8925476074219, 1.0], [183.19351196289062, 225.59645080566406, 1.0], [127.57648468017578, 196.08831787109375, 1.0], [83.92041778564453, 173.26646423339844, 1.0], [92.96620178222656, 177.98788452148438, 1.0], [203.60369873046875, 149.9326934814453, 1.0], [174.00437927246094, 129.25709533691406, 1.0], [142.97793579101562, 151.98072814941406, 1.0], [126.98493194580078, 185.06105041503906, 1.0], [234.9691925048828, 166.86672973632812, 1.0], [234.0791015625, 108.3065414428711, 1.0], [190.53054809570312, 126.86199188232422, 1.0], [151.44796752929688, 149.1561279296875, 1.0], [253.38352966308594, 185.66249084472656, 1.0], [218.28773498535156, 198.32000732421875, 1.0], [186.9560546875, 225.64076232910156, 1.0], [159.75204467773438, 252.69125366210938, 1.0], [268.4818420410156, 209.7499237060547, 1.0], [254.5137481689453, 215.0137176513672, 1.0], [225.57972717285156, 228.95538330078125, 1.0], [194.3658905029297, 243.3655548095703, 1.0]], "is_left": 0,"label":3}