{"hand_pts": [[66.64338684082031, 70.2054443359375, 1.0], [82.92784118652344, 145.91436767578125, 1.0], [65.30961608886719, 202.1545867919922, 1.0], [107.63847351074219, 246.6842803955078, 1.0], [155.11898803710938, 237.38140869140625, 1.0], [139.74342346191406, 175.24815368652344, 1.0], [185.02110290527344, 230.8928985595703, 1.0], [183.7167205810547, 235.6343994140625, 1.0], [158.7767333984375, 209.2332000732422, 1.0], [166.53404235839844, 147.91400146484375, 1.0], [233.56045532226562, 207.23472595214844, 1.0], [225.85252380371094, 220.89144897460938, 1.0], [184.79685974121094, 201.49403381347656, 1.0], [187.13766479492188, 128.86380004882812, 1.0], [257.2381896972656, 176.23312377929688, 1.0], [246.60438537597656, 187.38525390625, 1.0], [205.80421447753906, 175.92007446289062, 1.0], [200.4095458984375, 108.26358032226562, 1.0], [244.8132781982422, 129.78713989257812, 1.0], [227.02066040039062, 137.30520629882812, 1.0], [184.94442749023438, 129.32992553710938, 1.0]], "is_left": 0}