{"hand_pts": [[309.6872253417969, 209.5299072265625, 1.0], [241.901611328125, 200.00833129882812, 1.0], [197.48829650878906, 216.3914031982422, 1.0], [154.16578674316406, 236.70814514160156, 1.0], [139.39453125, 253.88674926757812, 1.0], [211.2198028564453, 153.95639038085938, 1.0], [154.1770477294922, 147.58306884765625, 1.0], [117.9718246459961, 162.78421020507812, 1.0], [83.10272979736328, 175.15338134765625, 1.0], [231.3004150390625, 165.63890075683594, 1.0], [189.75843811035156, 138.2820587158203, 1.0], [148.21002197265625, 144.79193115234375, 1.0], [111.948974609375, 163.9379119873047, 1.0], [244.68353271484375, 180.0894317626953, 1.0], [201.28875732421875, 159.43670654296875, 1.0], [170.57550048828125, 181.4000244140625, 1.0], [165.30462646484375, 204.41436767578125, 1.0], [260.10833740234375, 197.4440460205078, 1.0], [238.1647186279297, 194.7489471435547, 1.0], [216.07223510742188, 197.27590942382812, 1.0], [190.5265655517578, 210.8696746826172, 1.0]], "is_left": 0}