{"hand_pts": [[64.30130767822266, 234.3303985595703, 1.0], [79.64494323730469, 194.24815368652344, 1.0], [65.43733215332031, 156.59963989257812, 1.0], [83.6973648071289, 148.0459747314453, 1.0], [118.6741714477539, 180.5093536376953, 1.0], [145.01058959960938, 154.22720336914062, 1.0], [188.0816192626953, 139.65484619140625, 1.0], [210.0268096923828, 140.0022735595703, 1.0], [233.1403350830078, 139.07701110839844, 1.0], [165.286865234375, 181.39405822753906, 1.0], [217.8063507080078, 162.35928344726562, 1.0], [224.165771484375, 166.2356719970703, 1.0], [230.7003173828125, 169.46217346191406, 1.0], [178.6259765625, 205.5608367919922, 1.0], [225.10745239257812, 212.39581298828125, 1.0], [200.66452026367188, 223.6299285888672, 1.0], [165.4310760498047, 227.78097534179688, 1.0], [184.30038452148438, 231.2311553955078, 1.0], [227.03343200683594, 223.9777069091797, 1.0], [255.98443603515625, 219.03756713867188, 1.0], [274.27447509765625, 211.67874145507812, 1.0]], "is_left": 0}