{"hand_pts": [[53.46723937988281, 153.58111572265625, 1.0], [72.51530456542969, 165.99209594726562, 1.0], [57.43413162231445, 152.7118377685547, 1.0], [87.43115234375, 132.5604705810547, 1.0], [130.5789794921875, 126.33426666259766, 1.0], [148.53367614746094, 223.50717163085938, 1.0], [192.5063018798828, 255.4667510986328, 1.0], [200.2312774658203, 226.2657470703125, 1.0], [177.43772888183594, 199.1283721923828, 1.0], [168.1381072998047, 212.3888397216797, 1.0], [207.5651092529297, 179.09136962890625, 1.0], [189.6273651123047, 143.16241455078125, 1.0], [165.5699462890625, 110.29271697998047, 1.0], [180.40419006347656, 197.77244567871094, 1.0], [248.27081298828125, 224.79449462890625, 1.0], [253.4361114501953, 203.44320678710938, 1.0], [246.4533233642578, 179.24105834960938, 1.0], [184.17117309570312, 179.27005004882812, 1.0], [229.36473083496094, 196.33795166015625, 1.0], [254.825927734375, 198.3285369873047, 1.0], [253.49708557128906, 183.8144073486328, 1.0]], "is_left": 0}