{"hand_pts": [[174.1189727783203, 343.15618896484375, 1.0], [210.42364501953125, 286.4692687988281, 1.0], [232.8743438720703, 247.12411499023438, 1.0], [234.3546600341797, 200.08229064941406, 1.0], [225.12020874023438, 168.51718139648438, 1.0], [155.1594696044922, 205.94728088378906, 1.0], [151.16064453125, 143.44813537597656, 1.0], [170.77444458007812, 110.7296371459961, 1.0], [200.0887451171875, 89.18534088134766, 1.0], [136.27584838867188, 213.76675415039062, 1.0], [158.53314208984375, 145.03839111328125, 1.0], [210.48329162597656, 150.3291778564453, 1.0], [254.71424865722656, 170.5021209716797, 1.0], [129.44517517089844, 222.82369995117188, 1.0], [131.145751953125, 151.8036346435547, 1.0], [175.09983825683594, 139.87689208984375, 1.0], [220.2368621826172, 147.71353149414062, 1.0], [128.3284149169922, 239.3558349609375, 1.0], [158.7898712158203, 214.61058044433594, 1.0], [197.2487030029297, 218.79934692382812, 1.0], [222.26158142089844, 241.8082275390625, 1.0]], "is_left": 0}