{"hand_pts": [[253.39849853515625, 103.13664245605469, 1.0], [236.79400634765625, 97.04096221923828, 1.0], [212.52345275878906, 73.10452270507812, 1.0], [194.79360961914062, 104.62062072753906, 1.0], [196.0872344970703, 151.4818878173828, 1.0], [164.57156372070312, 138.1041259765625, 1.0], [113.94522094726562, 152.6769561767578, 1.0], [115.96422576904297, 173.0423583984375, 1.0], [122.80203247070312, 194.41720581054688, 1.0], [171.94981384277344, 167.693115234375, 1.0], [122.20999145507812, 218.20700073242188, 1.0], [114.06697845458984, 247.91558837890625, 1.0], [106.42036437988281, 277.1426086425781, 1.0], [184.08065795898438, 189.68255615234375, 1.0], [217.025390625, 215.52951049804688, 1.0], [246.64739990234375, 220.17189025878906, 1.0], [279.9856872558594, 216.31939697265625, 1.0], [201.95277404785156, 205.3436737060547, 1.0], [227.83316040039062, 235.3899688720703, 1.0], [249.20896911621094, 210.7117919921875, 1.0], [235.2619171142578, 183.18060302734375, 1.0]], "is_left": 0}