{"hand_pts": [[314.85247802734375, 200.14865112304688, 1.0], [259.23150634765625, 240.5449981689453, 1.0], [226.0354766845703, 290.4702453613281, 1.0], [188.8243865966797, 292.55010986328125, 1.0], [191.4458770751953, 251.7656707763672, 1.0], [162.76806640625, 209.12045288085938, 1.0], [118.50385284423828, 210.9307861328125, 1.0], [144.35911560058594, 218.6206512451172, 1.0], [186.90830993652344, 221.76544189453125, 1.0], [166.4611358642578, 166.43251037597656, 1.0], [130.06927490234375, 159.61463928222656, 1.0], [171.6513671875, 181.14865112304688, 1.0], [210.83070373535156, 198.06785583496094, 1.0], [173.36770629882812, 135.75885009765625, 1.0], [144.62704467773438, 119.15753173828125, 1.0], [183.55308532714844, 141.76637268066406, 1.0], [214.77456665039062, 163.25181579589844, 1.0], [189.22608947753906, 110.95915222167969, 1.0], [179.31533813476562, 95.66549682617188, 1.0], [206.6114959716797, 118.43009948730469, 1.0], [228.68629455566406, 143.61102294921875, 1.0]], "is_left": 0}