{"hand_pts": [[70.51388549804688, 129.38330078125, 1.0], [96.62725830078125, 191.19522094726562, 1.0], [105.13789367675781, 244.25489807128906, 1.0], [134.0682830810547, 250.9301300048828, 1.0], [161.88949584960938, 245.1173095703125, 1.0], [103.48688507080078, 190.47402954101562, 1.0], [137.37539672851562, 207.8861083984375, 1.0], [180.99331665039062, 223.92645263671875, 1.0], [223.83914184570312, 237.39439392089844, 1.0], [120.9106674194336, 154.1095428466797, 1.0], [182.0885772705078, 191.9716796875, 1.0], [222.8756561279297, 219.61026000976562, 1.0], [261.569091796875, 247.45826721191406, 1.0], [139.34469604492188, 128.35801696777344, 1.0], [222.9641876220703, 146.39166259765625, 1.0], [266.9437255859375, 159.17283630371094, 1.0], [262.90789794921875, 170.8493194580078, 1.0], [155.15196228027344, 104.68245697021484, 1.0], [213.56643676757812, 107.30228424072266, 1.0], [232.26344299316406, 121.0138931274414, 1.0], [244.13043212890625, 138.31565856933594, 1.0]], "is_left": 0}