{"hand_pts": [[97.53714752197266, 98.17610931396484, 1.0], [104.64786529541016, 145.1100616455078, 1.0], [95.22445678710938, 191.40972900390625, 1.0], [101.31488037109375, 223.3311309814453, 1.0], [121.92106628417969, 222.91493225097656, 1.0], [187.03269958496094, 206.0640106201172, 1.0], [232.8836669921875, 251.6445770263672, 1.0], [261.6693115234375, 277.7273254394531, 1.0], [290.2484436035156, 303.1006164550781, 1.0], [208.04177856445312, 185.6907196044922, 1.0], [197.6133270263672, 197.0196075439453, 1.0], [154.4601287841797, 174.2053985595703, 1.0], [112.65059661865234, 152.21006774902344, 1.0], [219.76144409179688, 166.42971801757812, 1.0], [226.34451293945312, 170.3912811279297, 1.0], [187.85159301757812, 148.4800262451172, 1.0], [148.27638244628906, 126.42034912109375, 1.0], [222.83425903320312, 142.99639892578125, 1.0], [231.56642150878906, 133.97116088867188, 1.0], [200.17845153808594, 119.97103118896484, 1.0], [181.6637725830078, 122.91789245605469, 1.0]], "is_left": 0}