{"hand_pts": [[265.60028076171875, 167.84141540527344, 1.0], [195.6096954345703, 200.33050537109375, 1.0], [160.98033142089844, 255.2307586669922, 1.0], [127.935302734375, 283.5440979003906, 1.0], [104.35306549072266, 281.5457763671875, 1.0], [220.59255981445312, 223.9371795654297, 1.0], [199.00918579101562, 248.82916259765625, 1.0], [151.7335205078125, 222.88230895996094, 1.0], [105.07757568359375, 201.39683532714844, 1.0], [248.0368194580078, 187.47401428222656, 1.0], [189.35247802734375, 202.496337890625, 1.0], [142.41119384765625, 209.22125244140625, 1.0], [91.80669403076172, 212.80087280273438, 1.0], [261.5802307128906, 155.44984436035156, 1.0], [225.19918823242188, 131.962890625, 1.0], [183.56561279296875, 115.25103759765625, 1.0], [136.60523986816406, 110.75609588623047, 1.0], [271.8371276855469, 124.2093276977539, 1.0], [237.30078125, 82.98838806152344, 1.0], [204.18968200683594, 85.46887969970703, 1.0], [224.9246063232422, 116.61909484863281, 1.0]], "is_left": 0}