{"hand_pts": [[137.09429931640625, 298.183837890625, 1.0], [207.661376953125, 256.84881591796875, 1.0], [270.54388427734375, 230.75778198242188, 1.0], [274.0823974609375, 196.4645233154297, 1.0], [236.71058654785156, 177.2008819580078, 1.0], [223.63954162597656, 246.37969970703125, 1.0], [236.0321807861328, 181.0919952392578, 1.0], [240.42141723632812, 133.70249938964844, 1.0], [237.12750244140625, 90.61953735351562, 1.0], [174.51866149902344, 237.77796936035156, 1.0], [187.83221435546875, 206.9599151611328, 1.0], [201.58465576171875, 172.24359130859375, 1.0], [217.66143798828125, 129.97958374023438, 1.0], [136.16978454589844, 225.8599853515625, 1.0], [145.04598999023438, 140.6283416748047, 1.0], [145.7437744140625, 159.6630096435547, 1.0], [144.94573974609375, 208.38941955566406, 1.0], [99.32179260253906, 216.35769653320312, 1.0], [92.92669677734375, 187.98597717285156, 1.0], [98.14387512207031, 157.40696716308594, 1.0], [109.8704833984375, 123.09728240966797, 1.0]], "is_left": 0}