{"hand_pts": [[75.98223876953125, 300.1322326660156, 1.0], [81.8965072631836, 230.21153259277344, 1.0], [81.75019073486328, 172.4608612060547, 1.0], [115.91522979736328, 135.19944763183594, 1.0], [151.7329864501953, 163.27999877929688, 1.0], [125.83414459228516, 194.3494415283203, 1.0], [152.7141571044922, 136.84751892089844, 1.0], [160.80308532714844, 117.47332763671875, 1.0], [148.39288330078125, 141.1310577392578, 1.0], [156.3316192626953, 223.33056640625, 1.0], [199.41091918945312, 167.37548828125, 1.0], [198.49575805664062, 153.27915954589844, 1.0], [181.01222229003906, 156.05184936523438, 1.0], [180.24032592773438, 244.76148986816406, 1.0], [242.06585693359375, 198.5048370361328, 1.0], [252.41090393066406, 181.02976989746094, 1.0], [239.9764404296875, 175.9023895263672, 1.0], [197.1614227294922, 267.8601989746094, 1.0], [237.84841918945312, 249.06072998046875, 1.0], [263.0949401855469, 221.02239990234375, 1.0], [265.8568420410156, 191.16650390625, 1.0]], "is_left": 0}