{"hand_pts": [[300.4436340332031, 259.80224609375, 1.0], [246.66802978515625, 209.96673583984375, 1.0], [195.87246704101562, 180.84983825683594, 1.0], [158.52157592773438, 173.2267608642578, 1.0], [171.46519470214844, 189.48875427246094, 1.0], [239.70054626464844, 149.085693359375, 1.0], [172.21824645996094, 150.57034301757812, 1.0], [133.23117065429688, 162.5435028076172, 1.0], [116.71612548828125, 189.07386779785156, 1.0], [244.62142944335938, 174.068603515625, 1.0], [175.62261962890625, 150.738037109375, 1.0], [129.48362731933594, 151.80523681640625, 1.0], [87.47725677490234, 154.61341857910156, 1.0], [243.50753784179688, 196.96621704101562, 1.0], [200.7906951904297, 159.18865966796875, 1.0], [172.74383544921875, 173.13833618164062, 1.0], [182.03070068359375, 194.4067840576172, 1.0], [243.53831481933594, 223.16525268554688, 1.0], [194.49154663085938, 232.2967071533203, 1.0], [193.40115356445312, 243.37713623046875, 1.0], [226.9947967529297, 240.1551971435547, 1.0]], "is_left": 0}