{"hand_pts": [[185.10208129882812, 42.26315689086914, 1.0], [197.14080810546875, 114.06489562988281, 1.0], [217.11473083496094, 168.2583770751953, 1.0], [219.25515747070312, 218.27359008789062, 1.0], [207.47756958007812, 251.46141052246094, 1.0], [239.78268432617188, 151.59564208984375, 1.0], [236.3909454345703, 214.07566833496094, 1.0], [206.51336669921875, 243.9616241455078, 1.0], [171.97702026367188, 253.4289093017578, 1.0], [218.84890747070312, 128.76947021484375, 1.0], [217.44821166992188, 189.9347686767578, 1.0], [190.80857849121094, 231.6531982421875, 1.0], [162.87863159179688, 266.6903381347656, 1.0], [196.34671020507812, 112.66557312011719, 1.0], [176.608154296875, 169.65602111816406, 1.0], [147.87451171875, 201.447998046875, 1.0], [125.26587677001953, 213.83934020996094, 1.0], [171.860107421875, 93.96978759765625, 1.0], [141.73770141601562, 126.94417572021484, 1.0], [117.0650863647461, 150.91995239257812, 1.0], [98.53092193603516, 169.724853515625, 1.0]], "is_left": 0}