{"hand_pts": [[323.7689208984375, 196.06590270996094, 1.0], [255.14276123046875, 207.50482177734375, 1.0], [208.70443725585938, 216.20059204101562, 1.0], [157.79098510742188, 199.2419891357422, 1.0], [124.58568572998047, 165.57594299316406, 1.0], [217.39183044433594, 248.3672332763672, 1.0], [153.11294555664062, 220.9520263671875, 1.0], [156.52586364746094, 192.65797424316406, 1.0], [180.3080291748047, 174.26318359375, 1.0], [235.48175048828125, 229.59698486328125, 1.0], [162.71075439453125, 192.15521240234375, 1.0], [120.61013793945312, 161.85597229003906, 1.0], [104.1111068725586, 132.667236328125, 1.0], [247.4865264892578, 209.25430297851562, 1.0], [190.5667266845703, 215.90884399414062, 1.0], [164.08993530273438, 190.03799438476562, 1.0], [151.01907348632812, 166.5782928466797, 1.0], [262.4870910644531, 186.90167236328125, 1.0], [226.63375854492188, 149.7001495361328, 1.0], [205.85189819335938, 122.73473358154297, 1.0], [195.534912109375, 105.00140380859375, 1.0]], "is_left": 0}