{"hand_pts": [[104.49517059326172, 80.00445556640625, 1.0], [103.71710205078125, 122.74046325683594, 1.0], [87.04645538330078, 149.00283813476562, 1.0], [77.58932495117188, 183.8581085205078, 1.0], [89.58745574951172, 233.38003540039062, 1.0], [167.74586486816406, 121.09159851074219, 1.0], [199.14871215820312, 133.15188598632812, 1.0], [200.939697265625, 177.2276153564453, 1.0], [200.11192321777344, 222.91595458984375, 1.0], [182.8726043701172, 124.28052520751953, 1.0], [230.93267822265625, 140.2191162109375, 1.0], [250.91632080078125, 170.032958984375, 1.0], [242.72647094726562, 218.7325439453125, 1.0], [190.12677001953125, 132.80636596679688, 1.0], [219.8039093017578, 193.02818298339844, 1.0], [218.47027587890625, 242.332763671875, 1.0], [218.86183166503906, 291.1891784667969, 1.0], [190.75303649902344, 140.5616455078125, 1.0], [207.3452911376953, 190.92813110351562, 1.0], [200.70700073242188, 233.46620178222656, 1.0], [178.2081298828125, 268.1974182128906, 1.0]], "is_left": 0}