{"hand_pts": [[202.75851440429688, 261.0525207519531, 1.0], [169.181884765625, 249.669189453125, 1.0], [120.66251373291016, 259.26837158203125, 1.0], [78.42530822753906, 246.24932861328125, 1.0], [53.038055419921875, 212.0995330810547, 1.0], [222.09963989257812, 224.73623657226562, 1.0], [167.1599884033203, 202.3532257080078, 1.0], [127.31578826904297, 190.33587646484375, 1.0], [107.01013946533203, 196.49642944335938, 1.0], [245.76165771484375, 205.13107299804688, 1.0], [226.07281494140625, 161.7071533203125, 1.0], [183.64962768554688, 157.7283172607422, 1.0], [179.10340881347656, 181.43431091308594, 1.0], [257.3048400878906, 188.6085968017578, 1.0], [247.19537353515625, 128.3041534423828, 1.0], [209.9349822998047, 121.4704818725586, 1.0], [174.00535583496094, 112.92205810546875, 1.0], [262.7738037109375, 176.49642944335938, 1.0], [241.98255920410156, 140.94956970214844, 1.0], [214.76622009277344, 143.741943359375, 1.0], [210.24363708496094, 175.2525177001953, 1.0]], "is_left": 0}