{"hand_pts": [[252.74827575683594, 254.24488830566406, 1.0], [189.16551208496094, 243.5535888671875, 1.0], [128.86282348632812, 236.1302947998047, 1.0], [94.99616241455078, 226.17398071289062, 1.0], [84.8884506225586, 216.25123596191406, 1.0], [180.41104125976562, 173.69964599609375, 1.0], [146.1752471923828, 146.1151123046875, 1.0], [124.76531982421875, 146.2774200439453, 1.0], [106.31315612792969, 151.43707275390625, 1.0], [220.03158569335938, 178.75473022460938, 1.0], [189.6615447998047, 148.2853240966797, 1.0], [163.6375732421875, 153.43148803710938, 1.0], [138.83787536621094, 164.7181396484375, 1.0], [249.20053100585938, 189.4298095703125, 1.0], [230.4391326904297, 164.31167602539062, 1.0], [210.3941650390625, 172.4641876220703, 1.0], [188.90487670898438, 188.07774353027344, 1.0], [276.58251953125, 205.5206756591797, 1.0], [271.60076904296875, 196.3872833251953, 1.0], [258.1367492675781, 202.22579956054688, 1.0], [236.46778869628906, 216.45831298828125, 1.0]], "is_left": 0}