{"hand_pts": [[229.77557373046875, 149.03762817382812, 1.0], [168.8397216796875, 145.296630859375, 1.0], [101.21820831298828, 140.3887176513672, 1.0], [81.47041320800781, 135.0764923095703, 1.0], [123.7961654663086, 134.701416015625, 1.0], [142.02734375, 213.75912475585938, 1.0], [117.07683563232422, 207.20654296875, 1.0], [122.3329849243164, 176.72535705566406, 1.0], [141.28041076660156, 145.48545837402344, 1.0], [187.71717834472656, 223.2826385498047, 1.0], [172.3225555419922, 231.9550323486328, 1.0], [171.0252685546875, 195.8458709716797, 1.0], [173.52574157714844, 158.14822387695312, 1.0], [224.21849060058594, 224.26609802246094, 1.0], [234.1572265625, 219.59158325195312, 1.0], [235.03134155273438, 184.0481719970703, 1.0], [229.35816955566406, 157.51724243164062, 1.0], [259.5396423339844, 218.72303771972656, 1.0], [277.0599365234375, 214.2794952392578, 1.0], [276.6200866699219, 189.24197387695312, 1.0], [261.4417724609375, 162.3550262451172, 1.0]], "is_left": 0}