{"hand_pts": [[179.3387908935547, 346.0188903808594, 1.0], [185.8917999267578, 274.62286376953125, 1.0], [171.96975708007812, 233.4417724609375, 1.0], [208.07772827148438, 187.96449279785156, 1.0], [236.36752319335938, 199.516845703125, 1.0], [107.12828826904297, 172.60720825195312, 1.0], [151.99952697753906, 112.59671783447266, 1.0], [200.38011169433594, 140.71627807617188, 1.0], [218.32115173339844, 190.84146118164062, 1.0], [108.01568603515625, 178.56350708007812, 1.0], [159.9186553955078, 103.38826751708984, 1.0], [206.45314025878906, 146.79176330566406, 1.0], [195.62510681152344, 198.76805114746094, 1.0], [118.61701965332031, 186.3383331298828, 1.0], [185.82984924316406, 136.85855102539062, 1.0], [222.9000244140625, 178.5415802001953, 1.0], [209.88079833984375, 220.7780303955078, 1.0], [136.0149383544922, 204.11045837402344, 1.0], [187.1680145263672, 185.77711486816406, 1.0], [217.66566467285156, 215.41908264160156, 1.0], [195.12594604492188, 239.91079711914062, 1.0]], "is_left": 0}