{"hand_pts": [[260.2988586425781, 67.12226867675781, 1.0], [189.58641052246094, 85.32404327392578, 1.0], [122.91541290283203, 84.2942123413086, 1.0], [97.0368423461914, 109.48638916015625, 1.0], [94.96099090576172, 138.46115112304688, 1.0], [179.14691162109375, 174.17913818359375, 1.0], [154.734375, 224.45547485351562, 1.0], [136.64523315429688, 203.89578247070312, 1.0], [133.7888946533203, 167.48550415039062, 1.0], [216.3706512451172, 179.70156860351562, 1.0], [200.79769897460938, 248.6116943359375, 1.0], [164.53048706054688, 244.24803161621094, 1.0], [133.420654296875, 219.58071899414062, 1.0], [242.7728271484375, 177.76412963867188, 1.0], [249.2217254638672, 241.07427978515625, 1.0], [216.13327026367188, 226.97042846679688, 1.0], [183.42373657226562, 217.02471923828125, 1.0], [268.1596374511719, 167.4243927001953, 1.0], [267.2772216796875, 190.17018127441406, 1.0], [241.16737365722656, 173.82452392578125, 1.0], [210.33741760253906, 153.82432556152344, 1.0]], "is_left": 0}