{"hand_pts": [[48.855918884277344, 231.89634704589844, 1.0], [112.93297576904297, 252.66912841796875, 1.0], [161.6688232421875, 282.2922058105469, 1.0], [210.0493927001953, 281.95025634765625, 1.0], [227.65516662597656, 240.346435546875, 1.0], [183.73086547851562, 205.5696563720703, 1.0], [244.84397888183594, 194.9730224609375, 1.0], [275.3622741699219, 192.59877014160156, 1.0], [282.2876281738281, 195.3963165283203, 1.0], [166.5803985595703, 172.51930236816406, 1.0], [215.09402465820312, 155.80776977539062, 1.0], [195.58462524414062, 181.34786987304688, 1.0], [167.6635284423828, 209.4713592529297, 1.0], [150.94996643066406, 149.31532287597656, 1.0], [197.7976531982422, 118.6339111328125, 1.0], [194.69049072265625, 135.27760314941406, 1.0], [169.49562072753906, 167.01707458496094, 1.0], [129.33688354492188, 132.34619140625, 1.0], [136.9055633544922, 112.7799301147461, 1.0], [123.4496078491211, 136.02468872070312, 1.0], [111.55207061767578, 164.24942016601562, 1.0]], "is_left": 0}