{"hand_pts": [[209.344970703125, 313.6807861328125, 1.0], [152.9711456298828, 256.1959533691406, 1.0], [90.63491821289062, 218.456298828125, 1.0], [58.68968200683594, 194.55149841308594, 1.0], [75.53888702392578, 199.025146484375, 1.0], [182.00148010253906, 165.4126739501953, 1.0], [165.67984008789062, 118.9071273803711, 1.0], [145.42259216308594, 149.9499969482422, 1.0], [140.39935302734375, 190.18853759765625, 1.0], [219.1145782470703, 186.7821502685547, 1.0], [207.83299255371094, 144.15679931640625, 1.0], [174.05604553222656, 159.24932861328125, 1.0], [142.00437927246094, 183.26246643066406, 1.0], [242.2708740234375, 208.1344451904297, 1.0], [258.24237060546875, 147.0059356689453, 1.0], [244.00657653808594, 122.09122467041016, 1.0], [225.27090454101562, 101.92768096923828, 1.0], [260.3160705566406, 235.46453857421875, 1.0], [259.288818359375, 220.33154296875, 1.0], [228.67088317871094, 232.56723022460938, 1.0], [214.26296997070312, 246.82647705078125, 1.0]], "is_left": 0}