{"hand_pts": [[344.4636535644531, 140.63946533203125, 1.0], [281.1998291015625, 139.3308868408203, 1.0], [248.73355102539062, 127.05030822753906, 1.0], [206.23126220703125, 106.50494384765625, 1.0], [174.62551879882812, 90.10580444335938, 1.0], [221.81776428222656, 210.7208709716797, 1.0], [166.90496826171875, 186.52590942382812, 1.0], [134.7035675048828, 167.1720428466797, 1.0], [101.93692016601562, 151.6929473876953, 1.0], [229.7117156982422, 217.9444580078125, 1.0], [159.1612548828125, 237.77488708496094, 1.0], [119.8935546875, 220.78138732910156, 1.0], [100.56090545654297, 187.180908203125, 1.0], [235.7760467529297, 216.6640625, 1.0], [173.47418212890625, 254.3385772705078, 1.0], [143.5849151611328, 230.8025360107422, 1.0], [145.23072814941406, 194.71791076660156, 1.0], [247.51087951660156, 208.6818084716797, 1.0], [215.33103942871094, 191.63748168945312, 1.0], [194.70477294921875, 175.623046875, 1.0], [194.9715576171875, 142.3919677734375, 1.0]], "is_left": 0}