{"hand_pts": [[209.90139770507812, 65.22390747070312, 1.0], [157.0979766845703, 120.16915130615234, 1.0], [101.7679672241211, 159.36309814453125, 1.0], [80.27509307861328, 177.4643096923828, 1.0], [100.3092269897461, 166.49896240234375, 1.0], [192.80035400390625, 221.9706573486328, 1.0], [163.7888946533203, 259.95513916015625, 1.0], [137.889892578125, 232.1031036376953, 1.0], [127.07239532470703, 186.91868591308594, 1.0], [230.4046173095703, 205.56398010253906, 1.0], [213.0115509033203, 244.42373657226562, 1.0], [176.56407165527344, 210.6651153564453, 1.0], [153.56399536132812, 168.3779296875, 1.0], [254.576904296875, 186.38037109375, 1.0], [238.88427734375, 214.21612548828125, 1.0], [205.5790252685547, 181.99769592285156, 1.0], [186.51243591308594, 148.2069854736328, 1.0], [273.4049377441406, 158.95022583007812, 1.0], [267.2268371582031, 162.85366821289062, 1.0], [236.8160400390625, 141.22836303710938, 1.0], [211.06509399414062, 119.67070770263672, 1.0]], "is_left": 0}