{"hand_pts": [[317.6510314941406, 226.03550720214844, 1.0], [285.3777770996094, 180.61972045898438, 1.0], [281.4595947265625, 135.9298858642578, 1.0], [262.99005126953125, 100.6119613647461, 1.0], [217.3006134033203, 95.96904754638672, 1.0], [242.7987518310547, 181.63661193847656, 1.0], [196.3507080078125, 166.0691680908203, 1.0], [165.40701293945312, 154.58770751953125, 1.0], [139.4751739501953, 145.69503784179688, 1.0], [229.84007263183594, 209.08888244628906, 1.0], [159.2974853515625, 198.68460083007812, 1.0], [124.91815948486328, 183.8484649658203, 1.0], [90.53235626220703, 170.8668670654297, 1.0], [218.5205535888672, 228.637451171875, 1.0], [169.47364807128906, 224.58763122558594, 1.0], [139.5399627685547, 206.57440185546875, 1.0], [128.96994018554688, 188.3726806640625, 1.0], [212.48968505859375, 246.57078552246094, 1.0], [169.37088012695312, 239.20550537109375, 1.0], [139.92266845703125, 229.049560546875, 1.0], [135.23805236816406, 209.25523376464844, 1.0]], "is_left": 0}