{"hand_pts": [[198.5522918701172, 119.4617691040039, 1.0], [144.9086456298828, 136.593017578125, 1.0], [88.2538070678711, 150.46099853515625, 1.0], [78.38031005859375, 145.43545532226562, 1.0], [117.73839569091797, 131.42788696289062, 1.0], [161.07347106933594, 236.8448944091797, 1.0], [142.82559204101562, 228.54664611816406, 1.0], [137.494384765625, 183.34141540527344, 1.0], [143.8656463623047, 154.0765380859375, 1.0], [204.14761352539062, 239.61843872070312, 1.0], [196.35321044921875, 230.18141174316406, 1.0], [179.34463500976562, 178.5040740966797, 1.0], [171.02267456054688, 153.63681030273438, 1.0], [235.21420288085938, 233.70611572265625, 1.0], [240.16014099121094, 219.43983459472656, 1.0], [223.15650939941406, 174.2834930419922, 1.0], [209.62615966796875, 160.18557739257812, 1.0], [262.04315185546875, 218.8411865234375, 1.0], [273.1320495605469, 203.9046173095703, 1.0], [253.48707580566406, 168.28646850585938, 1.0], [234.5896759033203, 161.7860870361328, 1.0]], "is_left": 0,"label":5}