{"hand_pts": [[200.82275390625, 339.7824401855469, 1.0], [167.56591796875, 263.28619384765625, 1.0], [140.3059539794922, 206.42088317871094, 1.0], [137.18997192382812, 149.30783081054688, 1.0], [164.47317504882812, 121.01557159423828, 1.0], [116.96910095214844, 217.08799743652344, 1.0], [136.9528350830078, 153.03050231933594, 1.0], [168.55203247070312, 146.54783630371094, 1.0], [199.69180297851562, 154.0143585205078, 1.0], [148.50685119628906, 239.2056884765625, 1.0], [144.20555114746094, 171.13694763183594, 1.0], [167.07749938964844, 130.09393310546875, 1.0], [187.1999969482422, 134.55111694335938, 1.0], [178.72486877441406, 254.77828979492188, 1.0], [211.81187438964844, 191.40701293945312, 1.0], [239.44613647460938, 160.7928009033203, 1.0], [260.0527648925781, 151.50929260253906, 1.0], [210.88331604003906, 273.74468994140625, 1.0], [222.4649200439453, 227.42709350585938, 1.0], [235.44285583496094, 195.24038696289062, 1.0], [237.12176513671875, 205.02374267578125, 1.0]], "is_left": 0}