{"hand_pts": [[39.40117645263672, 156.65443420410156, 1.0], [98.32737731933594, 140.31480407714844, 1.0], [141.52468872070312, 106.8617172241211, 1.0], [187.83164978027344, 81.45106506347656, 1.0], [238.17735290527344, 71.91767883300781, 1.0], [139.3005828857422, 210.376708984375, 1.0], [202.4165496826172, 188.7189178466797, 1.0], [239.14132690429688, 160.55093383789062, 1.0], [277.46893310546875, 136.9239501953125, 1.0], [130.68807983398438, 228.6920166015625, 1.0], [207.69728088378906, 212.6193389892578, 1.0], [223.47756958007812, 169.2335205078125, 1.0], [195.54811096191406, 141.7548370361328, 1.0], [126.10232543945312, 235.8915557861328, 1.0], [193.93675231933594, 241.64202880859375, 1.0], [218.14178466796875, 207.5677032470703, 1.0], [199.2329559326172, 177.25851440429688, 1.0], [117.81571960449219, 235.88623046875, 1.0], [149.26087951660156, 265.3304443359375, 1.0], [182.5770263671875, 253.7673797607422, 1.0], [191.0263671875, 219.18209838867188, 1.0]], "is_left": 0}