{"hand_pts": [[320.1397399902344, 286.3216552734375, 1.0], [245.94332885742188, 277.84375, 1.0], [192.36251831054688, 294.1203308105469, 1.0], [143.84359741210938, 272.3480224609375, 1.0], [136.3184814453125, 240.64193725585938, 1.0], [214.02969360351562, 211.8346405029297, 1.0], [145.552978515625, 185.1884002685547, 1.0], [125.216064453125, 192.66961669921875, 1.0], [126.03296661376953, 207.55984497070312, 1.0], [239.00965881347656, 188.5921173095703, 1.0], [168.55975341796875, 144.51856994628906, 1.0], [129.99525451660156, 139.43814086914062, 1.0], [134.8071746826172, 172.54591369628906, 1.0], [255.77589416503906, 173.4044952392578, 1.0], [199.32754516601562, 118.05392456054688, 1.0], [157.56512451171875, 101.7699203491211, 1.0], [132.92535400390625, 116.90198516845703, 1.0], [274.28802490234375, 166.23524475097656, 1.0], [234.02243041992188, 142.36871337890625, 1.0], [225.49636840820312, 166.354248046875, 1.0], [252.57656860351562, 189.56690979003906, 1.0]], "is_left": 0}