{"hand_pts": [[193.80792236328125, 320.67108154296875, 1.0], [148.23556518554688, 269.7637939453125, 1.0], [102.779052734375, 232.53765869140625, 1.0], [106.22936248779297, 193.62478637695312, 1.0], [139.8446807861328, 192.7561492919922, 1.0], [162.44873046875, 192.4691619873047, 1.0], [151.08921813964844, 136.6271514892578, 1.0], [144.10421752929688, 102.69422912597656, 1.0], [139.58282470703125, 68.22090911865234, 1.0], [199.40277099609375, 203.055419921875, 1.0], [208.48553466796875, 151.5918426513672, 1.0], [191.49447631835938, 162.47097778320312, 1.0], [177.16009521484375, 194.3883514404297, 1.0], [225.6341094970703, 214.48492431640625, 1.0], [227.6576385498047, 171.32501220703125, 1.0], [219.3941650390625, 160.49749755859375, 1.0], [200.9037628173828, 171.95860290527344, 1.0], [247.85935974121094, 232.2282257080078, 1.0], [238.9854278564453, 217.65914916992188, 1.0], [231.18931579589844, 210.58316040039062, 1.0], [210.75094604492188, 226.9388427734375, 1.0]], "is_left": 0}