{"hand_pts": [[177.2933807373047, 73.4049072265625, 1.0], [143.83958435058594, 97.29656982421875, 1.0], [112.41899108886719, 96.93959045410156, 1.0], [92.07682800292969, 126.54106140136719, 1.0], [76.70835876464844, 158.88197326660156, 1.0], [205.42391967773438, 126.86300659179688, 1.0], [186.76023864746094, 179.9166259765625, 1.0], [150.17330932617188, 197.49710083007812, 1.0], [116.89811706542969, 208.0832061767578, 1.0], [228.9311065673828, 143.68765258789062, 1.0], [205.07666015625, 211.02337646484375, 1.0], [160.3062286376953, 211.00015258789062, 1.0], [138.54502868652344, 184.13990783691406, 1.0], [239.8031463623047, 158.99905395507812, 1.0], [275.8406677246094, 199.65187072753906, 1.0], [232.7992706298828, 216.8712158203125, 1.0], [189.99795532226562, 222.9168243408203, 1.0], [244.0811767578125, 169.90240478515625, 1.0], [246.1726837158203, 215.81396484375, 1.0], [235.91635131835938, 247.59735107421875, 1.0], [203.4775390625, 269.81329345703125, 1.0]], "is_left": 0}