{"hand_pts": [[47.33934020996094, 126.13597106933594, 1.0], [130.11549377441406, 109.50013732910156, 1.0], [194.40115356445312, 72.97874450683594, 1.0], [222.8035888671875, 86.05299377441406, 1.0], [193.86605834960938, 119.65889739990234, 1.0], [208.3798828125, 173.12188720703125, 1.0], [261.2259521484375, 168.7602996826172, 1.0], [232.48196411132812, 147.64462280273438, 1.0], [189.7201690673828, 131.7620391845703, 1.0], [179.92271423339844, 208.93467712402344, 1.0], [241.05401611328125, 230.02365112304688, 1.0], [226.99920654296875, 198.87353515625, 1.0], [189.0065460205078, 169.3141632080078, 1.0], [156.318115234375, 232.32943725585938, 1.0], [191.32786560058594, 251.433349609375, 1.0], [165.61248779296875, 216.41488647460938, 1.0], [147.20828247070312, 200.195556640625, 1.0], [127.56011199951172, 247.03305053710938, 1.0], [141.02349853515625, 272.3389587402344, 1.0], [135.24375915527344, 241.2227020263672, 1.0], [125.81615447998047, 215.83615112304688, 1.0]], "is_left": 0}