{"hand_pts": [[179.6650390625, 231.9556121826172, 1.0], [227.0519561767578, 234.5601348876953, 1.0], [287.7582702636719, 240.66226196289062, 1.0], [274.1980285644531, 245.6831817626953, 1.0], [217.03892517089844, 243.25662231445312, 1.0], [253.983154296875, 156.971435546875, 1.0], [240.0322265625, 166.23184204101562, 1.0], [218.2018280029297, 200.0883331298828, 1.0], [212.74314880371094, 213.21400451660156, 1.0], [209.97940063476562, 139.67034912109375, 1.0], [177.8841094970703, 151.24942016601562, 1.0], [169.3385467529297, 194.2375030517578, 1.0], [184.9868927001953, 207.1758270263672, 1.0], [172.1705322265625, 132.36102294921875, 1.0], [128.98831176757812, 136.54600524902344, 1.0], [125.81082153320312, 175.86233520507812, 1.0], [150.99832153320312, 185.06231689453125, 1.0], [134.84127807617188, 133.24468994140625, 1.0], [92.64179992675781, 138.50741577148438, 1.0], [95.36046600341797, 171.9065399169922, 1.0], [127.91273498535156, 180.11376953125, 1.0]], "is_left": 0}