{"hand_pts": [[54.53712844848633, 203.16712951660156, 1.0], [131.40097045898438, 195.132568359375, 1.0], [181.1674346923828, 172.60166931152344, 1.0], [227.29319763183594, 154.72991943359375, 1.0], [248.43267822265625, 156.26998901367188, 1.0], [164.06570434570312, 147.02090454101562, 1.0], [228.80723571777344, 149.05123901367188, 1.0], [242.37510681152344, 175.975341796875, 1.0], [255.35586547851562, 201.7303924560547, 1.0], [133.9265899658203, 153.5360107421875, 1.0], [201.7734832763672, 166.71795654296875, 1.0], [238.44903564453125, 188.11268615722656, 1.0], [238.71156311035156, 212.91802978515625, 1.0], [111.79695129394531, 164.0123291015625, 1.0], [177.46109008789062, 184.23291015625, 1.0], [201.6871337890625, 208.00753784179688, 1.0], [195.1129150390625, 226.31228637695312, 1.0], [87.78850555419922, 178.33831787109375, 1.0], [118.42924499511719, 201.90074157714844, 1.0], [132.39862060546875, 223.13941955566406, 1.0], [147.7223358154297, 244.52049255371094, 1.0]], "is_left": 0}