{"hand_pts": [[72.66329193115234, 87.87609100341797, 1.0], [138.42205810546875, 131.96054077148438, 1.0], [162.5089111328125, 171.692138671875, 1.0], [199.484375, 208.9261016845703, 1.0], [232.92054748535156, 236.77345275878906, 1.0], [128.41754150390625, 205.36325073242188, 1.0], [188.73373413085938, 236.3469696044922, 1.0], [233.91578674316406, 226.1554718017578, 1.0], [268.78338623046875, 206.5447998046875, 1.0], [111.43037414550781, 192.62876892089844, 1.0], [197.65394592285156, 210.62403869628906, 1.0], [219.92428588867188, 180.04556274414062, 1.0], [242.03114318847656, 151.80055236816406, 1.0], [105.02862548828125, 178.50962829589844, 1.0], [188.15029907226562, 185.61996459960938, 1.0], [222.07168579101562, 164.32054138183594, 1.0], [205.14512634277344, 142.17913818359375, 1.0], [99.7139663696289, 158.7340850830078, 1.0], [143.95645141601562, 168.89117431640625, 1.0], [179.28688049316406, 158.37062072753906, 1.0], [210.62005615234375, 145.62734985351562, 1.0]], "is_left": 0}