{"hand_pts": [[138.190673828125, 225.3466339111328, 1.0], [143.71994018554688, 255.55784606933594, 1.0], [152.02491760253906, 295.6254577636719, 1.0], [160.58709716796875, 296.5072326660156, 1.0], [166.26675415039062, 260.46990966796875, 1.0], [221.94581604003906, 216.96275329589844, 1.0], [233.24343872070312, 214.11297607421875, 1.0], [213.0493621826172, 215.41136169433594, 1.0], [175.74237060546875, 218.39125061035156, 1.0], [215.14163208007812, 178.51004028320312, 1.0], [241.53598022460938, 164.6356658935547, 1.0], [208.3134002685547, 175.5508575439453, 1.0], [171.93423461914062, 188.28782653808594, 1.0], [201.40623474121094, 151.30442810058594, 1.0], [201.35165405273438, 120.23438262939453, 1.0], [164.00352478027344, 128.79403686523438, 1.0], [122.44457244873047, 146.91139221191406, 1.0], [181.7008056640625, 130.46241760253906, 1.0], [181.28201293945312, 99.710693359375, 1.0], [158.1192169189453, 102.63568878173828, 1.0], [128.46798706054688, 130.876220703125, 1.0]], "is_left": 0}