{"hand_pts": [[218.8880157470703, 24.16626739501953, 1.0], [251.05755615234375, 88.33186340332031, 1.0], [296.4942932128906, 125.46935272216797, 1.0], [300.4207458496094, 166.67849731445312, 1.0], [261.5203552246094, 167.941650390625, 1.0], [219.77244567871094, 160.85250854492188, 1.0], [218.98118591308594, 222.18768310546875, 1.0], [221.4978790283203, 247.65908813476562, 1.0], [223.0857696533203, 269.6705322265625, 1.0], [181.9918975830078, 149.1711883544922, 1.0], [160.22314453125, 222.27317810058594, 1.0], [165.68263244628906, 255.080810546875, 1.0], [184.9816436767578, 240.5084991455078, 1.0], [154.78497314453125, 138.63462829589844, 1.0], [111.64970397949219, 197.41311645507812, 1.0], [108.28987121582031, 226.7838897705078, 1.0], [102.35618591308594, 256.45556640625, 1.0], [133.12767028808594, 121.80219268798828, 1.0], [116.99435424804688, 138.695556640625, 1.0], [128.4405517578125, 131.20306396484375, 1.0], [150.212646484375, 116.68928527832031, 1.0]], "is_left": 0}