{"hand_pts": [[271.7765197753906, 162.34378051757812, 1.0], [228.10081481933594, 216.25885009765625, 1.0], [189.0325164794922, 267.11260986328125, 1.0], [180.5734100341797, 285.3118896484375, 1.0], [206.4646759033203, 254.8517303466797, 1.0], [133.13995361328125, 183.01963806152344, 1.0], [127.96757507324219, 213.8690643310547, 1.0], [169.2771759033203, 228.90231323242188, 1.0], [199.3203125, 221.6201934814453, 1.0], [144.36708068847656, 143.91522216796875, 1.0], [136.38597106933594, 170.16757202148438, 1.0], [178.59375, 199.6802520751953, 1.0], [205.1910858154297, 204.97605895996094, 1.0], [159.5387725830078, 118.34143829345703, 1.0], [167.7306671142578, 136.6983184814453, 1.0], [205.73248291015625, 161.79632568359375, 1.0], [221.57601928710938, 169.75030517578125, 1.0], [182.470947265625, 98.0787124633789, 1.0], [191.17242431640625, 101.65202331542969, 1.0], [217.44410705566406, 130.03944396972656, 1.0], [223.54852294921875, 142.80445861816406, 1.0]], "is_left": 0}