{"hand_pts": [[225.22691345214844, 90.72711944580078, 1.0], [198.1538848876953, 85.30416107177734, 1.0], [190.39373779296875, 75.86207580566406, 1.0], [181.70797729492188, 114.72461700439453, 1.0], [174.99755859375, 155.77410888671875, 1.0], [224.3924560546875, 168.0128936767578, 1.0], [213.87649536132812, 193.23060607910156, 1.0], [177.0934600830078, 180.30950927734375, 1.0], [144.68128967285156, 159.20321655273438, 1.0], [224.35903930664062, 192.84568786621094, 1.0], [200.5391082763672, 242.75115966796875, 1.0], [161.06431579589844, 211.21798706054688, 1.0], [138.69183349609375, 168.7709197998047, 1.0], [218.32872009277344, 206.5388641357422, 1.0], [153.19654846191406, 202.91639709472656, 1.0], [142.26258850097656, 163.37664794921875, 1.0], [173.9385986328125, 152.27967834472656, 1.0], [210.5789794921875, 211.65011596679688, 1.0], [201.4064483642578, 253.47500610351562, 1.0], [187.93218994140625, 275.1934814453125, 1.0], [162.2724609375, 248.0114288330078, 1.0]], "is_left": 0}