{"hand_pts": [[255.81768798828125, 72.80547332763672, 1.0], [222.18226623535156, 73.4394302368164, 1.0], [179.2412109375, 60.97248077392578, 1.0], [144.05030822753906, 94.14320373535156, 1.0], [125.20588684082031, 142.02410888671875, 1.0], [256.15509033203125, 141.19863891601562, 1.0], [201.34817504882812, 150.7012176513672, 1.0], [158.6758575439453, 138.1558380126953, 1.0], [115.53951263427734, 130.92465209960938, 1.0], [256.9270935058594, 172.52525329589844, 1.0], [221.17129516601562, 231.2620849609375, 1.0], [173.54966735839844, 245.76185607910156, 1.0], [130.88681030273438, 226.5123748779297, 1.0], [249.8159637451172, 194.18093872070312, 1.0], [204.07008361816406, 242.02493286132812, 1.0], [160.12420654296875, 228.6428680419922, 1.0], [128.1384735107422, 202.21322631835938, 1.0], [240.42457580566406, 207.4731903076172, 1.0], [210.81817626953125, 245.09768676757812, 1.0], [176.16207885742188, 252.59255981445312, 1.0], [140.13414001464844, 257.8550109863281, 1.0]], "is_left": 0}