{"hand_pts": [[300.8587951660156, 37.207183837890625, 1.0], [277.4295654296875, 88.63638305664062, 1.0], [264.622802734375, 120.74366760253906, 1.0], [242.07102966308594, 167.7718048095703, 1.0], [218.83782958984375, 211.15391540527344, 1.0], [185.0944366455078, 118.21247863769531, 1.0], [142.0978546142578, 168.4168701171875, 1.0], [142.93948364257812, 211.98451232910156, 1.0], [151.45765686035156, 252.81869506835938, 1.0], [186.14071655273438, 118.61274719238281, 1.0], [134.97067260742188, 180.391845703125, 1.0], [132.88389587402344, 228.96243286132812, 1.0], [148.24063110351562, 270.126708984375, 1.0], [193.9373016357422, 122.2313461303711, 1.0], [146.607421875, 180.97865295410156, 1.0], [153.2069091796875, 223.18043518066406, 1.0], [177.55712890625, 252.97267150878906, 1.0], [209.6475830078125, 122.31377410888672, 1.0], [196.4573516845703, 172.09080505371094, 1.0], [202.44424438476562, 207.09829711914062, 1.0], [221.09422302246094, 235.77496337890625, 1.0]], "is_left": 0}