{"hand_pts": [[74.28680419921875, 84.99120330810547, 1.0], [94.16302490234375, 149.37281799316406, 1.0], [73.1195297241211, 201.87966918945312, 1.0], [68.37122344970703, 246.54335021972656, 1.0], [86.00141906738281, 268.614013671875, 1.0], [178.88308715820312, 159.0987548828125, 1.0], [191.30345153808594, 216.6931610107422, 1.0], [182.7826690673828, 250.064697265625, 1.0], [166.1458282470703, 275.4314270019531, 1.0], [191.62977600097656, 130.43226623535156, 1.0], [213.6341094970703, 187.9936981201172, 1.0], [216.38763427734375, 224.5762939453125, 1.0], [186.30776977539062, 245.7430877685547, 1.0], [196.707763671875, 110.8514175415039, 1.0], [247.19203186035156, 153.72018432617188, 1.0], [220.95555114746094, 176.11090087890625, 1.0], [188.29837036132812, 190.04591369628906, 1.0], [193.06211853027344, 91.62060546875, 1.0], [235.60440063476562, 108.44764709472656, 1.0], [262.75189208984375, 123.95793914794922, 1.0], [275.03240966796875, 153.69869995117188, 1.0]], "is_left": 0}