{"hand_pts": [[370.1969909667969, 203.2667236328125, 1.0], [305.184326171875, 195.37232971191406, 1.0], [272.1152648925781, 205.60084533691406, 1.0], [216.57275390625, 189.8976593017578, 1.0], [164.6654052734375, 173.2814178466797, 1.0], [204.5701446533203, 257.8889465332031, 1.0], [143.4033203125, 212.37179565429688, 1.0], [124.32054138183594, 167.9407958984375, 1.0], [140.01776123046875, 122.46269226074219, 1.0], [204.8801727294922, 250.72445678710938, 1.0], [156.07675170898438, 185.30389404296875, 1.0], [190.45384216308594, 144.03392028808594, 1.0], [244.55711364746094, 136.87982177734375, 1.0], [208.08981323242188, 236.22035217285156, 1.0], [129.5311279296875, 193.96240234375, 1.0], [137.86517333984375, 147.53335571289062, 1.0], [179.41937255859375, 127.9580078125, 1.0], [221.1489715576172, 217.1201171875, 1.0], [164.46275329589844, 199.84005737304688, 1.0], [148.0539093017578, 165.98158264160156, 1.0], [132.0780792236328, 131.28952026367188, 1.0]], "is_left": 0}