{"hand_pts": [[75.63883209228516, 265.89410400390625, 1.0], [148.4226837158203, 254.15139770507812, 1.0], [209.98272705078125, 245.04661560058594, 1.0], [250.2655487060547, 219.48403930664062, 1.0], [273.8171081542969, 190.191162109375, 1.0], [172.83251953125, 248.93763732910156, 1.0], [221.60687255859375, 219.6676025390625, 1.0], [251.52734375, 194.26144409179688, 1.0], [274.31280517578125, 164.26019287109375, 1.0], [137.04348754882812, 228.87118530273438, 1.0], [195.38047790527344, 193.4149627685547, 1.0], [223.43820190429688, 166.89218139648438, 1.0], [245.5651397705078, 143.92897033691406, 1.0], [110.66595458984375, 209.74192810058594, 1.0], [142.37515258789062, 162.69900512695312, 1.0], [165.322265625, 131.5279998779297, 1.0], [187.6991729736328, 100.66228485107422, 1.0], [84.13367462158203, 193.0644073486328, 1.0], [108.66520690917969, 156.805908203125, 1.0], [128.7747802734375, 131.1378936767578, 1.0], [152.6821746826172, 106.61471557617188, 1.0]], "is_left": 0}