{"hand_pts": [[174.18478393554688, 7.080316543579102, 1.0], [220.82591247558594, 74.05455017089844, 1.0], [265.7331237792969, 120.67463684082031, 1.0], [270.46826171875, 176.5707550048828, 1.0], [232.5975341796875, 203.7908172607422, 1.0], [181.67141723632812, 186.8977813720703, 1.0], [198.8981170654297, 259.1241455078125, 1.0], [221.2672119140625, 245.36546325683594, 1.0], [242.27001953125, 239.01133728027344, 1.0], [147.53692626953125, 176.4992218017578, 1.0], [170.38795471191406, 246.19496154785156, 1.0], [205.76873779296875, 226.06820678710938, 1.0], [222.60568237304688, 176.42672729492188, 1.0], [126.22592163085938, 163.07513427734375, 1.0], [104.61795043945312, 230.65277099609375, 1.0], [137.70263671875, 217.3100128173828, 1.0], [170.48724365234375, 186.8544921875, 1.0], [110.31597900390625, 140.1941680908203, 1.0], [127.97749328613281, 142.9967498779297, 1.0], [150.4782257080078, 125.69125366210938, 1.0], [164.4777069091797, 96.79193115234375, 1.0]], "is_left": 0}