{"hand_pts": [[278.9052429199219, 59.78120422363281, 1.0], [252.5924072265625, 121.97161102294922, 1.0], [241.85316467285156, 173.7822265625, 1.0], [211.10911560058594, 213.92739868164062, 1.0], [174.051025390625, 236.7897491455078, 1.0], [252.3915557861328, 174.89053344726562, 1.0], [223.16754150390625, 226.76309204101562, 1.0], [186.21250915527344, 251.61021423339844, 1.0], [146.30877685546875, 269.57489013671875, 1.0], [239.11383056640625, 147.17356872558594, 1.0], [196.6581573486328, 202.6356201171875, 1.0], [153.5384063720703, 229.79107666015625, 1.0], [112.13875579833984, 249.40786743164062, 1.0], [223.4396209716797, 123.62691497802734, 1.0], [175.8541259765625, 168.45941162109375, 1.0], [134.80772399902344, 189.02679443359375, 1.0], [97.10941314697266, 203.25350952148438, 1.0], [209.51878356933594, 96.72557830810547, 1.0], [168.0738067626953, 118.26763153076172, 1.0], [133.34170532226562, 134.3973388671875, 1.0], [102.74764251708984, 149.27572631835938, 1.0]], "is_left": 0}