{"hand_pts": [[109.90486145019531, 324.3905029296875, 1.0], [156.20208740234375, 309.04608154296875, 1.0], [206.2798614501953, 311.6863098144531, 1.0], [227.3618621826172, 274.9644470214844, 1.0], [231.7200927734375, 231.2858123779297, 1.0], [203.28985595703125, 223.7288055419922, 1.0], [235.96878051757812, 173.9490966796875, 1.0], [236.43124389648438, 158.66534423828125, 1.0], [235.72816467285156, 143.1902618408203, 1.0], [173.4473114013672, 203.73623657226562, 1.0], [210.43710327148438, 147.98497009277344, 1.0], [222.8433380126953, 132.1999969482422, 1.0], [235.49365234375, 115.6294174194336, 1.0], [146.85128784179688, 192.5450897216797, 1.0], [161.73452758789062, 142.72344970703125, 1.0], [155.65773010253906, 154.01974487304688, 1.0], [146.3140106201172, 179.5191192626953, 1.0], [118.12205505371094, 190.71861267089844, 1.0], [119.27462768554688, 147.91551208496094, 1.0], [119.46477508544922, 128.17855834960938, 1.0], [120.7813491821289, 131.59210205078125, 1.0]], "is_left": 0}