{"hand_pts": [[322.1324462890625, 137.5386505126953, 1.0], [275.5547180175781, 192.5522003173828, 1.0], [270.3202209472656, 250.70428466796875, 1.0], [223.1710205078125, 257.47564697265625, 1.0], [193.64674377441406, 222.07008361816406, 1.0], [239.38735961914062, 221.70591735839844, 1.0], [177.806884765625, 226.6891326904297, 1.0], [141.78640747070312, 224.8334197998047, 1.0], [112.85429382324219, 217.8993682861328, 1.0], [236.7050018310547, 184.09182739257812, 1.0], [163.6496124267578, 208.60488891601562, 1.0], [156.36117553710938, 205.14625549316406, 1.0], [177.83462524414062, 194.8380126953125, 1.0], [232.29721069335938, 153.2497100830078, 1.0], [164.83419799804688, 153.86038208007812, 1.0], [123.35348510742188, 154.92283630371094, 1.0], [90.58416748046875, 158.509521484375, 1.0], [232.1768341064453, 122.33544921875, 1.0], [185.92828369140625, 109.2737808227539, 1.0], [156.03880310058594, 101.37586212158203, 1.0], [149.02088928222656, 105.14340209960938, 1.0]], "is_left": 0}