{"hand_pts": [[118.52851867675781, 83.7975082397461, 1.0], [101.98371124267578, 131.54660034179688, 1.0], [56.43389892578125, 168.59593200683594, 1.0], [75.65901184082031, 213.24098205566406, 1.0], [121.73728942871094, 220.3379364013672, 1.0], [161.44874572753906, 133.17849731445312, 1.0], [154.13394165039062, 194.35494995117188, 1.0], [142.61550903320312, 230.57928466796875, 1.0], [124.1106185913086, 244.45530700683594, 1.0], [194.68470764160156, 126.68344116210938, 1.0], [223.23892211914062, 145.01380920410156, 1.0], [219.81027221679688, 187.476806640625, 1.0], [207.49374389648438, 227.58944702148438, 1.0], [217.10964965820312, 126.35403442382812, 1.0], [255.82713317871094, 165.26419067382812, 1.0], [246.72377014160156, 204.79261779785156, 1.0], [226.15135192871094, 238.14378356933594, 1.0], [232.1107177734375, 125.5145034790039, 1.0], [252.92947387695312, 168.21514892578125, 1.0], [240.88768005371094, 196.9727325439453, 1.0], [204.32814025878906, 201.75860595703125, 1.0]], "is_left": 0}