{"hand_pts": [[195.0086212158203, 170.80902099609375, 1.0], [186.66879272460938, 129.6237335205078, 1.0], [174.76377868652344, 81.26634216308594, 1.0], [157.12692260742188, 62.51124572753906, 1.0], [144.4229736328125, 106.90192413330078, 1.0], [240.69424438476562, 155.40432739257812, 1.0], [258.70703125, 162.91928100585938, 1.0], [253.23013305664062, 168.64578247070312, 1.0], [229.86720275878906, 174.06581115722656, 1.0], [235.68504333496094, 198.6686553955078, 1.0], [182.39328002929688, 211.88714599609375, 1.0], [142.73472595214844, 195.71975708007812, 1.0], [106.602783203125, 179.92147827148438, 1.0], [224.2825469970703, 230.54165649414062, 1.0], [183.51112365722656, 233.91970825195312, 1.0], [156.1814727783203, 215.17933654785156, 1.0], [147.10414123535156, 198.1665496826172, 1.0], [209.03854370117188, 257.19769287109375, 1.0], [166.82461547851562, 263.4095153808594, 1.0], [145.54208374023438, 242.36154174804688, 1.0], [135.84896850585938, 216.7776641845703, 1.0]], "is_left": 0}