{"hand_pts": [[302.4457092285156, 55.55796813964844, 1.0], [263.6045227050781, 120.15483856201172, 1.0], [248.3740692138672, 171.58941650390625, 1.0], [199.28123474121094, 208.2307891845703, 1.0], [153.00100708007812, 211.42404174804688, 1.0], [269.5430603027344, 189.9015655517578, 1.0], [215.9589080810547, 242.46949768066406, 1.0], [163.76780700683594, 249.10614013671875, 1.0], [122.88228607177734, 234.17112731933594, 1.0], [262.07574462890625, 164.0675811767578, 1.0], [191.22357177734375, 217.99305725097656, 1.0], [135.9439239501953, 221.94705200195312, 1.0], [103.5986099243164, 207.9569091796875, 1.0], [249.44049072265625, 140.69287109375, 1.0], [179.75784301757812, 187.2833709716797, 1.0], [131.6640625, 190.32276916503906, 1.0], [110.52877807617188, 176.86141967773438, 1.0], [237.7386932373047, 112.19966125488281, 1.0], [183.172119140625, 132.30502319335938, 1.0], [141.20777893066406, 139.59898376464844, 1.0], [126.85643005371094, 135.8438262939453, 1.0]], "is_left": 0}