{"hand_pts": [[32.810882568359375, 117.04550170898438, 1.0], [75.08992767333984, 176.92564392089844, 1.0], [100.35308837890625, 229.7965087890625, 1.0], [138.7884979248047, 263.03521728515625, 1.0], [179.9254608154297, 280.0189514160156, 1.0], [122.03256225585938, 176.4014129638672, 1.0], [165.2695770263672, 205.8392791748047, 1.0], [199.582275390625, 228.5922393798828, 1.0], [233.65457153320312, 250.16282653808594, 1.0], [130.3371124267578, 144.5350341796875, 1.0], [186.46966552734375, 172.90005493164062, 1.0], [225.41868591308594, 201.55548095703125, 1.0], [261.0328369140625, 229.1868896484375, 1.0], [138.11146545410156, 122.3918685913086, 1.0], [198.80601501464844, 141.7952423095703, 1.0], [235.0241241455078, 166.37109375, 1.0], [268.1539611816406, 191.68324279785156, 1.0], [140.4745635986328, 101.77745056152344, 1.0], [185.499755859375, 109.78128051757812, 1.0], [217.41519165039062, 126.90801239013672, 1.0], [246.27847290039062, 151.9241180419922, 1.0]], "is_left": 0}