{"hand_pts": [[214.1511688232422, 225.28057861328125, 1.0], [224.00408935546875, 164.74549865722656, 1.0], [227.3712615966797, 94.8788070678711, 1.0], [248.62014770507812, 102.37850189208984, 1.0], [268.0869445800781, 122.84237670898438, 1.0], [118.84918212890625, 146.84385681152344, 1.0], [136.83184814453125, 109.34884643554688, 1.0], [181.50111389160156, 99.87129211425781, 1.0], [231.959716796875, 99.01038360595703, 1.0], [105.9184799194336, 195.04571533203125, 1.0], [174.31698608398438, 207.56600952148438, 1.0], [237.79443359375, 212.5740203857422, 1.0], [298.9006652832031, 218.81857299804688, 1.0], [106.53556823730469, 233.55555725097656, 1.0], [149.66030883789062, 219.916015625, 1.0], [208.06483459472656, 214.6810302734375, 1.0], [243.4173583984375, 212.97994995117188, 1.0], [116.98824310302734, 270.2964782714844, 1.0], [91.27896118164062, 269.7973937988281, 1.0], [129.42311096191406, 255.92681884765625, 1.0], [161.07496643066406, 249.9480438232422, 1.0]], "is_left": 0}