{"hand_pts": [[350.0763244628906, 226.7127685546875, 1.0], [280.2203674316406, 245.59310913085938, 1.0], [238.85960388183594, 283.25799560546875, 1.0], [195.66648864746094, 289.71160888671875, 1.0], [155.97813415527344, 281.89947509765625, 1.0], [188.58726501464844, 240.62901306152344, 1.0], [126.86003875732422, 232.26425170898438, 1.0], [151.2186737060547, 216.45008850097656, 1.0], [195.4673309326172, 210.72036743164062, 1.0], [202.76795959472656, 202.37974548339844, 1.0], [134.59571838378906, 152.88327026367188, 1.0], [141.467041015625, 137.64263916015625, 1.0], [163.809326171875, 135.59536743164062, 1.0], [217.15077209472656, 169.96829223632812, 1.0], [136.41427612304688, 151.53720092773438, 1.0], [113.19229125976562, 138.8362579345703, 1.0], [146.30621337890625, 143.7405242919922, 1.0], [239.46836853027344, 141.04537963867188, 1.0], [215.0391082763672, 102.43325805664062, 1.0], [215.61341857910156, 89.4502944946289, 1.0], [241.78176879882812, 112.9271240234375, 1.0]], "is_left": 0}