{"hand_pts": [[258.4437255859375, 261.6059265136719, 1.0], [204.0703125, 250.80050659179688, 1.0], [140.2811279296875, 257.6588134765625, 1.0], [91.04054260253906, 256.0293273925781, 1.0], [96.54546356201172, 232.52833557128906, 1.0], [130.09814453125, 189.12171936035156, 1.0], [127.05863952636719, 164.40652465820312, 1.0], [150.2814483642578, 164.9542694091797, 1.0], [168.12942504882812, 160.8153076171875, 1.0], [162.413818359375, 171.14718627929688, 1.0], [144.66978454589844, 145.27679443359375, 1.0], [169.63909912109375, 164.97955322265625, 1.0], [198.8220977783203, 193.21153259277344, 1.0], [193.03610229492188, 160.10855102539062, 1.0], [204.74960327148438, 143.0299530029297, 1.0], [229.66067504882812, 171.78977966308594, 1.0], [250.0751495361328, 201.92185974121094, 1.0], [227.68556213378906, 156.23428344726562, 1.0], [257.5105285644531, 148.7083282470703, 1.0], [277.1106872558594, 169.29501342773438, 1.0], [294.5754699707031, 192.88796997070312, 1.0]], "is_left": 0}