{"hand_pts": [[240.33712768554688, 63.03797912597656, 1.0], [206.7610321044922, 76.36102294921875, 1.0], [175.60972595214844, 74.6931381225586, 1.0], [150.83993530273438, 78.98947143554688, 1.0], [155.6885528564453, 89.69986724853516, 1.0], [181.9457244873047, 143.30264282226562, 1.0], [158.92820739746094, 196.5106964111328, 1.0], [147.2794647216797, 219.91477966308594, 1.0], [132.23899841308594, 254.06546020507812, 1.0], [201.5052032470703, 156.29502868652344, 1.0], [179.08389282226562, 224.10598754882812, 1.0], [159.40371704101562, 261.783935546875, 1.0], [144.21884155273438, 273.7601318359375, 1.0], [217.8349151611328, 163.100830078125, 1.0], [197.65472412109375, 225.29852294921875, 1.0], [184.4934844970703, 250.101806640625, 1.0], [175.10997009277344, 247.01004028320312, 1.0], [235.43582153320312, 162.04783630371094, 1.0], [230.99752807617188, 196.45823669433594, 1.0], [226.05813598632812, 207.34695434570312, 1.0], [222.103515625, 176.38955688476562, 1.0]], "is_left": 0}