{"hand_pts": [[294.7380676269531, 101.54718780517578, 1.0], [231.41030883789062, 153.5062713623047, 1.0], [182.69259643554688, 201.9969482421875, 1.0], [140.3392791748047, 225.8907470703125, 1.0], [113.51956176757812, 228.96104431152344, 1.0], [236.45921325683594, 211.19532775878906, 1.0], [195.15887451171875, 251.51724243164062, 1.0], [152.62869262695312, 260.67694091796875, 1.0], [108.35859680175781, 258.3918151855469, 1.0], [254.3658905029297, 176.81301879882812, 1.0], [195.14601135253906, 206.40455627441406, 1.0], [140.4820556640625, 207.60997009277344, 1.0], [89.97943115234375, 200.68739318847656, 1.0], [262.296142578125, 145.2606658935547, 1.0], [210.48593139648438, 163.0918426513672, 1.0], [161.79446411132812, 159.6343536376953, 1.0], [115.91979217529297, 151.74269104003906, 1.0], [269.4557189941406, 110.80577850341797, 1.0], [236.71998596191406, 114.95557403564453, 1.0], [196.98516845703125, 114.93351745605469, 1.0], [154.96109008789062, 114.87567138671875, 1.0]], "is_left": 0}