{"hand_pts": [[201.44029235839844, 110.36400604248047, 1.0], [243.908203125, 156.22158813476562, 1.0], [279.15374755859375, 202.6676025390625, 1.0], [280.50140380859375, 226.6239776611328, 1.0], [278.1643981933594, 244.97715759277344, 1.0], [206.36288452148438, 196.3398895263672, 1.0], [199.61424255371094, 233.15753173828125, 1.0], [202.23843383789062, 245.53834533691406, 1.0], [208.80226135253906, 242.8860626220703, 1.0], [168.263916015625, 170.50320434570312, 1.0], [195.85182189941406, 195.57650756835938, 1.0], [226.6779327392578, 186.50193786621094, 1.0], [253.9444122314453, 176.43609619140625, 1.0], [141.8515167236328, 147.07290649414062, 1.0], [125.2974624633789, 174.35159301757812, 1.0], [132.4415740966797, 185.9702911376953, 1.0], [153.38714599609375, 191.58872985839844, 1.0], [120.74381256103516, 121.07487487792969, 1.0], [87.04051971435547, 119.98699188232422, 1.0], [80.02486419677734, 123.10616302490234, 1.0], [114.78303527832031, 133.01290893554688, 1.0]], "is_left": 0}