{"hand_pts": [[45.49191665649414, 217.5915069580078, 1.0], [106.7863540649414, 238.4449920654297, 1.0], [142.92318725585938, 270.6971130371094, 1.0], [183.5681610107422, 290.1951904296875, 1.0], [221.80332946777344, 292.1354064941406, 1.0], [171.42921447753906, 189.772705078125, 1.0], [219.99337768554688, 168.52598571777344, 1.0], [239.69004821777344, 171.30616760253906, 1.0], [252.12979125976562, 175.57058715820312, 1.0], [160.12142944335938, 160.20452880859375, 1.0], [207.2051544189453, 185.107666015625, 1.0], [195.72695922851562, 215.44725036621094, 1.0], [158.30868530273438, 232.46798706054688, 1.0], [150.43002319335938, 140.75254821777344, 1.0], [193.1393585205078, 143.19973754882812, 1.0], [194.21102905273438, 162.35336303710938, 1.0], [197.78787231445312, 179.5423126220703, 1.0], [135.03041076660156, 127.62104034423828, 1.0], [161.70057678222656, 90.34623718261719, 1.0], [185.04653930664062, 101.10494232177734, 1.0], [171.4518280029297, 131.6871795654297, 1.0]], "is_left": 0,"label":5}