{"hand_pts": [[175.87451171875, 166.67027282714844, 1.0], [145.62173461914062, 131.84046936035156, 1.0], [87.41311645507812, 111.68452453613281, 1.0], [94.5827407836914, 108.87046813964844, 1.0], [149.92897033691406, 124.73665618896484, 1.0], [126.62223052978516, 192.4147491455078, 1.0], [145.81689453125, 160.6470489501953, 1.0], [162.05943298339844, 136.8878936767578, 1.0], [182.84097290039062, 109.16826629638672, 1.0], [166.23912048339844, 220.94126892089844, 1.0], [170.81761169433594, 191.6503448486328, 1.0], [182.9689178466797, 146.92807006835938, 1.0], [188.6879119873047, 122.73725891113281, 1.0], [200.33786010742188, 235.99046325683594, 1.0], [203.5211639404297, 255.87696838378906, 1.0], [210.9828338623047, 248.80567932128906, 1.0], [220.68218994140625, 217.4691619873047, 1.0], [232.54302978515625, 243.86715698242188, 1.0], [262.1595153808594, 256.02716064453125, 1.0], [279.7223205566406, 243.0125732421875, 1.0], [275.9900207519531, 205.3397979736328, 1.0]], "is_left": 0}