{"hand_pts": [[157.44839477539062, 349.3841857910156, 1.0], [185.7016143798828, 278.4006652832031, 1.0], [216.96438598632812, 228.93612670898438, 1.0], [218.94326782226562, 172.25424194335938, 1.0], [200.30699157714844, 136.820556640625, 1.0], [237.66036987304688, 233.72967529296875, 1.0], [246.2550811767578, 168.56675720214844, 1.0], [218.9239959716797, 135.93606567382812, 1.0], [186.7884063720703, 114.98702239990234, 1.0], [211.35829162597656, 245.929931640625, 1.0], [208.99896240234375, 169.79025268554688, 1.0], [184.51275634765625, 131.29808044433594, 1.0], [158.1916046142578, 115.04634094238281, 1.0], [185.6649169921875, 253.08265686035156, 1.0], [177.36170959472656, 185.5873260498047, 1.0], [155.31097412109375, 151.62481689453125, 1.0], [134.66802978515625, 137.7431640625, 1.0], [157.86456298828125, 263.9979553222656, 1.0], [141.156005859375, 218.8382568359375, 1.0], [124.27539825439453, 190.83743286132812, 1.0], [115.39368438720703, 185.44851684570312, 1.0]], "is_left": 0}