{"hand_pts": [[239.71194458007812, 245.677490234375, 1.0], [201.44012451171875, 192.86663818359375, 1.0], [198.4375762939453, 137.9241180419922, 1.0], [189.51089477539062, 105.19185638427734, 1.0], [180.28196716308594, 84.26082611083984, 1.0], [248.673583984375, 162.4620819091797, 1.0], [182.27830505371094, 135.9945831298828, 1.0], [132.8271942138672, 126.81611633300781, 1.0], [89.25355529785156, 132.9682159423828, 1.0], [256.4432373046875, 195.4063720703125, 1.0], [172.04156494140625, 181.38424682617188, 1.0], [114.49766540527344, 177.61813354492188, 1.0], [64.42090606689453, 178.4098663330078, 1.0], [254.02297973632812, 222.38584899902344, 1.0], [220.14535522460938, 213.4838104248047, 1.0], [170.42581176757812, 211.9649658203125, 1.0], [121.97272491455078, 210.69207763671875, 1.0], [247.8313751220703, 250.0039825439453, 1.0], [234.31228637695312, 259.8866882324219, 1.0], [213.86074829101562, 263.7461242675781, 1.0], [172.9195556640625, 254.9774932861328, 1.0]], "is_left": 0,"label":4}