{"hand_pts": [[71.51046752929688, 244.5009307861328, 1.0], [143.7869110107422, 253.21250915527344, 1.0], [190.132568359375, 280.0669860839844, 1.0], [222.5431671142578, 266.819091796875, 1.0], [222.3414306640625, 225.1744384765625, 1.0], [200.8655548095703, 191.94168090820312, 1.0], [226.12789916992188, 192.90171813964844, 1.0], [202.30813598632812, 213.84732055664062, 1.0], [168.66920471191406, 231.69921875, 1.0], [171.01161193847656, 164.2263641357422, 1.0], [240.87168884277344, 138.97947692871094, 1.0], [261.1564636230469, 152.5945587158203, 1.0], [283.15179443359375, 163.4229736328125, 1.0], [146.14698791503906, 146.22369384765625, 1.0], [173.64761352539062, 152.17315673828125, 1.0], [156.07388305664062, 183.94129943847656, 1.0], [136.95460510253906, 194.2901153564453, 1.0], [117.50846862792969, 135.58935546875, 1.0], [129.31565856933594, 124.38648986816406, 1.0], [134.2141876220703, 128.86839294433594, 1.0], [137.51820373535156, 145.79800415039062, 1.0]], "is_left": 0}