{"hand_pts": [[108.54834747314453, 150.96937561035156, 1.0], [172.25221252441406, 146.04852294921875, 1.0], [237.79757690429688, 134.57920837402344, 1.0], [278.3721923828125, 153.0861358642578, 1.0], [257.5440368652344, 184.28334045410156, 1.0], [166.66749572753906, 136.6944122314453, 1.0], [228.12313842773438, 154.61297607421875, 1.0], [245.2935791015625, 168.39537048339844, 1.0], [250.0265655517578, 179.7919464111328, 1.0], [130.74839782714844, 154.91342163085938, 1.0], [178.27499389648438, 190.74066162109375, 1.0], [211.801025390625, 211.9005126953125, 1.0], [243.86154174804688, 233.65957641601562, 1.0], [106.99249267578125, 171.76060485839844, 1.0], [125.60799407958984, 183.28240966796875, 1.0], [159.00881958007812, 199.4141845703125, 1.0], [190.333251953125, 215.11961364746094, 1.0], [86.07332611083984, 187.54229736328125, 1.0], [113.78714752197266, 214.6648406982422, 1.0], [135.74391174316406, 231.8179931640625, 1.0], [152.00820922851562, 227.51654052734375, 1.0]], "is_left": 0,"label":5}