{"hand_pts": [[67.000244140625, 271.13031005859375, 1.0], [86.90310668945312, 220.4539794921875, 1.0], [85.07172393798828, 198.30670166015625, 1.0], [102.98013305664062, 143.54273986816406, 1.0], [113.75109100341797, 134.5127410888672, 1.0], [196.91357421875, 224.32884216308594, 1.0], [211.41014099121094, 154.79705810546875, 1.0], [168.56362915039062, 149.53179931640625, 1.0], [137.5046844482422, 183.69070434570312, 1.0], [220.7451171875, 233.12066650390625, 1.0], [248.47760009765625, 152.73826599121094, 1.0], [190.813720703125, 148.89503479003906, 1.0], [157.7869415283203, 189.1562042236328, 1.0], [233.18992614746094, 234.20152282714844, 1.0], [264.0751037597656, 163.8340301513672, 1.0], [210.41195678710938, 165.77618408203125, 1.0], [191.81117248535156, 202.81602478027344, 1.0], [233.58030700683594, 235.1788787841797, 1.0], [253.48800659179688, 190.79867553710938, 1.0], [213.18359375, 178.30490112304688, 1.0], [190.322265625, 207.5286102294922, 1.0]], "is_left": 0}