{"hand_pts": [[310.97906494140625, 56.48737716674805, 1.0], [251.54391479492188, 68.99959564208984, 1.0], [249.70147705078125, 81.2674331665039, 1.0], [215.5943145751953, 124.77603912353516, 1.0], [184.2794647216797, 159.26702880859375, 1.0], [244.10194396972656, 167.91204833984375, 1.0], [185.72596740722656, 192.34716796875, 1.0], [136.4146728515625, 192.1870880126953, 1.0], [86.44216918945312, 181.88278198242188, 1.0], [247.85850524902344, 183.2029266357422, 1.0], [156.1221466064453, 191.95669555664062, 1.0], [116.18350982666016, 149.81378173828125, 1.0], [110.40955352783203, 101.87625122070312, 1.0], [244.7130584716797, 188.2184600830078, 1.0], [204.4931640625, 253.86952209472656, 1.0], [152.6101837158203, 256.5619201660156, 1.0], [103.06005859375, 239.9873046875, 1.0], [243.03363037109375, 183.250244140625, 1.0], [221.0943145751953, 231.42660522460938, 1.0], [181.60845947265625, 247.09042358398438, 1.0], [138.2283477783203, 239.29347229003906, 1.0]], "is_left": 0}