{"hand_pts": [[230.03587341308594, 57.42853546142578, 1.0], [165.2338104248047, 100.24720764160156, 1.0], [97.74491882324219, 130.6430206298828, 1.0], [81.14541625976562, 146.60699462890625, 1.0], [97.3998031616211, 149.07130432128906, 1.0], [154.1743927001953, 204.19281005859375, 1.0], [145.8039093017578, 249.5728759765625, 1.0], [145.513671875, 244.2975616455078, 1.0], [152.4099884033203, 200.1802978515625, 1.0], [201.2412109375, 195.03866577148438, 1.0], [179.19760131835938, 243.15357971191406, 1.0], [169.8005828857422, 203.71743774414062, 1.0], [171.93582153320312, 157.94422912597656, 1.0], [238.44866943359375, 180.5017547607422, 1.0], [225.96273803710938, 253.6832733154297, 1.0], [209.92111206054688, 249.20919799804688, 1.0], [194.03392028808594, 243.72486877441406, 1.0], [274.2760009765625, 156.79185485839844, 1.0], [271.1402587890625, 140.36053466796875, 1.0], [259.85760498046875, 109.7662353515625, 1.0], [258.214599609375, 115.98141479492188, 1.0]], "is_left": 0}