{"hand_pts": [[320.7745056152344, 162.6432647705078, 1.0], [286.3196105957031, 141.56777954101562, 1.0], [270.7288513183594, 115.64419555664062, 1.0], [251.97592163085938, 100.69561004638672, 1.0], [235.57949829101562, 95.02489471435547, 1.0], [188.18280029296875, 187.88392639160156, 1.0], [134.86505126953125, 202.30123901367188, 1.0], [105.25760650634766, 208.44198608398438, 1.0], [82.88402557373047, 209.9765625, 1.0], [190.7737274169922, 204.4138641357422, 1.0], [153.9385528564453, 200.85580444335938, 1.0], [151.47633361816406, 184.02821350097656, 1.0], [141.71524047851562, 172.7539520263672, 1.0], [199.24038696289062, 212.69155883789062, 1.0], [167.75218200683594, 208.1634979248047, 1.0], [186.8798370361328, 182.75692749023438, 1.0], [223.31129455566406, 152.87705993652344, 1.0], [216.291015625, 216.45396423339844, 1.0], [175.47598266601562, 231.6186065673828, 1.0], [158.65284729003906, 228.6157684326172, 1.0], [160.853515625, 209.81460571289062, 1.0]], "is_left": 0}