{"hand_pts": [[358.3084716796875, 195.48277282714844, 1.0], [288.33685302734375, 220.22425842285156, 1.0], [236.7593536376953, 249.1700897216797, 1.0], [180.71226501464844, 261.6622009277344, 1.0], [144.65773010253906, 252.24867248535156, 1.0], [212.12118530273438, 170.06507873535156, 1.0], [149.05288696289062, 187.3024444580078, 1.0], [136.06309509277344, 213.5011749267578, 1.0], [139.0035400390625, 239.51646423339844, 1.0], [229.29385375976562, 149.9545135498047, 1.0], [149.40325927734375, 138.18255615234375, 1.0], [124.10051727294922, 168.21380615234375, 1.0], [114.30648040771484, 201.2572021484375, 1.0], [243.96888732910156, 140.22950744628906, 1.0], [174.5762176513672, 137.14390563964844, 1.0], [153.76707458496094, 163.30474853515625, 1.0], [160.74391174316406, 195.9561004638672, 1.0], [264.5597229003906, 136.17283630371094, 1.0], [225.9014129638672, 129.37109375, 1.0], [208.2330780029297, 151.89625549316406, 1.0], [197.11485290527344, 180.96266174316406, 1.0]], "is_left": 0}