{"hand_pts": [[57.84967041015625, 49.945316314697266, 1.0], [136.09376525878906, 89.24136352539062, 1.0], [194.8859405517578, 100.13348388671875, 1.0], [231.501708984375, 134.0349578857422, 1.0], [211.26486206054688, 152.01829528808594, 1.0], [173.7906036376953, 157.27960205078125, 1.0], [226.43685913085938, 205.22047424316406, 1.0], [239.575439453125, 208.69659423828125, 1.0], [220.09622192382812, 184.64234924316406, 1.0], [143.31735229492188, 163.486572265625, 1.0], [202.77481079101562, 223.9986114501953, 1.0], [239.40487670898438, 246.9337615966797, 1.0], [264.17047119140625, 252.93690490722656, 1.0], [120.49386596679688, 166.40640258789062, 1.0], [167.7527313232422, 217.38653564453125, 1.0], [181.56466674804688, 212.06243896484375, 1.0], [181.2095489501953, 188.978515625, 1.0], [95.65888977050781, 162.34420776367188, 1.0], [123.36643981933594, 200.7972412109375, 1.0], [141.56837463378906, 196.6675567626953, 1.0], [152.8553466796875, 180.2722930908203, 1.0]], "is_left": 0}