{"hand_pts": [[282.3678283691406, 102.78311920166016, 1.0], [233.10589599609375, 88.65508270263672, 1.0], [199.31130981445312, 64.22124481201172, 1.0], [167.85678100585938, 99.59072875976562, 1.0], [152.4113006591797, 147.1632080078125, 1.0], [222.1012420654297, 134.977294921875, 1.0], [207.1525115966797, 166.2867431640625, 1.0], [175.87815856933594, 187.37916564941406, 1.0], [155.0664825439453, 186.2176971435547, 1.0], [230.02322387695312, 171.00863647460938, 1.0], [172.57528686523438, 212.76144409179688, 1.0], [154.9557342529297, 193.26356506347656, 1.0], [181.7576141357422, 163.38717651367188, 1.0], [232.82943725585938, 198.86044311523438, 1.0], [168.55230712890625, 227.4483184814453, 1.0], [145.65293884277344, 215.53504943847656, 1.0], [132.31674194335938, 195.05563354492188, 1.0], [237.00950622558594, 220.98577880859375, 1.0], [215.38079833984375, 257.7516784667969, 1.0], [184.545166015625, 262.9022216796875, 1.0], [157.7766571044922, 247.03070068359375, 1.0]], "is_left": 0}