{"hand_pts": [[310.50543212890625, 96.47218322753906, 1.0], [237.12484741210938, 98.45867156982422, 1.0], [184.67051696777344, 80.084228515625, 1.0], [143.82882690429688, 88.76403045654297, 1.0], [137.54129028320312, 120.39974212646484, 1.0], [195.77450561523438, 184.97027587890625, 1.0], [149.3232421875, 178.5434112548828, 1.0], [132.2416229248047, 158.07557678222656, 1.0], [116.25763702392578, 139.03524780273438, 1.0], [225.02537536621094, 204.1084747314453, 1.0], [163.6724853515625, 237.52523803710938, 1.0], [126.48439025878906, 232.8275909423828, 1.0], [92.24281311035156, 226.41143798828125, 1.0], [247.28851318359375, 212.69937133789062, 1.0], [210.5249786376953, 218.13223266601562, 1.0], [199.65777587890625, 192.5023651123047, 1.0], [203.49920654296875, 154.39585876464844, 1.0], [271.9300231933594, 212.23916625976562, 1.0], [250.58914184570312, 242.24835205078125, 1.0], [228.01182556152344, 240.8534698486328, 1.0], [202.6397705078125, 234.17718505859375, 1.0]], "is_left": 0,"label":5}