{"hand_pts": [[311.2671813964844, 278.65289306640625, 1.0], [286.11639404296875, 205.0078582763672, 1.0], [291.0032043457031, 149.04754638671875, 1.0], [253.86766052246094, 105.22615051269531, 1.0], [219.97903442382812, 114.45497131347656, 1.0], [201.0730438232422, 192.71505737304688, 1.0], [159.46392822265625, 135.3310089111328, 1.0], [175.1294708251953, 123.4620590209961, 1.0], [209.40354919433594, 143.54469299316406, 1.0], [178.9256591796875, 224.72088623046875, 1.0], [127.68550872802734, 163.9774932861328, 1.0], [163.87176513671875, 153.5743865966797, 1.0], [211.4394989013672, 176.4523468017578, 1.0], [164.4308319091797, 246.40626525878906, 1.0], [103.73727416992188, 200.51284790039062, 1.0], [136.02011108398438, 187.8262481689453, 1.0], [181.73948669433594, 203.13198852539062, 1.0], [159.5701446533203, 267.817138671875, 1.0], [122.46923828125, 247.44857788085938, 1.0], [147.06509399414062, 230.84805297851562, 1.0], [188.48057556152344, 234.05978393554688, 1.0]], "is_left": 0}