{"hand_pts": [[222.51742553710938, 156.4109649658203, 1.0], [157.86756896972656, 165.7020721435547, 1.0], [101.22762298583984, 191.37844848632812, 1.0], [72.94761657714844, 192.9634246826172, 1.0], [81.66142272949219, 176.51272583007812, 1.0], [172.5133514404297, 217.0281219482422, 1.0], [163.2787628173828, 224.43211364746094, 1.0], [153.6822052001953, 220.9728240966797, 1.0], [134.192138671875, 189.3519287109375, 1.0], [213.79330444335938, 204.463134765625, 1.0], [221.68661499023438, 235.57806396484375, 1.0], [189.9925079345703, 217.61376953125, 1.0], [156.86572265625, 196.6126708984375, 1.0], [241.49267578125, 188.82864379882812, 1.0], [244.5014190673828, 176.8275909423828, 1.0], [217.49256896972656, 148.09820556640625, 1.0], [191.88046264648438, 120.00240325927734, 1.0], [265.1724548339844, 170.02114868164062, 1.0], [253.0326385498047, 151.2825164794922, 1.0], [225.54843139648438, 133.59844970703125, 1.0], [207.53610229492188, 128.59840393066406, 1.0]], "is_left": 0}