{"hand_pts": [[268.2056579589844, 123.4501953125, 1.0], [202.5276641845703, 131.350341796875, 1.0], [141.81942749023438, 124.73893737792969, 1.0], [103.1537094116211, 146.52407836914062, 1.0], [75.49002075195312, 173.2582244873047, 1.0], [180.72164916992188, 144.37498474121094, 1.0], [149.06703186035156, 156.0989990234375, 1.0], [138.22146606445312, 178.79815673828125, 1.0], [134.04449462890625, 199.1295166015625, 1.0], [216.10804748535156, 159.90431213378906, 1.0], [187.31044006347656, 198.56539916992188, 1.0], [165.8334503173828, 224.1595916748047, 1.0], [154.84727478027344, 231.0941162109375, 1.0], [242.0579833984375, 173.49046325683594, 1.0], [219.8195343017578, 187.81930541992188, 1.0], [198.30380249023438, 204.62307739257812, 1.0], [192.16592407226562, 207.89576721191406, 1.0], [267.5078125, 184.32473754882812, 1.0], [253.4902801513672, 209.94239807128906, 1.0], [238.30198669433594, 228.1053466796875, 1.0], [222.664794921875, 227.41090393066406, 1.0]], "is_left": 0}