{"hand_pts": [[199.54168701171875, 49.30596160888672, 1.0], [158.36622619628906, 72.3219223022461, 1.0], [103.51399230957031, 82.19615936279297, 1.0], [109.78816223144531, 125.79609680175781, 1.0], [147.43576049804688, 160.84365844726562, 1.0], [124.80033111572266, 175.81277465820312, 1.0], [114.09062194824219, 241.9232177734375, 1.0], [126.41889190673828, 263.8821105957031, 1.0], [149.7832489013672, 259.4620666503906, 1.0], [163.67086791992188, 189.96153259277344, 1.0], [169.74920654296875, 210.7229766845703, 1.0], [184.2667694091797, 160.5550079345703, 1.0], [190.58839416503906, 115.47774505615234, 1.0], [197.71392822265625, 194.85000610351562, 1.0], [238.21473693847656, 222.5120849609375, 1.0], [250.1528778076172, 179.1359405517578, 1.0], [263.26953125, 137.93792724609375, 1.0], [231.7808380126953, 189.3225860595703, 1.0], [248.1427459716797, 232.0585479736328, 1.0], [254.96401977539062, 225.29150390625, 1.0], [258.92742919921875, 213.15850830078125, 1.0]], "is_left": 0}