{"hand_pts": [[314.4566345214844, 267.1222839355469, 1.0], [285.0357360839844, 198.05099487304688, 1.0], [260.96240234375, 141.88955688476562, 1.0], [211.88198852539062, 129.2571258544922, 1.0], [166.45472717285156, 124.78199005126953, 1.0], [252.90081787109375, 167.93040466308594, 1.0], [207.5489501953125, 125.60301971435547, 1.0], [171.85018920898438, 104.38108825683594, 1.0], [146.41238403320312, 107.04558563232422, 1.0], [236.3479461669922, 209.89944458007812, 1.0], [172.18763732910156, 174.2661895751953, 1.0], [131.4967041015625, 153.1723175048828, 1.0], [93.58653259277344, 133.53956604003906, 1.0], [220.97911071777344, 242.92391967773438, 1.0], [159.9496612548828, 207.4294891357422, 1.0], [149.05897521972656, 201.52236938476562, 1.0], [178.6619110107422, 214.67300415039062, 1.0], [210.38636779785156, 275.92108154296875, 1.0], [161.8132781982422, 275.4625549316406, 1.0], [137.00363159179688, 261.926025390625, 1.0], [161.65638732910156, 251.70960998535156, 1.0]], "is_left": 0}