{"hand_pts": [[306.0634765625, 112.96942901611328, 1.0], [229.54620361328125, 107.8669662475586, 1.0], [167.3438262939453, 100.6988525390625, 1.0], [127.85540008544922, 111.18976593017578, 1.0], [120.84217071533203, 129.67333984375, 1.0], [174.15460205078125, 194.39479064941406, 1.0], [133.14407348632812, 195.1118621826172, 1.0], [118.89122009277344, 177.8103485107422, 1.0], [110.53844451904297, 156.6155548095703, 1.0], [211.59031677246094, 210.63485717773438, 1.0], [167.145263671875, 238.5452117919922, 1.0], [153.82200622558594, 208.89759826660156, 1.0], [147.52354431152344, 172.57350158691406, 1.0], [242.68748474121094, 215.6610565185547, 1.0], [203.94252014160156, 237.98789978027344, 1.0], [198.06690979003906, 202.3182373046875, 1.0], [208.67613220214844, 164.28900146484375, 1.0], [276.835205078125, 211.9831085205078, 1.0], [257.4676208496094, 223.9563751220703, 1.0], [242.64247131347656, 215.0166778564453, 1.0], [230.17774963378906, 183.91220092773438, 1.0]], "is_left": 0,"label":5}