{"hand_pts": [[23.957794189453125, 230.86721801757812, 1.0], [60.960235595703125, 183.40557861328125, 1.0], [77.33768463134766, 133.00807189941406, 1.0], [113.84010314941406, 106.2866439819336, 1.0], [156.96383666992188, 124.2596206665039, 1.0], [136.83670043945312, 143.5694122314453, 1.0], [190.05218505859375, 105.47732543945312, 1.0], [220.44369506835938, 104.4679183959961, 1.0], [225.0378875732422, 127.46354675292969, 1.0], [145.86782836914062, 180.94003295898438, 1.0], [219.91180419921875, 179.1185302734375, 1.0], [250.64419555664062, 186.19776916503906, 1.0], [240.08221435546875, 197.28102111816406, 1.0], [150.53515625, 213.5690460205078, 1.0], [213.41258239746094, 229.710693359375, 1.0], [237.671875, 242.5143280029297, 1.0], [226.09207153320312, 251.49122619628906, 1.0], [147.2045440673828, 246.94004821777344, 1.0], [194.83201599121094, 249.3721160888672, 1.0], [217.49462890625, 250.3280792236328, 1.0], [223.81900024414062, 248.3261260986328, 1.0]], "is_left": 0,"label":5}