{"hand_pts": [[294.2900390625, 206.44683837890625, 1.0], [218.1356201171875, 183.80723571777344, 1.0], [169.4064483642578, 143.3016357421875, 1.0], [140.70498657226562, 105.70694732666016, 1.0], [136.71128845214844, 83.45414733886719, 1.0], [160.51052856445312, 236.0390167236328, 1.0], [106.5297622680664, 229.89122009277344, 1.0], [112.57987976074219, 184.54722595214844, 1.0], [136.4181671142578, 146.66030883789062, 1.0], [200.3136749267578, 239.1706085205078, 1.0], [156.69200134277344, 267.0237731933594, 1.0], [136.37840270996094, 225.50477600097656, 1.0], [113.88059997558594, 193.12411499023438, 1.0], [233.88558959960938, 233.47865295410156, 1.0], [214.9513397216797, 195.8653106689453, 1.0], [212.8070526123047, 150.14601135253906, 1.0], [219.4200897216797, 126.13597869873047, 1.0], [270.4644470214844, 223.46417236328125, 1.0], [247.26499938964844, 195.52288818359375, 1.0], [247.2001495361328, 166.70416259765625, 1.0], [258.1139221191406, 163.13111877441406, 1.0]], "is_left": 0}