{"hand_pts": [[90.4676742553711, 30.910839080810547, 1.0], [100.90635681152344, 110.82130432128906, 1.0], [91.7446060180664, 175.6270294189453, 1.0], [136.25819396972656, 210.99755859375, 1.0], [172.18980407714844, 187.20999145507812, 1.0], [114.61900329589844, 169.86422729492188, 1.0], [126.73802947998047, 232.3946075439453, 1.0], [158.75355529785156, 246.54376220703125, 1.0], [178.46853637695312, 231.47628784179688, 1.0], [136.92860412597656, 141.88340759277344, 1.0], [200.13218688964844, 200.1996612548828, 1.0], [226.16661071777344, 213.05838012695312, 1.0], [254.99005126953125, 229.74378967285156, 1.0], [157.15182495117188, 120.15518188476562, 1.0], [208.80322265625, 176.57586669921875, 1.0], [234.3546600341797, 200.92263793945312, 1.0], [256.6737976074219, 221.16468811035156, 1.0], [174.02203369140625, 94.60906219482422, 1.0], [215.2362518310547, 132.25450134277344, 1.0], [238.51266479492188, 153.8312530517578, 1.0], [241.1316375732422, 159.6370086669922, 1.0]], "is_left": 0}