{"hand_pts": [[34.098854064941406, 183.5076446533203, 1.0], [77.76580810546875, 155.63070678710938, 1.0], [109.56243896484375, 128.6005096435547, 1.0], [155.2516632080078, 115.92967224121094, 1.0], [201.25111389160156, 115.7489242553711, 1.0], [125.24870300292969, 187.95822143554688, 1.0], [177.3875732421875, 186.1600341796875, 1.0], [219.5967559814453, 170.11827087402344, 1.0], [262.31195068359375, 156.41737365722656, 1.0], [126.85417175292969, 205.24746704101562, 1.0], [184.82965087890625, 211.1894989013672, 1.0], [230.5143585205078, 190.31103515625, 1.0], [275.8702087402344, 171.5523681640625, 1.0], [129.12730407714844, 213.7349090576172, 1.0], [197.5892333984375, 205.01300048828125, 1.0], [238.12672424316406, 186.68240356445312, 1.0], [278.84918212890625, 167.7608184814453, 1.0], [126.27503204345703, 218.25994873046875, 1.0], [167.21307373046875, 225.8602294921875, 1.0], [200.15878295898438, 223.91278076171875, 1.0], [236.8571319580078, 216.44705200195312, 1.0]], "is_left": 0}