{"hand_pts": [[145.0496826171875, 146.510498046875, 1.0], [197.1569061279297, 178.70204162597656, 1.0], [226.65750122070312, 230.004150390625, 1.0], [252.23252868652344, 268.0115966796875, 1.0], [274.81634521484375, 299.47760009765625, 1.0], [169.05563354492188, 222.58335876464844, 1.0], [199.2972412109375, 243.4510040283203, 1.0], [226.7244110107422, 242.0076141357422, 1.0], [248.32200622558594, 213.14695739746094, 1.0], [140.67344665527344, 194.4018096923828, 1.0], [194.4088592529297, 191.89398193359375, 1.0], [225.44363403320312, 170.2532958984375, 1.0], [228.23196411132812, 155.72145080566406, 1.0], [123.67638397216797, 167.49974060058594, 1.0], [126.44658660888672, 157.1800079345703, 1.0], [139.61856079101562, 145.56427001953125, 1.0], [173.5341033935547, 130.7191925048828, 1.0], [110.31903076171875, 138.6522216796875, 1.0], [119.13614654541016, 117.66683959960938, 1.0], [134.71136474609375, 101.0756607055664, 1.0], [164.58895874023438, 86.6283950805664, 1.0]], "is_left": 0}