{"hand_pts": [[214.92156982421875, 341.0056457519531, 1.0], [161.01138305664062, 296.33892822265625, 1.0], [100.65988159179688, 272.3288269042969, 1.0], [91.28260040283203, 226.9781951904297, 1.0], [95.6761703491211, 185.9814453125, 1.0], [207.92333984375, 204.09567260742188, 1.0], [174.56556701660156, 149.5203857421875, 1.0], [131.7523956298828, 146.583984375, 1.0], [104.10840606689453, 175.89535522460938, 1.0], [236.05064392089844, 203.49142456054688, 1.0], [168.1076202392578, 173.21180725097656, 1.0], [117.91622924804688, 174.04437255859375, 1.0], [70.71968841552734, 190.65786743164062, 1.0], [249.88099670410156, 207.29751586914062, 1.0], [274.1258850097656, 133.34764099121094, 1.0], [224.302490234375, 137.5131378173828, 1.0], [204.4952850341797, 177.40016174316406, 1.0], [258.1888427734375, 219.7668914794922, 1.0], [276.62823486328125, 174.44595336914062, 1.0], [277.6490478515625, 143.1485595703125, 1.0], [251.41403198242188, 118.6631088256836, 1.0]], "is_left": 0}