{"hand_pts": [[300.6554870605469, 222.9820098876953, 1.0], [283.36541748046875, 171.6678466796875, 1.0], [294.9170837402344, 134.0670623779297, 1.0], [262.6350402832031, 118.34842681884766, 1.0], [228.6620330810547, 107.9506607055664, 1.0], [244.98170471191406, 198.80242919921875, 1.0], [211.87136840820312, 158.84144592285156, 1.0], [192.6930389404297, 126.90103912353516, 1.0], [174.46060180664062, 97.81597900390625, 1.0], [219.81532287597656, 227.59226989746094, 1.0], [153.47494506835938, 223.28309631347656, 1.0], [141.8174591064453, 187.21487426757812, 1.0], [157.74932861328125, 162.06854248046875, 1.0], [198.61599731445312, 245.03761291503906, 1.0], [130.8251190185547, 210.73193359375, 1.0], [125.2528305053711, 183.40367126464844, 1.0], [164.5704345703125, 181.2145233154297, 1.0], [183.01919555664062, 258.80419921875, 1.0], [130.38951110839844, 249.8830108642578, 1.0], [97.55207824707031, 235.65574645996094, 1.0], [102.12725830078125, 204.9418487548828, 1.0]], "is_left": 0}