{"hand_pts": [[69.17527770996094, 260.5870361328125, 1.0], [91.42239379882812, 203.95033264160156, 1.0], [79.34577941894531, 151.16390991210938, 1.0], [87.75870513916016, 106.30013275146484, 1.0], [104.98761749267578, 68.45257568359375, 1.0], [127.92571258544922, 178.53395080566406, 1.0], [162.5255126953125, 141.2353057861328, 1.0], [193.59390258789062, 120.88114166259766, 1.0], [222.7859649658203, 101.10824584960938, 1.0], [146.41127014160156, 210.75433349609375, 1.0], [205.3942413330078, 183.59054565429688, 1.0], [227.34475708007812, 171.8565673828125, 1.0], [231.69589233398438, 167.00592041015625, 1.0], [162.10008239746094, 235.7118377685547, 1.0], [228.0231475830078, 223.53038024902344, 1.0], [256.4754638671875, 212.2735595703125, 1.0], [284.1412353515625, 201.598388671875, 1.0], [172.3978729248047, 260.7309875488281, 1.0], [217.2960662841797, 264.9312438964844, 1.0], [240.56382751464844, 250.76620483398438, 1.0], [250.16065979003906, 230.85935974121094, 1.0]], "is_left": 0}