{"hand_pts": [[315.2419128417969, 116.24525451660156, 1.0], [252.91888427734375, 149.54855346679688, 1.0], [203.7573699951172, 165.75595092773438, 1.0], [168.87840270996094, 173.14511108398438, 1.0], [139.0908203125, 179.22605895996094, 1.0], [224.70849609375, 229.49005126953125, 1.0], [160.824462890625, 243.46551513671875, 1.0], [125.45654296875, 227.15802001953125, 1.0], [87.8410415649414, 219.66476440429688, 1.0], [237.60546875, 215.909423828125, 1.0], [190.91238403320312, 257.885498046875, 1.0], [156.9745635986328, 231.22935485839844, 1.0], [167.21780395507812, 201.477783203125, 1.0], [244.7728729248047, 198.7856903076172, 1.0], [179.2820587158203, 177.71592712402344, 1.0], [150.90158081054688, 150.37554931640625, 1.0], [139.29940795898438, 118.21011352539062, 1.0], [254.4559783935547, 175.3607177734375, 1.0], [221.94078063964844, 144.37496948242188, 1.0], [206.08274841308594, 115.70352172851562, 1.0], [189.84303283691406, 85.68827056884766, 1.0]], "is_left": 0}