{"hand_pts": [[152.08106994628906, 58.562007904052734, 1.0], [204.31494140625, 116.70096588134766, 1.0], [262.4170837402344, 146.89903259277344, 1.0], [284.65325927734375, 145.9815216064453, 1.0], [248.93612670898438, 122.25350189208984, 1.0], [165.97174072265625, 211.93763732910156, 1.0], [222.37261962890625, 221.7593536376953, 1.0], [259.9742431640625, 215.10267639160156, 1.0], [289.12567138671875, 183.65643310546875, 1.0], [133.99928283691406, 192.15512084960938, 1.0], [169.44772338867188, 235.46815490722656, 1.0], [201.10488891601562, 250.5323028564453, 1.0], [239.7689971923828, 246.5102081298828, 1.0], [115.26380920410156, 171.0207977294922, 1.0], [83.89743041992188, 225.17735290527344, 1.0], [118.19097900390625, 227.9713134765625, 1.0], [158.90208435058594, 213.6741180419922, 1.0], [101.58757019042969, 142.71389770507812, 1.0], [120.78726959228516, 143.45103454589844, 1.0], [141.1225128173828, 137.69232177734375, 1.0], [172.82598876953125, 116.37491607666016, 1.0]], "is_left": 0}