{"hand_pts": [[236.08216857910156, 102.345703125, 1.0], [218.2703399658203, 88.01254272460938, 1.0], [201.51132202148438, 57.13288879394531, 1.0], [168.05569458007812, 65.65940856933594, 1.0], [132.60235595703125, 101.84330749511719, 1.0], [280.21514892578125, 154.9756317138672, 1.0], [252.6674346923828, 168.18472290039062, 1.0], [194.31674194335938, 162.7672882080078, 1.0], [132.90335083007812, 151.85269165039062, 1.0], [266.37176513671875, 190.87896728515625, 1.0], [222.12637329101562, 218.69921875, 1.0], [157.1287384033203, 204.5767059326172, 1.0], [97.79924774169922, 178.7439422607422, 1.0], [244.57736206054688, 215.31658935546875, 1.0], [217.21514892578125, 258.3118896484375, 1.0], [161.39276123046875, 252.2134552001953, 1.0], [104.93257141113281, 238.34164428710938, 1.0], [218.89239501953125, 231.53363037109375, 1.0], [173.16065979003906, 259.4328918457031, 1.0], [125.38719177246094, 250.25244140625, 1.0], [83.92469787597656, 222.01309204101562, 1.0]], "is_left": 0}