{"hand_pts": [[309.713623046875, 213.90216064453125, 1.0], [241.5706329345703, 214.6011505126953, 1.0], [184.00332641601562, 221.2732391357422, 1.0], [137.80538940429688, 208.3985137939453, 1.0], [108.33065795898438, 185.89169311523438, 1.0], [208.8792266845703, 243.74610900878906, 1.0], [155.67770385742188, 231.17042541503906, 1.0], [124.3405532836914, 203.08485412597656, 1.0], [100.56462097167969, 169.43995666503906, 1.0], [236.3268585205078, 223.9375457763672, 1.0], [182.6437225341797, 215.9540252685547, 1.0], [143.3030548095703, 189.83139038085938, 1.0], [111.96434783935547, 158.49942016601562, 1.0], [256.5455627441406, 202.5485382080078, 1.0], [208.71469116210938, 179.70079040527344, 1.0], [177.57798767089844, 149.8255615234375, 1.0], [150.36807250976562, 120.38128662109375, 1.0], [278.4364929199219, 180.47650146484375, 1.0], [253.13629150390625, 147.23008728027344, 1.0], [230.1438446044922, 119.9898452758789, 1.0], [209.44656372070312, 100.76012420654297, 1.0]], "is_left": 0}