{"hand_pts": [[288.2767333984375, 255.83993530273438, 1.0], [224.0492706298828, 227.14276123046875, 1.0], [171.14842224121094, 207.01876831054688, 1.0], [127.2018814086914, 187.02981567382812, 1.0], [116.33940124511719, 176.17391967773438, 1.0], [222.5759735107422, 153.83944702148438, 1.0], [159.33743286132812, 158.7552490234375, 1.0], [121.5773696899414, 173.13067626953125, 1.0], [84.91463470458984, 181.54776000976562, 1.0], [245.9136962890625, 163.81739807128906, 1.0], [183.33946228027344, 163.6374969482422, 1.0], [142.6043701171875, 175.61203002929688, 1.0], [113.37596893310547, 203.44786071777344, 1.0], [259.490478515625, 177.2521514892578, 1.0], [216.83245849609375, 148.79835510253906, 1.0], [180.78028869628906, 167.84788513183594, 1.0], [171.27078247070312, 195.1737518310547, 1.0], [272.2882995605469, 196.31732177734375, 1.0], [248.55003356933594, 198.51966857910156, 1.0], [219.74002075195312, 213.73106384277344, 1.0], [204.7849884033203, 228.92706298828125, 1.0]], "is_left": 0}