{"hand_pts": [[310.0265197753906, 168.8428955078125, 1.0], [280.8910217285156, 142.88548278808594, 1.0], [274.9611511230469, 105.77053833007812, 1.0], [246.10202026367188, 80.45672607421875, 1.0], [202.15591430664062, 70.83082580566406, 1.0], [250.8232421875, 195.6354217529297, 1.0], [201.85916137695312, 188.8255157470703, 1.0], [168.2363739013672, 181.51649475097656, 1.0], [145.2777557373047, 156.07366943359375, 1.0], [235.88665771484375, 218.58274841308594, 1.0], [193.14093017578125, 263.160888671875, 1.0], [152.9127655029297, 243.10992431640625, 1.0], [133.23814392089844, 208.21524047851562, 1.0], [221.6338348388672, 230.9637451171875, 1.0], [152.2434844970703, 213.15139770507812, 1.0], [114.7052230834961, 195.2976837158203, 1.0], [90.22093963623047, 165.75296020507812, 1.0], [211.71017456054688, 237.45819091796875, 1.0], [167.1486053466797, 215.7211456298828, 1.0], [140.10108947753906, 195.37005615234375, 1.0], [129.3477020263672, 164.1677703857422, 1.0]], "is_left": 0}