{"hand_pts": [[343.49041748046875, 131.07644653320312, 1.0], [274.451904296875, 119.62767791748047, 1.0], [235.38949584960938, 90.6397476196289, 1.0], [203.14825439453125, 119.49744415283203, 1.0], [186.86976623535156, 156.72784423828125, 1.0], [204.0821075439453, 137.7489013671875, 1.0], [147.2494354248047, 142.59861755371094, 1.0], [109.1573257446289, 156.84852600097656, 1.0], [99.03263092041016, 173.2373809814453, 1.0], [218.42933654785156, 166.51560974121094, 1.0], [152.7602996826172, 192.7332000732422, 1.0], [126.26799774169922, 204.77981567382812, 1.0], [120.07573699951172, 207.52764892578125, 1.0], [230.66502380371094, 189.67803955078125, 1.0], [173.98927307128906, 233.2257843017578, 1.0], [163.08074951171875, 238.8223419189453, 1.0], [172.3112030029297, 227.1634521484375, 1.0], [248.7803192138672, 209.13623046875, 1.0], [215.8428955078125, 242.15924072265625, 1.0], [214.43995666503906, 238.6900177001953, 1.0], [235.5848388671875, 212.81687927246094, 1.0]], "is_left": 0}