{"hand_pts": [[154.63641357421875, 166.80796813964844, 1.0], [132.92636108398438, 139.92987060546875, 1.0], [92.92999267578125, 104.37542724609375, 1.0], [133.35748291015625, 86.763916015625, 1.0], [189.8217010498047, 105.56947326660156, 1.0], [96.31526184082031, 200.9459686279297, 1.0], [103.1466064453125, 206.84033203125, 1.0], [143.56591796875, 178.65756225585938, 1.0], [175.29371643066406, 152.9608917236328, 1.0], [132.2807159423828, 226.26882934570312, 1.0], [183.5029296875, 207.55789184570312, 1.0], [210.6901397705078, 166.3589630126953, 1.0], [222.3665313720703, 132.83164978027344, 1.0], [165.9779815673828, 239.2607421875, 1.0], [203.78439331054688, 263.9113464355469, 1.0], [231.4180908203125, 228.10263061523438, 1.0], [235.084716796875, 190.8239288330078, 1.0], [199.32456970214844, 245.12533569335938, 1.0], [257.92633056640625, 232.27151489257812, 1.0], [279.6684875488281, 203.62713623046875, 1.0], [259.01104736328125, 180.0049591064453, 1.0]], "is_left": 0}