{"hand_pts": [[326.2347412109375, 88.43700408935547, 1.0], [278.25457763671875, 127.89363861083984, 1.0], [253.9311065673828, 135.80145263671875, 1.0], [222.93399047851562, 195.4208984375, 1.0], [216.9333038330078, 237.9226837158203, 1.0], [152.52896118164062, 104.80835723876953, 1.0], [110.31485748291016, 175.50770568847656, 1.0], [158.6517333984375, 204.44496154785156, 1.0], [207.97706604003906, 192.7232208251953, 1.0], [150.7703857421875, 108.11498260498047, 1.0], [128.38064575195312, 205.85589599609375, 1.0], [187.5005340576172, 224.2367706298828, 1.0], [225.60516357421875, 182.45156860351562, 1.0], [156.13951110839844, 118.40748596191406, 1.0], [119.26721954345703, 203.241455078125, 1.0], [160.45675659179688, 237.54013061523438, 1.0], [206.2915496826172, 220.66580200195312, 1.0], [172.77725219726562, 129.25209045410156, 1.0], [160.6884002685547, 188.37852478027344, 1.0], [192.18417358398438, 216.60104370117188, 1.0], [225.0333251953125, 196.46241760253906, 1.0]], "is_left": 0}