{"hand_pts": [[137.24815368652344, 87.087646484375, 1.0], [166.06524658203125, 97.44009399414062, 1.0], [185.06509399414062, 79.95915222167969, 1.0], [188.69439697265625, 73.2845458984375, 1.0], [183.385498046875, 73.59221649169922, 1.0], [215.90675354003906, 167.86111450195312, 1.0], [231.4007110595703, 197.50587463378906, 1.0], [218.35238647460938, 199.43931579589844, 1.0], [193.44439697265625, 188.2252655029297, 1.0], [194.62619018554688, 184.4925537109375, 1.0], [208.19064331054688, 212.30709838867188, 1.0], [204.1385040283203, 213.88589477539062, 1.0], [195.84060668945312, 209.1645050048828, 1.0], [173.05322265625, 193.47914123535156, 1.0], [191.8905792236328, 248.97219848632812, 1.0], [191.0677947998047, 267.5167236328125, 1.0], [190.1437530517578, 285.0267028808594, 1.0], [148.5258331298828, 194.92959594726562, 1.0], [138.70748901367188, 219.38571166992188, 1.0], [125.4989013671875, 205.27804565429688, 1.0], [123.9005126953125, 175.748291015625, 1.0]], "is_left": 0}