{"hand_pts": [[41.131011962890625, 218.9124298095703, 1.0], [120.90625762939453, 162.44886779785156, 1.0], [184.65966796875, 107.59468078613281, 1.0], [232.57875061035156, 79.02593231201172, 1.0], [241.86190795898438, 86.1120376586914, 1.0], [204.56495666503906, 203.76272583007812, 1.0], [237.79090881347656, 155.5028076171875, 1.0], [200.9312744140625, 136.6482391357422, 1.0], [158.69715881347656, 133.8651580810547, 1.0], [172.58201599121094, 238.22927856445312, 1.0], [237.7373046875, 215.96839904785156, 1.0], [237.7884521484375, 170.1593780517578, 1.0], [220.86207580566406, 130.9141082763672, 1.0], [145.3242645263672, 257.8066101074219, 1.0], [195.1006622314453, 242.88046264648438, 1.0], [196.6292724609375, 203.0167999267578, 1.0], [180.39463806152344, 168.34959411621094, 1.0], [113.22930908203125, 271.64556884765625, 1.0], [128.76223754882812, 269.0865173339844, 1.0], [129.50787353515625, 233.0977020263672, 1.0], [120.0625228881836, 223.45858764648438, 1.0]], "is_left": 0}