{"hand_pts": [[156.4012908935547, 57.350257873535156, 1.0], [198.144775390625, 73.57022094726562, 1.0], [231.30076599121094, 77.72660064697266, 1.0], [249.90830993652344, 106.22972869873047, 1.0], [229.13946533203125, 161.11228942871094, 1.0], [144.55291748046875, 154.440185546875, 1.0], [205.839599609375, 176.47317504882812, 1.0], [240.22598266601562, 151.72549438476562, 1.0], [229.0087127685547, 125.6988525390625, 1.0], [126.15303039550781, 178.08334350585938, 1.0], [197.49778747558594, 212.00436401367188, 1.0], [251.72097778320312, 214.11045837402344, 1.0], [297.77960205078125, 186.28390502929688, 1.0], [120.29901123046875, 193.06715393066406, 1.0], [92.21625518798828, 252.03550720214844, 1.0], [137.61810302734375, 256.9896240234375, 1.0], [180.68650817871094, 237.47943115234375, 1.0], [119.7061767578125, 198.765625, 1.0], [109.15587615966797, 249.8505859375, 1.0], [145.98110961914062, 249.9163055419922, 1.0], [173.74761962890625, 215.55426025390625, 1.0]], "is_left": 0}