{"hand_pts": [[298.25927734375, 298.3013916015625, 1.0], [259.5931396484375, 296.833740234375, 1.0], [226.52734375, 302.1742858886719, 1.0], [197.0941162109375, 266.5956726074219, 1.0], [191.68264770507812, 218.70294189453125, 1.0], [176.28543090820312, 228.28770446777344, 1.0], [121.24346160888672, 189.22598266601562, 1.0], [138.0846710205078, 181.34164428710938, 1.0], [161.59317016601562, 177.6685791015625, 1.0], [193.47479248046875, 200.8885040283203, 1.0], [125.03299713134766, 157.03167724609375, 1.0], [144.62010192871094, 162.17803955078125, 1.0], [153.71490478515625, 160.7432403564453, 1.0], [213.57559204101562, 183.00146484375, 1.0], [160.21852111816406, 130.5479278564453, 1.0], [148.74835205078125, 113.98883056640625, 1.0], [145.06689453125, 104.94760131835938, 1.0], [239.91445922851562, 173.4844512939453, 1.0], [230.296875, 144.8212890625, 1.0], [238.55776977539062, 146.37722778320312, 1.0], [259.04644775390625, 175.32313537597656, 1.0]], "is_left": 0}