{"hand_pts": [[249.4863739013672, 277.2981262207031, 1.0], [178.0628662109375, 260.7592468261719, 1.0], [111.70201873779297, 248.08595275878906, 1.0], [114.61610412597656, 217.69918823242188, 1.0], [155.93582153320312, 200.42320251464844, 1.0], [163.52674865722656, 173.94775390625, 1.0], [121.52665710449219, 126.96117401123047, 1.0], [95.82794952392578, 109.00163269042969, 1.0], [78.40736389160156, 106.60881042480469, 1.0], [209.83062744140625, 169.63563537597656, 1.0], [167.3060302734375, 144.6943359375, 1.0], [147.2243194580078, 174.88597106933594, 1.0], [151.17767333984375, 214.45973205566406, 1.0], [244.61756896972656, 172.876220703125, 1.0], [239.9015350341797, 133.80068969726562, 1.0], [223.55787658691406, 165.05039978027344, 1.0], [210.0632781982422, 200.66015625, 1.0], [277.518798828125, 183.9451904296875, 1.0], [275.3275146484375, 202.91424560546875, 1.0], [266.6670227050781, 233.7196044921875, 1.0], [255.3890838623047, 265.76495361328125, 1.0]], "is_left": 0}