{"hand_pts": [[270.7593994140625, 188.72515869140625, 1.0], [275.08502197265625, 156.20355224609375, 1.0], [295.9354553222656, 112.13826751708984, 1.0], [283.9305725097656, 122.49565887451172, 1.0], [256.0323791503906, 165.550537109375, 1.0], [167.7095947265625, 117.84761810302734, 1.0], [148.44747924804688, 119.32989501953125, 1.0], [182.3017578125, 147.5959930419922, 1.0], [224.69888305664062, 177.3574676513672, 1.0], [142.73287963867188, 152.16680908203125, 1.0], [111.6877212524414, 168.76356506347656, 1.0], [158.2643280029297, 193.14205932617188, 1.0], [215.1890106201172, 208.92320251464844, 1.0], [131.97877502441406, 183.54867553710938, 1.0], [107.18968200683594, 209.3021240234375, 1.0], [155.05128479003906, 228.51222229003906, 1.0], [204.38795471191406, 229.08750915527344, 1.0], [132.68060302734375, 215.4656524658203, 1.0], [125.77513885498047, 247.757568359375, 1.0], [161.82803344726562, 262.79864501953125, 1.0], [206.71876525878906, 253.70175170898438, 1.0]], "is_left": 0}