{"hand_pts": [[319.94073486328125, 217.11773681640625, 1.0], [241.60935974121094, 231.94412231445312, 1.0], [182.1593017578125, 258.1507263183594, 1.0], [124.69446563720703, 242.96914672851562, 1.0], [126.68452453613281, 200.55958557128906, 1.0], [208.55859375, 246.41839599609375, 1.0], [143.47369384765625, 217.4936065673828, 1.0], [116.04032135009766, 189.70179748535156, 1.0], [130.58482360839844, 177.87677001953125, 1.0], [236.49697875976562, 217.71493530273438, 1.0], [156.45050048828125, 184.77496337890625, 1.0], [121.0239028930664, 163.1351776123047, 1.0], [119.03510284423828, 155.67892456054688, 1.0], [255.37362670898438, 191.84188842773438, 1.0], [192.8725128173828, 146.43588256835938, 1.0], [178.88111877441406, 134.7329559326172, 1.0], [198.9791259765625, 152.11195373535156, 1.0], [275.91668701171875, 167.39498901367188, 1.0], [237.89498901367188, 131.74977111816406, 1.0], [222.76654052734375, 126.94896697998047, 1.0], [234.11538696289062, 146.8325653076172, 1.0]], "is_left": 0}