{"hand_pts": [[54.40202331542969, 133.68617248535156, 1.0], [131.0533447265625, 131.58132934570312, 1.0], [173.5426025390625, 96.44896697998047, 1.0], [222.9176483154297, 88.57115173339844, 1.0], [249.27928161621094, 125.99591064453125, 1.0], [165.11282348632812, 133.07958984375, 1.0], [227.52647399902344, 165.3385009765625, 1.0], [255.84957885742188, 190.34689331054688, 1.0], [265.8868713378906, 210.38275146484375, 1.0], [138.20730590820312, 157.7417449951172, 1.0], [206.44140625, 192.77743530273438, 1.0], [244.94976806640625, 216.1933135986328, 1.0], [242.71925354003906, 217.01998901367188, 1.0], [119.38673400878906, 180.0283660888672, 1.0], [175.8641815185547, 228.9951934814453, 1.0], [164.48541259765625, 221.3765869140625, 1.0], [139.52647399902344, 199.12620544433594, 1.0], [98.60682678222656, 199.91949462890625, 1.0], [131.91238403320312, 237.87548828125, 1.0], [158.36143493652344, 257.2183532714844, 1.0], [157.69940185546875, 239.90602111816406, 1.0]], "is_left": 0}