{"hand_pts": [[29.536563873291016, 174.1996307373047, 1.0], [99.97247314453125, 218.69810485839844, 1.0], [134.4400177001953, 270.7859191894531, 1.0], [170.6121826171875, 280.2731628417969, 1.0], [184.1796112060547, 254.56640625, 1.0], [195.26995849609375, 188.13966369628906, 1.0], [262.1084899902344, 192.22369384765625, 1.0], [273.0114440917969, 205.8744659423828, 1.0], [242.98207092285156, 217.86123657226562, 1.0], [180.5978240966797, 152.2422332763672, 1.0], [227.5705108642578, 186.0886688232422, 1.0], [186.46865844726562, 208.2548065185547, 1.0], [141.52474975585938, 223.4798126220703, 1.0], [165.45150756835938, 127.80988311767578, 1.0], [204.8349609375, 137.14834594726562, 1.0], [196.8966827392578, 157.1924591064453, 1.0], [191.6209716796875, 175.8086395263672, 1.0], [142.08544921875, 108.12693786621094, 1.0], [162.05615234375, 105.20233917236328, 1.0], [159.8649139404297, 119.76849365234375, 1.0], [135.7729034423828, 145.16754150390625, 1.0]], "is_left": 0}