{"hand_pts": [[153.1936492919922, 342.3351745605469, 1.0], [144.40902709960938, 301.1500549316406, 1.0], [94.7012939453125, 276.8825378417969, 1.0], [105.52644348144531, 230.44276428222656, 1.0], [149.71810913085938, 205.19468688964844, 1.0], [132.1526336669922, 210.5928955078125, 1.0], [151.95816040039062, 156.39849853515625, 1.0], [167.96463012695312, 123.73579406738281, 1.0], [197.6939697265625, 120.58151245117188, 1.0], [160.2498779296875, 208.0162811279297, 1.0], [161.02088928222656, 136.1859588623047, 1.0], [178.037353515625, 112.2781753540039, 1.0], [199.4000701904297, 130.9416046142578, 1.0], [186.66419982910156, 210.5165557861328, 1.0], [210.24966430664062, 139.8297882080078, 1.0], [229.97340393066406, 150.00013732910156, 1.0], [249.1984100341797, 158.91529846191406, 1.0], [211.93377685546875, 221.90013122558594, 1.0], [258.40142822265625, 196.8495635986328, 1.0], [267.286865234375, 215.16973876953125, 1.0], [234.69827270507812, 238.59616088867188, 1.0]], "is_left": 0}