{"hand_pts": [[18.06072998046875, 221.19801330566406, 1.0], [70.36165618896484, 205.52281188964844, 1.0], [106.35675048828125, 196.5035400390625, 1.0], [152.81167602539062, 199.802490234375, 1.0], [189.13638305664062, 209.71783447265625, 1.0], [135.32833862304688, 158.59446716308594, 1.0], [191.4244842529297, 138.41256713867188, 1.0], [228.6097412109375, 130.66787719726562, 1.0], [264.66278076171875, 126.24137878417969, 1.0], [131.89791870117188, 178.21319580078125, 1.0], [196.49917602539062, 147.4829559326172, 1.0], [236.09500122070312, 152.1596221923828, 1.0], [272.06787109375, 158.31448364257812, 1.0], [128.20773315429688, 199.4905242919922, 1.0], [194.61817932128906, 195.3277130126953, 1.0], [222.7423553466797, 214.05101013183594, 1.0], [250.718994140625, 231.59005737304688, 1.0], [118.24403381347656, 223.30174255371094, 1.0], [159.7958526611328, 216.27525329589844, 1.0], [190.49667358398438, 214.22775268554688, 1.0], [221.40060424804688, 220.3015594482422, 1.0]], "is_left": 0}