{"hand_pts": [[327.3149719238281, 111.4598159790039, 1.0], [294.4322509765625, 167.45736694335938, 1.0], [280.06500244140625, 215.46160888671875, 1.0], [243.90069580078125, 219.97042846679688, 1.0], [223.8252410888672, 196.29078674316406, 1.0], [198.9169158935547, 192.02391052246094, 1.0], [142.267822265625, 216.19439697265625, 1.0], [134.5510711669922, 228.5224151611328, 1.0], [162.62278747558594, 225.43707275390625, 1.0], [195.75341796875, 165.276123046875, 1.0], [150.9801025390625, 191.6567840576172, 1.0], [156.66217041015625, 206.56077575683594, 1.0], [183.38182067871094, 214.8708953857422, 1.0], [199.21401977539062, 144.73391723632812, 1.0], [130.7100067138672, 163.5568389892578, 1.0], [105.17648315429688, 182.40521240234375, 1.0], [112.27753448486328, 200.4971160888672, 1.0], [211.35337829589844, 123.41706848144531, 1.0], [174.76324462890625, 131.26780700683594, 1.0], [186.82916259765625, 147.57452392578125, 1.0], [215.59693908691406, 146.90045166015625, 1.0]], "is_left": 0}