{"hand_pts": [[203.9796905517578, 256.0005798339844, 1.0], [237.84861755371094, 257.1036682128906, 1.0], [277.126220703125, 280.3742370605469, 1.0], [292.8479919433594, 244.17262268066406, 1.0], [292.21319580078125, 196.69873046875, 1.0], [174.55824279785156, 251.7227325439453, 1.0], [199.3701934814453, 218.66409301757812, 1.0], [232.55661010742188, 191.74354553222656, 1.0], [262.4283447265625, 176.0262451171875, 1.0], [147.17156982421875, 223.2986297607422, 1.0], [160.7870635986328, 175.19482421875, 1.0], [196.54287719726562, 146.21437072753906, 1.0], [238.7178497314453, 126.43709564208984, 1.0], [132.67654418945312, 197.73147583007812, 1.0], [106.86038970947266, 164.86598205566406, 1.0], [106.92066192626953, 141.4924774169922, 1.0], [144.19276428222656, 124.27043151855469, 1.0], [124.97122192382812, 174.84056091308594, 1.0], [96.08187866210938, 137.80943298339844, 1.0], [118.9102783203125, 118.95148468017578, 1.0], [157.163818359375, 131.64129638671875, 1.0]], "is_left": 0}