{"hand_pts": [[198.4380645751953, 23.330341339111328, 1.0], [180.59060668945312, 88.69710540771484, 1.0], [177.3594512939453, 132.546630859375, 1.0], [170.95616149902344, 176.8899383544922, 1.0], [157.1509246826172, 217.52316284179688, 1.0], [223.73965454101562, 170.4787139892578, 1.0], [207.0276336669922, 232.82830810546875, 1.0], [168.5810089111328, 235.5866241455078, 1.0], [147.35838317871094, 202.17843627929688, 1.0], [224.29953002929688, 157.6602020263672, 1.0], [251.71847534179688, 230.66204833984375, 1.0], [227.86305236816406, 270.8185729980469, 1.0], [187.83587646484375, 266.2945251464844, 1.0], [217.82681274414062, 144.9211883544922, 1.0], [155.8441619873047, 177.37538146972656, 1.0], [118.93721771240234, 169.7584991455078, 1.0], [112.10599517822266, 134.31654357910156, 1.0], [207.9298095703125, 124.94691467285156, 1.0], [204.96786499023438, 171.28492736816406, 1.0], [176.4880828857422, 180.32460021972656, 1.0], [148.22125244140625, 180.6811981201172, 1.0]], "is_left": 0}