{"hand_pts": [[303.6956481933594, 121.72459411621094, 1.0], [233.85342407226562, 165.2230224609375, 1.0], [189.58407592773438, 212.5089569091797, 1.0], [153.92152404785156, 257.2476501464844, 1.0], [134.8809356689453, 292.3046569824219, 1.0], [172.49893188476562, 138.2626953125, 1.0], [130.20962524414062, 176.0076904296875, 1.0], [147.7232666015625, 207.98439025878906, 1.0], [175.06129455566406, 226.14324951171875, 1.0], [203.64151000976562, 125.9668960571289, 1.0], [143.38047790527344, 156.81980895996094, 1.0], [115.99497985839844, 194.94601440429688, 1.0], [99.04998779296875, 235.68247985839844, 1.0], [230.31605529785156, 122.8450698852539, 1.0], [199.118896484375, 147.1729278564453, 1.0], [184.4552764892578, 177.42103576660156, 1.0], [174.46766662597656, 214.8404083251953, 1.0], [260.63580322265625, 122.17530822753906, 1.0], [254.2112579345703, 141.4156036376953, 1.0], [247.13059997558594, 174.2238311767578, 1.0], [242.14907836914062, 197.92726135253906, 1.0]], "is_left": 0}