{"hand_pts": [[318.80792236328125, 148.69366455078125, 1.0], [275.0433044433594, 141.56228637695312, 1.0], [256.85162353515625, 149.502197265625, 1.0], [226.68955993652344, 157.88714599609375, 1.0], [194.64878845214844, 166.05870056152344, 1.0], [214.51803588867188, 210.1682586669922, 1.0], [160.64634704589844, 226.76113891601562, 1.0], [124.07549285888672, 222.12596130371094, 1.0], [114.27840423583984, 183.50733947753906, 1.0], [209.44700622558594, 214.5848846435547, 1.0], [154.8118133544922, 163.95115661621094, 1.0], [167.7012481689453, 117.2720718383789, 1.0], [193.7958984375, 80.79625701904297, 1.0], [205.88746643066406, 210.30764770507812, 1.0], [146.8096923828125, 250.6707000732422, 1.0], [109.50074005126953, 263.39251708984375, 1.0], [72.6481704711914, 264.1040344238281, 1.0], [208.76309204101562, 199.9385528564453, 1.0], [182.8252716064453, 156.69361877441406, 1.0], [210.61573791503906, 137.70103454589844, 1.0], [244.6239471435547, 144.00982666015625, 1.0]], "is_left": 0,"label":2}