{"hand_pts": [[130.47738647460938, 82.72665405273438, 1.0], [176.96121215820312, 153.73072814941406, 1.0], [196.4766387939453, 216.60736083984375, 1.0], [244.37149047851562, 247.09161376953125, 1.0], [288.1482849121094, 255.85086059570312, 1.0], [115.70889282226562, 193.5694580078125, 1.0], [144.3321075439453, 236.11138916015625, 1.0], [204.17788696289062, 242.74876403808594, 1.0], [257.51922607421875, 232.54635620117188, 1.0], [107.66789245605469, 156.42124938964844, 1.0], [120.0956802368164, 203.17369079589844, 1.0], [175.48956298828125, 226.68104553222656, 1.0], [232.85415649414062, 243.95236206054688, 1.0], [112.53178405761719, 126.80094909667969, 1.0], [130.12030029296875, 153.1024169921875, 1.0], [171.28091430664062, 169.83029174804688, 1.0], [215.65328979492188, 185.56248474121094, 1.0], [122.15574645996094, 96.06066131591797, 1.0], [186.16172790527344, 104.03154754638672, 1.0], [234.283203125, 108.32988739013672, 1.0], [265.84356689453125, 111.70206451416016, 1.0]], "is_left": 0}