{"hand_pts": [[217.76345825195312, 192.60745239257812, 1.0], [177.99505615234375, 210.9711456298828, 1.0], [142.8994598388672, 237.2591094970703, 1.0], [107.4785385131836, 240.91419982910156, 1.0], [77.93421936035156, 231.79421997070312, 1.0], [230.13528442382812, 220.30624389648438, 1.0], [203.98085021972656, 221.06068420410156, 1.0], [163.4928436279297, 211.11268615722656, 1.0], [118.73016357421875, 196.78347778320312, 1.0], [247.9097442626953, 195.4288787841797, 1.0], [182.48777770996094, 178.60845947265625, 1.0], [126.57328033447266, 168.38055419921875, 1.0], [92.62071228027344, 166.24600219726562, 1.0], [253.62289428710938, 174.014404296875, 1.0], [278.0202941894531, 165.6043243408203, 1.0], [241.1727294921875, 155.7394256591797, 1.0], [198.39720153808594, 147.00265502929688, 1.0], [254.12001037597656, 153.83023071289062, 1.0], [232.85362243652344, 135.19219970703125, 1.0], [193.08094787597656, 131.2563018798828, 1.0], [151.03372192382812, 129.93955993652344, 1.0]], "is_left": 0}