{"hand_pts": [[283.15631103515625, 138.09495544433594, 1.0], [224.54286193847656, 174.65647888183594, 1.0], [175.0084228515625, 201.53665161132812, 1.0], [141.9138641357422, 192.7636260986328, 1.0], [134.90478515625, 171.28285217285156, 1.0], [212.7447052001953, 225.2503662109375, 1.0], [185.32443237304688, 263.72589111328125, 1.0], [166.16763305664062, 286.5078125, 1.0], [153.42376708984375, 311.08843994140625, 1.0], [229.30731201171875, 197.3309783935547, 1.0], [169.07119750976562, 186.08523559570312, 1.0], [129.93594360351562, 164.564697265625, 1.0], [125.14237976074219, 147.17239379882812, 1.0], [238.46070861816406, 170.638427734375, 1.0], [206.4267120361328, 186.69552612304688, 1.0], [167.92071533203125, 175.85299682617188, 1.0], [166.39453125, 164.36541748046875, 1.0], [248.30934143066406, 141.41726684570312, 1.0], [214.15802001953125, 109.38934326171875, 1.0], [211.30555725097656, 103.55609130859375, 1.0], [216.27626037597656, 107.3592529296875, 1.0]], "is_left": 0}