{"hand_pts": [[245.53021240234375, 193.4451446533203, 1.0], [248.82798767089844, 236.45217895507812, 1.0], [273.47198486328125, 278.9068908691406, 1.0], [228.8547821044922, 290.72100830078125, 1.0], [177.91387939453125, 285.2430725097656, 1.0], [245.2810516357422, 185.26632690429688, 1.0], [245.1348876953125, 175.9187469482422, 1.0], [216.13014221191406, 198.71859741210938, 1.0], [183.20242309570312, 228.4530487060547, 1.0], [214.65164184570312, 156.55157470703125, 1.0], [201.36656188964844, 140.66954040527344, 1.0], [173.39498901367188, 183.44869995117188, 1.0], [148.2310333251953, 225.35470581054688, 1.0], [187.39283752441406, 141.22732543945312, 1.0], [166.8643035888672, 102.88673400878906, 1.0], [141.9342498779297, 114.41529083251953, 1.0], [118.10263061523438, 121.08493041992188, 1.0], [163.34371948242188, 132.07498168945312, 1.0], [128.32174682617188, 130.94805908203125, 1.0], [113.30653381347656, 164.7991943359375, 1.0], [117.4305648803711, 202.83798217773438, 1.0]], "is_left": 0}