{"hand_pts": [[67.36156463623047, 64.52716064453125, 1.0], [126.70882415771484, 74.61410522460938, 1.0], [161.99380493164062, 61.52577209472656, 1.0], [209.8533935546875, 80.46640014648438, 1.0], [241.31954956054688, 104.53046417236328, 1.0], [145.64932250976562, 145.23165893554688, 1.0], [185.52235412597656, 190.53529357910156, 1.0], [221.24880981445312, 214.7087860107422, 1.0], [256.0366516113281, 229.27468872070312, 1.0], [131.71531677246094, 167.08787536621094, 1.0], [172.7671356201172, 228.377685546875, 1.0], [213.7337646484375, 254.4180450439453, 1.0], [243.7588348388672, 240.64346313476562, 1.0], [124.40144348144531, 180.6650848388672, 1.0], [166.08920288085938, 235.10452270507812, 1.0], [199.4338836669922, 227.51324462890625, 1.0], [214.05145263671875, 203.00250244140625, 1.0], [115.6528091430664, 186.05194091796875, 1.0], [154.8716278076172, 219.7666473388672, 1.0], [186.05035400390625, 220.94528198242188, 1.0], [182.2323455810547, 187.91851806640625, 1.0]], "is_left": 0}