{"hand_pts": [[249.23292541503906, 294.4310607910156, 1.0], [206.42245483398438, 240.15245056152344, 1.0], [173.00588989257812, 192.34193420410156, 1.0], [141.3330535888672, 160.77757263183594, 1.0], [135.44235229492188, 170.4142608642578, 1.0], [224.79721069335938, 176.3443145751953, 1.0], [205.66087341308594, 124.08369445800781, 1.0], [186.21286010742188, 95.0807113647461, 1.0], [149.2898712158203, 92.98171997070312, 1.0], [234.16551208496094, 203.4300079345703, 1.0], [195.71290588378906, 160.7965545654297, 1.0], [152.30496215820312, 170.2987823486328, 1.0], [130.28514099121094, 193.6849365234375, 1.0], [235.48828125, 228.23458862304688, 1.0], [223.84201049804688, 189.8092803955078, 1.0], [184.0192108154297, 186.7191162109375, 1.0], [145.15321350097656, 185.7843475341797, 1.0], [235.30125427246094, 256.8270263671875, 1.0], [211.5519256591797, 239.18797302246094, 1.0], [183.4263916015625, 230.10707092285156, 1.0], [152.84300231933594, 230.8472137451172, 1.0]], "is_left": 0}