{"hand_pts": [[154.7557830810547, 172.7969207763672, 1.0], [211.98402404785156, 165.11769104003906, 1.0], [271.781005859375, 148.09124755859375, 1.0], [266.5215759277344, 153.86065673828125, 1.0], [215.88925170898438, 172.26365661621094, 1.0], [166.7432098388672, 234.1783905029297, 1.0], [174.8806915283203, 238.37437438964844, 1.0], [199.01876831054688, 212.16461181640625, 1.0], [226.9504852294922, 173.2825927734375, 1.0], [131.47616577148438, 236.30628967285156, 1.0], [155.69168090820312, 227.09695434570312, 1.0], [195.3629608154297, 183.25267028808594, 1.0], [225.72140502929688, 146.69561767578125, 1.0], [110.671142578125, 230.63958740234375, 1.0], [166.45596313476562, 179.5021514892578, 1.0], [190.03884887695312, 150.91348266601562, 1.0], [178.32571411132812, 159.98486328125, 1.0], [95.33448028564453, 219.6882781982422, 1.0], [127.04753112792969, 185.04736328125, 1.0], [159.87704467773438, 151.59890747070312, 1.0], [189.68544006347656, 124.65618896484375, 1.0]], "is_left": 0}