{"hand_pts": [[216.7860107421875, 120.96958923339844, 1.0], [250.49696350097656, 166.22019958496094, 1.0], [288.8758239746094, 202.15846252441406, 1.0], [307.33392333984375, 226.5516815185547, 1.0], [287.3912048339844, 224.60520935058594, 1.0], [193.99017333984375, 216.09962463378906, 1.0], [228.16928100585938, 203.64144897460938, 1.0], [253.37445068359375, 177.20054626464844, 1.0], [278.6040344238281, 152.69573974609375, 1.0], [163.6085662841797, 187.4191131591797, 1.0], [139.893310546875, 228.37448120117188, 1.0], [134.1239776611328, 250.82440185546875, 1.0], [126.19554138183594, 272.42987060546875, 1.0], [145.92616271972656, 161.0917510986328, 1.0], [117.74895477294922, 167.32899475097656, 1.0], [136.00448608398438, 161.66929626464844, 1.0], [174.63916015625, 153.99610900878906, 1.0], [135.01025390625, 132.2054443359375, 1.0], [107.48409271240234, 127.49147033691406, 1.0], [112.29145812988281, 126.0823745727539, 1.0], [117.8215103149414, 126.2985610961914, 1.0]], "is_left": 0}