{"hand_pts": [[39.499061584472656, 169.94863891601562, 1.0], [75.15385437011719, 205.48277282714844, 1.0], [79.59857940673828, 237.50949096679688, 1.0], [122.22901916503906, 265.1368713378906, 1.0], [166.9180450439453, 270.5108642578125, 1.0], [133.2531280517578, 147.0747833251953, 1.0], [188.91409301757812, 180.81396484375, 1.0], [223.02272033691406, 205.8204803466797, 1.0], [251.39193725585938, 236.9774932861328, 1.0], [149.10763549804688, 127.88041687011719, 1.0], [214.70065307617188, 98.79243469238281, 1.0], [258.1706848144531, 114.96810150146484, 1.0], [268.51190185546875, 162.67837524414062, 1.0], [161.8401336669922, 120.77106475830078, 1.0], [220.62466430664062, 178.7056884765625, 1.0], [219.7118682861328, 223.20973205566406, 1.0], [188.9136199951172, 247.9844207763672, 1.0], [167.72889709472656, 119.53630828857422, 1.0], [207.1345672607422, 154.56251525878906, 1.0], [202.7861328125, 190.6922149658203, 1.0], [164.48834228515625, 191.97877502441406, 1.0]], "is_left": 0}