{"hand_pts": [[174.0297088623047, 64.5329360961914, 1.0], [211.79815673828125, 92.34574127197266, 1.0], [250.88134765625, 106.29459381103516, 1.0], [272.6029357910156, 131.27053833007812, 1.0], [271.58917236328125, 165.52684020996094, 1.0], [208.4204559326172, 168.78810119628906, 1.0], [208.36349487304688, 207.0323944091797, 1.0], [205.08921813964844, 197.14634704589844, 1.0], [201.11366271972656, 171.3528594970703, 1.0], [174.75172424316406, 176.04141235351562, 1.0], [181.1802520751953, 218.29747009277344, 1.0], [188.60215759277344, 198.2937774658203, 1.0], [192.93832397460938, 163.1809844970703, 1.0], [149.19198608398438, 177.87896728515625, 1.0], [150.9146728515625, 235.52919006347656, 1.0], [155.32278442382812, 263.771728515625, 1.0], [158.12220764160156, 292.9662780761719, 1.0], [126.44934844970703, 172.2559356689453, 1.0], [113.98942565917969, 191.78245544433594, 1.0], [116.97479248046875, 185.12850952148438, 1.0], [134.1056365966797, 158.05299377441406, 1.0]], "is_left": 0}