{"hand_pts": [[305.4526672363281, 87.15003204345703, 1.0], [297.079345703125, 147.6432342529297, 1.0], [301.7264404296875, 198.52137756347656, 1.0], [271.5482482910156, 230.4384765625, 1.0], [230.57720947265625, 242.8970489501953, 1.0], [239.62953186035156, 171.13311767578125, 1.0], [204.06884765625, 211.65965270996094, 1.0], [181.0239715576172, 239.24737548828125, 1.0], [157.3397216796875, 264.8409729003906, 1.0], [215.54141235351562, 143.64285278320312, 1.0], [172.91134643554688, 177.68502807617188, 1.0], [146.34463500976562, 204.7273406982422, 1.0], [121.95278930664062, 233.6687774658203, 1.0], [198.64788818359375, 123.51225280761719, 1.0], [145.39425659179688, 160.357177734375, 1.0], [123.47088623046875, 186.85037231445312, 1.0], [99.82952117919922, 211.7515869140625, 1.0], [189.1187286376953, 102.76818084716797, 1.0], [151.0572967529297, 119.87246704101562, 1.0], [131.66868591308594, 142.73104858398438, 1.0], [114.8269271850586, 169.16015625, 1.0]], "is_left": 0}