{"hand_pts": [[225.4853515625, 222.25819396972656, 1.0], [234.19070434570312, 254.21949768066406, 1.0], [267.10540771484375, 290.4208679199219, 1.0], [293.7265319824219, 294.0545654296875, 1.0], [296.523681640625, 255.35011291503906, 1.0], [139.822265625, 229.2982177734375, 1.0], [107.49768829345703, 228.4301300048828, 1.0], [152.09640502929688, 223.0715789794922, 1.0], [206.92507934570312, 217.29629516601562, 1.0], [138.86326599121094, 190.42967224121094, 1.0], [148.2256317138672, 164.9762420654297, 1.0], [179.90643310546875, 156.32313537597656, 1.0], [238.1791229248047, 163.06283569335938, 1.0], [149.1053466796875, 160.98992919921875, 1.0], [115.19942474365234, 130.5001220703125, 1.0], [120.6080093383789, 118.4675064086914, 1.0], [122.04252624511719, 105.79231262207031, 1.0], [167.12794494628906, 136.15145874023438, 1.0], [166.82489013671875, 105.40576171875, 1.0], [207.22225952148438, 115.65673828125, 1.0], [242.69033813476562, 142.0990753173828, 1.0]], "is_left": 0}