{"hand_pts": [[298.013427734375, 110.97041320800781, 1.0], [290.2783508300781, 172.4099884033203, 1.0], [280.2816162109375, 229.87872314453125, 1.0], [259.2831115722656, 266.3932189941406, 1.0], [232.49435424804688, 279.2230529785156, 1.0], [204.02830505371094, 197.8192596435547, 1.0], [163.91041564941406, 236.82827758789062, 1.0], [154.702880859375, 256.02899169921875, 1.0], [142.37477111816406, 274.3801574707031, 1.0], [197.3767852783203, 157.34796142578125, 1.0], [144.1451873779297, 183.70220947265625, 1.0], [126.86312103271484, 201.95895385742188, 1.0], [113.72683715820312, 218.91627502441406, 1.0], [199.61978149414062, 124.93208312988281, 1.0], [162.4057159423828, 140.25892639160156, 1.0], [155.8648223876953, 150.8326416015625, 1.0], [166.515380859375, 162.7154541015625, 1.0], [209.80064392089844, 92.78103637695312, 1.0], [184.42864990234375, 97.2281265258789, 1.0], [174.03271484375, 103.15011596679688, 1.0], [177.17440795898438, 116.13481903076172, 1.0]], "is_left": 0}