{"hand_pts": [[309.237060546875, 275.868896484375, 1.0], [240.15029907226562, 257.9293518066406, 1.0], [205.2381134033203, 235.41461181640625, 1.0], [163.48817443847656, 208.05873107910156, 1.0], [148.9744110107422, 197.45997619628906, 1.0], [225.865234375, 184.6178436279297, 1.0], [173.23927307128906, 161.11415100097656, 1.0], [134.42440795898438, 169.13954162597656, 1.0], [103.87041473388672, 189.21156311035156, 1.0], [247.10995483398438, 185.5038604736328, 1.0], [192.17852783203125, 143.50970458984375, 1.0], [145.4471435546875, 130.59861755371094, 1.0], [97.04034423828125, 137.4129638671875, 1.0], [259.1846618652344, 191.6521759033203, 1.0], [188.25572204589844, 181.86257934570312, 1.0], [144.63833618164062, 187.31727600097656, 1.0], [102.62586975097656, 188.04676818847656, 1.0], [271.7366027832031, 203.98153686523438, 1.0], [241.75694274902344, 180.6367645263672, 1.0], [205.25930786132812, 185.6146240234375, 1.0], [172.01161193847656, 202.1046600341797, 1.0]], "is_left": 0}