{"hand_pts": [[161.3519287109375, 34.29120635986328, 1.0], [197.2767791748047, 65.26217651367188, 1.0], [235.83599853515625, 70.65266418457031, 1.0], [239.1924591064453, 103.3893814086914, 1.0], [215.98284912109375, 139.56927490234375, 1.0], [233.54188537597656, 165.42068481445312, 1.0], [239.87277221679688, 208.0955047607422, 1.0], [224.27993774414062, 208.64317321777344, 1.0], [202.19491577148438, 193.8693084716797, 1.0], [201.82730102539062, 179.75564575195312, 1.0], [200.4554901123047, 233.91831970214844, 1.0], [186.17233276367188, 225.86917114257812, 1.0], [171.47406005859375, 198.400634765625, 1.0], [172.79574584960938, 185.68865966796875, 1.0], [162.90419006347656, 239.52786254882812, 1.0], [149.32044982910156, 229.981201171875, 1.0], [139.3264617919922, 199.98753356933594, 1.0], [142.66282653808594, 181.4320526123047, 1.0], [125.38003540039062, 214.9855194091797, 1.0], [115.3720932006836, 209.8303985595703, 1.0], [114.322998046875, 181.69866943359375, 1.0]], "is_left": 0,"label":0}