{"hand_pts": [[45.93369674682617, 282.26025390625, 1.0], [76.3333511352539, 230.33355712890625, 1.0], [79.15801239013672, 197.1463623046875, 1.0], [116.91824340820312, 149.33168029785156, 1.0], [136.29574584960938, 146.228759765625, 1.0], [181.09727478027344, 244.12222290039062, 1.0], [179.8757781982422, 172.10641479492188, 1.0], [141.3917999267578, 145.1037139892578, 1.0], [100.58824920654297, 135.94094848632812, 1.0], [194.3329620361328, 252.36131286621094, 1.0], [237.2613525390625, 171.32138061523438, 1.0], [213.7666473388672, 121.30474853515625, 1.0], [165.11927795410156, 109.04035186767578, 1.0], [199.1139373779297, 251.8573760986328, 1.0], [267.7215881347656, 198.6268768310547, 1.0], [232.3072509765625, 166.4784698486328, 1.0], [188.7429656982422, 186.9757080078125, 1.0], [193.29823303222656, 250.5181427001953, 1.0], [248.3272247314453, 232.3524169921875, 1.0], [262.7843322753906, 194.27792358398438, 1.0], [241.4292449951172, 161.197265625, 1.0]], "is_left": 0}