{"hand_pts": [[201.78448486328125, 161.4787139892578, 1.0], [162.62709045410156, 133.8966827392578, 1.0], [139.5579376220703, 100.12005615234375, 1.0], [129.6868133544922, 93.61089324951172, 1.0], [122.15603637695312, 91.4021224975586, 1.0], [106.95677947998047, 206.6909637451172, 1.0], [131.48155212402344, 167.49679565429688, 1.0], [164.27294921875, 136.96534729003906, 1.0], [198.24737548828125, 106.16815185546875, 1.0], [143.40170288085938, 234.24533081054688, 1.0], [199.0321807861328, 202.1419219970703, 1.0], [237.376220703125, 157.02035522460938, 1.0], [238.67440795898438, 131.5457763671875, 1.0], [177.98951721191406, 248.32432556152344, 1.0], [238.23439025878906, 217.622802734375, 1.0], [246.7406768798828, 185.76324462890625, 1.0], [211.55804443359375, 198.74742126464844, 1.0], [214.74618530273438, 254.30154418945312, 1.0], [201.84234619140625, 286.17169189453125, 1.0], [198.33468627929688, 289.16107177734375, 1.0], [203.7430877685547, 257.31854248046875, 1.0]], "is_left": 0}