{"hand_pts": [[156.3959503173828, 66.14917755126953, 1.0], [154.1271209716797, 92.60552978515625, 1.0], [151.96560668945312, 82.51789855957031, 1.0], [171.7838134765625, 89.36629486083984, 1.0], [208.15708923339844, 111.1631851196289, 1.0], [124.33010864257812, 171.2203369140625, 1.0], [152.94493103027344, 178.88099670410156, 1.0], [177.8016357421875, 156.58480834960938, 1.0], [189.20541381835938, 126.56847381591797, 1.0], [144.62338256835938, 184.48971557617188, 1.0], [171.8789825439453, 247.89877319335938, 1.0], [206.4495086669922, 240.29005432128906, 1.0], [229.63099670410156, 213.77247619628906, 1.0], [165.7848358154297, 191.58074951171875, 1.0], [161.0313720703125, 253.94091796875, 1.0], [180.59658813476562, 276.964111328125, 1.0], [204.1930694580078, 258.4896545410156, 1.0], [187.305908203125, 190.4239501953125, 1.0], [226.5922088623047, 224.02101135253906, 1.0], [242.59812927246094, 207.4895782470703, 1.0], [225.1735076904297, 175.81924438476562, 1.0]], "is_left": 0}