{"hand_pts": [[162.2314453125, 39.49089431762695, 1.0], [131.1990966796875, 102.97950744628906, 1.0], [87.28239440917969, 141.06289672851562, 1.0], [85.33760833740234, 169.84059143066406, 1.0], [86.34154510498047, 194.6558837890625, 1.0], [193.7020263671875, 167.8104705810547, 1.0], [174.95095825195312, 225.48040771484375, 1.0], [148.229736328125, 250.30027770996094, 1.0], [125.45246887207031, 276.7207946777344, 1.0], [222.6623077392578, 152.54798889160156, 1.0], [252.42002868652344, 217.03378295898438, 1.0], [245.2699432373047, 256.19140625, 1.0], [211.8049774169922, 274.93084716796875, 1.0], [238.8515625, 139.1897735595703, 1.0], [222.03857421875, 172.71681213378906, 1.0], [189.5078582763672, 170.64305114746094, 1.0], [158.7657470703125, 169.9145050048828, 1.0], [247.8336944580078, 120.26500701904297, 1.0], [244.96902465820312, 154.45225524902344, 1.0], [209.0435028076172, 152.377685546875, 1.0], [187.86712646484375, 129.97747802734375, 1.0]], "is_left": 0}