{"hand_pts": [[80.23793029785156, 290.5630798339844, 1.0], [82.9349365234375, 238.0521697998047, 1.0], [58.604190826416016, 224.54786682128906, 1.0], [86.49198150634766, 224.83746337890625, 1.0], [129.71234130859375, 232.07081604003906, 1.0], [141.50753784179688, 159.052001953125, 1.0], [183.76806640625, 111.1082992553711, 1.0], [190.61105346679688, 130.9507293701172, 1.0], [202.7828369140625, 144.25022888183594, 1.0], [169.89613342285156, 182.9656982421875, 1.0], [218.37319946289062, 120.80575561523438, 1.0], [227.7661590576172, 120.24624633789062, 1.0], [240.93572998046875, 113.79727935791016, 1.0], [189.92396545410156, 206.95631408691406, 1.0], [237.98947143554688, 149.83802795410156, 1.0], [250.60707092285156, 140.15411376953125, 1.0], [249.95884704589844, 144.6553955078125, 1.0], [202.31932067871094, 236.4116668701172, 1.0], [220.26205444335938, 260.04937744140625, 1.0], [199.90367126464844, 282.42974853515625, 1.0], [165.7281036376953, 284.7190246582031, 1.0]], "is_left": 0}