{"hand_pts": [[232.53236389160156, 107.21257781982422, 1.0], [226.95291137695312, 91.98309326171875, 1.0], [202.55323791503906, 59.53933334350586, 1.0], [185.88565063476562, 58.04194641113281, 1.0], [189.5617218017578, 98.63319396972656, 1.0], [156.71644592285156, 136.60301208496094, 1.0], [130.04331970214844, 157.1116943359375, 1.0], [133.83204650878906, 171.12818908691406, 1.0], [151.8144989013672, 183.45919799804688, 1.0], [161.6580047607422, 171.22872924804688, 1.0], [146.4638214111328, 215.77243041992188, 1.0], [175.8909149169922, 222.03945922851562, 1.0], [215.46621704101562, 202.01744079589844, 1.0], [172.92018127441406, 196.2020721435547, 1.0], [160.80381774902344, 241.82029724121094, 1.0], [179.2080841064453, 253.8995819091797, 1.0], [210.41053771972656, 248.76800537109375, 1.0], [189.63929748535156, 214.42564392089844, 1.0], [215.724365234375, 245.02468872070312, 1.0], [242.85008239746094, 254.9473876953125, 1.0], [275.07025146484375, 241.36572265625, 1.0]], "is_left": 0}