{"hand_pts": [[309.2309265136719, 289.0374755859375, 1.0], [283.3389587402344, 215.50320434570312, 1.0], [294.140380859375, 165.09130859375, 1.0], [252.33370971679688, 122.16856384277344, 1.0], [208.07028198242188, 127.30924224853516, 1.0], [244.54286193847656, 198.1854248046875, 1.0], [194.72767639160156, 142.4397735595703, 1.0], [199.46279907226562, 147.5296630859375, 1.0], [213.37757873535156, 164.69520568847656, 1.0], [226.1971893310547, 232.13735961914062, 1.0], [162.67405700683594, 170.38973999023438, 1.0], [141.34532165527344, 137.36647033691406, 1.0], [166.54310607910156, 148.41099548339844, 1.0], [210.2237091064453, 256.0534362792969, 1.0], [142.76766967773438, 208.76614379882812, 1.0], [112.1427001953125, 177.11862182617188, 1.0], [95.53488159179688, 149.72740173339844, 1.0], [199.64614868164062, 279.8485412597656, 1.0], [156.8121795654297, 255.89590454101562, 1.0], [126.93133544921875, 229.9087677001953, 1.0], [99.96965026855469, 197.253662109375, 1.0]], "is_left": 0}