{"hand_pts": [[141.03468322753906, 190.22203063964844, 1.0], [112.04420471191406, 199.4424591064453, 1.0], [84.23540496826172, 212.3882293701172, 1.0], [102.22615814208984, 216.86077880859375, 1.0], [154.76119995117188, 208.52169799804688, 1.0], [171.94613647460938, 247.22052001953125, 1.0], [149.96783447265625, 211.21307373046875, 1.0], [124.60773468017578, 175.09043884277344, 1.0], [106.37242889404297, 151.11495971679688, 1.0], [209.98529052734375, 228.18350219726562, 1.0], [189.98435974121094, 176.65415954589844, 1.0], [152.0904998779297, 146.88677978515625, 1.0], [131.15103149414062, 150.339111328125, 1.0], [234.56924438476562, 206.7703094482422, 1.0], [281.10906982421875, 213.26773071289062, 1.0], [254.6636199951172, 182.03590393066406, 1.0], [221.3960418701172, 174.35372924804688, 1.0], [250.80426025390625, 183.013671875, 1.0], [272.8535461425781, 155.1846923828125, 1.0], [256.41168212890625, 128.48692321777344, 1.0], [217.50144958496094, 125.08226776123047, 1.0]], "is_left": 0}