{"hand_pts": [[40.677093505859375, 124.65617370605469, 1.0], [132.34754943847656, 126.705810546875, 1.0], [195.13014221191406, 122.92265319824219, 1.0], [248.05116271972656, 119.04084014892578, 1.0], [213.41770935058594, 121.34561920166016, 1.0], [196.23117065429688, 212.9925079345703, 1.0], [264.6357421875, 204.65713500976562, 1.0], [237.10049438476562, 169.16244506835938, 1.0], [186.91513061523438, 158.59107971191406, 1.0], [169.68389892578125, 230.14523315429688, 1.0], [236.4889678955078, 215.18482971191406, 1.0], [206.3585662841797, 171.27279663085938, 1.0], [163.82359313964844, 164.91502380371094, 1.0], [150.6148681640625, 236.80992126464844, 1.0], [207.91213989257812, 231.33230590820312, 1.0], [182.98985290527344, 192.12232971191406, 1.0], [151.9652862548828, 188.16795349121094, 1.0], [127.10572814941406, 234.56504821777344, 1.0], [148.31692504882812, 225.64642333984375, 1.0], [135.04811096191406, 192.81149291992188, 1.0], [120.37515258789062, 197.50405883789062, 1.0]], "is_left": 0}