{"hand_pts": [[350.6091613769531, 160.5045928955078, 1.0], [291.40350341796875, 136.8269500732422, 1.0], [251.18348693847656, 112.90575408935547, 1.0], [204.5934295654297, 104.5751953125, 1.0], [164.4785614013672, 108.49080657958984, 1.0], [227.4049072265625, 193.44439697265625, 1.0], [169.37857055664062, 197.1958465576172, 1.0], [134.9380645751953, 181.85809326171875, 1.0], [105.55567169189453, 162.02474975585938, 1.0], [236.2628631591797, 210.8791046142578, 1.0], [166.059326171875, 219.75094604492188, 1.0], [128.530029296875, 197.16964721679688, 1.0], [99.4365234375, 168.20956420898438, 1.0], [244.25445556640625, 218.03713989257812, 1.0], [177.97183227539062, 228.28062438964844, 1.0], [145.94537353515625, 206.2918701171875, 1.0], [123.50458526611328, 175.2649688720703, 1.0], [258.3130187988281, 219.34341430664062, 1.0], [215.74920654296875, 223.8800506591797, 1.0], [188.52809143066406, 207.55813598632812, 1.0], [168.79600524902344, 178.00466918945312, 1.0]], "is_left": 0}