{"hand_pts": [[245.682373046875, 166.55506896972656, 1.0], [239.11814880371094, 217.46163940429688, 1.0], [219.02931213378906, 271.5270080566406, 1.0], [202.79873657226562, 300.960693359375, 1.0], [197.62811279296875, 290.6362609863281, 1.0], [154.40135192871094, 206.51663208007812, 1.0], [109.5290756225586, 198.40843200683594, 1.0], [134.80386352539062, 200.80653381347656, 1.0], [174.42959594726562, 205.65357971191406, 1.0], [150.96420288085938, 165.8291473388672, 1.0], [163.4976348876953, 166.92379760742188, 1.0], [208.23818969726562, 180.56285095214844, 1.0], [240.5236053466797, 193.94818115234375, 1.0], [156.23985290527344, 135.86122131347656, 1.0], [147.02027893066406, 146.5529022216797, 1.0], [188.55625915527344, 163.9093475341797, 1.0], [217.20887756347656, 172.51930236816406, 1.0], [169.08058166503906, 109.45780944824219, 1.0], [175.5629119873047, 97.99829864501953, 1.0], [203.4139862060547, 110.32801818847656, 1.0], [234.52093505859375, 135.94151306152344, 1.0]], "is_left": 0}