{"hand_pts": [[32.7552490234375, 73.6143798828125, 1.0], [117.67822265625, 89.43684387207031, 1.0], [183.67941284179688, 74.41331481933594, 1.0], [233.0446014404297, 112.65509033203125, 1.0], [229.54583740234375, 163.67762756347656, 1.0], [204.42404174804688, 130.63406372070312, 1.0], [258.52886962890625, 180.28956604003906, 1.0], [237.8665313720703, 188.19300842285156, 1.0], [194.59628295898438, 171.54904174804688, 1.0], [175.8165283203125, 155.9165802001953, 1.0], [240.5396270751953, 218.64114379882812, 1.0], [235.0519256591797, 226.44309997558594, 1.0], [199.70375061035156, 200.91529846191406, 1.0], [150.48226928710938, 176.6905975341797, 1.0], [208.69497680664062, 245.5006866455078, 1.0], [203.01109313964844, 247.3333740234375, 1.0], [174.77435302734375, 212.8663330078125, 1.0], [118.67617797851562, 191.3875732421875, 1.0], [115.17717742919922, 235.6484832763672, 1.0], [99.64171600341797, 234.4123992919922, 1.0], [83.77436828613281, 207.66566467285156, 1.0]], "is_left": 0}