{"hand_pts": [[97.14883422851562, 353.4295654296875, 1.0], [109.62065124511719, 281.6282958984375, 1.0], [83.4267578125, 236.81759643554688, 1.0], [135.45726013183594, 189.4587860107422, 1.0], [198.27584838867188, 182.18609619140625, 1.0], [90.12480163574219, 150.93978881835938, 1.0], [168.5972442626953, 118.3393325805664, 1.0], [207.01976013183594, 158.5447998046875, 1.0], [188.4740447998047, 211.44638061523438, 1.0], [116.39401245117188, 157.77854919433594, 1.0], [209.475341796875, 110.99028015136719, 1.0], [220.29019165039062, 171.4000701904297, 1.0], [181.85890197753906, 222.33555603027344, 1.0], [144.3688201904297, 169.4088134765625, 1.0], [238.8745880126953, 129.498291015625, 1.0], [246.2557373046875, 181.7062225341797, 1.0], [195.57920837402344, 211.9769287109375, 1.0], [171.39804077148438, 192.9898681640625, 1.0], [242.25413513183594, 175.221923828125, 1.0], [260.689208984375, 205.93612670898438, 1.0], [213.513427734375, 230.6359405517578, 1.0]], "is_left": 0}