{"hand_pts": [[319.2529296875, 190.85047912597656, 1.0], [290.44683837890625, 166.28994750976562, 1.0], [296.3309631347656, 136.35044860839844, 1.0], [286.70904541015625, 103.66399383544922, 1.0], [267.9584655761719, 70.96577453613281, 1.0], [226.9296875, 228.954345703125, 1.0], [169.58970642089844, 216.44088745117188, 1.0], [151.04258728027344, 175.13833618164062, 1.0], [133.27330017089844, 135.57366943359375, 1.0], [208.14076232910156, 240.06155395507812, 1.0], [150.14404296875, 278.1603698730469, 1.0], [135.2846221923828, 229.28883361816406, 1.0], [162.12417602539062, 195.240234375, 1.0], [194.07594299316406, 240.4607391357422, 1.0], [118.21680450439453, 224.04237365722656, 1.0], [120.2688217163086, 178.2986297607422, 1.0], [128.3128662109375, 134.7791290283203, 1.0], [187.57737731933594, 235.0639190673828, 1.0], [151.4322967529297, 194.99122619628906, 1.0], [142.9470977783203, 158.7567596435547, 1.0], [177.183349609375, 139.01889038085938, 1.0]], "is_left": 0}