{"hand_pts": [[179.10208129882812, 148.0521697998047, 1.0], [214.57485961914062, 125.09060668945312, 1.0], [236.39759826660156, 75.63912200927734, 1.0], [211.65695190429688, 71.02938079833984, 1.0], [172.3800811767578, 99.52779388427734, 1.0], [264.7623596191406, 209.34788513183594, 1.0], [245.095458984375, 206.434326171875, 1.0], [207.2769012451172, 172.20309448242188, 1.0], [169.3745574951172, 134.42579650878906, 1.0], [229.00784301757812, 234.23818969726562, 1.0], [221.2977752685547, 245.9102020263672, 1.0], [195.8388214111328, 211.10325622558594, 1.0], [169.0092010498047, 162.67880249023438, 1.0], [194.8004608154297, 245.3906707763672, 1.0], [157.79945373535156, 231.5022430419922, 1.0], [138.22300720214844, 185.13330078125, 1.0], [145.90530395507812, 163.71694946289062, 1.0], [158.63546752929688, 247.8834228515625, 1.0], [129.42214965820312, 262.1057434082031, 1.0], [120.50492858886719, 221.43263244628906, 1.0], [118.56817626953125, 177.54940795898438, 1.0]], "is_left": 0}