{"hand_pts": [[290.25823974609375, 185.29075622558594, 1.0], [274.3382263183594, 194.50570678710938, 1.0], [287.5959167480469, 187.9120330810547, 1.0], [275.01300048828125, 169.38673400878906, 1.0], [236.8290557861328, 146.4512176513672, 1.0], [196.2867431640625, 242.81805419921875, 1.0], [194.9974365234375, 214.21849060058594, 1.0], [199.0860137939453, 191.05564880371094, 1.0], [218.7241668701172, 159.81716918945312, 1.0], [178.52439880371094, 226.7783203125, 1.0], [168.6160125732422, 194.764404296875, 1.0], [174.77284240722656, 169.90939331054688, 1.0], [212.13909912109375, 146.13827514648438, 1.0], [168.61605834960938, 207.8067169189453, 1.0], [104.3943099975586, 211.5985107421875, 1.0], [88.57379150390625, 191.6144561767578, 1.0], [108.84329223632812, 164.84967041015625, 1.0], [167.13621520996094, 185.92803955078125, 1.0], [125.87389373779297, 169.4853515625, 1.0], [140.48223876953125, 149.23532104492188, 1.0], [175.58685302734375, 153.01876831054688, 1.0]], "is_left": 0,"label":1}