{"hand_pts": [[38.938072204589844, 239.71212768554688, 1.0], [105.91372680664062, 186.15614318847656, 1.0], [180.16329956054688, 194.98756408691406, 1.0], [245.18487548828125, 191.94619750976562, 1.0], [241.78231811523438, 177.3209228515625, 1.0], [204.61180114746094, 234.1571044921875, 1.0], [245.48104858398438, 175.32191467285156, 1.0], [205.05172729492188, 131.77679443359375, 1.0], [157.48753356933594, 105.25878143310547, 1.0], [175.21347045898438, 252.0917510986328, 1.0], [220.14413452148438, 182.57366943359375, 1.0], [237.98773193359375, 130.3321533203125, 1.0], [215.402099609375, 74.1763687133789, 1.0], [146.0623016357422, 256.9087829589844, 1.0], [217.18984985351562, 264.1614074707031, 1.0], [220.82192993164062, 212.7066650390625, 1.0], [188.92843627929688, 172.90341186523438, 1.0], [110.15684509277344, 257.24810791015625, 1.0], [110.47681427001953, 210.4431610107422, 1.0], [94.52220153808594, 165.1489715576172, 1.0], [78.18790435791016, 117.78553009033203, 1.0]], "is_left": 0}