{"hand_pts": [[71.89070892333984, 80.75101470947266, 1.0], [122.62877655029297, 150.9283905029297, 1.0], [162.55752563476562, 202.2620849609375, 1.0], [181.88136291503906, 243.3107147216797, 1.0], [176.6871337890625, 251.01007080078125, 1.0], [228.20880126953125, 138.09071350097656, 1.0], [262.5525817871094, 199.77725219726562, 1.0], [227.6956787109375, 238.3683319091797, 1.0], [185.74777221679688, 265.458984375, 1.0], [211.29283142089844, 111.65198516845703, 1.0], [223.65057373046875, 190.34994506835938, 1.0], [175.68218994140625, 221.20233154296875, 1.0], [131.88986206054688, 225.45623779296875, 1.0], [190.51380920410156, 97.50715637207031, 1.0], [224.9065399169922, 145.2181854248047, 1.0], [199.7426300048828, 192.42579650878906, 1.0], [163.58273315429688, 220.5608367919922, 1.0], [161.1808624267578, 85.41665649414062, 1.0], [165.95863342285156, 124.90941619873047, 1.0], [142.97219848632812, 162.23028564453125, 1.0], [116.80918884277344, 189.30320739746094, 1.0]], "is_left": 0}