{"hand_pts": [[226.09576416015625, 337.88958740234375, 1.0], [211.82937622070312, 282.62005615234375, 1.0], [204.0762939453125, 241.10963439941406, 1.0], [184.58804321289062, 198.1004180908203, 1.0], [164.41500854492188, 170.5172576904297, 1.0], [227.70843505859375, 211.58436584472656, 1.0], [214.22999572753906, 156.6481475830078, 1.0], [199.5811309814453, 123.64125061035156, 1.0], [187.44601440429688, 91.24435424804688, 1.0], [216.3488311767578, 225.59141540527344, 1.0], [205.98471069335938, 163.04783630371094, 1.0], [183.46009826660156, 129.2325897216797, 1.0], [165.11715698242188, 96.59385681152344, 1.0], [202.76190185546875, 238.80307006835938, 1.0], [181.94271850585938, 181.1746368408203, 1.0], [153.76376342773438, 162.02944946289062, 1.0], [125.619140625, 153.4740447998047, 1.0], [189.3695068359375, 257.3627624511719, 1.0], [169.93186950683594, 221.51336669921875, 1.0], [147.68905639648438, 204.40065002441406, 1.0], [127.04376983642578, 199.6156768798828, 1.0]], "is_left": 0}