{"hand_pts": [[251.0282440185547, 307.23834228515625, 1.0], [270.4778137207031, 251.42218017578125, 1.0], [297.3314514160156, 213.30670166015625, 1.0], [299.599853515625, 174.72804260253906, 1.0], [252.4991455078125, 163.05984497070312, 1.0], [227.7063751220703, 224.10012817382812, 1.0], [211.32644653320312, 168.4404754638672, 1.0], [212.42510986328125, 149.637939453125, 1.0], [211.074951171875, 129.35276794433594, 1.0], [190.64549255371094, 234.52200317382812, 1.0], [146.27098083496094, 194.4120330810547, 1.0], [142.7403106689453, 154.96812438964844, 1.0], [161.08522033691406, 139.3194580078125, 1.0], [163.3066864013672, 240.18760681152344, 1.0], [140.92835998535156, 179.6172332763672, 1.0], [145.39459228515625, 145.98431396484375, 1.0], [165.5419921875, 136.8114776611328, 1.0], [142.328857421875, 248.3891143798828, 1.0], [111.7379150390625, 210.27854919433594, 1.0], [97.66780853271484, 182.79576110839844, 1.0], [107.91141510009766, 161.06248474121094, 1.0]], "is_left": 0}