{"hand_pts": [[63.25772476196289, 67.83776092529297, 1.0], [125.291748046875, 124.6601333618164, 1.0], [169.14593505859375, 174.3555145263672, 1.0], [218.10174560546875, 207.38465881347656, 1.0], [257.92584228515625, 220.50343322753906, 1.0], [122.48442077636719, 203.93655395507812, 1.0], [168.97743225097656, 250.3072509765625, 1.0], [216.46432495117188, 257.9823303222656, 1.0], [264.5010070800781, 257.0489807128906, 1.0], [111.9203872680664, 172.15391540527344, 1.0], [160.5567169189453, 221.82179260253906, 1.0], [215.96881103515625, 228.28892517089844, 1.0], [270.1207275390625, 225.4875946044922, 1.0], [110.12948608398438, 141.7202911376953, 1.0], [164.250732421875, 174.04217529296875, 1.0], [215.23793029785156, 171.19256591796875, 1.0], [262.59600830078125, 159.00335693359375, 1.0], [108.28418731689453, 106.56236267089844, 1.0], [146.8294677734375, 119.29367065429688, 1.0], [187.38111877441406, 120.74738311767578, 1.0], [230.20272827148438, 116.80384826660156, 1.0]], "is_left": 0}