{"hand_pts": [[255.400146484375, 97.53036499023438, 1.0], [218.85870361328125, 97.5539779663086, 1.0], [181.58001708984375, 77.72876739501953, 1.0], [167.4919891357422, 82.26962280273438, 1.0], [164.7171173095703, 95.94500732421875, 1.0], [147.2802276611328, 152.9270782470703, 1.0], [128.88088989257812, 173.93475341796875, 1.0], [148.16139221191406, 173.29824829101562, 1.0], [159.30767822265625, 178.46636962890625, 1.0], [166.81411743164062, 177.9322052001953, 1.0], [176.55479431152344, 210.6325225830078, 1.0], [210.47454833984375, 181.61209106445312, 1.0], [242.01718139648438, 154.60032653808594, 1.0], [187.2947235107422, 194.86993408203125, 1.0], [159.4681396484375, 245.3842315673828, 1.0], [168.75628662109375, 251.74911499023438, 1.0], [191.19290161132812, 233.3564910888672, 1.0], [212.44471740722656, 204.65969848632812, 1.0], [216.7923583984375, 243.4828643798828, 1.0], [222.0161590576172, 268.60003662109375, 1.0], [231.30264282226562, 284.72967529296875, 1.0]], "is_left": 0}