{"hand_pts": [[161.3714141845703, 192.5245361328125, 1.0], [122.81329345703125, 194.9314727783203, 1.0], [79.94093322753906, 182.2452392578125, 1.0], [64.94266510009766, 177.9453125, 1.0], [64.33152770996094, 177.7429962158203, 1.0], [156.6979522705078, 157.0086212158203, 1.0], [150.7575225830078, 166.63055419921875, 1.0], [144.2472381591797, 185.45143127441406, 1.0], [136.2311553955078, 214.7730712890625, 1.0], [196.4999542236328, 165.0259246826172, 1.0], [205.3439178466797, 156.45407104492188, 1.0], [195.06610107421875, 175.73117065429688, 1.0], [183.12950134277344, 196.70407104492188, 1.0], [225.09381103515625, 176.9864044189453, 1.0], [250.94471740722656, 171.68885803222656, 1.0], [254.36007690429688, 182.27218627929688, 1.0], [244.31529235839844, 202.49862670898438, 1.0], [248.33250427246094, 191.52630615234375, 1.0], [266.7774658203125, 196.5970916748047, 1.0], [256.03302001953125, 213.96519470214844, 1.0], [226.58950805664062, 230.7017059326172, 1.0]], "is_left": 0}