{"hand_pts": [[98.12422180175781, 266.96240234375, 1.0], [172.83897399902344, 249.46554565429688, 1.0], [237.00701904296875, 246.813720703125, 1.0], [261.3651428222656, 225.88006591796875, 1.0], [252.956298828125, 201.64218139648438, 1.0], [187.66993713378906, 253.99411010742188, 1.0], [245.95936584472656, 216.42124938964844, 1.0], [262.3989562988281, 185.61874389648438, 1.0], [248.7896270751953, 172.013671875, 1.0], [145.9735870361328, 235.83181762695312, 1.0], [173.69471740722656, 183.34466552734375, 1.0], [199.51783752441406, 138.86334228515625, 1.0], [211.97952270507812, 124.42814636230469, 1.0], [115.28685760498047, 216.51023864746094, 1.0], [142.8851318359375, 169.4001922607422, 1.0], [166.5790557861328, 132.73513793945312, 1.0], [192.2696990966797, 96.58261108398438, 1.0], [85.59761047363281, 198.77415466308594, 1.0], [95.91685485839844, 167.66233825683594, 1.0], [119.64013671875, 138.84146118164062, 1.0], [138.19439697265625, 137.0145721435547, 1.0]], "is_left": 0}