{"hand_pts": [[200.7568817138672, 272.9760437011719, 1.0], [239.5503692626953, 250.0492706298828, 1.0], [291.81439208984375, 239.00259399414062, 1.0], [286.35040283203125, 229.95594787597656, 1.0], [259.98974609375, 223.88999938964844, 1.0], [222.866943359375, 140.54115295410156, 1.0], [227.2653045654297, 164.87001037597656, 1.0], [227.0362091064453, 214.56358337402344, 1.0], [224.65550231933594, 256.5681457519531, 1.0], [177.38116455078125, 141.69859313964844, 1.0], [158.8812713623047, 82.36971282958984, 1.0], [163.80857849121094, 125.32411193847656, 1.0], [178.27182006835938, 174.4785614013672, 1.0], [142.36843872070312, 151.57810974121094, 1.0], [136.51039123535156, 132.75660705566406, 1.0], [142.99940490722656, 160.6144256591797, 1.0], [155.21263122558594, 202.91038513183594, 1.0], [112.27122497558594, 170.99307250976562, 1.0], [96.12519836425781, 179.0830078125, 1.0], [102.3865966796875, 210.0353546142578, 1.0], [127.76414489746094, 241.7520294189453, 1.0]], "is_left": 0}