{"hand_pts": [[246.5154571533203, 90.61273193359375, 1.0], [222.7100067138672, 83.42436981201172, 1.0], [192.80921936035156, 54.3634033203125, 1.0], [170.2219696044922, 74.68329620361328, 1.0], [177.26573181152344, 127.17521667480469, 1.0], [152.14300537109375, 132.4031219482422, 1.0], [147.3992462158203, 164.86209106445312, 1.0], [161.81248474121094, 180.75926208496094, 1.0], [197.13450622558594, 172.64852905273438, 1.0], [162.49609375, 166.5032196044922, 1.0], [161.227783203125, 221.86231994628906, 1.0], [186.483154296875, 232.22628784179688, 1.0], [218.63856506347656, 224.7439422607422, 1.0], [176.4645538330078, 191.7576904296875, 1.0], [157.28497314453125, 239.41574096679688, 1.0], [172.8126220703125, 245.98165893554688, 1.0], [200.28721618652344, 231.08197021484375, 1.0], [196.01683044433594, 209.68284606933594, 1.0], [199.20455932617188, 243.3354034423828, 1.0], [219.66064453125, 231.18441772460938, 1.0], [241.38943481445312, 207.57672119140625, 1.0]], "is_left": 0}