{"hand_pts": [[305.6705017089844, 319.2496337890625, 1.0], [275.3484191894531, 230.57501220703125, 1.0], [287.97369384765625, 157.91766357421875, 1.0], [220.49197387695312, 128.81919860839844, 1.0], [184.1245574951172, 176.34400939941406, 1.0], [251.9737548828125, 132.9276885986328, 1.0], [177.9787139892578, 104.41301727294922, 1.0], [180.3269500732422, 150.65997314453125, 1.0], [217.43577575683594, 195.31089782714844, 1.0], [229.91329956054688, 164.40489196777344, 1.0], [131.10745239257812, 121.92051696777344, 1.0], [122.22138977050781, 153.04266357421875, 1.0], [173.93870544433594, 187.7853546142578, 1.0], [208.4215545654297, 192.46246337890625, 1.0], [109.97940826416016, 178.31849670410156, 1.0], [123.18103790283203, 211.62673950195312, 1.0], [179.35079956054688, 219.96966552734375, 1.0], [191.55322265625, 227.44850158691406, 1.0], [127.42460632324219, 233.76170349121094, 1.0], [143.3400421142578, 254.41375732421875, 1.0], [193.72080993652344, 254.64450073242188, 1.0]], "is_left": 0}