{"hand_pts": [[34.05266571044922, 212.94207763671875, 1.0], [69.32664489746094, 168.5718994140625, 1.0], [88.20525360107422, 130.41265869140625, 1.0], [130.86740112304688, 108.8040542602539, 1.0], [179.54139709472656, 124.1930923461914, 1.0], [138.38621520996094, 226.7689666748047, 1.0], [185.78030395507812, 158.43128967285156, 1.0], [168.8986053466797, 122.5730209350586, 1.0], [136.84239196777344, 120.17867279052734, 1.0], [152.14404296875, 246.93478393554688, 1.0], [231.8068389892578, 210.75917053222656, 1.0], [220.0746612548828, 155.66696166992188, 1.0], [197.02748107910156, 114.83319091796875, 1.0], [161.468505859375, 252.6730499267578, 1.0], [237.97512817382812, 246.97715759277344, 1.0], [260.1308288574219, 198.4582061767578, 1.0], [241.29995727539062, 154.9539337158203, 1.0], [162.59310913085938, 252.3561248779297, 1.0], [212.3921356201172, 265.4020690917969, 1.0], [240.98089599609375, 237.42568969726562, 1.0], [233.32772827148438, 195.77151489257812, 1.0]], "is_left": 0}