{"hand_pts": [[316.87200927734375, 217.1715087890625, 1.0], [254.1012420654297, 214.66696166992188, 1.0], [201.35263061523438, 218.418701171875, 1.0], [154.12570190429688, 219.03338623046875, 1.0], [124.07007598876953, 215.49964904785156, 1.0], [211.15028381347656, 165.4978790283203, 1.0], [158.5320587158203, 144.88385009765625, 1.0], [122.46721649169922, 145.3873748779297, 1.0], [92.42153930664062, 156.9019317626953, 1.0], [232.85731506347656, 168.94178771972656, 1.0], [176.74578857421875, 161.49473571777344, 1.0], [140.76776123046875, 170.13380432128906, 1.0], [106.83659362792969, 173.6149444580078, 1.0], [248.98678588867188, 176.78024291992188, 1.0], [197.6768035888672, 181.08030700683594, 1.0], [175.68223571777344, 202.9406280517578, 1.0], [168.15199279785156, 228.08920288085938, 1.0], [267.6142578125, 188.20277404785156, 1.0], [245.65158081054688, 180.1433563232422, 1.0], [221.39004516601562, 186.57118225097656, 1.0], [195.51255798339844, 199.7100830078125, 1.0]], "is_left": 0}