{"hand_pts": [[339.0619201660156, 174.16734313964844, 1.0], [302.2125244140625, 159.09246826171875, 1.0], [273.2084045410156, 145.8782196044922, 1.0], [238.64154052734375, 136.6185302734375, 1.0], [201.75820922851562, 130.3507843017578, 1.0], [234.00146484375, 193.09176635742188, 1.0], [189.365234375, 204.03260803222656, 1.0], [157.93482971191406, 201.07762145996094, 1.0], [127.45297241210938, 199.91908264160156, 1.0], [227.2805633544922, 192.82398986816406, 1.0], [169.59375, 211.7408447265625, 1.0], [132.07989501953125, 209.75433349609375, 1.0], [97.06300354003906, 210.4383087158203, 1.0], [223.88815307617188, 186.90260314941406, 1.0], [162.63658142089844, 192.79281616210938, 1.0], [127.6427001953125, 187.08607482910156, 1.0], [94.4499282836914, 178.54458618164062, 1.0], [227.705078125, 178.33917236328125, 1.0], [184.1337127685547, 181.19065856933594, 1.0], [153.86114501953125, 176.63009643554688, 1.0], [122.7105484008789, 169.96871948242188, 1.0]], "is_left": 0}