{"hand_pts": [[160.722412109375, 19.71367645263672, 1.0], [176.22308349609375, 98.39545440673828, 1.0], [167.66744995117188, 143.66488647460938, 1.0], [219.39707946777344, 189.14732360839844, 1.0], [254.1053466796875, 177.96466064453125, 1.0], [90.31278228759766, 202.84945678710938, 1.0], [157.38133239746094, 255.7017059326172, 1.0], [206.7169952392578, 221.8857879638672, 1.0], [200.6202392578125, 172.18731689453125, 1.0], [93.31692504882812, 191.7517852783203, 1.0], [174.78558349609375, 250.65940856933594, 1.0], [224.41864013671875, 211.2554168701172, 1.0], [206.0800323486328, 163.0341796875, 1.0], [106.90079498291016, 180.45494079589844, 1.0], [185.13829040527344, 230.31826782226562, 1.0], [224.7645721435547, 194.34483337402344, 1.0], [198.50770568847656, 157.62318420410156, 1.0], [126.8265609741211, 160.13438415527344, 1.0], [184.35182189941406, 181.63677978515625, 1.0], [219.5027618408203, 158.76576232910156, 1.0], [192.16627502441406, 134.89794921875, 1.0]], "is_left": 0,"label":2}