{"hand_pts": [[334.56329345703125, 155.40087890625, 1.0], [282.44232177734375, 139.7643280029297, 1.0], [262.28826904296875, 102.18122863769531, 1.0], [225.85690307617188, 141.47142028808594, 1.0], [221.33148193359375, 192.9755096435547, 1.0], [170.5506591796875, 104.34201049804688, 1.0], [131.66639709472656, 151.54794311523438, 1.0], [172.88136291503906, 177.44642639160156, 1.0], [218.79428100585938, 169.33775329589844, 1.0], [161.99073791503906, 133.65216064453125, 1.0], [113.98235321044922, 199.62747192382812, 1.0], [165.26553344726562, 217.64515686035156, 1.0], [211.246826171875, 187.32627868652344, 1.0], [159.44009399414062, 162.0460662841797, 1.0], [110.45499420166016, 229.0940399169922, 1.0], [158.87889099121094, 237.02647399902344, 1.0], [194.37461853027344, 201.49209594726562, 1.0], [167.84231567382812, 190.78900146484375, 1.0], [147.74197387695312, 243.8751678466797, 1.0], [182.87347412109375, 252.2032470703125, 1.0], [207.60906982421875, 214.77996826171875, 1.0]], "is_left": 0}