{"hand_pts": [[174.25794982910156, 172.74774169921875, 1.0], [181.00579833984375, 135.329345703125, 1.0], [162.56825256347656, 97.23545837402344, 1.0], [149.3563995361328, 74.35322570800781, 1.0], [141.49322509765625, 67.44791412353516, 1.0], [135.8543701171875, 167.60154724121094, 1.0], [178.12237548828125, 136.8649139404297, 1.0], [213.54428100585938, 116.0143051147461, 1.0], [234.07675170898438, 109.13626098632812, 1.0], [143.5762176513672, 204.8243408203125, 1.0], [154.9467010498047, 216.25404357910156, 1.0], [187.90701293945312, 205.5252685546875, 1.0], [225.24343872070312, 187.74166870117188, 1.0], [156.32659912109375, 230.71347045898438, 1.0], [196.65292358398438, 249.84141540527344, 1.0], [232.38296508789062, 230.30479431152344, 1.0], [248.8372802734375, 203.7881622314453, 1.0], [171.95703125, 251.1028289794922, 1.0], [176.81993103027344, 272.47869873046875, 1.0], [193.07176208496094, 273.3055725097656, 1.0], [217.65093994140625, 247.58482360839844, 1.0]], "is_left": 0}