{"hand_pts": [[33.1602668762207, 165.2866973876953, 1.0], [75.42365264892578, 206.63385009765625, 1.0], [88.95977783203125, 234.1957550048828, 1.0], [121.77796173095703, 257.6964416503906, 1.0], [163.7177734375, 269.05792236328125, 1.0], [142.8656768798828, 184.6421661376953, 1.0], [189.69398498535156, 201.8284149169922, 1.0], [216.5876007080078, 224.0836639404297, 1.0], [215.13478088378906, 237.67376708984375, 1.0], [149.1888885498047, 160.54104614257812, 1.0], [210.245849609375, 146.1827392578125, 1.0], [250.43768310546875, 145.3636932373047, 1.0], [273.5729064941406, 171.41671752929688, 1.0], [152.9462127685547, 145.65538024902344, 1.0], [212.00567626953125, 121.97439575195312, 1.0], [244.42041015625, 138.93359375, 1.0], [256.9878845214844, 167.3336181640625, 1.0], [149.6960906982422, 133.8206329345703, 1.0], [172.8578338623047, 157.79713439941406, 1.0], [180.62904357910156, 177.11988830566406, 1.0], [167.81210327148438, 199.17691040039062, 1.0]], "is_left": 0}