{"hand_pts": [[35.55231857299805, 219.81524658203125, 1.0], [82.222900390625, 170.15245056152344, 1.0], [104.71344757080078, 115.26872253417969, 1.0], [137.68898010253906, 74.9703369140625, 1.0], [182.73907470703125, 56.08292770385742, 1.0], [169.53172302246094, 166.66445922851562, 1.0], [237.90611267089844, 157.9573211669922, 1.0], [241.90621948242188, 159.91629028320312, 1.0], [220.94480895996094, 165.6432647705078, 1.0], [174.80873107910156, 204.9072265625, 1.0], [227.48068237304688, 172.83689880371094, 1.0], [244.7254180908203, 152.68524169921875, 1.0], [250.52735900878906, 134.91329956054688, 1.0], [175.84185791015625, 233.975341796875, 1.0], [207.9920196533203, 247.76991271972656, 1.0], [190.29100036621094, 248.13160705566406, 1.0], [149.65863037109375, 237.12306213378906, 1.0], [168.22267150878906, 260.5789489746094, 1.0], [198.951416015625, 254.99563598632812, 1.0], [169.07069396972656, 242.81759643554688, 1.0], [131.54019165039062, 233.90342712402344, 1.0]], "is_left": 0,"label":3}