{"hand_pts": [[88.2750244140625, 286.98797607421875, 1.0], [118.50639343261719, 218.2173614501953, 1.0], [146.86050415039062, 166.39608764648438, 1.0], [189.45396423339844, 148.0679168701172, 1.0], [222.16172790527344, 151.41119384765625, 1.0], [110.22259521484375, 153.70509338378906, 1.0], [159.52369689941406, 106.71439361572266, 1.0], [195.76194763183594, 118.93147277832031, 1.0], [229.96192932128906, 133.0771484375, 1.0], [120.70442199707031, 190.572998046875, 1.0], [170.600341796875, 151.9198760986328, 1.0], [222.48011779785156, 145.97154235839844, 1.0], [265.63201904296875, 147.8219451904297, 1.0], [135.0840301513672, 222.655029296875, 1.0], [184.50523376464844, 189.4620819091797, 1.0], [217.85299682617188, 194.67994689941406, 1.0], [233.39382934570312, 205.24574279785156, 1.0], [148.48275756835938, 258.032470703125, 1.0], [206.21246337890625, 262.3116455078125, 1.0], [218.88674926757812, 268.10272216796875, 1.0], [178.76300048828125, 264.61126708984375, 1.0]], "is_left": 0}