{"hand_pts": [[299.4874267578125, 158.45899963378906, 1.0], [240.2255096435547, 127.98766326904297, 1.0], [234.62001037597656, 77.88055419921875, 1.0], [198.33970642089844, 82.35105895996094, 1.0], [162.51170349121094, 106.97711181640625, 1.0], [237.29087829589844, 143.53366088867188, 1.0], [194.80540466308594, 152.63897705078125, 1.0], [152.85459899902344, 163.49058532714844, 1.0], [150.78001403808594, 166.12063598632812, 1.0], [247.91290283203125, 182.7322235107422, 1.0], [181.86590576171875, 184.4984893798828, 1.0], [131.01632690429688, 182.1862030029297, 1.0], [84.19488525390625, 177.45555114746094, 1.0], [250.69961547851562, 213.34902954101562, 1.0], [174.56808471679688, 231.53306579589844, 1.0], [130.37034606933594, 232.6824493408203, 1.0], [102.8519515991211, 223.34646606445312, 1.0], [253.95761108398438, 239.79446411132812, 1.0], [208.88555908203125, 273.60662841796875, 1.0], [180.988037109375, 273.6519470214844, 1.0], [198.16217041015625, 241.87510681152344, 1.0]], "is_left": 0}