{"hand_pts": [[69.27948760986328, 263.81085205078125, 1.0], [70.16205596923828, 213.05645751953125, 1.0], [50.46735763549805, 175.1047821044922, 1.0], [65.9428482055664, 141.12928771972656, 1.0], [109.89497375488281, 135.55087280273438, 1.0], [141.73829650878906, 187.48997497558594, 1.0], [187.92132568359375, 159.02032470703125, 1.0], [203.18017578125, 144.62228393554688, 1.0], [213.27076721191406, 134.44754028320312, 1.0], [173.0172882080078, 209.9373321533203, 1.0], [224.1349334716797, 176.4498291015625, 1.0], [237.47787475585938, 157.0634002685547, 1.0], [229.25108337402344, 144.72508239746094, 1.0], [193.83978271484375, 226.67642211914062, 1.0], [241.26065063476562, 204.07113647460938, 1.0], [224.73936462402344, 198.61143493652344, 1.0], [188.22093200683594, 200.99505615234375, 1.0], [205.7322540283203, 244.25204467773438, 1.0], [237.51210021972656, 226.89251708984375, 1.0], [236.28248596191406, 214.4924774169922, 1.0], [219.4339599609375, 203.3511505126953, 1.0]], "is_left": 0}