{"hand_pts": [[202.93484497070312, 303.546630859375, 1.0], [160.42662048339844, 268.51251220703125, 1.0], [116.22528839111328, 254.24398803710938, 1.0], [81.38530731201172, 234.96678161621094, 1.0], [52.61867141723633, 214.9387969970703, 1.0], [177.82765197753906, 198.56198120117188, 1.0], [180.87977600097656, 147.82144165039062, 1.0], [171.8522186279297, 130.9274444580078, 1.0], [163.8931121826172, 145.8341827392578, 1.0], [209.65574645996094, 196.20237731933594, 1.0], [195.71713256835938, 168.9115753173828, 1.0], [179.1228485107422, 190.88877868652344, 1.0], [170.6460723876953, 224.8318328857422, 1.0], [231.54034423828125, 197.25375366210938, 1.0], [225.2447052001953, 140.27931213378906, 1.0], [203.59719848632812, 150.39511108398438, 1.0], [183.49630737304688, 164.0696563720703, 1.0], [249.75961303710938, 205.15077209472656, 1.0], [261.9043273925781, 167.7171173095703, 1.0], [249.50282287597656, 152.54452514648438, 1.0], [225.07537841796875, 152.46929931640625, 1.0]], "is_left": 0}