{"hand_pts": [[3.1216588020324707, 137.29409790039062, 1.0], [64.42701721191406, 190.5299530029297, 1.0], [81.90985107421875, 246.0967559814453, 1.0], [143.0658721923828, 251.6275177001953, 1.0], [198.2477569580078, 247.9951171875, 1.0], [133.7513885498047, 207.0390167236328, 1.0], [196.48715209960938, 243.8994598388672, 1.0], [227.111328125, 249.5649871826172, 1.0], [218.1579132080078, 232.2415008544922, 1.0], [135.98138427734375, 170.0965576171875, 1.0], [208.30799865722656, 169.0079345703125, 1.0], [244.28184509277344, 168.6804656982422, 1.0], [220.9287872314453, 167.7848663330078, 1.0], [138.1533203125, 140.85887145996094, 1.0], [221.24197387695312, 161.215576171875, 1.0], [212.60092163085938, 163.60305786132812, 1.0], [211.14544677734375, 167.26214599609375, 1.0], [133.19973754882812, 112.42073822021484, 1.0], [180.20318603515625, 114.88278198242188, 1.0], [216.9888153076172, 120.11520385742188, 1.0], [243.91314697265625, 137.30029296875, 1.0]], "is_left": 0}