{"hand_pts": [[24.37346649169922, 227.04791259765625, 1.0], [99.15203094482422, 260.7467346191406, 1.0], [159.73910522460938, 292.9376525878906, 1.0], [207.37022399902344, 269.62109375, 1.0], [213.2830047607422, 219.400146484375, 1.0], [141.5814666748047, 222.89520263671875, 1.0], [188.1709442138672, 206.33216857910156, 1.0], [234.69931030273438, 197.1133575439453, 1.0], [252.0650634765625, 199.3432159423828, 1.0], [128.18612670898438, 181.6589813232422, 1.0], [213.73072814941406, 162.44107055664062, 1.0], [257.2086181640625, 172.3695526123047, 1.0], [244.5662078857422, 196.62948608398438, 1.0], [120.52006530761719, 151.6839599609375, 1.0], [203.24005126953125, 133.2803955078125, 1.0], [204.77810668945312, 156.03195190429688, 1.0], [169.80947875976562, 178.9493408203125, 1.0], [109.00823211669922, 127.62515258789062, 1.0], [149.58848571777344, 110.6712417602539, 1.0], [168.4208984375, 113.801513671875, 1.0], [153.79727172851562, 144.65736389160156, 1.0]], "is_left": 0}