{"hand_pts": [[299.451171875, 71.6297836303711, 1.0], [236.37974548339844, 75.20889282226562, 1.0], [184.39395141601562, 55.93613815307617, 1.0], [143.90870666503906, 85.08149719238281, 1.0], [111.27559661865234, 117.36056518554688, 1.0], [222.97891235351562, 152.38601684570312, 1.0], [168.7176971435547, 178.5669708251953, 1.0], [131.1678466796875, 182.5823211669922, 1.0], [100.13903045654297, 178.05601501464844, 1.0], [242.9677276611328, 178.3964080810547, 1.0], [196.82810974121094, 225.62213134765625, 1.0], [152.8441162109375, 227.82504272460938, 1.0], [111.60987854003906, 233.10403442382812, 1.0], [255.0642852783203, 194.58316040039062, 1.0], [219.31837463378906, 249.00357055664062, 1.0], [187.85072326660156, 232.7970428466797, 1.0], [184.2945556640625, 198.7420196533203, 1.0], [267.8036804199219, 201.9868927001953, 1.0], [229.58920288085938, 229.24972534179688, 1.0], [199.12820434570312, 226.39108276367188, 1.0], [166.6610870361328, 218.87107849121094, 1.0]], "is_left": 0}