{"hand_pts": [[135.33937072753906, 350.4627380371094, 1.0], [148.2335968017578, 296.44293212890625, 1.0], [196.4420623779297, 285.2871398925781, 1.0], [217.31187438964844, 229.05662536621094, 1.0], [222.5743408203125, 178.0140838623047, 1.0], [241.91632080078125, 228.04525756835938, 1.0], [187.7493133544922, 168.21231079101562, 1.0], [133.1568145751953, 176.86767578125, 1.0], [78.3409423828125, 172.4620819091797, 1.0], [229.30990600585938, 222.27374267578125, 1.0], [264.78045654296875, 142.4685821533203, 1.0], [214.55259704589844, 115.58555603027344, 1.0], [177.52899169921875, 147.9752960205078, 1.0], [209.5626678466797, 217.4654998779297, 1.0], [254.4270782470703, 147.3545684814453, 1.0], [212.22735595703125, 124.29505920410156, 1.0], [166.18077087402344, 125.53207397460938, 1.0], [183.052490234375, 219.9355010986328, 1.0], [140.3425750732422, 173.58995056152344, 1.0], [101.37643432617188, 178.4650115966797, 1.0], [67.99523162841797, 192.75157165527344, 1.0]], "is_left": 0}