{"hand_pts": [[294.3770751953125, 124.93795776367188, 1.0], [222.5076141357422, 116.55126953125, 1.0], [157.46084594726562, 109.15933990478516, 1.0], [130.4790496826172, 135.77313232421875, 1.0], [157.6013641357422, 165.21070861816406, 1.0], [161.6688995361328, 183.87692260742188, 1.0], [105.975830078125, 206.359619140625, 1.0], [106.95914459228516, 186.09368896484375, 1.0], [114.55917358398438, 164.3960723876953, 1.0], [196.10723876953125, 201.10543823242188, 1.0], [153.33668518066406, 215.74485778808594, 1.0], [162.7401580810547, 177.79380798339844, 1.0], [167.6416015625, 144.29653930664062, 1.0], [225.82362365722656, 208.7626190185547, 1.0], [202.50108337402344, 213.3438720703125, 1.0], [213.5742645263672, 177.58387756347656, 1.0], [227.53128051757812, 155.9760284423828, 1.0], [259.37921142578125, 209.3649444580078, 1.0], [252.53993225097656, 229.27471923828125, 1.0], [245.26783752441406, 232.61085510253906, 1.0], [232.95228576660156, 218.07681274414062, 1.0]], "is_left": 0}