{"hand_pts": [[249.3106231689453, 156.26307678222656, 1.0], [189.3100128173828, 194.5311737060547, 1.0], [130.9906005859375, 227.27297973632812, 1.0], [104.78429412841797, 221.857421875, 1.0], [83.25651550292969, 214.5530242919922, 1.0], [221.6279754638672, 231.72601318359375, 1.0], [187.62640380859375, 259.81134033203125, 1.0], [144.81561279296875, 248.70172119140625, 1.0], [105.1203384399414, 240.01419067382812, 1.0], [251.76329040527344, 196.69287109375, 1.0], [198.65806579589844, 215.2186737060547, 1.0], [157.8261260986328, 223.62753295898438, 1.0], [128.68191528320312, 235.591552734375, 1.0], [268.3524169921875, 165.15867614746094, 1.0], [195.4844970703125, 149.71044921875, 1.0], [165.8509979248047, 138.34686279296875, 1.0], [163.5460205078125, 135.54058837890625, 1.0], [280.6089172363281, 132.90377807617188, 1.0], [257.6538391113281, 96.79481506347656, 1.0], [233.0955047607422, 71.97942352294922, 1.0], [202.40744018554688, 75.29289245605469, 1.0]], "is_left": 0}