{"hand_pts": [[120.25501251220703, 289.0977478027344, 1.0], [184.8114776611328, 242.9383087158203, 1.0], [243.95700073242188, 213.86134338378906, 1.0], [273.7812805175781, 196.96876525878906, 1.0], [250.5460662841797, 206.17105102539062, 1.0], [160.8913116455078, 137.02294921875, 1.0], [216.3174285888672, 131.5791015625, 1.0], [242.18812561035156, 172.96438598632812, 1.0], [236.5635223388672, 217.30255126953125, 1.0], [126.79144287109375, 146.48257446289062, 1.0], [187.5207977294922, 127.00346374511719, 1.0], [215.14126586914062, 177.64395141601562, 1.0], [217.82147216796875, 222.1214599609375, 1.0], [105.77967071533203, 160.90306091308594, 1.0], [146.96438598632812, 144.86033630371094, 1.0], [181.9197235107422, 183.9763641357422, 1.0], [181.35386657714844, 212.85191345214844, 1.0], [88.37708282470703, 184.6593475341797, 1.0], [101.30675506591797, 178.0548858642578, 1.0], [136.20440673828125, 201.06072998046875, 1.0], [150.23794555664062, 220.27418518066406, 1.0]], "is_left": 0}