{"hand_pts": [[237.04222106933594, 176.70736694335938, 1.0], [227.0146484375, 226.73863220214844, 1.0], [235.16949462890625, 272.2441711425781, 1.0], [235.41065979003906, 293.2491760253906, 1.0], [219.24949645996094, 253.87933349609375, 1.0], [133.86212158203125, 222.23629760742188, 1.0], [94.45037841796875, 248.18115234375, 1.0], [128.6455535888672, 247.947509765625, 1.0], [159.1288604736328, 247.275634765625, 1.0], [136.93606567382812, 178.9484100341797, 1.0], [116.32211303710938, 181.05780029296875, 1.0], [141.55130004882812, 188.80810546875, 1.0], [185.70799255371094, 199.28936767578125, 1.0], [148.63218688964844, 145.5407257080078, 1.0], [171.95384216308594, 124.19751739501953, 1.0], [200.99278259277344, 117.1309814453125, 1.0], [246.25289916992188, 128.08367919921875, 1.0], [168.05804443359375, 115.18719482421875, 1.0], [208.06793212890625, 91.8949203491211, 1.0], [248.7811279296875, 96.51426696777344, 1.0], [291.5456848144531, 103.49972534179688, 1.0]], "is_left": 0}