{"hand_pts": [[191.71908569335938, 325.7149963378906, 1.0], [233.97442626953125, 275.3252868652344, 1.0], [290.1092834472656, 252.15170288085938, 1.0], [289.56256103515625, 206.65640258789062, 1.0], [244.36996459960938, 182.17022705078125, 1.0], [221.34909057617188, 209.1475067138672, 1.0], [225.02450561523438, 153.1396942138672, 1.0], [223.88926696777344, 151.03062438964844, 1.0], [220.07386779785156, 173.69435119628906, 1.0], [179.2788848876953, 208.92324829101562, 1.0], [170.06350708007812, 140.36973571777344, 1.0], [179.57154846191406, 143.1480255126953, 1.0], [193.88421630859375, 176.03225708007812, 1.0], [146.9004669189453, 209.53160095214844, 1.0], [125.59324645996094, 144.32977294921875, 1.0], [134.35423278808594, 145.01174926757812, 1.0], [154.37234497070312, 174.5615997314453, 1.0], [118.30137634277344, 216.77223205566406, 1.0], [93.96866607666016, 178.7358856201172, 1.0], [103.45298767089844, 177.96690368652344, 1.0], [131.64852905273438, 203.02403259277344, 1.0]], "is_left": 0}