{"hand_pts": [[114.41012573242188, 327.7281494140625, 1.0], [154.18801879882812, 286.6105651855469, 1.0], [199.87872314453125, 283.0034484863281, 1.0], [239.13389587402344, 256.8992614746094, 1.0], [265.6724853515625, 229.85874938964844, 1.0], [133.7470245361328, 196.68051147460938, 1.0], [172.25511169433594, 149.06690979003906, 1.0], [210.05926513671875, 159.95945739746094, 1.0], [239.75465393066406, 182.69667053222656, 1.0], [125.2423095703125, 196.74761962890625, 1.0], [143.4255828857422, 125.50861358642578, 1.0], [182.248779296875, 102.8924789428711, 1.0], [224.16790771484375, 109.69155883789062, 1.0], [124.62399291992188, 201.48159790039062, 1.0], [142.2408447265625, 133.2119598388672, 1.0], [181.2392120361328, 123.5887451171875, 1.0], [217.5810546875, 137.73416137695312, 1.0], [125.71316528320312, 214.72508239746094, 1.0], [168.04605102539062, 201.27780151367188, 1.0], [200.0983428955078, 199.36380004882812, 1.0], [216.76531982421875, 227.58694458007812, 1.0]], "is_left": 0}