{"hand_pts": [[70.06761169433594, 208.72398376464844, 1.0], [129.63848876953125, 233.7661590576172, 1.0], [182.21568298339844, 239.64691162109375, 1.0], [209.94012451171875, 231.31312561035156, 1.0], [208.3400421142578, 220.9148712158203, 1.0], [194.98231506347656, 174.07838439941406, 1.0], [245.06814575195312, 141.62033081054688, 1.0], [276.77960205078125, 123.7798843383789, 1.0], [285.59564208984375, 142.38768005371094, 1.0], [171.04776000976562, 154.15386962890625, 1.0], [217.32144165039062, 138.6115264892578, 1.0], [207.63600158691406, 182.52066040039062, 1.0], [204.30165100097656, 221.41049194335938, 1.0], [149.37330627441406, 145.39503479003906, 1.0], [177.9700164794922, 183.21533203125, 1.0], [164.892578125, 222.2866973876953, 1.0], [143.4516143798828, 252.09036254882812, 1.0], [123.07228088378906, 143.00228881835938, 1.0], [133.05271911621094, 166.6697235107422, 1.0], [121.35917663574219, 195.7244415283203, 1.0], [113.98941802978516, 181.60214233398438, 1.0]], "is_left": 0}