{"hand_pts": [[223.759521484375, 329.7658996582031, 1.0], [158.25633239746094, 278.0364990234375, 1.0], [88.74459838867188, 258.1120910644531, 1.0], [77.12055206298828, 241.51695251464844, 1.0], [90.80342864990234, 232.24420166015625, 1.0], [196.01609802246094, 170.4502716064453, 1.0], [165.52146911621094, 112.84040832519531, 1.0], [126.57860565185547, 139.25967407226562, 1.0], [93.05693817138672, 171.2027587890625, 1.0], [232.77101135253906, 188.9911346435547, 1.0], [239.2939453125, 132.9980010986328, 1.0], [196.4016571044922, 142.12388610839844, 1.0], [151.80447387695312, 159.1512908935547, 1.0], [254.0756072998047, 211.050048828125, 1.0], [244.13563537597656, 141.8148956298828, 1.0], [196.8876953125, 159.1390380859375, 1.0], [152.6466064453125, 170.93038940429688, 1.0], [270.05413818359375, 241.20361328125, 1.0], [269.4743957519531, 199.44627380371094, 1.0], [254.61802673339844, 177.63360595703125, 1.0], [210.3199462890625, 185.90219116210938, 1.0]], "is_left": 0}