{"hand_pts": [[229.94078063964844, 325.971923828125, 1.0], [187.5741424560547, 264.817138671875, 1.0], [178.4629364013672, 210.3035430908203, 1.0], [159.0374755859375, 160.4486846923828, 1.0], [133.0340576171875, 115.95079040527344, 1.0], [224.10433959960938, 171.12274169921875, 1.0], [225.11358642578125, 104.21709442138672, 1.0], [184.86451721191406, 100.17606353759766, 1.0], [156.60586547851562, 135.24822998046875, 1.0], [237.40029907226562, 188.7646026611328, 1.0], [160.1564178466797, 162.466796875, 1.0], [148.74563598632812, 207.6361083984375, 1.0], [184.59832763671875, 233.97120666503906, 1.0], [240.36151123046875, 207.2092742919922, 1.0], [174.59718322753906, 176.75808715820312, 1.0], [131.6439971923828, 191.4587860107422, 1.0], [89.543701171875, 204.15936279296875, 1.0], [239.92469787597656, 232.8977508544922, 1.0], [234.8612518310547, 205.3717041015625, 1.0], [198.90916442871094, 203.072998046875, 1.0], [163.5242462158203, 204.624267578125, 1.0]], "is_left": 0}