{"hand_pts": [[340.2796325683594, 150.1703643798828, 1.0], [281.5309753417969, 184.20269775390625, 1.0], [236.24356079101562, 193.20748901367188, 1.0], [186.1551513671875, 201.6002197265625, 1.0], [159.44081115722656, 203.9630126953125, 1.0], [202.2278289794922, 148.59408569335938, 1.0], [142.07469177246094, 161.20140075683594, 1.0], [113.72832489013672, 187.58551025390625, 1.0], [96.84284973144531, 219.80787658691406, 1.0], [215.91885375976562, 139.00254821777344, 1.0], [159.1580810546875, 162.2889862060547, 1.0], [137.00946044921875, 197.66192626953125, 1.0], [138.34066772460938, 238.99073791503906, 1.0], [229.57736206054688, 138.23916625976562, 1.0], [164.90264892578125, 158.62283325195312, 1.0], [149.4441680908203, 195.81715393066406, 1.0], [177.7504119873047, 215.81350708007812, 1.0], [249.62326049804688, 140.59869384765625, 1.0], [223.05975341796875, 173.78810119628906, 1.0], [218.59906005859375, 206.209228515625, 1.0], [232.96739196777344, 230.81260681152344, 1.0]], "is_left": 0}