{"hand_pts": [[298.6387023925781, 125.7370376586914, 1.0], [294.63800048828125, 173.97955322265625, 1.0], [301.3155822753906, 215.34434509277344, 1.0], [285.5279235839844, 247.1780548095703, 1.0], [235.14276123046875, 236.26953125, 1.0], [245.5448455810547, 160.8206787109375, 1.0], [215.81629943847656, 165.31788635253906, 1.0], [189.4823455810547, 177.5684814453125, 1.0], [163.3042755126953, 188.30848693847656, 1.0], [214.25929260253906, 142.02880859375, 1.0], [153.97897338867188, 141.40774536132812, 1.0], [122.1948013305664, 174.0336151123047, 1.0], [112.99755859375, 211.38221740722656, 1.0], [190.54776000976562, 132.403564453125, 1.0], [150.8488311767578, 189.52659606933594, 1.0], [142.42581176757812, 223.23672485351562, 1.0], [147.4083709716797, 252.10301208496094, 1.0], [174.11473083496094, 124.7120132446289, 1.0], [125.55170440673828, 142.89828491210938, 1.0], [126.14898681640625, 171.52947998046875, 1.0], [128.6322479248047, 202.02462768554688, 1.0]], "is_left": 0}