{"hand_pts": [[67.75004577636719, 181.99607849121094, 1.0], [149.725830078125, 185.5255889892578, 1.0], [213.66741943359375, 208.0811004638672, 1.0], [255.60885620117188, 193.88702392578125, 1.0], [259.851318359375, 164.3209228515625, 1.0], [174.84158325195312, 229.19845581054688, 1.0], [200.82525634765625, 246.99819946289062, 1.0], [222.0310516357422, 247.5508575439453, 1.0], [246.93310546875, 210.04261779785156, 1.0], [139.53814697265625, 209.49586486816406, 1.0], [173.537109375, 241.40225219726562, 1.0], [207.7240753173828, 245.341552734375, 1.0], [244.80833435058594, 210.71669006347656, 1.0], [114.6663589477539, 187.29470825195312, 1.0], [169.41976928710938, 161.7489776611328, 1.0], [195.92041015625, 127.29747009277344, 1.0], [189.68795776367188, 117.69181060791016, 1.0], [89.32734680175781, 163.25555419921875, 1.0], [123.379150390625, 122.0759048461914, 1.0], [144.97213745117188, 93.99557495117188, 1.0], [137.17987060546875, 104.28276824951172, 1.0]], "is_left": 0}