{"hand_pts": [[194.5658721923828, 356.7732849121094, 1.0], [201.301513671875, 291.9042053222656, 1.0], [220.0763702392578, 246.25808715820312, 1.0], [226.08499145507812, 197.6030731201172, 1.0], [222.52296447753906, 172.09938049316406, 1.0], [126.9690170288086, 224.88800048828125, 1.0], [157.07687377929688, 162.95045471191406, 1.0], [203.9179229736328, 146.9441680908203, 1.0], [242.03746032714844, 169.1952362060547, 1.0], [129.31883239746094, 232.63754272460938, 1.0], [155.88026428222656, 154.0851287841797, 1.0], [198.25698852539062, 116.36479187011719, 1.0], [249.6656036376953, 113.2564926147461, 1.0], [140.4842071533203, 239.00949096679688, 1.0], [116.67034912109375, 174.79888916015625, 1.0], [151.0393829345703, 138.9943389892578, 1.0], [187.86251831054688, 107.13059997558594, 1.0], [157.72702026367188, 251.75767517089844, 1.0], [170.6782684326172, 201.8214569091797, 1.0], [206.2007293701172, 183.03753662109375, 1.0], [243.4658203125, 165.61590576171875, 1.0]], "is_left": 0}