{"hand_pts": [[353.811279296875, 261.063720703125, 1.0], [293.02197265625, 219.5249481201172, 1.0], [259.0367431640625, 167.41781616210938, 1.0], [218.1381072998047, 120.97085571289062, 1.0], [175.48492431640625, 79.06124114990234, 1.0], [232.3724822998047, 138.35804748535156, 1.0], [167.8192901611328, 118.07777404785156, 1.0], [131.0078582763672, 121.8311996459961, 1.0], [128.123291015625, 158.9290771484375, 1.0], [234.06655883789062, 162.22195434570312, 1.0], [149.41529846191406, 172.07212829589844, 1.0], [138.41590881347656, 209.7223358154297, 1.0], [141.24867248535156, 245.66976928710938, 1.0], [234.36032104492188, 187.25250244140625, 1.0], [154.28518676757812, 184.89109802246094, 1.0], [110.36742401123047, 195.5313720703125, 1.0], [114.5770034790039, 220.85562133789062, 1.0], [240.75193786621094, 217.44223022460938, 1.0], [192.97694396972656, 238.92669677734375, 1.0], [175.3782501220703, 262.7738037109375, 1.0], [185.16580200195312, 280.68212890625, 1.0]], "is_left": 0}