{"hand_pts": [[73.27470397949219, 194.606201171875, 1.0], [136.26290893554688, 142.00146484375, 1.0], [188.88259887695312, 89.02851867675781, 1.0], [232.58380126953125, 116.32462310791016, 1.0], [235.930908203125, 170.0145721435547, 1.0], [127.5796127319336, 111.62238311767578, 1.0], [183.12774658203125, 105.78704833984375, 1.0], [229.0426025390625, 123.2502212524414, 1.0], [261.5387878417969, 147.76788330078125, 1.0], [108.44210815429688, 159.99058532714844, 1.0], [152.03390502929688, 150.1668701171875, 1.0], [204.79823303222656, 153.11691284179688, 1.0], [253.17945861816406, 161.4317626953125, 1.0], [99.874755859375, 200.91232299804688, 1.0], [169.41366577148438, 245.28392028808594, 1.0], [211.8643798828125, 270.1856384277344, 1.0], [245.60731506347656, 284.8215026855469, 1.0], [92.56035614013672, 240.79698181152344, 1.0], [144.90045166015625, 262.88824462890625, 1.0], [182.3123321533203, 273.5451354980469, 1.0], [204.47271728515625, 269.35943603515625, 1.0]], "is_left": 0}