{"hand_pts": [[333.393310546875, 211.3138427734375, 1.0], [300.6877136230469, 194.22500610351562, 1.0], [274.87078857421875, 180.56417846679688, 1.0], [242.82489013671875, 167.47369384765625, 1.0], [205.4267120361328, 155.78492736816406, 1.0], [234.35487365722656, 199.74948120117188, 1.0], [187.66012573242188, 199.10659790039062, 1.0], [154.5630645751953, 188.93679809570312, 1.0], [121.89971923828125, 183.38816833496094, 1.0], [229.45152282714844, 197.86163330078125, 1.0], [168.4972686767578, 192.7095947265625, 1.0], [129.56484985351562, 184.1817626953125, 1.0], [92.16783905029297, 178.39303588867188, 1.0], [228.03211975097656, 193.19375610351562, 1.0], [168.35459899902344, 190.1487274169922, 1.0], [132.0347137451172, 178.83984375, 1.0], [95.0702896118164, 169.7692108154297, 1.0], [233.69937133789062, 188.5226287841797, 1.0], [191.44564819335938, 180.0936737060547, 1.0], [161.19212341308594, 171.69970703125, 1.0], [128.88072204589844, 161.60113525390625, 1.0]], "is_left": 0}