{"hand_pts": [[117.37285614013672, 313.8556823730469, 1.0], [104.73954772949219, 241.55734252929688, 1.0], [71.56407165527344, 196.242431640625, 1.0], [89.31514739990234, 139.54356384277344, 1.0], [125.17694854736328, 130.66966247558594, 1.0], [174.51243591308594, 225.4513702392578, 1.0], [178.90097045898438, 146.98876953125, 1.0], [155.3568115234375, 140.7174530029297, 1.0], [136.20556640625, 169.10870361328125, 1.0], [208.89022827148438, 243.04641723632812, 1.0], [234.6480712890625, 157.5912628173828, 1.0], [204.07904052734375, 131.4448699951172, 1.0], [165.62939453125, 144.9264678955078, 1.0], [230.73095703125, 251.46644592285156, 1.0], [264.32366943359375, 176.5103759765625, 1.0], [231.3743438720703, 157.8826141357422, 1.0], [195.1151885986328, 179.61306762695312, 1.0], [243.31431579589844, 260.9417419433594, 1.0], [252.79905700683594, 215.860107421875, 1.0], [220.46829223632812, 209.76158142089844, 1.0], [191.4134063720703, 233.4227752685547, 1.0]], "is_left": 0}