{"hand_pts": [[259.9251708984375, 115.19879150390625, 1.0], [202.79721069335938, 134.31700134277344, 1.0], [151.8744354248047, 140.04644775390625, 1.0], [105.25609588623047, 148.0223846435547, 1.0], [62.14404296875, 156.0257568359375, 1.0], [203.84742736816406, 192.80496215820312, 1.0], [153.08094787597656, 200.01919555664062, 1.0], [131.2389373779297, 182.72169494628906, 1.0], [124.56607055664062, 159.5242919921875, 1.0], [231.7626953125, 193.8427734375, 1.0], [224.74688720703125, 237.7096405029297, 1.0], [192.02098083496094, 225.72445678710938, 1.0], [188.429443359375, 199.63792419433594, 1.0], [250.07876586914062, 191.0343475341797, 1.0], [199.3989715576172, 202.30987548828125, 1.0], [170.8414306640625, 187.70860290527344, 1.0], [142.57180786132812, 173.20164489746094, 1.0], [266.91375732421875, 182.8297882080078, 1.0], [252.2571258544922, 191.5727081298828, 1.0], [234.3857421875, 189.53224182128906, 1.0], [209.3703155517578, 177.7337646484375, 1.0]], "is_left": 0}