{"hand_pts": [[124.644287109375, 24.347110748291016, 1.0], [161.14242553710938, 67.40872192382812, 1.0], [152.69410705566406, 94.77374267578125, 1.0], [175.42633056640625, 132.6027374267578, 1.0], [225.00253295898438, 166.51319885253906, 1.0], [125.29346466064453, 164.7594451904297, 1.0], [124.331787109375, 232.6753387451172, 1.0], [174.74989318847656, 252.3016815185547, 1.0], [228.3238067626953, 243.23585510253906, 1.0], [128.01475524902344, 166.02426147460938, 1.0], [134.8055877685547, 245.97080993652344, 1.0], [190.82406616210938, 265.3997802734375, 1.0], [248.625, 260.2663269042969, 1.0], [138.77008056640625, 162.43177795410156, 1.0], [233.17022705078125, 184.83860778808594, 1.0], [248.83428955078125, 143.27529907226562, 1.0], [214.49783325195312, 110.51531982421875, 1.0], [151.40086364746094, 149.87734985351562, 1.0], [172.1591796875, 196.90403747558594, 1.0], [211.58302307128906, 212.814208984375, 1.0], [246.3492889404297, 198.6528778076172, 1.0]], "is_left": 0}