{"hand_pts": [[190.9308624267578, 332.5641174316406, 1.0], [191.5182342529297, 297.9719543457031, 1.0], [210.71510314941406, 287.70220947265625, 1.0], [216.58079528808594, 260.48797607421875, 1.0], [208.34080505371094, 218.6720428466797, 1.0], [233.88681030273438, 220.2331085205078, 1.0], [242.2313232421875, 163.5736846923828, 1.0], [202.67649841308594, 157.54542541503906, 1.0], [165.42335510253906, 166.997314453125, 1.0], [220.04869079589844, 208.0460205078125, 1.0], [186.9605255126953, 143.61874389648438, 1.0], [149.15377807617188, 155.615966796875, 1.0], [146.1898956298828, 200.89456176757812, 1.0], [202.99005126953125, 200.781982421875, 1.0], [183.24209594726562, 124.74982452392578, 1.0], [148.86843872070312, 113.21784973144531, 1.0], [115.47744750976562, 111.15647888183594, 1.0], [183.75209045410156, 201.87353515625, 1.0], [171.22381591796875, 149.40415954589844, 1.0], [148.35980224609375, 145.34188842773438, 1.0], [133.45172119140625, 164.92970275878906, 1.0]], "is_left": 0,"label":4}