{"hand_pts": [[244.0010223388672, 112.88113403320312, 1.0], [188.9990997314453, 99.1090316772461, 1.0], [122.08749389648438, 63.28083419799805, 1.0], [132.3052215576172, 87.44841766357422, 1.0], [193.0170135498047, 129.62203979492188, 1.0], [75.36089324951172, 152.7708740234375, 1.0], [100.72328186035156, 174.5980987548828, 1.0], [159.52536010742188, 159.31222534179688, 1.0], [183.22084045410156, 140.5143280029297, 1.0], [110.4853744506836, 191.035888671875, 1.0], [160.83677673339844, 224.34097290039062, 1.0], [216.28883361816406, 196.4075927734375, 1.0], [221.31549072265625, 161.51123046875, 1.0], [146.81182861328125, 218.08384704589844, 1.0], [190.31918334960938, 264.41339111328125, 1.0], [239.0272979736328, 243.5526885986328, 1.0], [253.5492706298828, 204.82037353515625, 1.0], [189.68292236328125, 236.84005737304688, 1.0], [230.2998809814453, 267.81793212890625, 1.0], [264.698974609375, 249.04844665527344, 1.0], [264.8669738769531, 210.84317016601562, 1.0]], "is_left": 0}