{"hand_pts": [[319.9333801269531, 183.25648498535156, 1.0], [266.3196716308594, 149.1250762939453, 1.0], [237.9525146484375, 107.3333511352539, 1.0], [202.9824676513672, 76.22760009765625, 1.0], [168.08872985839844, 56.814571380615234, 1.0], [198.2964324951172, 199.16998291015625, 1.0], [145.26602172851562, 178.2426300048828, 1.0], [115.90120697021484, 158.4709014892578, 1.0], [83.90898132324219, 144.9971923828125, 1.0], [204.7996368408203, 228.6393585205078, 1.0], [159.68099975585938, 199.9924774169922, 1.0], [191.7270050048828, 170.97340393066406, 1.0], [226.97047424316406, 170.5190887451172, 1.0], [211.4488983154297, 246.23696899414062, 1.0], [171.18032836914062, 232.9430694580078, 1.0], [184.398681640625, 202.0267333984375, 1.0], [209.82826232910156, 172.88404846191406, 1.0], [224.3267364501953, 257.7356872558594, 1.0], [182.8822784423828, 260.7715148925781, 1.0], [155.65316772460938, 256.02960205078125, 1.0], [158.5115203857422, 222.23849487304688, 1.0]], "is_left": 0}