{"hand_pts": [[277.5630798339844, 283.7393493652344, 1.0], [265.57586669921875, 220.75743103027344, 1.0], [271.51971435546875, 171.38052368164062, 1.0], [266.4573974609375, 123.2042236328125, 1.0], [254.03297424316406, 81.36553192138672, 1.0], [203.35240173339844, 206.986083984375, 1.0], [164.9216766357422, 177.60911560058594, 1.0], [147.02816772460938, 149.12156677246094, 1.0], [144.57481384277344, 128.7458038330078, 1.0], [187.78515625, 234.2675323486328, 1.0], [165.26112365722656, 175.64016723632812, 1.0], [191.25714111328125, 162.476318359375, 1.0], [215.23484802246094, 148.53892517089844, 1.0], [178.455810546875, 253.07371520996094, 1.0], [154.74697875976562, 201.48106384277344, 1.0], [156.06564331054688, 172.32907104492188, 1.0], [157.28147888183594, 143.10308837890625, 1.0], [175.92965698242188, 271.9620056152344, 1.0], [139.00550842285156, 258.6669921875, 1.0], [132.68130493164062, 231.26620483398438, 1.0], [137.43344116210938, 201.08985900878906, 1.0]], "is_left": 0}