{"hand_pts": [[134.51547241210938, 246.68008422851562, 1.0], [111.98017883300781, 227.59352111816406, 1.0], [70.39990997314453, 214.46934509277344, 1.0], [95.22461700439453, 211.32972717285156, 1.0], [144.40115356445312, 218.56802368164062, 1.0], [132.6298370361328, 142.6236572265625, 1.0], [154.19740295410156, 145.6294708251953, 1.0], [157.9337615966797, 182.7779998779297, 1.0], [150.695556640625, 207.23568725585938, 1.0], [172.87733459472656, 139.9397735595703, 1.0], [209.8340301513672, 151.52908325195312, 1.0], [202.1541290283203, 194.5713653564453, 1.0], [176.35223388671875, 217.9129638671875, 1.0], [205.30686950683594, 144.5955810546875, 1.0], [250.45709228515625, 149.48553466796875, 1.0], [236.6393585205078, 187.72994995117188, 1.0], [206.37741088867188, 205.12368774414062, 1.0], [233.08749389648438, 157.22930908203125, 1.0], [272.99200439453125, 164.63778686523438, 1.0], [261.5462951660156, 194.58802795410156, 1.0], [226.1195068359375, 204.2478485107422, 1.0]], "is_left": 0}