{"hand_pts": [[130.06015014648438, 96.907470703125, 1.0], [118.27574920654297, 160.25352478027344, 1.0], [96.11748504638672, 214.86485290527344, 1.0], [82.31922912597656, 255.78004455566406, 1.0], [72.70349884033203, 289.16497802734375, 1.0], [205.08309936523438, 192.1105499267578, 1.0], [220.03378295898438, 226.13217163085938, 1.0], [206.9246063232422, 244.65545654296875, 1.0], [161.5688934326172, 247.3517303466797, 1.0], [212.52870178222656, 156.67666625976562, 1.0], [263.9138488769531, 176.87852478027344, 1.0], [233.67367553710938, 197.9993896484375, 1.0], [177.76223754882812, 209.520751953125, 1.0], [208.2865753173828, 128.64781188964844, 1.0], [255.82794189453125, 146.0873260498047, 1.0], [231.00497436523438, 166.44558715820312, 1.0], [202.38563537597656, 186.5465545654297, 1.0], [196.09483337402344, 99.90912628173828, 1.0], [190.4086151123047, 111.64624786376953, 1.0], [177.18182373046875, 122.1571044921875, 1.0], [134.12416076660156, 138.38900756835938, 1.0]], "is_left": 0}