{"hand_pts": [[242.42369079589844, 214.76803588867188, 1.0], [170.1507110595703, 205.0672149658203, 1.0], [102.13304901123047, 213.1511688232422, 1.0], [90.8591537475586, 166.734375, 1.0], [135.7162322998047, 134.28781127929688, 1.0], [160.2041015625, 244.35601806640625, 1.0], [145.88442993164062, 257.8641357421875, 1.0], [135.00975036621094, 254.20126342773438, 1.0], [125.91143798828125, 250.29000854492188, 1.0], [206.14747619628906, 231.48260498046875, 1.0], [174.72921752929688, 236.60877990722656, 1.0], [143.94479370117188, 209.6969451904297, 1.0], [115.26099395751953, 185.61534118652344, 1.0], [240.45396423339844, 214.04039001464844, 1.0], [234.0381317138672, 138.67889404296875, 1.0], [228.38082885742188, 91.86880493164062, 1.0], [219.6751251220703, 49.159427642822266, 1.0], [272.8845520019531, 194.60757446289062, 1.0], [274.29296875, 148.064208984375, 1.0], [255.80250549316406, 122.21759796142578, 1.0], [233.77090454101562, 106.69890594482422, 1.0]], "is_left": 0}