{"hand_pts": [[59.196231842041016, 205.7299041748047, 1.0], [65.38455963134766, 209.9993133544922, 1.0], [60.14350128173828, 210.03440856933594, 1.0], [81.56781005859375, 197.580322265625, 1.0], [110.36598205566406, 182.21279907226562, 1.0], [154.8814697265625, 218.7023162841797, 1.0], [203.73226928710938, 225.97425842285156, 1.0], [230.9515838623047, 223.56468200683594, 1.0], [259.3945617675781, 222.63232421875, 1.0], [169.0673065185547, 199.2420196533203, 1.0], [215.37646484375, 195.48910522460938, 1.0], [226.81051635742188, 185.1925048828125, 1.0], [245.43580627441406, 178.58106994628906, 1.0], [173.53921508789062, 181.2445068359375, 1.0], [226.84970092773438, 171.83538818359375, 1.0], [240.52635192871094, 158.78768920898438, 1.0], [247.8477020263672, 144.5818634033203, 1.0], [169.29527282714844, 164.3771514892578, 1.0], [197.19305419921875, 144.1528778076172, 1.0], [202.05422973632812, 128.00238037109375, 1.0], [196.616943359375, 112.4444351196289, 1.0]], "is_left": 0}