{"hand_pts": [[34.17219543457031, 189.61895751953125, 1.0], [101.71199035644531, 197.1536102294922, 1.0], [139.78871154785156, 229.58148193359375, 1.0], [176.32022094726562, 244.61387634277344, 1.0], [204.10585021972656, 252.8360595703125, 1.0], [156.17575073242188, 136.7960205078125, 1.0], [216.9628143310547, 125.96652221679688, 1.0], [257.46893310546875, 133.3970184326172, 1.0], [271.5174255371094, 167.10928344726562, 1.0], [142.95274353027344, 133.1719970703125, 1.0], [202.94866943359375, 183.65383911132812, 1.0], [208.57611083984375, 225.3045654296875, 1.0], [210.97958374023438, 263.5209655761719, 1.0], [133.0703887939453, 137.46180725097656, 1.0], [194.82830810546875, 133.38055419921875, 1.0], [199.32308959960938, 169.92294311523438, 1.0], [173.5266876220703, 184.26995849609375, 1.0], [118.27619171142578, 147.14129638671875, 1.0], [156.73521423339844, 173.05914306640625, 1.0], [180.30966186523438, 197.0702667236328, 1.0], [192.12245178222656, 229.04808044433594, 1.0]], "is_left": 0}