{"hand_pts": [[290.2835388183594, 82.63858032226562, 1.0], [259.1251525878906, 114.73240661621094, 1.0], [252.43690490722656, 138.04478454589844, 1.0], [225.6176300048828, 137.8701934814453, 1.0], [200.21946716308594, 135.83023071289062, 1.0], [226.36170959472656, 203.14244079589844, 1.0], [198.1711883544922, 265.6778869628906, 1.0], [165.92086791992188, 275.7793884277344, 1.0], [140.6444549560547, 250.13352966308594, 1.0], [218.95872497558594, 189.41812133789062, 1.0], [179.282958984375, 259.18536376953125, 1.0], [146.4375457763672, 287.4496765136719, 1.0], [114.82554626464844, 290.6018981933594, 1.0], [211.7964324951172, 170.6822509765625, 1.0], [153.1160888671875, 189.02078247070312, 1.0], [146.82948303222656, 153.90463256835938, 1.0], [167.22088623046875, 127.04971313476562, 1.0], [208.940185546875, 144.78689575195312, 1.0], [170.5968017578125, 127.68182373046875, 1.0], [151.92184448242188, 105.82757568359375, 1.0], [162.0194854736328, 81.98371124267578, 1.0]], "is_left": 0}