{"hand_pts": [[230.01480102539062, 120.78990173339844, 1.0], [173.84829711914062, 120.4798812866211, 1.0], [117.49208068847656, 120.15254974365234, 1.0], [90.30711364746094, 123.23255157470703, 1.0], [84.14167022705078, 128.08982849121094, 1.0], [166.12794494628906, 191.05419921875, 1.0], [131.83583068847656, 225.04470825195312, 1.0], [110.23277282714844, 243.29762268066406, 1.0], [90.22258758544922, 266.1846923828125, 1.0], [210.2993927001953, 191.43301391601562, 1.0], [180.1836395263672, 213.9833984375, 1.0], [157.3429412841797, 199.4456787109375, 1.0], [135.75567626953125, 176.18145751953125, 1.0], [244.97764587402344, 183.89825439453125, 1.0], [231.9990234375, 210.41281127929688, 1.0], [216.80105590820312, 193.10821533203125, 1.0], [201.5951385498047, 176.2239990234375, 1.0], [277.5916442871094, 169.9935302734375, 1.0], [285.9562683105469, 176.60435485839844, 1.0], [286.76641845703125, 172.51571655273438, 1.0], [279.51678466796875, 159.93328857421875, 1.0]], "is_left": 0}