{"hand_pts": [[57.59151077270508, 224.50807189941406, 1.0], [125.73817443847656, 252.22222900390625, 1.0], [180.5162811279297, 298.3412170410156, 1.0], [218.7066192626953, 298.5946044921875, 1.0], [210.4825439453125, 253.51507568359375, 1.0], [202.1142578125, 240.30328369140625, 1.0], [243.18052673339844, 234.3089599609375, 1.0], [232.51815795898438, 226.5931854248047, 1.0], [197.4580535888672, 220.36680603027344, 1.0], [177.6279754638672, 200.20608520507812, 1.0], [229.6082763671875, 165.71324157714844, 1.0], [231.95962524414062, 154.82737731933594, 1.0], [205.91632080078125, 167.33786010742188, 1.0], [154.787841796875, 167.23956298828125, 1.0], [188.92222595214844, 119.33973693847656, 1.0], [181.44549560546875, 112.9445571899414, 1.0], [162.15415954589844, 129.41395568847656, 1.0], [125.85127258300781, 137.61077880859375, 1.0], [136.28468322753906, 104.0965576171875, 1.0], [132.6685791015625, 95.47432708740234, 1.0], [121.77465057373047, 105.83390808105469, 1.0]], "is_left": 0}