{"hand_pts": [[117.8355941772461, 101.12691497802734, 1.0], [146.87229919433594, 165.0808563232422, 1.0], [168.40895080566406, 221.29379272460938, 1.0], [193.87542724609375, 264.71368408203125, 1.0], [219.88784790039062, 296.539794921875, 1.0], [119.53263092041016, 195.16610717773438, 1.0], [137.71188354492188, 220.812255859375, 1.0], [176.13479614257812, 232.8889923095703, 1.0], [210.00408935546875, 227.87368774414062, 1.0], [122.81100463867188, 162.7541961669922, 1.0], [201.23365783691406, 182.20155334472656, 1.0], [241.56947326660156, 182.28431701660156, 1.0], [279.32354736328125, 182.3877716064453, 1.0], [132.26734924316406, 137.66770935058594, 1.0], [167.9724884033203, 153.2743682861328, 1.0], [200.94461059570312, 162.2801513671875, 1.0], [222.63558959960938, 168.1651611328125, 1.0], [143.08428955078125, 111.79623413085938, 1.0], [164.79425048828125, 116.640869140625, 1.0], [189.94725036621094, 126.42259216308594, 1.0], [213.51776123046875, 144.6200714111328, 1.0]], "is_left": 0}