{"hand_pts": [[236.93222045898438, 216.1524658203125, 1.0], [220.76683044433594, 166.0088348388672, 1.0], [214.5384063720703, 114.67375946044922, 1.0], [215.80320739746094, 119.63387298583984, 1.0], [220.4988555908203, 157.39942932128906, 1.0], [142.63302612304688, 175.45652770996094, 1.0], [85.65656280517578, 158.36590576171875, 1.0], [108.16935729980469, 144.38059997558594, 1.0], [152.30580139160156, 145.6632080078125, 1.0], [153.74623107910156, 209.33905029296875, 1.0], [98.14990234375, 193.50753784179688, 1.0], [118.68206787109375, 166.27964782714844, 1.0], [149.6038055419922, 141.2401123046875, 1.0], [170.32879638671875, 232.92770385742188, 1.0], [186.34848022460938, 216.8640594482422, 1.0], [221.98533630371094, 196.37258911132812, 1.0], [243.16441345214844, 185.31796264648438, 1.0], [192.7862548828125, 253.4522705078125, 1.0], [231.75167846679688, 247.46002197265625, 1.0], [265.564453125, 236.40545654296875, 1.0], [300.7713623046875, 221.9751434326172, 1.0]], "is_left": 0}