{"hand_pts": [[252.35276794433594, 315.150390625, 1.0], [183.9394989013672, 280.4247741699219, 1.0], [113.87062072753906, 269.2374572753906, 1.0], [121.70405578613281, 223.9436798095703, 1.0], [180.5107879638672, 218.9691619873047, 1.0], [137.22964477539062, 226.05197143554688, 1.0], [100.88721466064453, 176.61463928222656, 1.0], [115.01856994628906, 166.45506286621094, 1.0], [144.90196228027344, 177.56307983398438, 1.0], [185.33926391601562, 217.47482299804688, 1.0], [151.76475524902344, 153.45225524902344, 1.0], [160.6449737548828, 151.91282653808594, 1.0], [177.40553283691406, 178.8588104248047, 1.0], [225.3833465576172, 211.1334228515625, 1.0], [212.8303985595703, 147.68138122558594, 1.0], [215.89288330078125, 141.74395751953125, 1.0], [218.21556091308594, 130.74896240234375, 1.0], [265.77801513671875, 210.9454803466797, 1.0], [269.44049072265625, 168.96157836914062, 1.0], [262.12860107421875, 144.74501037597656, 1.0], [248.00071716308594, 148.27857971191406, 1.0]], "is_left": 0}