{"hand_pts": [[110.24716186523438, 69.20625305175781, 1.0], [162.4766845703125, 135.6207733154297, 1.0], [174.00436401367188, 190.3775177001953, 1.0], [226.49514770507812, 225.8521270751953, 1.0], [278.3908386230469, 230.864501953125, 1.0], [125.00593566894531, 191.93885803222656, 1.0], [165.52590942382812, 231.07232666015625, 1.0], [205.97190856933594, 248.39767456054688, 1.0], [253.51463317871094, 254.0400390625, 1.0], [115.80012512207031, 164.74752807617188, 1.0], [115.80537414550781, 206.9830322265625, 1.0], [137.76156616210938, 233.99066162109375, 1.0], [180.3224639892578, 255.71592712402344, 1.0], [117.68402862548828, 141.89736938476562, 1.0], [176.1228485107422, 163.11228942871094, 1.0], [222.42713928222656, 158.56100463867188, 1.0], [265.4025573730469, 153.67967224121094, 1.0], [122.39875793457031, 115.74176025390625, 1.0], [176.09898376464844, 115.56732177734375, 1.0], [214.53932189941406, 114.35968017578125, 1.0], [258.06158447265625, 111.33705139160156, 1.0]], "is_left": 0}