{"hand_pts": [[191.0452880859375, 250.80113220214844, 1.0], [182.75973510742188, 264.2901306152344, 1.0], [187.23831176757812, 300.9145812988281, 1.0], [161.33226013183594, 285.10107421875, 1.0], [132.445556640625, 237.24887084960938, 1.0], [255.52975463867188, 230.2978515625, 1.0], [217.1090087890625, 206.71778869628906, 1.0], [168.14785766601562, 202.24278259277344, 1.0], [139.6164093017578, 210.1939239501953, 1.0], [254.99652099609375, 194.26438903808594, 1.0], [222.518798828125, 146.30886840820312, 1.0], [168.28179931640625, 150.28671264648438, 1.0], [147.09608459472656, 179.3648681640625, 1.0], [245.7498779296875, 166.5868377685547, 1.0], [205.98097229003906, 116.97884368896484, 1.0], [160.3693389892578, 127.08900451660156, 1.0], [154.7388458251953, 160.34475708007812, 1.0], [230.65292358398438, 144.94375610351562, 1.0], [190.4805450439453, 107.4826889038086, 1.0], [154.03933715820312, 117.78819274902344, 1.0], [149.58448791503906, 153.39447021484375, 1.0]], "is_left": 0}