{"hand_pts": [[347.1872253417969, 140.9849090576172, 1.0], [304.92498779296875, 190.12689208984375, 1.0], [276.6878967285156, 234.83309936523438, 1.0], [240.29800415039062, 265.1451416015625, 1.0], [200.31224060058594, 277.7440185546875, 1.0], [227.53456115722656, 180.4417266845703, 1.0], [173.26348876953125, 198.68231201171875, 1.0], [142.0750732421875, 217.3831329345703, 1.0], [115.2372817993164, 235.8762969970703, 1.0], [227.1236114501953, 153.62277221679688, 1.0], [161.2989044189453, 172.84799194335938, 1.0], [127.33258056640625, 196.96807861328125, 1.0], [97.80101776123047, 220.8203582763672, 1.0], [229.82594299316406, 136.25401306152344, 1.0], [166.1894073486328, 143.57601928710938, 1.0], [134.6615753173828, 161.1670379638672, 1.0], [106.91419982910156, 180.8505096435547, 1.0], [239.81214904785156, 121.2319564819336, 1.0], [197.32406616210938, 123.48331451416016, 1.0], [169.8607177734375, 133.2785186767578, 1.0], [146.04051208496094, 152.14080810546875, 1.0]], "is_left": 0}