{"hand_pts": [[288.9055480957031, 300.93597412109375, 1.0], [229.95382690429688, 285.8542175292969, 1.0], [185.34750366210938, 298.19451904296875, 1.0], [135.4441680908203, 296.2477722167969, 1.0], [115.56273651123047, 279.8514709472656, 1.0], [216.34429931640625, 197.7013397216797, 1.0], [196.62155151367188, 141.1583709716797, 1.0], [161.68695068359375, 125.8283462524414, 1.0], [128.79034423828125, 129.62423706054688, 1.0], [232.0607452392578, 186.42140197753906, 1.0], [169.97862243652344, 162.88636779785156, 1.0], [139.945556640625, 192.33963012695312, 1.0], [129.36679077148438, 232.61831665039062, 1.0], [240.4735107421875, 183.66485595703125, 1.0], [209.32217407226562, 126.44710540771484, 1.0], [180.34214782714844, 104.7780532836914, 1.0], [143.7036590576172, 104.98541259765625, 1.0], [249.72276306152344, 189.6114959716797, 1.0], [233.75735473632812, 151.12661743164062, 1.0], [204.49456787109375, 141.31631469726562, 1.0], [186.1614227294922, 168.94937133789062, 1.0]], "is_left": 0}