{"hand_pts": [[203.57110595703125, 0.20698457956314087, 1.0], [155.49197387695312, 69.46463775634766, 1.0], [99.09156036376953, 102.73641967773438, 1.0], [110.85627746582031, 155.51710510253906, 1.0], [144.19747924804688, 197.51434326171875, 1.0], [127.59258270263672, 168.17398071289062, 1.0], [93.84732055664062, 243.02381896972656, 1.0], [113.65347290039062, 253.55130004882812, 1.0], [144.5135040283203, 233.3889617919922, 1.0], [172.0120391845703, 164.87728881835938, 1.0], [171.91510009765625, 224.1512908935547, 1.0], [178.73187255859375, 203.38121032714844, 1.0], [185.34388732910156, 174.272216796875, 1.0], [209.86875915527344, 159.92568969726562, 1.0], [234.55264282226562, 214.0962677001953, 1.0], [243.25054931640625, 186.37828063964844, 1.0], [249.70143127441406, 153.98045349121094, 1.0], [247.04891967773438, 145.68447875976562, 1.0], [268.3195495605469, 200.73892211914062, 1.0], [276.3454284667969, 220.23594665527344, 1.0], [263.7986755371094, 192.3059539794922, 1.0]], "is_left": 0}