{"hand_pts": [[161.80569458007812, 218.09339904785156, 1.0], [128.0777587890625, 185.7974853515625, 1.0], [78.41435241699219, 161.97470092773438, 1.0], [68.01361083984375, 126.4807357788086, 1.0], [62.3061637878418, 92.98385620117188, 1.0], [146.28897094726562, 219.90982055664062, 1.0], [145.25997924804688, 235.9026641845703, 1.0], [146.99343872070312, 242.13702392578125, 1.0], [157.72608947753906, 212.08775329589844, 1.0], [186.8872833251953, 229.35037231445312, 1.0], [200.73507690429688, 241.53733825683594, 1.0], [199.6817169189453, 200.12240600585938, 1.0], [195.78990173339844, 158.94964599609375, 1.0], [217.6644744873047, 230.23193359375, 1.0], [240.76004028320312, 176.78131103515625, 1.0], [246.09930419921875, 139.1808319091797, 1.0], [250.4246368408203, 102.3381118774414, 1.0], [243.58853149414062, 228.04823303222656, 1.0], [261.2603759765625, 188.17428588867188, 1.0], [265.6869812011719, 157.44595336914062, 1.0], [240.59378051757812, 149.36019897460938, 1.0]], "is_left": 0}