{"hand_pts": [[336.0303955078125, 151.85670471191406, 1.0], [277.2876892089844, 140.92514038085938, 1.0], [237.85418701171875, 103.66444396972656, 1.0], [190.86402893066406, 101.6552505493164, 1.0], [163.56845092773438, 136.40625, 1.0], [193.78717041015625, 138.3389129638672, 1.0], [133.1745147705078, 131.76991271972656, 1.0], [102.7815933227539, 150.6055908203125, 1.0], [78.67427062988281, 172.0147705078125, 1.0], [202.7493133544922, 164.7109375, 1.0], [132.3649444580078, 182.0669403076172, 1.0], [129.38211059570312, 196.77137756347656, 1.0], [130.58392333984375, 210.0743408203125, 1.0], [212.49774169921875, 187.77713012695312, 1.0], [182.4988555908203, 240.37457275390625, 1.0], [198.95082092285156, 255.8166961669922, 1.0], [229.961669921875, 248.66030883789062, 1.0], [229.42486572265625, 208.89659118652344, 1.0], [210.42694091796875, 238.1082305908203, 1.0], [214.0518341064453, 249.93115234375, 1.0], [242.2579345703125, 233.12863159179688, 1.0]], "is_left": 0}