{"hand_pts": [[309.8884582519531, 197.27134704589844, 1.0], [249.62550354003906, 236.4806671142578, 1.0], [201.65374755859375, 275.0157165527344, 1.0], [166.32980346679688, 289.6883239746094, 1.0], [149.7880859375, 282.41912841796875, 1.0], [176.93125915527344, 177.39950561523438, 1.0], [128.72708129882812, 179.63058471679688, 1.0], [114.51620483398438, 197.8162078857422, 1.0], [110.2979736328125, 220.00502014160156, 1.0], [205.62411499023438, 148.40689086914062, 1.0], [155.8638916015625, 149.37538146972656, 1.0], [143.38116455078125, 178.64724731445312, 1.0], [140.40675354003906, 213.49632263183594, 1.0], [232.3143310546875, 133.05271911621094, 1.0], [192.6504364013672, 127.96786499023438, 1.0], [185.97021484375, 155.60679626464844, 1.0], [187.22776794433594, 190.88186645507812, 1.0], [263.5933532714844, 124.49040222167969, 1.0], [246.72409057617188, 119.01583099365234, 1.0], [239.22137451171875, 136.6314239501953, 1.0], [235.36917114257812, 169.05238342285156, 1.0]], "is_left": 0,"label":3}