{"hand_pts": [[48.5930061340332, 213.39132690429688, 1.0], [80.30879974365234, 169.65872192382812, 1.0], [92.41651916503906, 131.47874450683594, 1.0], [120.83849334716797, 108.89463806152344, 1.0], [156.12391662597656, 130.33021545410156, 1.0], [124.83085632324219, 184.33544921875, 1.0], [166.8346405029297, 151.04135131835938, 1.0], [195.13844299316406, 125.56814575195312, 1.0], [211.4913330078125, 106.15315246582031, 1.0], [135.74708557128906, 212.03099060058594, 1.0], [204.23040771484375, 190.86959838867188, 1.0], [245.31553649902344, 173.20724487304688, 1.0], [276.3647766113281, 150.00369262695312, 1.0], [144.98562622070312, 230.07518005371094, 1.0], [208.73822021484375, 235.3584442138672, 1.0], [234.5105743408203, 212.57107543945312, 1.0], [261.9166564941406, 191.7593536376953, 1.0], [148.65487670898438, 245.004638671875, 1.0], [193.6982879638672, 251.44992065429688, 1.0], [225.68289184570312, 251.47640991210938, 1.0], [226.32485961914062, 224.34217834472656, 1.0]], "is_left": 0}