{"hand_pts": [[122.5749740600586, 145.46780395507812, 1.0], [111.6567153930664, 124.10209655761719, 1.0], [105.69064331054688, 78.96723937988281, 1.0], [114.75556945800781, 75.44288635253906, 1.0], [130.59368896484375, 96.4532699584961, 1.0], [201.90167236328125, 116.70499420166016, 1.0], [218.22413635253906, 134.2200164794922, 1.0], [188.84072875976562, 162.34901428222656, 1.0], [157.44712829589844, 190.6470184326172, 1.0], [220.11582946777344, 154.4549102783203, 1.0], [210.68324279785156, 184.09378051757812, 1.0], [164.15296936035156, 202.55853271484375, 1.0], [114.82849884033203, 216.121337890625, 1.0], [225.7294921875, 187.39503479003906, 1.0], [233.30648803710938, 227.85009765625, 1.0], [205.06796264648438, 250.77947998046875, 1.0], [163.90858459472656, 266.1424255371094, 1.0], [222.37435913085938, 218.02101135253906, 1.0], [238.7336883544922, 254.7455596923828, 1.0], [225.77389526367188, 276.4186096191406, 1.0], [186.0602569580078, 277.5113220214844, 1.0]], "is_left": 0,"label":1}