{"hand_pts": [[53.699893951416016, 259.0361633300781, 1.0], [88.8193588256836, 198.7039031982422, 1.0], [110.07534790039062, 149.3785400390625, 1.0], [132.35702514648438, 106.23006439208984, 1.0], [151.55120849609375, 72.56908416748047, 1.0], [186.7458038330078, 195.1470184326172, 1.0], [250.62811279296875, 172.2861328125, 1.0], [274.9544677734375, 148.15252685546875, 1.0], [272.3934631347656, 127.90375518798828, 1.0], [187.6787567138672, 225.69680786132812, 1.0], [192.45419311523438, 167.0738983154297, 1.0], [144.8691864013672, 163.43438720703125, 1.0], [122.38335418701172, 190.74978637695312, 1.0], [182.4631805419922, 246.3177032470703, 1.0], [230.3551025390625, 216.44174194335938, 1.0], [244.60826110839844, 193.103271484375, 1.0], [256.1575622558594, 169.70989990234375, 1.0], [168.3419189453125, 265.469970703125, 1.0], [172.03955078125, 249.2875518798828, 1.0], [155.5880126953125, 232.7850341796875, 1.0], [127.1600570678711, 214.6897735595703, 1.0]], "is_left": 0}