{"hand_pts": [[126.5663070678711, 344.7987060546875, 1.0], [187.1073455810547, 300.93377685546875, 1.0], [245.99227905273438, 279.8978271484375, 1.0], [281.6026611328125, 242.20608520507812, 1.0], [292.6678161621094, 199.14617919921875, 1.0], [186.36758422851562, 231.84873962402344, 1.0], [208.50828552246094, 180.4499969482422, 1.0], [223.94859313964844, 145.4141387939453, 1.0], [238.53085327148438, 111.8812026977539, 1.0], [148.12867736816406, 226.73997497558594, 1.0], [174.896240234375, 161.57095336914062, 1.0], [201.96994018554688, 129.95999145507812, 1.0], [227.87350463867188, 104.67823791503906, 1.0], [119.96649932861328, 224.058837890625, 1.0], [141.97906494140625, 157.96234130859375, 1.0], [164.9264678955078, 134.40017700195312, 1.0], [188.29368591308594, 116.2141342163086, 1.0], [93.6714096069336, 228.4723358154297, 1.0], [100.03355407714844, 182.63125610351562, 1.0], [117.97930908203125, 162.5270538330078, 1.0], [142.99871826171875, 153.88380432128906, 1.0]], "is_left": 0}