{"hand_pts": [[230.42953491210938, 41.457916259765625, 1.0], [184.58106994628906, 86.38874816894531, 1.0], [145.0349578857422, 105.36087799072266, 1.0], [106.53058624267578, 121.56505584716797, 1.0], [73.58145141601562, 135.2490692138672, 1.0], [206.37208557128906, 173.96267700195312, 1.0], [180.19371032714844, 226.5161590576172, 1.0], [158.15927124023438, 256.1543273925781, 1.0], [139.82720947265625, 286.61090087890625, 1.0], [227.61695861816406, 169.80282592773438, 1.0], [209.2143096923828, 232.29893493652344, 1.0], [171.41876220703125, 224.60153198242188, 1.0], [149.85006713867188, 189.5431671142578, 1.0], [239.2308807373047, 162.03564453125, 1.0], [237.4269256591797, 229.82107543945312, 1.0], [203.5286865234375, 217.74981689453125, 1.0], [171.26329040527344, 202.74891662597656, 1.0], [248.08294677734375, 146.28138732910156, 1.0], [234.4522247314453, 181.54129028320312, 1.0], [205.889892578125, 169.12686157226562, 1.0], [195.44088745117188, 140.73504638671875, 1.0]], "is_left": 0}