{"hand_pts": [[112.87838745117188, 242.08445739746094, 1.0], [130.30667114257812, 176.49533081054688, 1.0], [131.16641235351562, 112.69224548339844, 1.0], [173.9792022705078, 101.70867156982422, 1.0], [213.0674285888672, 128.60765075683594, 1.0], [76.32110595703125, 174.16822814941406, 1.0], [142.5801544189453, 132.74502563476562, 1.0], [198.29368591308594, 124.0654525756836, 1.0], [219.16650390625, 136.12489318847656, 1.0], [92.45458984375, 215.56094360351562, 1.0], [176.43423461914062, 170.85279846191406, 1.0], [225.3739776611328, 153.87855529785156, 1.0], [223.8779754638672, 158.8999481201172, 1.0], [115.34590148925781, 245.10354614257812, 1.0], [214.38035583496094, 218.7040557861328, 1.0], [249.013916015625, 205.7627716064453, 1.0], [236.6028289794922, 203.38914489746094, 1.0], [140.70196533203125, 271.98126220703125, 1.0], [187.39401245117188, 276.118896484375, 1.0], [234.92022705078125, 258.4046936035156, 1.0], [263.9547424316406, 229.16082763671875, 1.0]], "is_left": 0}