{"hand_pts": [[324.4920959472656, 148.18959045410156, 1.0], [284.9339294433594, 189.9595184326172, 1.0], [261.3022766113281, 230.19863891601562, 1.0], [225.39022827148438, 256.453857421875, 1.0], [186.52383422851562, 271.7506103515625, 1.0], [214.44369506835938, 179.3590087890625, 1.0], [174.28627014160156, 211.55322265625, 1.0], [157.7451934814453, 232.6767120361328, 1.0], [141.97573852539062, 252.0569305419922, 1.0], [213.20176696777344, 152.74703979492188, 1.0], [150.44094848632812, 146.32846069335938, 1.0], [108.89493560791016, 148.19969177246094, 1.0], [78.67606353759766, 167.094970703125, 1.0], [214.57301330566406, 135.1485137939453, 1.0], [168.24085998535156, 161.88490295410156, 1.0], [171.60972595214844, 182.83116149902344, 1.0], [183.2667236328125, 201.85910034179688, 1.0], [222.77023315429688, 120.34734344482422, 1.0], [181.43544006347656, 126.3944320678711, 1.0], [174.69265747070312, 147.28916931152344, 1.0], [184.8899688720703, 168.93222045898438, 1.0]], "is_left": 0}