{"hand_pts": [[67.99942779541016, 316.9172668457031, 1.0], [141.12057495117188, 293.2009582519531, 1.0], [204.07119750976562, 289.85858154296875, 1.0], [245.9820098876953, 257.2054138183594, 1.0], [247.70574951171875, 217.7008819580078, 1.0], [171.44708251953125, 210.4000244140625, 1.0], [225.9020233154297, 171.69297790527344, 1.0], [253.70925903320312, 164.0333709716797, 1.0], [265.7707824707031, 173.13909912109375, 1.0], [137.53573608398438, 197.05931091308594, 1.0], [192.69163513183594, 143.90164184570312, 1.0], [223.50013732910156, 142.1846466064453, 1.0], [236.7816619873047, 166.65814208984375, 1.0], [112.32395935058594, 190.6312713623047, 1.0], [153.42662048339844, 134.1466064453125, 1.0], [178.4735870361328, 132.37252807617188, 1.0], [197.28152465820312, 148.2798309326172, 1.0], [86.17444610595703, 192.86546325683594, 1.0], [107.37635803222656, 154.5941162109375, 1.0], [130.00567626953125, 154.56732177734375, 1.0], [147.5915985107422, 178.53883361816406, 1.0]], "is_left": 0}