{"hand_pts": [[201.1439666748047, 246.88414001464844, 1.0], [158.029052734375, 240.7234344482422, 1.0], [102.62042236328125, 234.7628936767578, 1.0], [68.32359313964844, 233.90835571289062, 1.0], [96.49420928955078, 243.1508331298828, 1.0], [147.67190551757812, 163.0550537109375, 1.0], [126.52550506591797, 160.51214599609375, 1.0], [133.85504150390625, 193.82882690429688, 1.0], [146.4237060546875, 228.02581787109375, 1.0], [187.58413696289062, 158.39617919921875, 1.0], [182.408447265625, 101.74603271484375, 1.0], [183.98150634765625, 130.30909729003906, 1.0], [185.17050170898438, 166.70578002929688, 1.0], [219.80860900878906, 161.7207489013672, 1.0], [239.3732147216797, 172.7591552734375, 1.0], [236.8325958251953, 209.10421752929688, 1.0], [232.50860595703125, 243.16397094726562, 1.0], [249.9551544189453, 171.978271484375, 1.0], [272.2445983886719, 149.32264709472656, 1.0], [271.8699645996094, 158.08416748046875, 1.0], [256.2455749511719, 181.56149291992188, 1.0]], "is_left": 0}