{"hand_pts": [[280.7737121582031, 128.32830810546875, 1.0], [218.92991638183594, 132.35983276367188, 1.0], [176.44107055664062, 107.54153442382812, 1.0], [135.5891876220703, 135.87274169921875, 1.0], [110.91565704345703, 187.4261016845703, 1.0], [200.90330505371094, 108.31488800048828, 1.0], [151.67330932617188, 146.2960205078125, 1.0], [121.22869110107422, 178.16836547851562, 1.0], [117.38967895507812, 206.63645935058594, 1.0], [223.74649047851562, 131.50848388671875, 1.0], [199.67990112304688, 147.89144897460938, 1.0], [170.43389892578125, 189.0262451171875, 1.0], [156.89666748046875, 214.28457641601562, 1.0], [239.83213806152344, 156.21188354492188, 1.0], [219.08006286621094, 176.64781188964844, 1.0], [195.6975555419922, 211.03614807128906, 1.0], [170.53042602539062, 247.98965454101562, 1.0], [257.0872497558594, 181.5581817626953, 1.0], [231.60549926757812, 235.2187957763672, 1.0], [215.40870666503906, 268.6360778808594, 1.0], [195.83676147460938, 305.24188232421875, 1.0]], "is_left": 0}