{"hand_pts": [[278.1170349121094, 238.46841430664062, 1.0], [203.17245483398438, 261.2023620605469, 1.0], [139.99151611328125, 283.86383056640625, 1.0], [130.4705047607422, 249.7732391357422, 1.0], [154.4640655517578, 205.44863891601562, 1.0], [219.5450897216797, 232.28622436523438, 1.0], [173.3763885498047, 204.75653076171875, 1.0], [125.19404602050781, 188.8905792236328, 1.0], [86.82263946533203, 170.957275390625, 1.0], [243.81094360351562, 195.72671508789062, 1.0], [236.19923400878906, 188.47735595703125, 1.0], [175.86532592773438, 187.36532592773438, 1.0], [112.41345977783203, 189.65098571777344, 1.0], [254.45384216308594, 168.43667602539062, 1.0], [254.14553833007812, 127.81301879882812, 1.0], [195.8850860595703, 124.36980438232422, 1.0], [161.82899475097656, 148.68226623535156, 1.0], [262.82958984375, 146.94337463378906, 1.0], [211.91073608398438, 120.07411193847656, 1.0], [175.48098754882812, 138.06289672851562, 1.0], [144.22499084472656, 161.63401794433594, 1.0]], "is_left": 0}