{"hand_pts": [[77.03669738769531, 301.3150634765625, 1.0], [102.48137664794922, 242.68209838867188, 1.0], [93.70359802246094, 190.6189727783203, 1.0], [141.86627197265625, 173.6812286376953, 1.0], [187.78346252441406, 164.19659423828125, 1.0], [128.60804748535156, 178.87942504882812, 1.0], [179.95401000976562, 153.69366455078125, 1.0], [198.8138885498047, 167.29794311523438, 1.0], [194.53245544433594, 197.03025817871094, 1.0], [144.2456817626953, 203.2529754638672, 1.0], [171.4849395751953, 148.01486206054688, 1.0], [197.86558532714844, 112.33244323730469, 1.0], [220.44650268554688, 78.88114929199219, 1.0], [158.9844970703125, 225.27745056152344, 1.0], [201.14480590820312, 171.7413330078125, 1.0], [228.18585205078125, 162.65452575683594, 1.0], [254.3979034423828, 153.5177001953125, 1.0], [169.5145263671875, 251.62989807128906, 1.0], [217.40533447265625, 240.78683471679688, 1.0], [250.5354766845703, 234.1258087158203, 1.0], [247.16741943359375, 234.85421752929688, 1.0]], "is_left": 0}