{"hand_pts": [[112.08072662353516, 80.60724639892578, 1.0], [94.03990173339844, 114.58998107910156, 1.0], [69.60501098632812, 136.76953125, 1.0], [113.74834442138672, 173.82350158691406, 1.0], [152.10549926757812, 171.64801025390625, 1.0], [138.31689453125, 224.2888641357422, 1.0], [171.6181640625, 279.81658935546875, 1.0], [179.7769012451172, 255.1594696044922, 1.0], [185.32443237304688, 224.37550354003906, 1.0], [175.49795532226562, 219.55319213867188, 1.0], [186.52291870117188, 211.9345703125, 1.0], [162.09136962890625, 157.98037719726562, 1.0], [135.8875274658203, 112.33332824707031, 1.0], [202.6171417236328, 207.89500427246094, 1.0], [242.77059936523438, 195.78968811035156, 1.0], [232.6472930908203, 151.37432861328125, 1.0], [208.49282836914062, 105.89973449707031, 1.0], [222.98973083496094, 186.9300994873047, 1.0], [258.8378601074219, 191.40377807617188, 1.0], [271.0370178222656, 179.16757202148438, 1.0], [242.39498901367188, 146.79698181152344, 1.0]], "is_left": 0}