{"hand_pts": [[317.65203857421875, 176.73037719726562, 1.0], [268.5145263671875, 142.9298858642578, 1.0], [251.14230346679688, 103.04808807373047, 1.0], [211.05030822753906, 74.76846313476562, 1.0], [160.9559783935547, 64.7647705078125, 1.0], [235.47027587890625, 181.04364013671875, 1.0], [167.60186767578125, 171.7581024169922, 1.0], [124.43279266357422, 163.4957275390625, 1.0], [81.9100112915039, 158.0724639892578, 1.0], [232.70416259765625, 211.71612548828125, 1.0], [185.1736602783203, 219.24655151367188, 1.0], [143.59902954101562, 211.67156982421875, 1.0], [101.389404296875, 197.51722717285156, 1.0], [227.5758056640625, 231.7823486328125, 1.0], [151.40390014648438, 223.2473602294922, 1.0], [165.56651306152344, 199.8814697265625, 1.0], [208.61685180664062, 197.13890075683594, 1.0], [226.43161010742188, 246.66725158691406, 1.0], [174.1466827392578, 249.42251586914062, 1.0], [152.1441192626953, 227.1364288330078, 1.0], [166.91419982910156, 201.29771423339844, 1.0]], "is_left": 0}