{"hand_pts": [[215.09213256835938, 75.98633575439453, 1.0], [160.82350158691406, 94.44210815429688, 1.0], [113.22754669189453, 113.32636260986328, 1.0], [122.26155853271484, 149.10623168945312, 1.0], [144.02232360839844, 178.31307983398438, 1.0], [168.2563934326172, 180.0349578857422, 1.0], [149.17123413085938, 215.50144958496094, 1.0], [133.5360565185547, 219.78587341308594, 1.0], [121.22566986083984, 197.97230529785156, 1.0], [203.9727020263672, 183.0177764892578, 1.0], [200.95083618164062, 244.8140106201172, 1.0], [186.18170166015625, 266.8360290527344, 1.0], [174.2639923095703, 290.8321228027344, 1.0], [229.19476318359375, 179.0023193359375, 1.0], [201.6360626220703, 167.40223693847656, 1.0], [188.35389709472656, 128.875244140625, 1.0], [176.08761596679688, 91.38087463378906, 1.0], [251.64161682128906, 167.1834716796875, 1.0], [254.80027770996094, 187.48187255859375, 1.0], [251.89718627929688, 195.9300537109375, 1.0], [234.179443359375, 188.9031219482422, 1.0]], "is_left": 0}