{"hand_pts": [[315.3814697265625, 245.3616943359375, 1.0], [269.7225341796875, 198.8000030517578, 1.0], [246.6844024658203, 164.70472717285156, 1.0], [232.06980895996094, 124.38097381591797, 1.0], [237.89566040039062, 118.771484375, 1.0], [181.04855346679688, 214.86668395996094, 1.0], [125.76957702636719, 200.77590942382812, 1.0], [96.5092544555664, 182.32472229003906, 1.0], [67.20842742919922, 166.69284057617188, 1.0], [187.78924560546875, 230.0970001220703, 1.0], [127.75240325927734, 193.39697265625, 1.0], [153.3694305419922, 157.0187225341797, 1.0], [175.867919921875, 121.62935638427734, 1.0], [198.2251434326172, 236.79299926757812, 1.0], [152.6392059326172, 204.26690673828125, 1.0], [140.62420654296875, 171.639892578125, 1.0], [125.90365600585938, 141.58132934570312, 1.0], [216.8183135986328, 241.7877197265625, 1.0], [221.55404663085938, 211.15843200683594, 1.0], [248.1715545654297, 196.81787109375, 1.0], [274.5929260253906, 183.08724975585938, 1.0]], "is_left": 0}