{"hand_pts": [[39.11164093017578, 231.8651885986328, 1.0], [71.591064453125, 185.97264099121094, 1.0], [72.69371032714844, 158.67315673828125, 1.0], [120.16252899169922, 135.64794921875, 1.0], [166.71383666992188, 125.65596771240234, 1.0], [139.3992919921875, 200.20101928710938, 1.0], [191.86114501953125, 163.5311279296875, 1.0], [191.1583709716797, 142.6521453857422, 1.0], [177.4813232421875, 131.70327758789062, 1.0], [154.4353790283203, 221.93247985839844, 1.0], [229.15220642089844, 198.07254028320312, 1.0], [250.83766174316406, 167.9595184326172, 1.0], [264.0147399902344, 139.59017944335938, 1.0], [164.8415069580078, 234.35081481933594, 1.0], [237.12466430664062, 220.6670684814453, 1.0], [253.6949462890625, 192.80300903320312, 1.0], [220.94149780273438, 180.71017456054688, 1.0], [167.51724243164062, 244.3572540283203, 1.0], [201.3902130126953, 225.40960693359375, 1.0], [212.3789520263672, 207.9172821044922, 1.0], [180.77841186523438, 198.14027404785156, 1.0]], "is_left": 0}