{"hand_pts": [[27.396997451782227, 229.54714965820312, 1.0], [95.12590789794922, 248.59803771972656, 1.0], [135.99362182617188, 281.6829833984375, 1.0], [190.13232421875, 275.0518798828125, 1.0], [195.8176727294922, 235.639892578125, 1.0], [155.04989624023438, 212.4119415283203, 1.0], [219.0125274658203, 208.13302612304688, 1.0], [252.17239379882812, 206.25169372558594, 1.0], [265.5603942871094, 204.8962860107422, 1.0], [141.3474884033203, 180.77403259277344, 1.0], [199.64920043945312, 170.8602294921875, 1.0], [228.27159118652344, 171.4386749267578, 1.0], [211.01425170898438, 192.38720703125, 1.0], [130.86056518554688, 157.78106689453125, 1.0], [193.58151245117188, 148.93128967285156, 1.0], [212.8972625732422, 156.70094299316406, 1.0], [213.28475952148438, 174.2566680908203, 1.0], [115.16187286376953, 140.21678161621094, 1.0], [143.47804260253906, 116.51829528808594, 1.0], [159.20108032226562, 107.52088928222656, 1.0], [173.0388641357422, 106.07901000976562, 1.0]], "is_left": 0}