{"hand_pts": [[327.5933532714844, 104.63292694091797, 1.0], [253.457763671875, 107.04524230957031, 1.0], [194.1200408935547, 94.35680389404297, 1.0], [139.0170440673828, 108.77531433105469, 1.0], [91.45294189453125, 128.17532348632812, 1.0], [165.90562438964844, 154.36798095703125, 1.0], [120.0717544555664, 167.51190185546875, 1.0], [137.81683349609375, 161.3773193359375, 1.0], [149.91806030273438, 158.09686279296875, 1.0], [189.6111297607422, 178.17755126953125, 1.0], [150.55770874023438, 215.40792846679688, 1.0], [156.1667938232422, 217.22561645507812, 1.0], [169.04275512695312, 212.69725036621094, 1.0], [211.93795776367188, 195.60740661621094, 1.0], [202.9176025390625, 229.68359375, 1.0], [216.31007385253906, 233.9872283935547, 1.0], [244.91493225097656, 215.6234588623047, 1.0], [241.090087890625, 207.3060302734375, 1.0], [217.15423583984375, 241.0379638671875, 1.0], [224.4465789794922, 228.22059631347656, 1.0], [231.2405548095703, 212.79730224609375, 1.0]], "is_left": 0}