{"hand_pts": [[91.25331115722656, 282.1477966308594, 1.0], [154.77957153320312, 273.0003967285156, 1.0], [206.978759765625, 285.825927734375, 1.0], [237.68406677246094, 261.3245849609375, 1.0], [215.86663818359375, 221.6185302734375, 1.0], [196.10498046875, 217.70404052734375, 1.0], [233.96902465820312, 211.0232391357422, 1.0], [224.49203491210938, 226.66177368164062, 1.0], [192.7179718017578, 242.37425231933594, 1.0], [165.14625549316406, 194.86663818359375, 1.0], [197.35694885253906, 160.15072631835938, 1.0], [197.20135498046875, 171.75775146484375, 1.0], [193.99143981933594, 187.33746337890625, 1.0], [140.0288543701172, 178.56626892089844, 1.0], [171.14041137695312, 123.81803131103516, 1.0], [191.7771759033203, 94.2453842163086, 1.0], [212.7410125732422, 77.51020050048828, 1.0], [112.85775756835938, 169.0936737060547, 1.0], [130.0878448486328, 132.03334045410156, 1.0], [143.72592163085938, 119.97726440429688, 1.0], [144.860595703125, 148.125, 1.0]], "is_left": 0}