{"hand_pts": [[191.40919494628906, 153.87347412109375, 1.0], [158.1310272216797, 196.3751220703125, 1.0], [117.91985321044922, 240.3303985595703, 1.0], [90.21163177490234, 251.32870483398438, 1.0], [94.2172622680664, 224.01873779296875, 1.0], [233.36288452148438, 226.5226287841797, 1.0], [200.86595153808594, 238.80918884277344, 1.0], [156.07492065429688, 229.1265106201172, 1.0], [117.31771850585938, 210.49742126464844, 1.0], [258.617919921875, 193.91883850097656, 1.0], [220.55116271972656, 190.6743927001953, 1.0], [163.9366912841797, 180.68202209472656, 1.0], [120.748291015625, 173.06275939941406, 1.0], [269.31707763671875, 165.96250915527344, 1.0], [245.86814880371094, 159.89669799804688, 1.0], [195.30841064453125, 153.0561981201172, 1.0], [154.99383544921875, 151.30599975585938, 1.0], [271.8155212402344, 137.59165954589844, 1.0], [254.6881866455078, 118.05602264404297, 1.0], [213.69827270507812, 112.31442260742188, 1.0], [178.15191650390625, 121.91236877441406, 1.0]], "is_left": 0}