{"hand_pts": [[44.181915283203125, 141.1715545654297, 1.0], [103.73085021972656, 180.80616760253906, 1.0], [129.53591918945312, 233.247314453125, 1.0], [180.3151092529297, 223.25299072265625, 1.0], [221.05528259277344, 201.48353576660156, 1.0], [135.37921142578125, 233.03524780273438, 1.0], [200.14852905273438, 240.1075897216797, 1.0], [235.29173278808594, 220.83912658691406, 1.0], [261.8814697265625, 196.1880340576172, 1.0], [128.1053466796875, 204.1474151611328, 1.0], [205.1837921142578, 207.01870727539062, 1.0], [244.85496520996094, 190.91140747070312, 1.0], [272.94451904296875, 172.07557678222656, 1.0], [125.44341278076172, 177.0614471435547, 1.0], [195.5045166015625, 175.27174377441406, 1.0], [226.95587158203125, 158.6317138671875, 1.0], [210.25143432617188, 149.15560913085938, 1.0], [119.64025115966797, 147.5364990234375, 1.0], [163.3040008544922, 121.46870422363281, 1.0], [164.02566528320312, 113.58456420898438, 1.0], [148.1194305419922, 118.14749908447266, 1.0]], "is_left": 0}