{"hand_pts": [[51.94877624511719, 153.3335723876953, 1.0], [121.74128723144531, 203.98046875, 1.0], [171.2307891845703, 251.94984436035156, 1.0], [214.4667205810547, 276.65447998046875, 1.0], [219.22914123535156, 249.9095916748047, 1.0], [134.48104858398438, 230.57594299316406, 1.0], [201.3094482421875, 237.54331970214844, 1.0], [243.1207733154297, 230.9907684326172, 1.0], [245.42031860351562, 213.06707763671875, 1.0], [118.44100189208984, 191.6736602783203, 1.0], [171.9806671142578, 199.48695373535156, 1.0], [218.98887634277344, 201.4449920654297, 1.0], [263.9319763183594, 200.40231323242188, 1.0], [110.71720886230469, 159.0464630126953, 1.0], [188.14517211914062, 152.19773864746094, 1.0], [217.38424682617188, 146.3893585205078, 1.0], [211.12835693359375, 145.8716278076172, 1.0], [101.9550552368164, 126.48995971679688, 1.0], [141.4684600830078, 97.50993347167969, 1.0], [168.7061309814453, 78.36637878417969, 1.0], [179.80487060546875, 79.80628967285156, 1.0]], "is_left": 0,"label":3}