{"hand_pts": [[191.19537353515625, 214.0819854736328, 1.0], [233.1190643310547, 151.61300659179688, 1.0], [282.7051696777344, 102.75752258300781, 1.0], [254.3925018310547, 116.65847778320312, 1.0], [210.2675323486328, 147.96478271484375, 1.0], [258.76190185546875, 198.13595581054688, 1.0], [237.8968505859375, 169.0268096923828, 1.0], [206.309326171875, 130.406494140625, 1.0], [198.07701110839844, 124.79473114013672, 1.0], [209.63363647460938, 230.43148803710938, 1.0], [164.98512268066406, 150.32017517089844, 1.0], [162.05612182617188, 129.3501434326172, 1.0], [185.74595642089844, 157.45159912109375, 1.0], [167.05599975585938, 247.42625427246094, 1.0], [172.48056030273438, 249.35348510742188, 1.0], [170.19517517089844, 233.43064880371094, 1.0], [165.22805786132812, 205.61766052246094, 1.0], [126.00936126708984, 258.92364501953125, 1.0], [97.53763580322266, 265.4302673339844, 1.0], [92.05989074707031, 223.16993713378906, 1.0], [93.41332244873047, 176.0886993408203, 1.0]], "is_left": 0}