{"hand_pts": [[74.39383697509766, 256.579833984375, 1.0], [86.5783920288086, 256.12310791015625, 1.0], [94.58979034423828, 282.6634826660156, 1.0], [110.22146606445312, 274.5513916015625, 1.0], [125.28082275390625, 226.7958526611328, 1.0], [191.2216796875, 244.247314453125, 1.0], [200.28770446777344, 209.91139221191406, 1.0], [177.86268615722656, 184.12440490722656, 1.0], [150.31991577148438, 159.22862243652344, 1.0], [201.28053283691406, 216.3861083984375, 1.0], [267.2620849609375, 181.18130493164062, 1.0], [259.4136962890625, 151.2986297607422, 1.0], [210.96481323242188, 142.99090576171875, 1.0], [200.84323120117188, 192.15455627441406, 1.0], [260.68829345703125, 148.8135223388672, 1.0], [259.83782958984375, 119.83370208740234, 1.0], [239.32371520996094, 97.92630767822266, 1.0], [190.42483520507812, 171.69964599609375, 1.0], [176.059814453125, 130.99795532226562, 1.0], [136.83103942871094, 135.61900329589844, 1.0], [98.6744155883789, 153.50128173828125, 1.0]], "is_left": 0,"label":5}