{"hand_pts": [[330.1891784667969, 204.7303466796875, 1.0], [267.2424621582031, 231.51123046875, 1.0], [216.19276428222656, 260.2042236328125, 1.0], [170.95150756835938, 269.3482666015625, 1.0], [147.24972534179688, 255.38934326171875, 1.0], [191.9292449951172, 189.61849975585938, 1.0], [135.08567810058594, 176.890869140625, 1.0], [114.70345306396484, 182.51344299316406, 1.0], [104.50142669677734, 191.17266845703125, 1.0], [213.4488067626953, 165.17056274414062, 1.0], [162.65101623535156, 170.567138671875, 1.0], [156.05198669433594, 193.74000549316406, 1.0], [159.9642791748047, 219.312255859375, 1.0], [233.72845458984375, 150.49598693847656, 1.0], [186.20082092285156, 135.6611328125, 1.0], [170.3146209716797, 146.40618896484375, 1.0], [170.69749450683594, 170.9053192138672, 1.0], [259.5938720703125, 140.93467712402344, 1.0], [227.64547729492188, 129.70594787597656, 1.0], [212.84432983398438, 143.1026153564453, 1.0], [211.93226623535156, 169.74745178222656, 1.0]], "is_left": 0}