{"hand_pts": [[135.03842163085938, 117.9541015625, 1.0], [164.41152954101562, 175.18202209472656, 1.0], [206.08973693847656, 222.48101806640625, 1.0], [208.0020294189453, 262.309326171875, 1.0], [194.9359588623047, 290.47906494140625, 1.0], [234.77682495117188, 153.76962280273438, 1.0], [217.9188232421875, 210.9619903564453, 1.0], [184.31716918945312, 246.0620880126953, 1.0], [147.49755859375, 274.50006103515625, 1.0], [210.1388702392578, 122.54448699951172, 1.0], [223.46270751953125, 166.6156768798828, 1.0], [203.36961364746094, 212.08140563964844, 1.0], [183.50059509277344, 254.96630859375, 1.0], [183.60157775878906, 103.73577880859375, 1.0], [177.61817932128906, 155.1757049560547, 1.0], [148.77684020996094, 194.96173095703125, 1.0], [127.06067657470703, 205.5558319091797, 1.0], [152.84503173828125, 88.66985321044922, 1.0], [158.4438934326172, 102.65951538085938, 1.0], [160.0188751220703, 116.00080108642578, 1.0], [160.2801971435547, 136.95643615722656, 1.0]], "is_left": 0}