{"hand_pts": [[36.86673355102539, 208.6925506591797, 1.0], [114.61356353759766, 219.77899169921875, 1.0], [165.03062438964844, 239.9456329345703, 1.0], [204.4217987060547, 216.87283325195312, 1.0], [181.4852294921875, 190.6634521484375, 1.0], [164.76052856445312, 221.7735137939453, 1.0], [212.56141662597656, 220.8873291015625, 1.0], [250.25437927246094, 210.75550842285156, 1.0], [265.9911193847656, 196.18038940429688, 1.0], [144.9539031982422, 201.84848022460938, 1.0], [207.86312866210938, 181.1187286376953, 1.0], [226.93455505371094, 172.3628692626953, 1.0], [229.4016876220703, 170.22879028320312, 1.0], [130.59695434570312, 184.54364013671875, 1.0], [203.01177978515625, 169.31784057617188, 1.0], [198.21311950683594, 168.16917419433594, 1.0], [185.2567596435547, 169.29400634765625, 1.0], [112.23517608642578, 168.47174072265625, 1.0], [137.04592895507812, 142.0377197265625, 1.0], [151.8408203125, 125.49451446533203, 1.0], [147.1265869140625, 131.58258056640625, 1.0]], "is_left": 0}