{"hand_pts": [[162.7982177734375, 262.0444030761719, 1.0], [123.91788482666016, 201.8575897216797, 1.0], [98.48915100097656, 139.13507080078125, 1.0], [88.52640533447266, 90.28003692626953, 1.0], [124.07254791259766, 101.88973236083984, 1.0], [192.8880615234375, 140.73110961914062, 1.0], [214.70712280273438, 103.51181030273438, 1.0], [202.1112060546875, 101.34856414794922, 1.0], [199.9913787841797, 93.20222473144531, 1.0], [221.42654418945312, 178.6549072265625, 1.0], [168.49722290039062, 205.14500427246094, 1.0], [124.0357894897461, 233.16575622558594, 1.0], [107.91667175292969, 244.24020385742188, 1.0], [235.51449584960938, 212.50331115722656, 1.0], [235.6507568359375, 222.97850036621094, 1.0], [215.4580535888672, 235.31309509277344, 1.0], [171.46932983398438, 247.38624572753906, 1.0], [242.25282287597656, 248.97503662109375, 1.0], [262.0413513183594, 240.364990234375, 1.0], [241.82540893554688, 235.36886596679688, 1.0], [204.53460693359375, 236.69937133789062, 1.0]], "is_left": 0}