{"hand_pts": [[213.15481567382812, 308.69195556640625, 1.0], [158.7531280517578, 273.6023254394531, 1.0], [103.962158203125, 247.885986328125, 1.0], [74.87859344482422, 216.6143798828125, 1.0], [62.077213287353516, 186.2519073486328, 1.0], [172.22520446777344, 211.5107421875, 1.0], [155.1283416748047, 166.25576782226562, 1.0], [142.4635467529297, 138.18362426757812, 1.0], [131.8474578857422, 110.82907104492188, 1.0], [211.39947509765625, 217.0321807861328, 1.0], [197.79257202148438, 165.07827758789062, 1.0], [180.67286682128906, 137.24659729003906, 1.0], [162.8022003173828, 112.802001953125, 1.0], [238.41831970214844, 224.0853271484375, 1.0], [235.68223571777344, 176.0185546875, 1.0], [219.8751983642578, 156.07363891601562, 1.0], [199.9051971435547, 141.89730834960938, 1.0], [261.3660888671875, 236.26800537109375, 1.0], [265.25762939453125, 206.13087463378906, 1.0], [255.6951141357422, 188.71994018554688, 1.0], [238.03726196289062, 173.72547912597656, 1.0]], "is_left": 0}