{"hand_pts": [[271.8270263671875, 151.6500244140625, 1.0], [237.59385681152344, 211.56529235839844, 1.0], [207.84698486328125, 262.45489501953125, 1.0], [180.26219177246094, 252.6207275390625, 1.0], [159.6042022705078, 226.53733825683594, 1.0], [139.13243103027344, 177.54981994628906, 1.0], [98.316162109375, 200.58238220214844, 1.0], [105.54886627197266, 226.480224609375, 1.0], [124.294677734375, 251.84165954589844, 1.0], [160.39598083496094, 138.4943389892578, 1.0], [99.73939514160156, 128.0690460205078, 1.0], [94.11334991455078, 148.35345458984375, 1.0], [132.90048217773438, 187.7635955810547, 1.0], [186.19189453125, 113.87835693359375, 1.0], [225.05938720703125, 171.13824462890625, 1.0], [259.9722595214844, 208.82701110839844, 1.0], [298.9625244140625, 243.97125244140625, 1.0], [218.74374389648438, 94.54939270019531, 1.0], [236.37765502929688, 118.83467102050781, 1.0], [266.4880676269531, 152.50466918945312, 1.0], [295.32916259765625, 186.90304565429688, 1.0]], "is_left": 0}