{"hand_pts": [[124.12480926513672, 306.5189208984375, 1.0], [108.05177307128906, 255.258544921875, 1.0], [84.3949203491211, 245.34251403808594, 1.0], [71.17949676513672, 220.3408966064453, 1.0], [74.82026672363281, 177.35377502441406, 1.0], [169.9342498779297, 234.69436645507812, 1.0], [194.2234344482422, 190.47056579589844, 1.0], [184.0205841064453, 156.54888916015625, 1.0], [168.30667114257812, 146.1337890625, 1.0], [201.49388122558594, 237.98338317871094, 1.0], [230.54759216308594, 160.79653930664062, 1.0], [213.92092895507812, 122.43980407714844, 1.0], [191.4022216796875, 93.9665756225586, 1.0], [221.6125946044922, 236.66094970703125, 1.0], [228.288818359375, 162.0432891845703, 1.0], [204.22911071777344, 139.89488220214844, 1.0], [178.6905517578125, 122.20823669433594, 1.0], [233.7440185546875, 237.84397888183594, 1.0], [262.7978820800781, 193.02301025390625, 1.0], [241.9512939453125, 168.1287384033203, 1.0], [205.13037109375, 177.1936798095703, 1.0]], "is_left": 0}