{"hand_pts": [[313.1853332519531, 238.42942810058594, 1.0], [285.06085205078125, 196.01402282714844, 1.0], [278.8826599121094, 163.87010192871094, 1.0], [246.43798828125, 140.4148712158203, 1.0], [232.6064453125, 154.1124267578125, 1.0], [207.63388061523438, 200.0546417236328, 1.0], [189.8356170654297, 157.1111602783203, 1.0], [188.07650756835938, 130.1048126220703, 1.0], [194.6063690185547, 107.101806640625, 1.0], [195.1400604248047, 220.53160095214844, 1.0], [148.01162719726562, 178.04637145996094, 1.0], [151.8605194091797, 149.11032104492188, 1.0], [181.80410766601562, 134.1847381591797, 1.0], [188.33334350585938, 233.8292694091797, 1.0], [117.0035400390625, 230.0347137451172, 1.0], [96.39789581298828, 205.51902770996094, 1.0], [93.32251739501953, 178.97152709960938, 1.0], [189.9730987548828, 245.95101928710938, 1.0], [169.91119384765625, 234.6893768310547, 1.0], [171.06243896484375, 222.7703857421875, 1.0], [200.5828857421875, 209.30343627929688, 1.0]], "is_left": 0}