{"hand_pts": [[314.2287292480469, 179.92295837402344, 1.0], [259.8073425292969, 151.2583770751953, 1.0], [229.88424682617188, 112.64875793457031, 1.0], [195.19964599609375, 98.02239990234375, 1.0], [185.5203094482422, 118.86438751220703, 1.0], [193.0019073486328, 182.5984344482422, 1.0], [141.61766052246094, 164.6453094482422, 1.0], [155.1808624267578, 149.04530334472656, 1.0], [189.88555908203125, 150.0651397705078, 1.0], [203.5106964111328, 207.1750946044922, 1.0], [139.1567840576172, 221.3693389892578, 1.0], [99.8099136352539, 218.325927734375, 1.0], [62.30631637573242, 216.38320922851562, 1.0], [213.46730041503906, 222.8219451904297, 1.0], [175.92202758789062, 212.86915588378906, 1.0], [202.35191345214844, 193.63941955566406, 1.0], [230.50914001464844, 186.78683471679688, 1.0], [229.2052764892578, 234.1641082763672, 1.0], [196.36354064941406, 239.6377410888672, 1.0], [197.61041259765625, 217.51976013183594, 1.0], [211.92469787597656, 194.10655212402344, 1.0]], "is_left": 0}