{"hand_pts": [[39.38664245605469, 147.73060607910156, 1.0], [89.50923156738281, 136.5363311767578, 1.0], [109.09695434570312, 135.9130096435547, 1.0], [155.4559783935547, 151.80126953125, 1.0], [172.088623046875, 163.24676513671875, 1.0], [140.0095672607422, 201.10694885253906, 1.0], [198.28756713867188, 179.5526885986328, 1.0], [194.4195556640625, 146.796142578125, 1.0], [187.7953338623047, 116.66961669921875, 1.0], [138.85733032226562, 213.4883575439453, 1.0], [209.39089965820312, 197.75572204589844, 1.0], [248.787841796875, 176.6848602294922, 1.0], [288.9555358886719, 163.03294372558594, 1.0], [138.83924865722656, 216.4882049560547, 1.0], [204.60569763183594, 234.03021240234375, 1.0], [231.62684631347656, 207.02818298339844, 1.0], [259.2843322753906, 181.9308624267578, 1.0], [133.70001220703125, 213.17431640625, 1.0], [176.73219299316406, 229.1933135986328, 1.0], [197.58938598632812, 206.39796447753906, 1.0], [184.13156127929688, 177.71498107910156, 1.0]], "is_left": 0}