{"hand_pts": [[258.7332458496094, 262.6451110839844, 1.0], [261.14923095703125, 190.30795288085938, 1.0], [276.1702575683594, 132.11973571777344, 1.0], [270.305419921875, 94.492431640625, 1.0], [238.25595092773438, 98.788330078125, 1.0], [157.4127960205078, 165.43984985351562, 1.0], [163.3767547607422, 133.603759765625, 1.0], [211.3241729736328, 140.74488830566406, 1.0], [225.81333923339844, 162.78907775878906, 1.0], [144.84255981445312, 206.60292053222656, 1.0], [135.59120178222656, 180.06080627441406, 1.0], [153.6163330078125, 161.09556579589844, 1.0], [203.37069702148438, 147.67529296875, 1.0], [144.6538543701172, 238.02874755859375, 1.0], [127.16043853759766, 227.3534698486328, 1.0], [143.9656219482422, 215.9684295654297, 1.0], [166.35476684570312, 203.52679443359375, 1.0], [154.283203125, 269.2712707519531, 1.0], [152.8649139404297, 255.96168518066406, 1.0], [161.5061798095703, 243.9090576171875, 1.0], [203.58157348632812, 228.81857299804688, 1.0]], "is_left": 0,"label":5}