{"hand_pts": [[243.8394317626953, 321.51519775390625, 1.0], [263.0597229003906, 258.6020812988281, 1.0], [302.0812072753906, 220.1708526611328, 1.0], [298.90625, 174.14854431152344, 1.0], [254.48634338378906, 167.73141479492188, 1.0], [235.6147918701172, 205.51025390625, 1.0], [222.23873901367188, 149.64205932617188, 1.0], [212.0075225830078, 116.98965454101562, 1.0], [201.00857543945312, 84.32599639892578, 1.0], [201.4898681640625, 223.00840759277344, 1.0], [162.59678649902344, 167.02862548828125, 1.0], [141.69973754882812, 132.15753173828125, 1.0], [140.37353515625, 115.17424011230469, 1.0], [175.50390625, 236.83309936523438, 1.0], [132.41697692871094, 199.27725219726562, 1.0], [112.49720001220703, 181.47972106933594, 1.0], [127.34430694580078, 188.75552368164062, 1.0], [154.5012969970703, 254.68788146972656, 1.0], [122.00466918945312, 226.4420166015625, 1.0], [104.51990509033203, 201.99806213378906, 1.0], [119.38966369628906, 188.62294006347656, 1.0]], "is_left": 0}