{"hand_pts": [[219.64791870117188, 117.39877319335938, 1.0], [238.1513671875, 183.16062927246094, 1.0], [266.7745361328125, 239.94183349609375, 1.0], [268.79083251953125, 267.4421081542969, 1.0], [244.5208282470703, 254.04415893554688, 1.0], [269.85894775390625, 162.24758911132812, 1.0], [275.445068359375, 209.92845153808594, 1.0], [239.31915283203125, 247.23167419433594, 1.0], [201.61146545410156, 262.072021484375, 1.0], [233.81756591796875, 124.90196228027344, 1.0], [177.9012908935547, 163.64231872558594, 1.0], [136.33363342285156, 205.00656127929688, 1.0], [113.09195709228516, 238.9119110107422, 1.0], [200.0284881591797, 101.84190368652344, 1.0], [137.81857299804688, 153.31497192382812, 1.0], [101.83609771728516, 189.7192840576172, 1.0], [72.01200866699219, 225.39500427246094, 1.0], [167.0689697265625, 83.07682800292969, 1.0], [133.7476348876953, 94.02486419677734, 1.0], [108.11646270751953, 121.49137878417969, 1.0], [83.54610443115234, 154.9171142578125, 1.0]], "is_left": 0}