{"hand_pts": [[233.61642456054688, 172.40203857421875, 1.0], [222.8817138671875, 222.82742309570312, 1.0], [218.41368103027344, 276.6118469238281, 1.0], [219.07225036621094, 299.41741943359375, 1.0], [224.31741333007812, 278.7981872558594, 1.0], [145.87657165527344, 208.77259826660156, 1.0], [122.16649627685547, 215.95993041992188, 1.0], [137.83201599121094, 221.404541015625, 1.0], [175.13430786132812, 223.9780731201172, 1.0], [151.42384338378906, 166.6503143310547, 1.0], [152.33851623535156, 169.60769653320312, 1.0], [181.85415649414062, 182.33059692382812, 1.0], [214.9041290283203, 196.45481872558594, 1.0], [163.51380920410156, 135.66220092773438, 1.0], [162.9922332763672, 138.07769775390625, 1.0], [187.75962829589844, 150.49676513671875, 1.0], [223.6929931640625, 169.59507751464844, 1.0], [181.73463439941406, 108.62579345703125, 1.0], [183.95187377929688, 93.30853271484375, 1.0], [203.1378936767578, 99.93222045898438, 1.0], [230.46080017089844, 122.728271484375, 1.0]], "is_left": 0}