{"hand_pts": [[282.19976806640625, 281.5723571777344, 1.0], [275.98895263671875, 226.19546508789062, 1.0], [292.2681579589844, 186.98013305664062, 1.0], [266.4688720703125, 160.28099060058594, 1.0], [230.03431701660156, 144.9666290283203, 1.0], [240.8177032470703, 181.58221435546875, 1.0], [204.49620056152344, 143.95663452148438, 1.0], [188.2634735107422, 143.88771057128906, 1.0], [204.39990234375, 166.53948974609375, 1.0], [215.41676330566406, 203.9532928466797, 1.0], [173.2931365966797, 155.89474487304688, 1.0], [169.9640350341797, 153.05361938476562, 1.0], [190.7920379638672, 174.8121337890625, 1.0], [194.9857177734375, 222.4116668701172, 1.0], [133.8440399169922, 194.89744567871094, 1.0], [117.44098663330078, 187.21214294433594, 1.0], [102.06480407714844, 179.92027282714844, 1.0], [179.8914794921875, 243.73953247070312, 1.0], [138.10818481445312, 229.51382446289062, 1.0], [111.08795166015625, 214.7274169921875, 1.0], [86.22843170166016, 196.7482147216797, 1.0]], "is_left": 0}