{"hand_pts": [[123.69482421875, 278.9599304199219, 1.0], [105.56419372558594, 237.2596893310547, 1.0], [70.72325897216797, 213.7794189453125, 1.0], [80.27396392822266, 190.62680053710938, 1.0], [122.5948257446289, 193.14694213867188, 1.0], [158.8429412841797, 160.03407287597656, 1.0], [178.12396240234375, 130.18797302246094, 1.0], [166.24459838867188, 155.5973358154297, 1.0], [149.92022705078125, 186.17288208007812, 1.0], [196.77491760253906, 167.1405487060547, 1.0], [222.4923095703125, 143.60523986816406, 1.0], [201.917236328125, 167.6292724609375, 1.0], [169.0681915283203, 200.60321044921875, 1.0], [223.56814575195312, 177.22987365722656, 1.0], [247.26214599609375, 155.87210083007812, 1.0], [216.29408264160156, 186.0458984375, 1.0], [192.72134399414062, 204.72775268554688, 1.0], [242.50550842285156, 194.36007690429688, 1.0], [268.62762451171875, 190.4992218017578, 1.0], [249.83644104003906, 207.2937469482422, 1.0], [213.92160034179688, 222.56114196777344, 1.0]], "is_left": 0}