{"hand_pts": [[183.99436950683594, 195.3837890625, 1.0], [196.9794464111328, 234.32095336914062, 1.0], [173.73338317871094, 273.32550048828125, 1.0], [159.42359924316406, 295.53515625, 1.0], [168.51116943359375, 274.63568115234375, 1.0], [150.26475524902344, 207.28277587890625, 1.0], [180.19236755371094, 228.68698120117188, 1.0], [213.9766082763672, 244.0122833251953, 1.0], [250.96224975585938, 255.62828063964844, 1.0], [153.46337890625, 170.5538787841797, 1.0], [144.99864196777344, 154.8707275390625, 1.0], [186.081298828125, 171.0336151123047, 1.0], [212.94491577148438, 190.1718292236328, 1.0], [163.08871459960938, 144.44625854492188, 1.0], [186.24636840820312, 123.02735137939453, 1.0], [224.13284301757812, 141.05760192871094, 1.0], [253.73265075683594, 164.63165283203125, 1.0], [176.0953826904297, 123.08124542236328, 1.0], [168.2594451904297, 102.74578094482422, 1.0], [167.2625274658203, 91.82091522216797, 1.0], [173.13018798828125, 88.59198760986328, 1.0]], "is_left": 0,"label":2}