{"hand_pts": [[342.82330322265625, 86.48390197753906, 1.0], [266.47967529296875, 91.11499786376953, 1.0], [219.7668914794922, 89.07501983642578, 1.0], [162.8446044921875, 96.64034271240234, 1.0], [141.49684143066406, 107.8476791381836, 1.0], [218.64602661132812, 178.9965362548828, 1.0], [156.38299560546875, 215.42074584960938, 1.0], [140.9486541748047, 188.372802734375, 1.0], [162.3919677734375, 155.53367614746094, 1.0], [237.23895263671875, 195.70233154296875, 1.0], [157.37770080566406, 195.61782836914062, 1.0], [153.12997436523438, 150.87771606445312, 1.0], [155.40478515625, 107.5508804321289, 1.0], [250.2191925048828, 202.2227325439453, 1.0], [203.7781982421875, 265.31158447265625, 1.0], [158.78289794921875, 275.1981201171875, 1.0], [115.61869812011719, 286.7667236328125, 1.0], [267.1940612792969, 199.77914428710938, 1.0], [223.70718383789062, 217.51165771484375, 1.0], [191.97567749023438, 215.1587677001953, 1.0], [157.32684326171875, 211.14418029785156, 1.0]], "is_left": 0}