{"hand_pts": [[171.0673065185547, 235.2650604248047, 1.0], [130.9173126220703, 219.37738037109375, 1.0], [82.07379913330078, 204.17039489746094, 1.0], [84.20710754394531, 210.3253173828125, 1.0], [125.15229034423828, 225.97727966308594, 1.0], [151.22894287109375, 138.65798950195312, 1.0], [150.50497436523438, 148.72543334960938, 1.0], [148.0887451171875, 185.72193908691406, 1.0], [148.0697021484375, 202.892822265625, 1.0], [192.86029052734375, 137.7043914794922, 1.0], [204.01376342773438, 148.8068389892578, 1.0], [188.61868286132812, 190.5028839111328, 1.0], [172.53659057617188, 208.00477600097656, 1.0], [224.0614471435547, 143.69564819335938, 1.0], [244.01954650878906, 158.39862060546875, 1.0], [226.6436767578125, 194.22305297851562, 1.0], [206.8413543701172, 202.0126190185547, 1.0], [250.63389587402344, 156.9251708984375, 1.0], [272.4340515136719, 174.1723175048828, 1.0], [253.6566925048828, 202.9882354736328, 1.0], [229.50924682617188, 201.77655029296875, 1.0]], "is_left": 0}