{"hand_pts": [[71.72411346435547, 229.07936096191406, 1.0], [94.74150848388672, 212.67648315429688, 1.0], [96.98866271972656, 192.1652374267578, 1.0], [112.40384674072266, 169.11676025390625, 1.0], [142.3448028564453, 148.7484588623047, 1.0], [172.333984375, 224.7108154296875, 1.0], [182.44674682617188, 194.00006103515625, 1.0], [179.78053283691406, 171.26051330566406, 1.0], [151.56463623046875, 156.6685333251953, 1.0], [179.207763671875, 221.39979553222656, 1.0], [237.46949768066406, 200.09939575195312, 1.0], [268.866943359375, 181.6595916748047, 1.0], [298.49774169921875, 164.1066131591797, 1.0], [180.15309143066406, 215.0182342529297, 1.0], [217.95095825195312, 179.0390625, 1.0], [198.71755981445312, 157.0357666015625, 1.0], [167.19070434570312, 166.2747344970703, 1.0], [173.46319580078125, 208.36123657226562, 1.0], [210.85044860839844, 196.29530334472656, 1.0], [202.4520721435547, 178.701171875, 1.0], [185.9539794921875, 163.0493927001953, 1.0]], "is_left": 0}