{"hand_pts": [[334.3405456542969, 231.50442504882812, 1.0], [299.93853759765625, 225.50637817382812, 1.0], [290.1781311035156, 236.59237670898438, 1.0], [263.53729248046875, 218.02809143066406, 1.0], [233.2061767578125, 180.687744140625, 1.0], [209.54212951660156, 243.59510803222656, 1.0], [154.3629913330078, 231.73724365234375, 1.0], [142.6053009033203, 200.40032958984375, 1.0], [141.53457641601562, 167.38206481933594, 1.0], [200.13522338867188, 226.88832092285156, 1.0], [131.57623291015625, 203.28598022460938, 1.0], [112.13941955566406, 173.64207458496094, 1.0], [123.15880584716797, 144.4924774169922, 1.0], [197.0472412109375, 208.58680725097656, 1.0], [136.43128967285156, 169.98214721679688, 1.0], [148.8717041015625, 142.08094787597656, 1.0], [176.7372589111328, 124.07562255859375, 1.0], [203.2761688232422, 190.2672119140625, 1.0], [171.84288024902344, 150.05722045898438, 1.0], [182.07611083984375, 127.10575866699219, 1.0], [209.2587127685547, 118.5340347290039, 1.0]], "is_left": 0}