{"hand_pts": [[323.6886291503906, 257.9398498535156, 1.0], [263.7701416015625, 253.4776611328125, 1.0], [212.5782928466797, 273.8759460449219, 1.0], [161.38687133789062, 272.321044921875, 1.0], [116.7918701171875, 251.1025848388672, 1.0], [164.1050567626953, 231.8952178955078, 1.0], [108.78269958496094, 191.2960662841797, 1.0], [95.28266143798828, 159.27447509765625, 1.0], [130.47747802734375, 150.00326538085938, 1.0], [182.1074676513672, 205.76083374023438, 1.0], [111.74171447753906, 159.5024871826172, 1.0], [121.19706726074219, 138.81826782226562, 1.0], [161.81309509277344, 153.98641967773438, 1.0], [202.0366668701172, 183.52584838867188, 1.0], [197.263427734375, 143.9786376953125, 1.0], [217.47592163085938, 135.45877075195312, 1.0], [252.5140380859375, 149.02267456054688, 1.0], [229.98609924316406, 165.72569274902344, 1.0], [233.65484619140625, 132.02854919433594, 1.0], [260.0732116699219, 143.03323364257812, 1.0], [265.48358154296875, 172.9873504638672, 1.0]], "is_left": 0}