{"hand_pts": [[261.9708557128906, 77.42890930175781, 1.0], [204.7705078125, 105.54560852050781, 1.0], [166.9284210205078, 109.23119354248047, 1.0], [112.4891128540039, 137.94546508789062, 1.0], [101.17423248291016, 157.74755859375, 1.0], [240.31781005859375, 175.36634826660156, 1.0], [172.06124877929688, 210.10594177246094, 1.0], [136.9875030517578, 193.230224609375, 1.0], [143.22344970703125, 162.9456329345703, 1.0], [260.23150634765625, 186.76246643066406, 1.0], [187.291259765625, 235.24002075195312, 1.0], [142.3124542236328, 213.1778106689453, 1.0], [145.2584686279297, 174.18760681152344, 1.0], [267.76910400390625, 193.35699462890625, 1.0], [203.12669372558594, 240.30374145507812, 1.0], [167.63648986816406, 216.0035858154297, 1.0], [182.79678344726562, 180.97364807128906, 1.0], [271.73968505859375, 192.55520629882812, 1.0], [226.57022094726562, 217.01243591308594, 1.0], [194.51759338378906, 197.74473571777344, 1.0], [207.4401397705078, 168.60678100585938, 1.0]], "is_left": 0}