{"hand_pts": [[154.0151824951172, 225.7026824951172, 1.0], [124.7583236694336, 210.57766723632812, 1.0], [82.20024871826172, 208.7964324951172, 1.0], [73.41220092773438, 177.67303466796875, 1.0], [103.77104949951172, 157.18006896972656, 1.0], [189.96099853515625, 230.20001220703125, 1.0], [176.88937377929688, 192.6766815185547, 1.0], [150.2978973388672, 168.95669555664062, 1.0], [133.607177734375, 166.2772979736328, 1.0], [224.885009765625, 226.43849182128906, 1.0], [215.30450439453125, 177.17599487304688, 1.0], [176.60765075683594, 159.6104278564453, 1.0], [154.72055053710938, 172.7163848876953, 1.0], [246.02842712402344, 219.14991760253906, 1.0], [259.0052185058594, 176.8350067138672, 1.0], [222.39569091796875, 161.26327514648438, 1.0], [197.48707580566406, 174.989501953125, 1.0], [258.96173095703125, 211.02621459960938, 1.0], [266.6847229003906, 180.1890106201172, 1.0], [236.49282836914062, 163.5911102294922, 1.0], [207.58799743652344, 173.4720001220703, 1.0]], "is_left": 0}