{"hand_pts": [[238.8841094970703, 205.72903442382812, 1.0], [215.3272705078125, 246.64501953125, 1.0], [202.42164611816406, 298.1983947753906, 1.0], [167.31854248046875, 317.34161376953125, 1.0], [139.17575073242188, 277.87408447265625, 1.0], [246.4187774658203, 211.16757202148438, 1.0], [263.8286437988281, 213.86257934570312, 1.0], [251.76466369628906, 217.9958038330078, 1.0], [218.38803100585938, 223.2156982421875, 1.0], [239.84127807617188, 171.2555389404297, 1.0], [208.18865966796875, 142.7097930908203, 1.0], [172.22116088867188, 136.82733154296875, 1.0], [134.1922149658203, 135.2152862548828, 1.0], [227.3745574951172, 144.09397888183594, 1.0], [153.4285125732422, 134.513427734375, 1.0], [106.53601837158203, 138.54837036132812, 1.0], [61.555564880371094, 141.51365661621094, 1.0], [213.52784729003906, 123.25244903564453, 1.0], [159.52622985839844, 114.63516235351562, 1.0], [144.75526428222656, 137.71035766601562, 1.0], [131.10476684570312, 163.6123046875, 1.0]], "is_left": 0}