{"hand_pts": [[38.71821975708008, 124.01583099365234, 1.0], [84.28158569335938, 193.6939239501953, 1.0], [113.6047134399414, 253.916259765625, 1.0], [155.2812042236328, 279.1091003417969, 1.0], [169.0891571044922, 252.34368896484375, 1.0], [198.7713623046875, 185.115234375, 1.0], [262.4072265625, 217.57850646972656, 1.0], [275.0393371582031, 245.5536346435547, 1.0], [239.1969757080078, 256.9247131347656, 1.0], [199.44789123535156, 144.70242309570312, 1.0], [199.09768676757812, 189.1464080810547, 1.0], [141.32305908203125, 198.92335510253906, 1.0], [87.16258239746094, 207.6862030029297, 1.0], [193.3124542236328, 116.55301666259766, 1.0], [228.80368041992188, 134.98577880859375, 1.0], [200.48757934570312, 160.3665313720703, 1.0], [154.6118621826172, 175.3981475830078, 1.0], [176.23214721679688, 90.9553451538086, 1.0], [217.75454711914062, 94.7129898071289, 1.0], [198.90113830566406, 127.53759002685547, 1.0], [164.20501708984375, 134.58900451660156, 1.0]], "is_left": 0}