{"hand_pts": [[127.37645721435547, 270.4814147949219, 1.0], [127.5693359375, 197.94544982910156, 1.0], [124.17344665527344, 127.43074035644531, 1.0], [175.98080444335938, 107.72673034667969, 1.0], [224.52828979492188, 108.90473175048828, 1.0], [102.44937133789062, 203.7461700439453, 1.0], [137.38938903808594, 160.5391387939453, 1.0], [171.90367126464844, 128.41439819335938, 1.0], [210.74989318847656, 103.90432739257812, 1.0], [125.34078979492188, 240.30160522460938, 1.0], [176.6265869140625, 164.45098876953125, 1.0], [207.86024475097656, 123.23628234863281, 1.0], [205.64488220214844, 128.97845458984375, 1.0], [149.07623291015625, 263.9585266113281, 1.0], [161.94143676757812, 262.63641357421875, 1.0], [192.7301788330078, 226.4381561279297, 1.0], [218.09939575195312, 185.7095184326172, 1.0], [172.7119140625, 285.13555908203125, 1.0], [224.6535186767578, 255.39122009277344, 1.0], [257.2049255371094, 231.2333221435547, 1.0], [280.8963317871094, 204.29051208496094, 1.0]], "is_left": 0}