{"hand_pts": [[13.153059959411621, 208.08294677734375, 1.0], [80.20003509521484, 164.95069885253906, 1.0], [112.42609405517578, 121.02975463867188, 1.0], [157.80709838867188, 92.84412384033203, 1.0], [158.03329467773438, 111.08739471435547, 1.0], [164.01174926757812, 219.7220458984375, 1.0], [229.41299438476562, 179.4856719970703, 1.0], [264.9447326660156, 150.10479736328125, 1.0], [265.6889343261719, 117.5210952758789, 1.0], [160.0839385986328, 250.02134704589844, 1.0], [237.32217407226562, 211.2398681640625, 1.0], [208.07614135742188, 172.7403106689453, 1.0], [156.2327423095703, 172.63356018066406, 1.0], [156.15704345703125, 266.1898498535156, 1.0], [226.20919799804688, 216.3329315185547, 1.0], [249.44561767578125, 177.06729125976562, 1.0], [215.02322387695312, 148.1836395263672, 1.0], [144.2792510986328, 275.6526794433594, 1.0], [174.24781799316406, 242.4345703125, 1.0], [169.16171264648438, 209.79425048828125, 1.0], [132.25048828125, 194.81796264648438, 1.0]], "is_left": 0}