{"hand_pts": [[200.06661987304688, 94.49665832519531, 1.0], [151.74954223632812, 97.40406799316406, 1.0], [84.98709106445312, 116.00413513183594, 1.0], [86.6776351928711, 132.47787475585938, 1.0], [125.77362060546875, 139.32237243652344, 1.0], [139.18145751953125, 199.258544921875, 1.0], [110.80711364746094, 246.34226989746094, 1.0], [117.3498306274414, 229.56813049316406, 1.0], [129.59999084472656, 205.58126831054688, 1.0], [187.3015899658203, 206.3638916015625, 1.0], [165.7332000732422, 236.45640563964844, 1.0], [154.6634521484375, 230.88783264160156, 1.0], [158.4913787841797, 176.52146911621094, 1.0], [226.89210510253906, 202.3497314453125, 1.0], [263.3363037109375, 209.89065551757812, 1.0], [267.95965576171875, 159.98095703125, 1.0], [270.4629211425781, 110.12557220458984, 1.0], [264.15875244140625, 188.99563598632812, 1.0], [271.850341796875, 213.4315643310547, 1.0], [265.93939208984375, 183.1899871826172, 1.0], [254.78866577148438, 142.49705505371094, 1.0]], "is_left": 0}