{"hand_pts": [[308.88104248046875, 128.1540069580078, 1.0], [289.6640625, 182.54928588867188, 1.0], [279.4488525390625, 237.57579040527344, 1.0], [239.57728576660156, 240.33583068847656, 1.0], [235.51913452148438, 197.17604064941406, 1.0], [204.89212036132812, 207.52432250976562, 1.0], [185.47276306152344, 227.03016662597656, 1.0], [196.68846130371094, 227.33421325683594, 1.0], [217.7060089111328, 220.23843383789062, 1.0], [193.28369140625, 173.3675537109375, 1.0], [160.1434783935547, 191.41029357910156, 1.0], [150.90560913085938, 202.0017547607422, 1.0], [181.31365966796875, 203.69862365722656, 1.0], [189.59718322753906, 146.10336303710938, 1.0], [124.46350860595703, 147.49400329589844, 1.0], [94.63097381591797, 152.61239624023438, 1.0], [101.26435852050781, 166.1759796142578, 1.0], [194.42901611328125, 118.9278335571289, 1.0], [160.5646209716797, 128.55999755859375, 1.0], [169.88824462890625, 141.37966918945312, 1.0], [182.29104614257812, 155.91220092773438, 1.0]], "is_left": 0}