{"hand_pts": [[70.93375396728516, 96.96148681640625, 1.0], [107.90563201904297, 90.37519836425781, 1.0], [140.82749938964844, 63.16841125488281, 1.0], [187.0830078125, 87.86078643798828, 1.0], [207.48789978027344, 130.1378936767578, 1.0], [125.03852844238281, 171.8377685546875, 1.0], [174.39773559570312, 172.99447631835938, 1.0], [211.10330200195312, 158.0348358154297, 1.0], [237.22097778320312, 129.78565979003906, 1.0], [130.3953857421875, 195.00392150878906, 1.0], [150.39479064941406, 256.338623046875, 1.0], [190.52896118164062, 231.59519958496094, 1.0], [214.6087646484375, 195.75, 1.0], [138.20501708984375, 206.4407501220703, 1.0], [192.60484313964844, 242.85340881347656, 1.0], [229.07386779785156, 225.0079803466797, 1.0], [255.14779663085938, 193.93235778808594, 1.0], [143.15048217773438, 208.7726593017578, 1.0], [182.26904296875, 241.15878295898438, 1.0], [215.4285125732422, 241.95664978027344, 1.0], [214.6142120361328, 203.8229217529297, 1.0]], "is_left": 0}