{"hand_pts": [[55.41020202636719, 315.01409912109375, 1.0], [121.82720947265625, 286.3846130371094, 1.0], [169.97862243652344, 274.5812072753906, 1.0], [216.55746459960938, 244.8839874267578, 1.0], [245.43287658691406, 214.4042205810547, 1.0], [131.40061950683594, 200.52102661132812, 1.0], [186.79415893554688, 161.31736755371094, 1.0], [230.7692413330078, 158.3710479736328, 1.0], [269.339111328125, 165.185302734375, 1.0], [115.5264663696289, 194.8150634765625, 1.0], [171.29098510742188, 138.14364624023438, 1.0], [222.4991455078125, 135.61485290527344, 1.0], [266.00994873046875, 147.2447052001953, 1.0], [107.867431640625, 195.48367309570312, 1.0], [166.0793914794922, 145.01522827148438, 1.0], [211.72909545898438, 141.76632690429688, 1.0], [251.8126678466797, 154.0432586669922, 1.0], [99.39741516113281, 204.57952880859375, 1.0], [138.7098388671875, 172.60198974609375, 1.0], [177.0130157470703, 171.5089111328125, 1.0], [207.96363830566406, 190.21270751953125, 1.0]], "is_left": 0}