{"hand_pts": [[92.71126556396484, 170.65664672851562, 1.0], [87.68550872802734, 147.00631713867188, 1.0], [67.30309295654297, 132.84510803222656, 1.0], [89.69343566894531, 138.97789001464844, 1.0], [146.3508758544922, 164.5208282470703, 1.0], [192.16273498535156, 113.62351989746094, 1.0], [252.43789672851562, 114.10432434082031, 1.0], [243.2440948486328, 145.21908569335938, 1.0], [205.8553009033203, 172.60931396484375, 1.0], [221.85438537597656, 144.82029724121094, 1.0], [193.87229919433594, 172.6051025390625, 1.0], [141.8661346435547, 183.0511474609375, 1.0], [93.03205108642578, 192.41964721679688, 1.0], [237.28524780273438, 174.1669464111328, 1.0], [223.30184936523438, 231.9200897216797, 1.0], [188.5281219482422, 262.1935119628906, 1.0], [145.12205505371094, 284.9314880371094, 1.0], [241.57977294921875, 203.964599609375, 1.0], [265.1097412109375, 221.0041046142578, 1.0], [234.96197509765625, 233.2811737060547, 1.0], [188.71160888671875, 237.16404724121094, 1.0]], "is_left": 0}