{"hand_pts": [[271.38165283203125, 223.0864715576172, 1.0], [200.4871368408203, 209.05145263671875, 1.0], [157.27688598632812, 159.0918426513672, 1.0], [140.39605712890625, 155.86805725097656, 1.0], [127.78990936279297, 156.12271118164062, 1.0], [189.4381103515625, 152.3643035888672, 1.0], [164.26699829101562, 122.0673599243164, 1.0], [145.0712890625, 111.92072296142578, 1.0], [129.22605895996094, 99.84081268310547, 1.0], [225.12057495117188, 169.47364807128906, 1.0], [162.49278259277344, 174.64822387695312, 1.0], [121.55140686035156, 193.3739471435547, 1.0], [87.30790710449219, 219.637939453125, 1.0], [250.17196655273438, 189.38864135742188, 1.0], [228.07598876953125, 185.7283172607422, 1.0], [202.2506103515625, 202.19757080078125, 1.0], [172.88983154296875, 227.31207275390625, 1.0], [274.2355041503906, 212.628173828125, 1.0], [252.61123657226562, 243.3477783203125, 1.0], [233.12464904785156, 268.6177062988281, 1.0], [229.07962036132812, 268.6772155761719, 1.0]], "is_left": 0}