{"hand_pts": [[283.0080871582031, 298.55609130859375, 1.0], [216.17233276367188, 270.09423828125, 1.0], [153.70298767089844, 265.8772277832031, 1.0], [147.36669921875, 220.38485717773438, 1.0], [170.08665466308594, 183.87625122070312, 1.0], [172.95465087890625, 237.56488037109375, 1.0], [121.31072998046875, 198.60357666015625, 1.0], [97.8581314086914, 166.407470703125, 1.0], [104.78997039794922, 146.67666625976562, 1.0], [209.98875427246094, 225.0609893798828, 1.0], [175.4344024658203, 167.27581787109375, 1.0], [153.6047821044922, 126.8341293334961, 1.0], [137.12353515625, 94.11137390136719, 1.0], [239.9336700439453, 213.5359649658203, 1.0], [208.2628631591797, 179.01498413085938, 1.0], [185.790771484375, 152.16856384277344, 1.0], [164.9613037109375, 127.41062927246094, 1.0], [271.1875305175781, 206.64341735839844, 1.0], [257.59600830078125, 162.35333251953125, 1.0], [251.0326690673828, 159.1054229736328, 1.0], [251.51815795898438, 182.00514221191406, 1.0]], "is_left": 0}