{"hand_pts": [[90.39962005615234, 301.334716796875, 1.0], [162.1497802734375, 272.1011962890625, 1.0], [224.9483184814453, 270.1641540527344, 1.0], [268.3738098144531, 247.5959014892578, 1.0], [267.2706298828125, 224.7902374267578, 1.0], [164.94252014160156, 180.57151794433594, 1.0], [212.57089233398438, 133.067626953125, 1.0], [247.63938903808594, 105.83355712890625, 1.0], [275.9460144042969, 75.21671295166016, 1.0], [132.26283264160156, 172.6063995361328, 1.0], [201.59828186035156, 166.49859619140625, 1.0], [215.09872436523438, 210.0154571533203, 1.0], [203.8501739501953, 252.6029052734375, 1.0], [110.79937744140625, 171.38401794433594, 1.0], [143.1575469970703, 118.2669448852539, 1.0], [170.75949096679688, 146.85101318359375, 1.0], [192.16790771484375, 181.46893310546875, 1.0], [90.53862762451172, 179.19764709472656, 1.0], [116.6514892578125, 167.90835571289062, 1.0], [131.38294982910156, 199.5760498046875, 1.0], [114.32788848876953, 209.67796325683594, 1.0]], "is_left": 0}