{"hand_pts": [[148.1609649658203, 165.11573791503906, 1.0], [179.36141967773438, 128.30740356445312, 1.0], [182.2509002685547, 75.37641143798828, 1.0], [214.80352783203125, 78.35581970214844, 1.0], [244.29226684570312, 122.12279510498047, 1.0], [100.27455139160156, 148.2463836669922, 1.0], [119.46393585205078, 158.0732879638672, 1.0], [179.9275360107422, 163.35694885253906, 1.0], [236.59564208984375, 163.4530029296875, 1.0], [94.91592407226562, 188.86898803710938, 1.0], [139.3546600341797, 197.77059936523438, 1.0], [214.7993927001953, 188.5010986328125, 1.0], [283.3545227050781, 173.77684020996094, 1.0], [102.34135437011719, 219.19305419921875, 1.0], [148.54147338867188, 241.37966918945312, 1.0], [214.2012939453125, 237.61737060546875, 1.0], [264.4883728027344, 216.80294799804688, 1.0], [116.25342559814453, 244.63795471191406, 1.0], [175.6196746826172, 262.78759765625, 1.0], [226.74305725097656, 249.60035705566406, 1.0], [237.64942932128906, 221.67308044433594, 1.0]], "is_left": 0}