{"hand_pts": [[129.82058715820312, 65.00110626220703, 1.0], [174.6549530029297, 136.62210083007812, 1.0], [192.02340698242188, 202.21253967285156, 1.0], [198.94093322753906, 244.52822875976562, 1.0], [189.60716247558594, 229.34530639648438, 1.0], [126.35487365722656, 205.93792724609375, 1.0], [148.86993408203125, 265.8514099121094, 1.0], [199.96054077148438, 267.76318359375, 1.0], [238.99449157714844, 240.0157012939453, 1.0], [113.96607208251953, 171.9818878173828, 1.0], [164.07937622070312, 199.5908203125, 1.0], [219.1498260498047, 202.15670776367188, 1.0], [262.9261474609375, 185.6975555419922, 1.0], [113.1371841430664, 142.49961853027344, 1.0], [169.4674530029297, 168.1566619873047, 1.0], [221.33737182617188, 167.4077911376953, 1.0], [265.8550109863281, 156.09683227539062, 1.0], [116.43965911865234, 109.11925506591797, 1.0], [153.61631774902344, 118.396240234375, 1.0], [192.22268676757812, 121.67220306396484, 1.0], [227.74620056152344, 118.18061065673828, 1.0]], "is_left": 0}