{"hand_pts": [[72.81735229492188, 123.84300231933594, 1.0], [128.83090209960938, 118.75284576416016, 1.0], [160.24671936035156, 91.1956787109375, 1.0], [173.19918823242188, 106.29270935058594, 1.0], [159.0152130126953, 147.39898681640625, 1.0], [226.17718505859375, 152.98818969726562, 1.0], [287.80023193359375, 169.6854705810547, 1.0], [264.885986328125, 176.53903198242188, 1.0], [250.51548767089844, 185.42538452148438, 1.0], [206.2586669921875, 179.47323608398438, 1.0], [249.1958465576172, 224.8620147705078, 1.0], [215.83413696289062, 218.24819946289062, 1.0], [175.6772003173828, 195.67677307128906, 1.0], [184.50479125976562, 199.28652954101562, 1.0], [180.51829528808594, 215.22421264648438, 1.0], [153.2720489501953, 207.38677978515625, 1.0], [122.65013885498047, 194.88238525390625, 1.0], [155.3946075439453, 213.69046020507812, 1.0], [139.81712341308594, 242.58050537109375, 1.0], [112.94607543945312, 232.48129272460938, 1.0], [111.55693054199219, 202.869873046875, 1.0]], "is_left": 0,"label":3}