{"hand_pts": [[347.9482727050781, 220.11358642578125, 1.0], [311.7638244628906, 216.79769897460938, 1.0], [288.16265869140625, 233.35084533691406, 1.0], [249.2602081298828, 245.59671020507812, 1.0], [201.59913635253906, 252.6521453857422, 1.0], [244.15199279785156, 147.14247131347656, 1.0], [181.52037048339844, 158.587890625, 1.0], [152.2666778564453, 190.2108612060547, 1.0], [117.69522857666016, 212.440185546875, 1.0], [229.7431182861328, 154.1668701171875, 1.0], [165.40838623046875, 115.8003921508789, 1.0], [143.5333251953125, 154.4315948486328, 1.0], [135.48594665527344, 196.4625244140625, 1.0], [219.26593017578125, 167.48043823242188, 1.0], [150.7250213623047, 138.0561981201172, 1.0], [122.34001159667969, 164.90939331054688, 1.0], [138.19459533691406, 196.36895751953125, 1.0], [216.51666259765625, 185.83908081054688, 1.0], [165.38014221191406, 182.06466674804688, 1.0], [130.0880889892578, 183.2293701171875, 1.0], [118.55877685546875, 209.04061889648438, 1.0]], "is_left": 0}