{"hand_pts": [[226.45176696777344, 277.8829650878906, 1.0], [247.98175048828125, 266.8210754394531, 1.0], [288.070068359375, 247.8318634033203, 1.0], [295.4917907714844, 219.98350524902344, 1.0], [253.4623260498047, 202.9551544189453, 1.0], [234.75115966796875, 188.96429443359375, 1.0], [218.2264862060547, 138.01080322265625, 1.0], [198.62417602539062, 120.45182037353516, 1.0], [177.26019287109375, 124.46721649169922, 1.0], [199.83795166015625, 187.89109802246094, 1.0], [179.59036254882812, 164.6509552001953, 1.0], [179.25660705566406, 203.00559997558594, 1.0], [192.1790313720703, 231.9904022216797, 1.0], [172.54774475097656, 193.48594665527344, 1.0], [130.8907470703125, 169.85667419433594, 1.0], [109.25833892822266, 171.03656005859375, 1.0], [90.93848419189453, 178.80023193359375, 1.0], [149.64840698242188, 205.71144104003906, 1.0], [127.33935546875, 173.54421997070312, 1.0], [118.6705551147461, 168.95445251464844, 1.0], [111.14156341552734, 163.97003173828125, 1.0]], "is_left": 0}