{"hand_pts": [[169.88845825195312, 195.14573669433594, 1.0], [217.16217041015625, 179.5604705810547, 1.0], [269.74359130859375, 176.91851806640625, 1.0], [302.33056640625, 173.98875427246094, 1.0], [298.7342529296875, 171.56578063964844, 1.0], [209.67955017089844, 228.559326171875, 1.0], [230.9423065185547, 194.5443115234375, 1.0], [234.43698120117188, 156.97935485839844, 1.0], [227.68682861328125, 133.6015625, 1.0], [169.26101684570312, 229.53721618652344, 1.0], [174.8223419189453, 226.18344116210938, 1.0], [183.492919921875, 205.22219848632812, 1.0], [193.12091064453125, 179.8938751220703, 1.0], [138.8251495361328, 223.36570739746094, 1.0], [122.002685546875, 210.10523986816406, 1.0], [127.23759460449219, 175.98739624023438, 1.0], [132.85769653320312, 142.66482543945312, 1.0], [111.71395111083984, 213.43267822265625, 1.0], [104.88893127441406, 176.9138641357422, 1.0], [106.42796325683594, 146.6043243408203, 1.0], [114.5245361328125, 113.75516510009766, 1.0]], "is_left": 0}