{"hand_pts": [[39.90583801269531, 134.26148986816406, 1.0], [106.34537506103516, 199.03964233398438, 1.0], [131.9646453857422, 266.193359375, 1.0], [200.28770446777344, 279.730224609375, 1.0], [231.1011505126953, 236.41444396972656, 1.0], [113.69220733642578, 221.66412353515625, 1.0], [201.36367797851562, 238.40757751464844, 1.0], [223.6372833251953, 226.85568237304688, 1.0], [198.1219024658203, 208.3030242919922, 1.0], [109.3152847290039, 180.31918334960938, 1.0], [211.5530242919922, 191.77342224121094, 1.0], [245.32199096679688, 192.38067626953125, 1.0], [226.07347106933594, 189.7259979248047, 1.0], [112.51602935791016, 147.67247009277344, 1.0], [207.30006408691406, 146.89878845214844, 1.0], [228.22740173339844, 148.91990661621094, 1.0], [192.64358520507812, 153.69192504882812, 1.0], [114.2185287475586, 115.4455795288086, 1.0], [176.6759490966797, 100.51809692382812, 1.0], [199.55426025390625, 105.0935287475586, 1.0], [175.39622497558594, 121.1615982055664, 1.0]], "is_left": 0}