{"hand_pts": [[164.18740844726562, 55.539241790771484, 1.0], [213.0178985595703, 83.82276916503906, 1.0], [265.26220703125, 92.35442352294922, 1.0], [289.2987365722656, 124.43839263916016, 1.0], [293.8531799316406, 162.6931610107422, 1.0], [205.67552185058594, 153.9485321044922, 1.0], [218.0357208251953, 202.06134033203125, 1.0], [222.19949340820312, 209.32838439941406, 1.0], [221.4625244140625, 201.5069122314453, 1.0], [166.16831970214844, 163.68080139160156, 1.0], [181.30908203125, 208.27635192871094, 1.0], [194.09066772460938, 185.00823974609375, 1.0], [204.67735290527344, 158.10047912597656, 1.0], [137.50392150878906, 168.52915954589844, 1.0], [132.5086669921875, 226.37374877929688, 1.0], [133.8246307373047, 255.38018798828125, 1.0], [136.96231079101562, 281.1349182128906, 1.0], [112.59447479248047, 166.15792846679688, 1.0], [96.05830383300781, 205.9946746826172, 1.0], [111.84026336669922, 210.7416229248047, 1.0], [135.68650817871094, 201.35946655273438, 1.0]], "is_left": 0}