{"hand_pts": [[63.872718811035156, 159.23785400390625, 1.0], [75.35822296142578, 182.2677001953125, 1.0], [64.62198638916016, 212.75692749023438, 1.0], [74.57454681396484, 230.8693084716797, 1.0], [108.13015747070312, 232.03799438476562, 1.0], [155.2140655517578, 233.5774688720703, 1.0], [178.44955444335938, 232.3734893798828, 1.0], [173.82398986816406, 208.21205139160156, 1.0], [161.60353088378906, 177.917724609375, 1.0], [179.72767639160156, 211.13702392578125, 1.0], [230.4718475341797, 216.95692443847656, 1.0], [215.451904296875, 189.0643768310547, 1.0], [210.43971252441406, 165.88787841796875, 1.0], [195.1548309326172, 187.9635009765625, 1.0], [232.7794189453125, 158.95652770996094, 1.0], [238.3379669189453, 134.8843994140625, 1.0], [233.0652618408203, 109.5361557006836, 1.0], [201.32257080078125, 162.11453247070312, 1.0], [249.21791076660156, 147.3013458251953, 1.0], [250.45111083984375, 130.6088409423828, 1.0], [214.61349487304688, 126.16421508789062, 1.0]], "is_left": 0}