{"hand_pts": [[146.9263916015625, 141.87918090820312, 1.0], [118.50823974609375, 169.48306274414062, 1.0], [86.36701965332031, 140.0124969482422, 1.0], [66.47406005859375, 120.40299987792969, 1.0], [95.85212707519531, 140.60093688964844, 1.0], [164.9091796875, 136.67971801757812, 1.0], [200.23622131347656, 128.3278350830078, 1.0], [200.60313415527344, 171.20639038085938, 1.0], [190.95703125, 212.2564239501953, 1.0], [201.00625610351562, 138.43539428710938, 1.0], [189.1564483642578, 207.99012756347656, 1.0], [162.9934539794922, 251.87850952148438, 1.0], [135.39175415039062, 284.3200378417969, 1.0], [225.80575561523438, 147.02947998046875, 1.0], [234.9412841796875, 200.2791748046875, 1.0], [208.4461669921875, 232.44232177734375, 1.0], [182.9478759765625, 236.79127502441406, 1.0], [244.14328002929688, 157.7005615234375, 1.0], [265.5325927734375, 176.8927001953125, 1.0], [261.8135681152344, 205.83993530273438, 1.0], [239.35250854492188, 238.67176818847656, 1.0]], "is_left": 0}