{"hand_pts": [[151.2118682861328, 308.7368469238281, 1.0], [160.2314453125, 300.3938903808594, 1.0], [180.99888610839844, 309.4195556640625, 1.0], [206.052490234375, 269.0337219238281, 1.0], [207.76138305664062, 223.62832641601562, 1.0], [252.74119567871094, 237.40664672851562, 1.0], [230.7429656982422, 187.8130645751953, 1.0], [211.66165161132812, 156.2874298095703, 1.0], [183.5348358154297, 129.3505859375, 1.0], [246.70835876464844, 207.45852661132812, 1.0], [182.846435546875, 161.81187438964844, 1.0], [133.58863830566406, 146.06861877441406, 1.0], [81.43509674072266, 161.4770965576172, 1.0], [232.6232452392578, 185.93881225585938, 1.0], [204.16929626464844, 136.161865234375, 1.0], [158.1488037109375, 160.7021942138672, 1.0], [113.0772705078125, 182.1405792236328, 1.0], [211.38360595703125, 173.00778198242188, 1.0], [176.85765075683594, 136.1342315673828, 1.0], [147.90945434570312, 115.38236236572266, 1.0], [109.26560974121094, 133.35015869140625, 1.0]], "is_left": 0}