{"hand_pts": [[328.6170654296875, 128.32110595703125, 1.0], [290.36297607421875, 188.96209716796875, 1.0], [288.0414733886719, 246.9156036376953, 1.0], [258.82891845703125, 295.8123474121094, 1.0], [215.77413940429688, 285.1116943359375, 1.0], [221.66311645507812, 171.96266174316406, 1.0], [169.28514099121094, 174.21237182617188, 1.0], [124.80709838867188, 189.1293487548828, 1.0], [93.6417007446289, 212.4804229736328, 1.0], [205.67140197753906, 137.8381805419922, 1.0], [128.79893493652344, 170.608154296875, 1.0], [133.82374572753906, 202.7477569580078, 1.0], [156.573974609375, 221.0917205810547, 1.0], [193.7765655517578, 116.40078735351562, 1.0], [140.8874053955078, 170.09584045410156, 1.0], [159.46861267089844, 193.22152709960938, 1.0], [203.74539184570312, 185.94825744628906, 1.0], [190.0228271484375, 98.6060562133789, 1.0], [155.27870178222656, 115.46599578857422, 1.0], [165.51736450195312, 134.5587615966797, 1.0], [188.16990661621094, 154.6450653076172, 1.0]], "is_left": 0}