{"hand_pts": [[252.0760498046875, 30.431163787841797, 1.0], [268.19921875, 75.13565063476562, 1.0], [295.7862854003906, 88.98571014404297, 1.0], [267.67138671875, 113.43280029296875, 1.0], [220.87269592285156, 120.3848648071289, 1.0], [234.8773193359375, 165.52316284179688, 1.0], [231.86598205566406, 220.340087890625, 1.0], [225.55999755859375, 244.51364135742188, 1.0], [215.8279571533203, 234.36688232421875, 1.0], [199.1488494873047, 158.7452850341797, 1.0], [181.13912963867188, 231.43482971191406, 1.0], [174.45909118652344, 239.70079040527344, 1.0], [181.9654541015625, 205.55894470214844, 1.0], [171.97821044921875, 148.2308349609375, 1.0], [140.09739685058594, 215.32421875, 1.0], [123.06635284423828, 249.1812744140625, 1.0], [108.65565490722656, 278.25018310546875, 1.0], [150.5171661376953, 129.96664428710938, 1.0], [118.18281555175781, 159.4845733642578, 1.0], [99.3672103881836, 175.72470092773438, 1.0], [108.7084732055664, 166.94554138183594, 1.0]], "is_left": 0}