{"hand_pts": [[355.03338623046875, 198.9843292236328, 1.0], [307.1134338378906, 207.73924255371094, 1.0], [276.0667724609375, 233.54563903808594, 1.0], [217.47613525390625, 224.59341430664062, 1.0], [180.00990295410156, 205.52603149414062, 1.0], [237.27626037597656, 142.7814483642578, 1.0], [183.62030029296875, 160.42884826660156, 1.0], [156.47145080566406, 186.79409790039062, 1.0], [128.4274444580078, 210.69467163085938, 1.0], [227.48199462890625, 135.97569274902344, 1.0], [155.27081298828125, 174.1863555908203, 1.0], [171.0493621826172, 214.32241821289062, 1.0], [196.9038543701172, 248.27207946777344, 1.0], [220.02098083496094, 137.7145538330078, 1.0], [148.99533081054688, 169.92347717285156, 1.0], [122.21868896484375, 199.63401794433594, 1.0], [120.23587799072266, 235.2991485595703, 1.0], [220.2054443359375, 145.1884002685547, 1.0], [167.242431640625, 130.89462280273438, 1.0], [141.5299835205078, 150.07992553710938, 1.0], [154.17698669433594, 177.23928833007812, 1.0]], "is_left": 0}