{"hand_pts": [[328.2939147949219, 192.7008056640625, 1.0], [272.0617980957031, 193.58241271972656, 1.0], [234.7605438232422, 213.11253356933594, 1.0], [195.69544982910156, 225.13072204589844, 1.0], [156.2109375, 232.734130859375, 1.0], [199.52508544921875, 217.38278198242188, 1.0], [168.65921020507812, 183.8125457763672, 1.0], [185.1400909423828, 160.98095703125, 1.0], [213.91671752929688, 146.0521240234375, 1.0], [211.09608459472656, 205.6695098876953, 1.0], [164.46128845214844, 177.23541259765625, 1.0], [158.21591186523438, 156.5160675048828, 1.0], [157.89881896972656, 137.65354919433594, 1.0], [222.49427795410156, 192.3395233154297, 1.0], [154.6697235107422, 194.56170654296875, 1.0], [115.29058074951172, 189.095703125, 1.0], [75.97186279296875, 185.1221466064453, 1.0], [240.2471466064453, 178.06065368652344, 1.0], [197.19589233398438, 171.7263641357422, 1.0], [185.17779541015625, 157.72891235351562, 1.0], [194.34910583496094, 147.7933807373047, 1.0]], "is_left": 0}