{"hand_pts": [[307.9980163574219, 184.2471923828125, 1.0], [233.62246704101562, 192.61085510253906, 1.0], [170.65943908691406, 205.12481689453125, 1.0], [128.3276824951172, 206.7522430419922, 1.0], [135.58555603027344, 195.2683563232422, 1.0], [182.3460235595703, 144.07936096191406, 1.0], [121.69615173339844, 151.9352264404297, 1.0], [106.41707611083984, 180.20591735839844, 1.0], [121.28936004638672, 209.0579071044922, 1.0], [216.1466522216797, 142.12347412109375, 1.0], [161.5140380859375, 162.59649658203125, 1.0], [129.70660400390625, 181.65162658691406, 1.0], [116.37164306640625, 213.1839141845703, 1.0], [242.6329345703125, 146.422607421875, 1.0], [224.8114013671875, 189.96263122558594, 1.0], [228.98989868164062, 220.59466552734375, 1.0], [236.0942840576172, 248.876953125, 1.0], [271.2579650878906, 154.5923614501953, 1.0], [243.36778259277344, 162.7437286376953, 1.0], [223.64300537109375, 180.3076171875, 1.0], [222.34149169921875, 200.1563720703125, 1.0]], "is_left": 0}