{"hand_pts": [[91.93284606933594, 336.16632080078125, 1.0], [92.34977722167969, 277.1136474609375, 1.0], [114.55911254882812, 246.9379425048828, 1.0], [147.91876220703125, 203.41647338867188, 1.0], [179.9352264404297, 162.53121948242188, 1.0], [198.28317260742188, 223.32643127441406, 1.0], [249.69847106933594, 175.4645233154297, 1.0], [242.40896606445312, 138.63609313964844, 1.0], [203.69314575195312, 115.70865631103516, 1.0], [203.52597045898438, 230.52481079101562, 1.0], [219.90406799316406, 158.45367431640625, 1.0], [202.3716278076172, 115.70663452148438, 1.0], [166.81344604492188, 82.55490112304688, 1.0], [197.4279022216797, 235.39112854003906, 1.0], [255.67498779296875, 184.04798889160156, 1.0], [245.41744995117188, 146.06881713867188, 1.0], [205.53237915039062, 122.55339050292969, 1.0], [182.36026000976562, 245.0846405029297, 1.0], [139.71029663085938, 213.17828369140625, 1.0], [94.89337158203125, 209.31134033203125, 1.0], [85.25984191894531, 237.1859893798828, 1.0]], "is_left": 0}