{"hand_pts": [[59.417015075683594, 83.30021667480469, 1.0], [100.93128967285156, 130.74940490722656, 1.0], [111.45111083984375, 171.9514617919922, 1.0], [153.6083984375, 201.83958435058594, 1.0], [196.28399658203125, 208.05606079101562, 1.0], [114.72116088867188, 185.14065551757812, 1.0], [150.0408935546875, 226.45440673828125, 1.0], [192.0952911376953, 240.81842041015625, 1.0], [234.4766387939453, 242.20724487304688, 1.0], [122.86178588867188, 165.99520874023438, 1.0], [188.30821228027344, 205.37277221679688, 1.0], [231.84951782226562, 208.61029052734375, 1.0], [269.70721435546875, 208.5106658935547, 1.0], [133.80299377441406, 148.65879821777344, 1.0], [206.64898681640625, 173.94847106933594, 1.0], [247.3882293701172, 175.6327667236328, 1.0], [272.235107421875, 168.7988739013672, 1.0], [142.00869750976562, 127.85116577148438, 1.0], [177.37490844726562, 145.83822631835938, 1.0], [211.02655029296875, 158.18923950195312, 1.0], [244.22406005859375, 168.2788543701172, 1.0]], "is_left": 0}