{"hand_pts": [[55.4002685546875, 283.15484619140625, 1.0], [101.85777282714844, 266.6036682128906, 1.0], [130.7497100830078, 271.0663757324219, 1.0], [159.86767578125, 259.759033203125, 1.0], [188.2142791748047, 233.41647338867188, 1.0], [204.940185546875, 240.8556671142578, 1.0], [255.04067993164062, 193.74221801757812, 1.0], [222.62646484375, 173.4970245361328, 1.0], [187.31353759765625, 157.27406311035156, 1.0], [193.62664794921875, 220.57723999023438, 1.0], [261.5221862792969, 169.69483947753906, 1.0], [288.7077941894531, 133.18182373046875, 1.0], [259.655517578125, 119.96087646484375, 1.0], [178.2960662841797, 202.7327117919922, 1.0], [176.18408203125, 151.6800079345703, 1.0], [150.86007690429688, 137.2003936767578, 1.0], [113.23432922363281, 143.2123260498047, 1.0], [154.60093688964844, 189.3778076171875, 1.0], [163.6975860595703, 141.61798095703125, 1.0], [139.89218139648438, 140.5874786376953, 1.0], [115.13404083251953, 143.40016174316406, 1.0]], "is_left": 0}