{"hand_pts": [[194.8302459716797, 191.34823608398438, 1.0], [147.9657440185547, 202.68179321289062, 1.0], [89.77226257324219, 197.902099609375, 1.0], [75.54752349853516, 223.825927734375, 1.0], [87.85723876953125, 256.173583984375, 1.0], [144.1238250732422, 141.7205047607422, 1.0], [147.74395751953125, 136.28448486328125, 1.0], [156.99375915527344, 159.33981323242188, 1.0], [168.37448120117188, 189.31607055664062, 1.0], [187.95932006835938, 139.9785919189453, 1.0], [168.340087890625, 102.06135559082031, 1.0], [164.65452575683594, 135.27845764160156, 1.0], [163.4517364501953, 172.75283813476562, 1.0], [222.65504455566406, 146.2789764404297, 1.0], [241.37242126464844, 203.01512145996094, 1.0], [238.8555908203125, 237.61892700195312, 1.0], [234.47750854492188, 268.430908203125, 1.0], [254.50367736816406, 157.49359130859375, 1.0], [268.4826354980469, 186.1048126220703, 1.0], [273.8111877441406, 212.97872924804688, 1.0], [257.79449462890625, 236.70872497558594, 1.0]], "is_left": 0}