{"hand_pts": [[189.10337829589844, 128.47137451171875, 1.0], [146.30792236328125, 112.82160949707031, 1.0], [93.26087188720703, 104.46940612792969, 1.0], [77.1372299194336, 119.29296875, 1.0], [116.7053451538086, 151.0246124267578, 1.0], [129.12857055664062, 195.89691162109375, 1.0], [110.70931243896484, 234.27452087402344, 1.0], [121.12718963623047, 223.293701171875, 1.0], [137.19775390625, 204.86962890625, 1.0], [174.3068389892578, 214.53866577148438, 1.0], [194.93572998046875, 179.14312744140625, 1.0], [204.0933380126953, 125.79647064208984, 1.0], [200.7157745361328, 91.90223693847656, 1.0], [212.24575805664062, 220.6958770751953, 1.0], [229.38174438476562, 227.7845001220703, 1.0], [239.38539123535156, 195.09133911132812, 1.0], [239.04122924804688, 147.79171752929688, 1.0], [248.24961853027344, 218.2944793701172, 1.0], [268.1219177246094, 242.892333984375, 1.0], [277.1373291015625, 236.8358154296875, 1.0], [275.15484619140625, 207.23463439941406, 1.0]], "is_left": 0}