{"hand_pts": [[196.5387725830078, 309.262939453125, 1.0], [213.85374450683594, 240.95794677734375, 1.0], [235.23361206054688, 187.53329467773438, 1.0], [232.16770935058594, 140.04727172851562, 1.0], [204.07078552246094, 127.89258575439453, 1.0], [239.81069946289062, 209.3028564453125, 1.0], [237.27261352539062, 155.05259704589844, 1.0], [219.58639526367188, 120.33025360107422, 1.0], [194.12823486328125, 95.1178207397461, 1.0], [212.8309783935547, 232.0313720703125, 1.0], [203.90945434570312, 181.93601989746094, 1.0], [179.35360717773438, 152.63206481933594, 1.0], [160.17408752441406, 138.29574584960938, 1.0], [187.49012756347656, 247.78440856933594, 1.0], [152.57505798339844, 188.83497619628906, 1.0], [138.5299835205078, 184.63059997558594, 1.0], [143.657958984375, 204.53955078125, 1.0], [162.12840270996094, 265.447998046875, 1.0], [135.5930938720703, 238.2726593017578, 1.0], [117.00878143310547, 212.75753784179688, 1.0], [106.32424926757812, 190.18453979492188, 1.0]], "is_left": 0}