{"hand_pts": [[111.98828887939453, 271.6818542480469, 1.0], [104.0319595336914, 216.75926208496094, 1.0], [76.40494537353516, 172.42782592773438, 1.0], [97.1077880859375, 144.1300506591797, 1.0], [123.33849334716797, 125.64705657958984, 1.0], [145.80352783203125, 191.50759887695312, 1.0], [149.5801239013672, 143.55502319335938, 1.0], [141.84268188476562, 144.84793090820312, 1.0], [135.2103271484375, 151.49989318847656, 1.0], [175.215576171875, 215.4979248046875, 1.0], [206.51002502441406, 169.8778076171875, 1.0], [194.66122436523438, 160.65342712402344, 1.0], [173.20730590820312, 174.30477905273438, 1.0], [196.07867431640625, 232.65211486816406, 1.0], [239.94515991210938, 209.28573608398438, 1.0], [263.59320068359375, 190.97598266601562, 1.0], [279.31146240234375, 167.5028533935547, 1.0], [210.4368896484375, 250.3380126953125, 1.0], [242.3965606689453, 232.84263610839844, 1.0], [256.2464599609375, 214.55227661132812, 1.0], [257.8760986328125, 192.8792724609375, 1.0]], "is_left": 0}