{"hand_pts": [[174.80592346191406, 349.3846130371094, 1.0], [227.94996643066406, 287.8044128417969, 1.0], [275.8966064453125, 237.8173370361328, 1.0], [261.14923095703125, 189.06932067871094, 1.0], [214.865966796875, 211.74093627929688, 1.0], [180.6025848388672, 178.25137329101562, 1.0], [228.85350036621094, 133.46217346191406, 1.0], [264.5169982910156, 155.73440551757812, 1.0], [272.0804748535156, 203.66494750976562, 1.0], [140.34466552734375, 190.08335876464844, 1.0], [174.0818634033203, 147.7156524658203, 1.0], [210.40318298339844, 145.8599395751953, 1.0], [248.60389709472656, 154.15708923339844, 1.0], [114.98342895507812, 205.11961364746094, 1.0], [117.54529571533203, 129.815185546875, 1.0], [157.5978546142578, 159.95932006835938, 1.0], [196.09805297851562, 190.96737670898438, 1.0], [96.17841339111328, 229.7093505859375, 1.0], [73.98387145996094, 190.39370727539062, 1.0], [105.81045532226562, 185.95774841308594, 1.0], [145.32440185546875, 185.35821533203125, 1.0]], "is_left": 0}