{"hand_pts": [[172.88076782226562, 49.5079345703125, 1.0], [166.9617919921875, 112.98570251464844, 1.0], [161.49098205566406, 166.03599548339844, 1.0], [162.9344482421875, 200.97718811035156, 1.0], [167.52120971679688, 200.57546997070312, 1.0], [110.21443939208984, 158.97671508789062, 1.0], [106.37996673583984, 210.07290649414062, 1.0], [152.8713836669922, 227.34512329101562, 1.0], [183.93014526367188, 211.41622924804688, 1.0], [129.93055725097656, 144.50767517089844, 1.0], [137.63143920898438, 209.34959411621094, 1.0], [165.3867645263672, 248.46400451660156, 1.0], [188.59890747070312, 284.91455078125, 1.0], [152.7552490234375, 134.45887756347656, 1.0], [211.94300842285156, 188.63490295410156, 1.0], [250.45278930664062, 196.00526428222656, 1.0], [276.63433837890625, 189.4220733642578, 1.0], [178.060791015625, 120.95960998535156, 1.0], [231.7518768310547, 143.90200805664062, 1.0], [256.5224914550781, 141.8502655029297, 1.0], [281.126220703125, 140.2254638671875, 1.0]], "is_left": 0}