{"hand_pts": [[119.8412094116211, 42.91619873046875, 1.0], [128.4685516357422, 117.94812774658203, 1.0], [125.43338775634766, 173.37588500976562, 1.0], [138.351318359375, 221.37127685546875, 1.0], [154.20289611816406, 236.70742797851562, 1.0], [228.00921630859375, 151.0262451171875, 1.0], [215.67117309570312, 217.407470703125, 1.0], [172.18299865722656, 234.36781311035156, 1.0], [128.32443237304688, 228.26112365722656, 1.0], [235.57296752929688, 129.5678253173828, 1.0], [255.3221435546875, 206.90289306640625, 1.0], [219.2801513671875, 248.54202270507812, 1.0], [168.26223754882812, 254.647216796875, 1.0], [232.70938110351562, 115.50423431396484, 1.0], [209.2003631591797, 183.16949462890625, 1.0], [161.3020782470703, 197.3493194580078, 1.0], [122.59606170654297, 183.44754028320312, 1.0], [220.42953491210938, 98.9671401977539, 1.0], [218.05239868164062, 142.07489013671875, 1.0], [180.2613067626953, 158.32369995117188, 1.0], [153.8357391357422, 145.18447875976562, 1.0]], "is_left": 0}