{"hand_pts": [[59.953895568847656, 83.12968444824219, 1.0], [114.00802612304688, 134.25924682617188, 1.0], [141.05438232421875, 183.80796813964844, 1.0], [187.0172882080078, 202.38711547851562, 1.0], [209.04258728027344, 185.84271240234375, 1.0], [124.6347885131836, 225.28993225097656, 1.0], [189.9103546142578, 234.4678955078125, 1.0], [223.70896911621094, 209.6001739501953, 1.0], [236.96408081054688, 169.33251953125, 1.0], [118.25249481201172, 202.20713806152344, 1.0], [197.19581604003906, 209.2848358154297, 1.0], [239.7528839111328, 185.08091735839844, 1.0], [276.10894775390625, 158.1942138671875, 1.0], [117.92816162109375, 177.759765625, 1.0], [173.3052520751953, 220.71246337890625, 1.0], [215.5899200439453, 213.42794799804688, 1.0], [245.63250732421875, 190.4202880859375, 1.0], [116.22786712646484, 146.9279022216797, 1.0], [163.95603942871094, 149.4322052001953, 1.0], [195.8914031982422, 135.28811645507812, 1.0], [199.41619873046875, 115.64574432373047, 1.0]], "is_left": 0}