{"hand_pts": [[61.22423553466797, 122.2188720703125, 1.0], [99.71176147460938, 100.5821762084961, 1.0], [121.06492614746094, 68.6911392211914, 1.0], [141.10025024414062, 67.17736053466797, 1.0], [157.05325317382812, 90.80661010742188, 1.0], [195.08531188964844, 137.27456665039062, 1.0], [231.05316162109375, 149.848876953125, 1.0], [229.3484649658203, 158.18368530273438, 1.0], [219.23165893554688, 166.64295959472656, 1.0], [179.0037841796875, 175.9526824951172, 1.0], [227.14329528808594, 195.3065948486328, 1.0], [226.75796508789062, 197.77880859375, 1.0], [214.15724182128906, 195.5006866455078, 1.0], [158.69998168945312, 204.6923370361328, 1.0], [211.13034057617188, 238.1365509033203, 1.0], [217.9198455810547, 247.89651489257812, 1.0], [219.2916717529297, 254.19126892089844, 1.0], [131.20916748046875, 227.1556396484375, 1.0], [151.44937133789062, 259.6942443847656, 1.0], [149.98971557617188, 266.74774169921875, 1.0], [137.75015258789062, 257.4075622558594, 1.0]], "is_left": 0}