{"hand_pts": [[227.2787628173828, 289.0003967285156, 1.0], [250.96287536621094, 253.60838317871094, 1.0], [291.34368896484375, 251.92941284179688, 1.0], [279.386962890625, 247.96604919433594, 1.0], [259.0682373046875, 243.92083740234375, 1.0], [223.95391845703125, 163.88525390625, 1.0], [235.40545654296875, 150.9051513671875, 1.0], [242.50559997558594, 162.20855712890625, 1.0], [246.9054718017578, 191.47239685058594, 1.0], [185.34034729003906, 171.40200805664062, 1.0], [174.93251037597656, 177.7210235595703, 1.0], [172.9812469482422, 188.78659057617188, 1.0], [170.30206298828125, 197.72506713867188, 1.0], [156.00228881835938, 183.1837158203125, 1.0], [123.84236907958984, 123.7267074584961, 1.0], [125.20372009277344, 137.3417205810547, 1.0], [124.41932678222656, 147.4840545654297, 1.0], [132.17823791503906, 202.31314086914062, 1.0], [106.54731750488281, 176.78677368164062, 1.0], [92.20476531982422, 164.41488647460938, 1.0], [88.73770904541016, 162.87738037109375, 1.0]], "is_left": 0}