{"hand_pts": [[242.07666015625, 101.4413833618164, 1.0], [219.2017059326172, 86.39373016357422, 1.0], [241.90573120117188, 72.49988555908203, 1.0], [206.907470703125, 82.99793243408203, 1.0], [159.55303955078125, 103.40009307861328, 1.0], [241.84718322753906, 173.1412353515625, 1.0], [224.588623046875, 190.49453735351562, 1.0], [180.4918212890625, 172.6306915283203, 1.0], [139.85914611816406, 145.97915649414062, 1.0], [230.210205078125, 202.73216247558594, 1.0], [229.11160278320312, 251.82424926757812, 1.0], [185.78240966796875, 237.21498107910156, 1.0], [142.7757568359375, 216.81468200683594, 1.0], [214.199951171875, 218.88587951660156, 1.0], [135.33876037597656, 227.296142578125, 1.0], [118.22569274902344, 182.21644592285156, 1.0], [103.95866394042969, 137.86358642578125, 1.0], [197.7107391357422, 225.53880310058594, 1.0], [187.38140869140625, 267.9780578613281, 1.0], [157.87557983398438, 250.66061401367188, 1.0], [139.62368774414062, 208.80715942382812, 1.0]], "is_left": 0}