{"hand_pts": [[103.40665435791016, 85.56387329101562, 1.0], [108.12532043457031, 154.0760498046875, 1.0], [106.636474609375, 215.04539489746094, 1.0], [107.72789001464844, 260.83209228515625, 1.0], [110.96360778808594, 281.084716796875, 1.0], [193.62847900390625, 194.94346618652344, 1.0], [230.24916076660156, 242.32476806640625, 1.0], [228.33877563476562, 262.510009765625, 1.0], [230.60455322265625, 283.2178955078125, 1.0], [208.0287628173828, 159.93162536621094, 1.0], [213.6204833984375, 181.7557830810547, 1.0], [167.76123046875, 171.06912231445312, 1.0], [127.55056762695312, 159.0301971435547, 1.0], [212.711181640625, 131.70411682128906, 1.0], [240.55592346191406, 165.00421142578125, 1.0], [203.85061645507812, 168.84922790527344, 1.0], [163.59976196289062, 164.7797393798828, 1.0], [208.7703857421875, 101.66456604003906, 1.0], [218.5418701171875, 115.30995178222656, 1.0], [206.89710998535156, 126.30547332763672, 1.0], [177.9237823486328, 137.79888916015625, 1.0]], "is_left": 0}