{"hand_pts": [[18.04009437561035, 194.70599365234375, 1.0], [73.04877471923828, 154.9123077392578, 1.0], [106.72785186767578, 111.76950073242188, 1.0], [155.23660278320312, 123.17838287353516, 1.0], [196.09991455078125, 144.8320770263672, 1.0], [130.6069793701172, 163.11660766601562, 1.0], [184.90760803222656, 167.0498046875, 1.0], [225.97052001953125, 166.27430725097656, 1.0], [269.8151550292969, 167.5022430419922, 1.0], [129.93426513671875, 197.16650390625, 1.0], [210.56105041503906, 175.34133911132812, 1.0], [238.0955047607422, 157.08607482910156, 1.0], [265.5575256347656, 140.25845336914062, 1.0], [130.26866149902344, 222.08956909179688, 1.0], [204.9146270751953, 216.880126953125, 1.0], [219.75450134277344, 205.21444702148438, 1.0], [229.56002807617188, 193.25543212890625, 1.0], [124.54017639160156, 243.5837860107422, 1.0], [171.00038146972656, 261.5210876464844, 1.0], [173.9708251953125, 244.5967559814453, 1.0], [169.75599670410156, 222.8086395263672, 1.0]], "is_left": 0}