{"hand_pts": [[77.15080261230469, 103.10974884033203, 1.0], [117.88700866699219, 96.0611572265625, 1.0], [151.86627197265625, 66.38777160644531, 1.0], [168.1087646484375, 70.52371978759766, 1.0], [174.81631469726562, 86.46173095703125, 1.0], [201.98851013183594, 145.38352966308594, 1.0], [210.6180877685547, 168.1134490966797, 1.0], [176.455078125, 163.30235290527344, 1.0], [149.14772033691406, 164.08615112304688, 1.0], [187.80807495117188, 178.04734802246094, 1.0], [257.4726257324219, 203.15451049804688, 1.0], [251.23670959472656, 209.1160125732422, 1.0], [219.90768432617188, 202.41001892089844, 1.0], [170.3097381591797, 201.9310302734375, 1.0], [209.39666748046875, 252.15219116210938, 1.0], [203.6947479248047, 260.2721862792969, 1.0], [177.10943603515625, 236.6982421875, 1.0], [146.18594360351562, 219.07530212402344, 1.0], [165.31838989257812, 264.3916320800781, 1.0], [160.06756591796875, 255.2373809814453, 1.0], [154.1417236328125, 240.2763671875, 1.0]], "is_left": 0}