{"hand_pts": [[190.23239135742188, 56.84493637084961, 1.0], [190.03521728515625, 81.85777282714844, 1.0], [210.283203125, 77.79820251464844, 1.0], [187.31736755371094, 111.74650573730469, 1.0], [151.3838653564453, 143.61093139648438, 1.0], [251.79200744628906, 156.60816955566406, 1.0], [221.23301696777344, 209.03298950195312, 1.0], [179.58206176757812, 205.73719787597656, 1.0], [164.75489807128906, 172.18763732910156, 1.0], [245.1865234375, 179.4130096435547, 1.0], [193.09222412109375, 231.68890380859375, 1.0], [153.17010498046875, 205.1465606689453, 1.0], [144.3722686767578, 159.831298828125, 1.0], [232.317626953125, 195.441650390625, 1.0], [189.4258575439453, 261.7955322265625, 1.0], [151.1173858642578, 244.99415588378906, 1.0], [147.26248168945312, 200.03765869140625, 1.0], [214.8003692626953, 202.6912078857422, 1.0], [172.4905548095703, 236.45286560058594, 1.0], [151.27015686035156, 207.25538635253906, 1.0], [169.053955078125, 169.68914794921875, 1.0]], "is_left": 0}