{"hand_pts": [[112.96538543701172, 75.53079223632812, 1.0], [135.33880615234375, 77.78839874267578, 1.0], [125.8485107421875, 74.43439483642578, 1.0], [127.11894226074219, 79.75935363769531, 1.0], [139.9975128173828, 94.94061279296875, 1.0], [132.53799438476562, 168.7507781982422, 1.0], [143.56442260742188, 223.77061462402344, 1.0], [183.91250610351562, 214.53184509277344, 1.0], [221.20858764648438, 196.54446411132812, 1.0], [144.6406707763672, 187.78782653808594, 1.0], [164.42459106445312, 258.3807678222656, 1.0], [205.69883728027344, 252.7853546142578, 1.0], [243.44036865234375, 257.31964111328125, 1.0], [158.78187561035156, 195.81117248535156, 1.0], [220.23362731933594, 181.00344848632812, 1.0], [253.22384643554688, 157.5735626220703, 1.0], [285.1993713378906, 133.9174346923828, 1.0], [171.48434448242188, 194.42730712890625, 1.0], [197.91249084472656, 236.73110961914062, 1.0], [226.45648193359375, 242.89540100097656, 1.0], [253.1280517578125, 230.1968994140625, 1.0]], "is_left": 0}