{"hand_pts": [[211.4925994873047, 184.59779357910156, 1.0], [248.16116333007812, 160.97677612304688, 1.0], [286.7513427734375, 135.8553466796875, 1.0], [302.7545166015625, 132.9459228515625, 1.0], [298.1733093261719, 146.52349853515625, 1.0], [167.1798095703125, 143.9848175048828, 1.0], [163.9247589111328, 134.3081512451172, 1.0], [188.11964416503906, 141.2324676513672, 1.0], [220.05308532714844, 153.73388671875, 1.0], [139.6654815673828, 173.4862518310547, 1.0], [135.91934204101562, 173.17202758789062, 1.0], [172.5873565673828, 181.03921508789062, 1.0], [218.24197387695312, 190.3780975341797, 1.0], [128.0601348876953, 199.42153930664062, 1.0], [115.56302642822266, 208.25624084472656, 1.0], [147.84571838378906, 218.40438842773438, 1.0], [193.38644409179688, 227.65139770507812, 1.0], [125.32624053955078, 224.40011596679688, 1.0], [121.90724182128906, 240.44129943847656, 1.0], [146.32823181152344, 250.3054962158203, 1.0], [189.8264923095703, 254.6015625, 1.0]], "is_left": 0,"label":5}