{"hand_pts": [[358.6458740234375, 154.45947265625, 1.0], [286.3454284667969, 185.9715118408203, 1.0], [247.13595581054688, 235.41595458984375, 1.0], [200.8963165283203, 264.0831604003906, 1.0], [152.95123291015625, 233.0703125, 1.0], [224.08277893066406, 243.7020263671875, 1.0], [158.36585998535156, 237.73135375976562, 1.0], [124.7310562133789, 223.08892822265625, 1.0], [114.87325286865234, 194.44833374023438, 1.0], [233.2729949951172, 213.81210327148438, 1.0], [141.7366180419922, 208.02664184570312, 1.0], [137.89016723632812, 174.05821228027344, 1.0], [136.9542694091797, 143.118896484375, 1.0], [239.43223571777344, 183.85662841796875, 1.0], [155.57376098632812, 151.8318328857422, 1.0], [168.77293395996094, 128.66534423828125, 1.0], [203.1981964111328, 123.08891296386719, 1.0], [251.54269409179688, 151.03900146484375, 1.0], [202.3501434326172, 134.2117462158203, 1.0], [173.7345428466797, 118.44080352783203, 1.0], [150.00006103515625, 105.93367767333984, 1.0]], "is_left": 0,"label":4}