{"hand_pts": [[87.58250427246094, 278.8092346191406, 1.0], [78.54340362548828, 233.01585388183594, 1.0], [62.093746185302734, 191.7080535888672, 1.0], [91.58903503417969, 163.1744384765625, 1.0], [127.22709655761719, 142.8290252685547, 1.0], [139.38681030273438, 180.53639221191406, 1.0], [164.83941650390625, 148.25880432128906, 1.0], [158.79917907714844, 158.72140502929688, 1.0], [156.19065856933594, 166.580078125, 1.0], [170.69393920898438, 199.74893188476562, 1.0], [213.34376525878906, 155.94642639160156, 1.0], [231.02920532226562, 132.73361206054688, 1.0], [250.19064331054688, 110.0957260131836, 1.0], [191.4542999267578, 217.10899353027344, 1.0], [231.03587341308594, 202.5050506591797, 1.0], [230.55018615722656, 204.38938903808594, 1.0], [196.6453857421875, 216.3680419921875, 1.0], [204.40382385253906, 237.68905639648438, 1.0], [243.54742431640625, 219.4270477294922, 1.0], [267.89154052734375, 206.5746307373047, 1.0], [264.8924865722656, 194.93492126464844, 1.0]], "is_left": 0}