{"hand_pts": [[258.8458557128906, 152.68478393554688, 1.0], [234.15394592285156, 110.46595764160156, 1.0], [255.462646484375, 74.65313720703125, 1.0], [228.58499145507812, 75.4842300415039, 1.0], [188.20925903320312, 93.5389633178711, 1.0], [242.86480712890625, 162.5177459716797, 1.0], [246.89633178710938, 166.13284301757812, 1.0], [220.94277954101562, 159.32073974609375, 1.0], [172.58128356933594, 144.50144958496094, 1.0], [224.64564514160156, 199.90065002441406, 1.0], [179.66030883789062, 205.45240783691406, 1.0], [129.61607360839844, 173.32281494140625, 1.0], [105.46955871582031, 138.74085998535156, 1.0], [203.79652404785156, 223.67762756347656, 1.0], [192.64988708496094, 246.2561798095703, 1.0], [161.35389709472656, 237.52890014648438, 1.0], [122.20205688476562, 213.9896697998047, 1.0], [184.21238708496094, 240.74168395996094, 1.0], [152.3658447265625, 273.4122314453125, 1.0], [116.52935028076172, 268.8393859863281, 1.0], [80.1763916015625, 251.93365478515625, 1.0]], "is_left": 0}