{"hand_pts": [[97.46623992919922, 288.67364501953125, 1.0], [133.7615509033203, 296.719970703125, 1.0], [163.119140625, 303.8055419921875, 1.0], [192.1822052001953, 286.64459228515625, 1.0], [218.1782684326172, 264.53253173828125, 1.0], [134.7903289794922, 216.81593322753906, 1.0], [167.19593811035156, 199.54420471191406, 1.0], [196.36227416992188, 195.20477294921875, 1.0], [229.65235900878906, 196.1495361328125, 1.0], [142.18399047851562, 194.56344604492188, 1.0], [165.20664978027344, 149.73629760742188, 1.0], [198.91323852539062, 142.30970764160156, 1.0], [224.78866577148438, 129.28428649902344, 1.0], [153.4264678955078, 183.72718811035156, 1.0], [173.52935791015625, 135.93382263183594, 1.0], [197.0405731201172, 119.58553314208984, 1.0], [221.79608154296875, 106.73568725585938, 1.0], [163.27175903320312, 181.42153930664062, 1.0], [190.67552185058594, 146.1631317138672, 1.0], [218.65554809570312, 134.00064086914062, 1.0], [249.10435485839844, 126.1371841430664, 1.0]], "is_left": 0}