{"hand_pts": [[218.27207946777344, 316.71392822265625, 1.0], [165.69601440429688, 292.63775634765625, 1.0], [113.28225708007812, 280.05072021484375, 1.0], [82.42086791992188, 247.69869995117188, 1.0], [111.13735961914062, 209.8095703125, 1.0], [185.55404663085938, 238.55152893066406, 1.0], [174.9811248779297, 205.64456176757812, 1.0], [153.9905242919922, 174.75991821289062, 1.0], [131.703369140625, 147.95697021484375, 1.0], [216.2901611328125, 221.92955017089844, 1.0], [225.41522216796875, 161.786376953125, 1.0], [189.23033142089844, 145.26658630371094, 1.0], [158.87767028808594, 156.34457397460938, 1.0], [235.61187744140625, 209.5181121826172, 1.0], [233.50990295410156, 149.05404663085938, 1.0], [217.1590118408203, 115.01024627685547, 1.0], [183.67491149902344, 102.0995101928711, 1.0], [251.3782501220703, 203.79660034179688, 1.0], [240.75076293945312, 159.75979614257812, 1.0], [219.81985473632812, 139.90499877929688, 1.0], [195.71287536621094, 164.05184936523438, 1.0]], "is_left": 0}