{"hand_pts": [[89.12171173095703, 310.51910400390625, 1.0], [84.83319854736328, 248.41729736328125, 1.0], [66.81031799316406, 205.3466796875, 1.0], [102.39093017578125, 173.67408752441406, 1.0], [141.5587615966797, 179.58721923828125, 1.0], [143.0873565673828, 205.10025024414062, 1.0], [177.77279663085938, 156.67041015625, 1.0], [191.3064422607422, 127.5491943359375, 1.0], [207.00404357910156, 99.28976440429688, 1.0], [168.99095153808594, 224.48426818847656, 1.0], [208.89524841308594, 168.49948120117188, 1.0], [229.2851104736328, 130.13638305664062, 1.0], [229.11830139160156, 97.39997100830078, 1.0], [185.822509765625, 239.04052734375, 1.0], [212.072021484375, 179.28575134277344, 1.0], [189.84381103515625, 172.53993225097656, 1.0], [168.8062286376953, 165.60450744628906, 1.0], [195.32888793945312, 256.62359619140625, 1.0], [233.9872589111328, 232.4241180419922, 1.0], [256.47698974609375, 211.58518981933594, 1.0], [279.5200500488281, 188.34706115722656, 1.0]], "is_left": 0}