{"hand_pts": [[272.7508239746094, 273.4176940917969, 1.0], [287.4985046386719, 241.0772247314453, 1.0], [315.8905029296875, 209.24351501464844, 1.0], [279.059326171875, 184.9556884765625, 1.0], [229.05413818359375, 190.91445922851562, 1.0], [236.35755920410156, 182.41290283203125, 1.0], [214.37025451660156, 140.16087341308594, 1.0], [198.17208862304688, 114.19535064697266, 1.0], [184.2344970703125, 105.98743438720703, 1.0], [199.7210693359375, 193.15853881835938, 1.0], [149.7117156982422, 164.72421264648438, 1.0], [151.5626220703125, 173.95550537109375, 1.0], [181.9433135986328, 197.99766540527344, 1.0], [172.94236755371094, 205.4640655517578, 1.0], [133.24598693847656, 157.5501251220703, 1.0], [112.50914001464844, 131.8745574951172, 1.0], [122.05748748779297, 136.4606475830078, 1.0], [153.5120086669922, 222.77740478515625, 1.0], [125.82560729980469, 233.72564697265625, 1.0], [117.90703582763672, 246.78277587890625, 1.0], [133.48939514160156, 264.7738037109375, 1.0]], "is_left": 0}