{"hand_pts": [[120.93315124511719, 58.728824615478516, 1.0], [111.11873626708984, 95.83793640136719, 1.0], [78.68304443359375, 116.7977066040039, 1.0], [70.70576477050781, 139.4533233642578, 1.0], [86.2510986328125, 161.65797424316406, 1.0], [122.90423583984375, 197.9983673095703, 1.0], [151.2239990234375, 248.9952850341797, 1.0], [177.35952758789062, 264.9358215332031, 1.0], [203.6819305419922, 249.77801513671875, 1.0], [156.09420776367188, 194.39093017578125, 1.0], [195.78236389160156, 191.6154327392578, 1.0], [214.8119354248047, 174.0723114013672, 1.0], [231.3249053955078, 154.30682373046875, 1.0], [183.9589080810547, 184.93228149414062, 1.0], [224.64358520507812, 224.27227783203125, 1.0], [236.8643035888672, 201.61895751953125, 1.0], [237.33416748046875, 166.27452087402344, 1.0], [207.88870239257812, 166.60556030273438, 1.0], [248.01193237304688, 181.48489379882812, 1.0], [266.82464599609375, 173.36489868164062, 1.0], [275.8518981933594, 155.3371124267578, 1.0]], "is_left": 0}