{"hand_pts": [[226.93960571289062, 128.15945434570312, 1.0], [198.1028289794922, 109.59453582763672, 1.0], [150.4368133544922, 87.42872619628906, 1.0], [152.98477172851562, 108.1630630493164, 1.0], [171.68255615234375, 136.1512908935547, 1.0], [138.23760986328125, 171.4955596923828, 1.0], [136.7737579345703, 162.42459106445312, 1.0], [144.39617919921875, 152.21109008789062, 1.0], [173.44851684570312, 131.15087890625, 1.0], [165.21466064453125, 200.15585327148438, 1.0], [166.71775817871094, 193.5056610107422, 1.0], [183.97537231445312, 170.84774780273438, 1.0], [212.85665893554688, 136.5132598876953, 1.0], [192.4320526123047, 217.27281188964844, 1.0], [185.4213409423828, 240.7790069580078, 1.0], [213.46229553222656, 209.13232421875, 1.0], [219.02699279785156, 189.52743530273438, 1.0], [222.4667510986328, 226.71263122558594, 1.0], [222.51907348632812, 264.4383850097656, 1.0], [224.591552734375, 287.4447021484375, 1.0], [233.0218048095703, 273.9526672363281, 1.0]], "is_left": 0}