{"hand_pts": [[47.7192268371582, 208.45550537109375, 1.0], [89.53732299804688, 182.49252319335938, 1.0], [105.510009765625, 138.32069396972656, 1.0], [154.35299682617188, 127.39936828613281, 1.0], [175.75100708007812, 159.94476318359375, 1.0], [167.15638732910156, 137.78900146484375, 1.0], [195.02537536621094, 142.85472106933594, 1.0], [167.57388305664062, 168.40338134765625, 1.0], [137.22665405273438, 183.05712890625, 1.0], [174.8576202392578, 161.7213134765625, 1.0], [234.46702575683594, 188.44100952148438, 1.0], [218.2502899169922, 215.12387084960938, 1.0], [186.6370086669922, 233.1988067626953, 1.0], [178.63670349121094, 185.64002990722656, 1.0], [249.57785034179688, 168.58790588378906, 1.0], [283.4163818359375, 169.4403839111328, 1.0], [278.5847473144531, 186.108154296875, 1.0], [174.12594604492188, 211.82542419433594, 1.0], [193.2376251220703, 248.5662841796875, 1.0], [162.12828063964844, 251.10227966308594, 1.0], [138.577880859375, 226.48497009277344, 1.0]], "is_left": 0}