{"hand_pts": [[197.23358154296875, 230.3058624267578, 1.0], [231.46546936035156, 216.13380432128906, 1.0], [275.30889892578125, 223.57284545898438, 1.0], [301.1389465332031, 216.019775390625, 1.0], [311.6718444824219, 198.31130981445312, 1.0], [198.15179443359375, 233.95570373535156, 1.0], [193.1807861328125, 199.64944458007812, 1.0], [201.31517028808594, 164.7026824951172, 1.0], [209.25743103027344, 134.1453857421875, 1.0], [163.07748413085938, 222.18994140625, 1.0], [168.7798309326172, 202.89808654785156, 1.0], [189.91049194335938, 170.6636962890625, 1.0], [209.71719360351562, 139.16395568847656, 1.0], [138.4141845703125, 207.5949249267578, 1.0], [115.92045593261719, 200.0801544189453, 1.0], [129.8994903564453, 168.91751098632812, 1.0], [142.09413146972656, 138.96095275878906, 1.0], [118.8402328491211, 192.73643493652344, 1.0], [105.78433990478516, 144.87693786621094, 1.0], [124.33309173583984, 129.7533416748047, 1.0], [147.7317657470703, 157.43118286132812, 1.0]], "is_left": 0}