{"hand_pts": [[65.68898010253906, 180.9750213623047, 1.0], [134.8625030517578, 167.68959045410156, 1.0], [187.7996063232422, 151.81466674804688, 1.0], [226.99183654785156, 171.31907653808594, 1.0], [257.9343566894531, 192.50120544433594, 1.0], [153.12315368652344, 140.11285400390625, 1.0], [207.6455078125, 140.43502807617188, 1.0], [242.24607849121094, 156.31927490234375, 1.0], [276.12652587890625, 168.07205200195312, 1.0], [126.18579864501953, 159.10031127929688, 1.0], [197.5070343017578, 173.81948852539062, 1.0], [240.6658477783203, 186.14825439453125, 1.0], [247.6266632080078, 200.1660614013672, 1.0], [107.90141296386719, 178.166259765625, 1.0], [155.33876037597656, 185.56565856933594, 1.0], [176.9558868408203, 202.07666015625, 1.0], [186.20703125, 213.74684143066406, 1.0], [89.01484680175781, 198.23402404785156, 1.0], [122.54215240478516, 220.8141632080078, 1.0], [146.63803100585938, 234.9405059814453, 1.0], [155.86923217773438, 236.78358459472656, 1.0]], "is_left": 0}