{"hand_pts": [[139.56671142578125, 88.9427261352539, 1.0], [121.79228210449219, 86.0797348022461, 1.0], [119.66089630126953, 64.08250427246094, 1.0], [118.16554260253906, 86.29692077636719, 1.0], [118.64775085449219, 130.595947265625, 1.0], [228.091796875, 136.51226806640625, 1.0], [243.2289581298828, 171.79525756835938, 1.0], [186.58665466308594, 179.31703186035156, 1.0], [133.05123901367188, 170.92462158203125, 1.0], [239.58753967285156, 167.1884307861328, 1.0], [212.89193725585938, 192.32273864746094, 1.0], [185.0830841064453, 203.38400268554688, 1.0], [146.2657928466797, 209.11000061035156, 1.0], [236.783935546875, 189.90899658203125, 1.0], [195.13742065429688, 235.3680419921875, 1.0], [144.2379150390625, 247.80838012695312, 1.0], [89.10688018798828, 224.0989990234375, 1.0], [224.5430450439453, 206.09066772460938, 1.0], [247.21351623535156, 239.82296752929688, 1.0], [245.91989135742188, 259.077392578125, 1.0], [202.23548889160156, 255.32518005371094, 1.0]], "is_left": 0}