{"hand_pts": [[183.92916870117188, 104.78913879394531, 1.0], [205.3851776123047, 97.45246124267578, 1.0], [236.20779418945312, 66.57223510742188, 1.0], [268.0660400390625, 74.6051254272461, 1.0], [296.97479248046875, 89.60298156738281, 1.0], [147.7161865234375, 138.9532928466797, 1.0], [180.0496826171875, 160.8883056640625, 1.0], [220.50753784179688, 166.7938995361328, 1.0], [259.1549072265625, 173.68789672851562, 1.0], [137.91319274902344, 174.1846160888672, 1.0], [102.04177856445312, 220.3797607421875, 1.0], [105.10784912109375, 249.79812622070312, 1.0], [128.30929565429688, 270.7906494140625, 1.0], [137.79249572753906, 200.9217529296875, 1.0], [157.96554565429688, 243.1741943359375, 1.0], [195.06158447265625, 227.68878173828125, 1.0], [199.87014770507812, 199.1073760986328, 1.0], [142.9208984375, 220.8761749267578, 1.0], [167.3812255859375, 259.1324157714844, 1.0], [197.194091796875, 241.06541442871094, 1.0], [185.94094848632812, 208.39637756347656, 1.0]], "is_left": 0}