{"hand_pts": [[140.6994171142578, 249.75318908691406, 1.0], [187.26673889160156, 264.3637390136719, 1.0], [219.96470642089844, 300.2036437988281, 1.0], [244.40899658203125, 260.3841247558594, 1.0], [230.22235107421875, 213.2576446533203, 1.0], [144.69435119628906, 242.1309356689453, 1.0], [192.179443359375, 234.80337524414062, 1.0], [237.87184143066406, 226.22061157226562, 1.0], [283.4422607421875, 216.2843780517578, 1.0], [128.8072052001953, 206.89111328125, 1.0], [131.638427734375, 175.85986328125, 1.0], [153.20773315429688, 156.5235137939453, 1.0], [190.07681274414062, 140.7283477783203, 1.0], [124.12120819091797, 178.1898651123047, 1.0], [141.4844512939453, 132.267333984375, 1.0], [188.6422882080078, 129.17543029785156, 1.0], [200.39268493652344, 154.17897033691406, 1.0], [123.34687805175781, 153.64697265625, 1.0], [149.5320281982422, 113.64520263671875, 1.0], [186.03515625, 97.59750366210938, 1.0], [222.1199188232422, 112.25566101074219, 1.0]], "is_left": 0}