{"hand_pts": [[179.95761108398438, 303.2551574707031, 1.0], [205.44931030273438, 234.13583374023438, 1.0], [223.3600311279297, 176.0621795654297, 1.0], [203.3645782470703, 138.15736389160156, 1.0], [172.85382080078125, 138.04258728027344, 1.0], [238.2224578857422, 211.358642578125, 1.0], [250.517578125, 155.03903198242188, 1.0], [245.2252197265625, 115.05838775634766, 1.0], [220.3392333984375, 89.08213806152344, 1.0], [208.9663543701172, 234.2095184326172, 1.0], [220.0390167236328, 181.5830078125, 1.0], [198.67791748046875, 146.60743713378906, 1.0], [184.74932861328125, 156.85433959960938, 1.0], [181.9085235595703, 248.9664764404297, 1.0], [148.0062713623047, 202.49362182617188, 1.0], [122.89622497558594, 171.06137084960938, 1.0], [112.8214340209961, 156.98934936523438, 1.0], [154.3739013671875, 264.87225341796875, 1.0], [126.35404968261719, 226.44847106933594, 1.0], [124.7513198852539, 223.84410095214844, 1.0], [144.22161865234375, 248.0949249267578, 1.0]], "is_left": 0}