{"hand_pts": [[286.2388610839844, 258.61181640625, 1.0], [229.54629516601562, 198.8556671142578, 1.0], [176.13388061523438, 139.76361083984375, 1.0], [162.5153045654297, 115.5831298828125, 1.0], [180.60858154296875, 127.54302215576172, 1.0], [137.3561248779297, 201.68885803222656, 1.0], [92.99498748779297, 157.6566162109375, 1.0], [132.28085327148438, 137.450927734375, 1.0], [180.1091766357422, 131.3603057861328, 1.0], [168.01177978515625, 233.70828247070312, 1.0], [132.58885192871094, 178.4927215576172, 1.0], [144.29119873046875, 136.5608367919922, 1.0], [181.0261688232422, 112.34329223632812, 1.0], [198.0712890625, 254.492431640625, 1.0], [175.7601776123047, 219.61021423339844, 1.0], [205.18125915527344, 191.22962951660156, 1.0], [229.97821044921875, 189.84011840820312, 1.0], [233.76422119140625, 272.886474609375, 1.0], [234.92572021484375, 258.5862731933594, 1.0], [250.28274536132812, 230.37574768066406, 1.0], [262.56671142578125, 209.92025756835938, 1.0]], "is_left": 0,"label":0}