{"hand_pts": [[52.57856750488281, 262.3762512207031, 1.0], [133.84231567382812, 263.359375, 1.0], [186.82400512695312, 281.90814208984375, 1.0], [237.19895935058594, 265.9085998535156, 1.0], [247.1339569091797, 229.3336639404297, 1.0], [162.55911254882812, 215.44015502929688, 1.0], [224.00294494628906, 195.28713989257812, 1.0], [231.47486877441406, 202.6447296142578, 1.0], [242.11097717285156, 207.11582946777344, 1.0], [132.8449249267578, 189.0939178466797, 1.0], [211.99034118652344, 170.76734924316406, 1.0], [239.07369995117188, 183.72811889648438, 1.0], [241.182373046875, 204.7825469970703, 1.0], [111.86380767822266, 169.84092712402344, 1.0], [147.28733825683594, 134.1603546142578, 1.0], [187.80673217773438, 127.26789093017578, 1.0], [225.1749267578125, 124.26488494873047, 1.0], [89.18846130371094, 156.64503479003906, 1.0], [102.66912078857422, 115.20259094238281, 1.0], [135.3165283203125, 116.52900695800781, 1.0], [139.22076416015625, 147.8477020263672, 1.0]], "is_left": 0}