{"hand_pts": [[37.572696685791016, 102.87860870361328, 1.0], [111.12432861328125, 99.62882232666016, 1.0], [163.39503479003906, 83.48680877685547, 1.0], [216.7991943359375, 95.4171371459961, 1.0], [258.6925048828125, 117.02488708496094, 1.0], [164.76380920410156, 181.847412109375, 1.0], [219.56353759765625, 223.454345703125, 1.0], [245.46917724609375, 218.48287963867188, 1.0], [236.22386169433594, 189.0297088623047, 1.0], [144.33139038085938, 205.03587341308594, 1.0], [204.67752075195312, 241.88226318359375, 1.0], [237.51502990722656, 240.48947143554688, 1.0], [264.60955810546875, 232.21389770507812, 1.0], [129.1498565673828, 216.81651306152344, 1.0], [185.34866333007812, 203.0787811279297, 1.0], [178.51609802246094, 164.63795471191406, 1.0], [164.4066619873047, 126.89604187011719, 1.0], [110.18682861328125, 219.69651794433594, 1.0], [142.65609741210938, 233.8434600830078, 1.0], [149.7917938232422, 203.65322875976562, 1.0], [142.1324920654297, 168.03904724121094, 1.0]], "is_left": 0}