{"hand_pts": [[124.68614959716797, 287.51971435546875, 1.0], [156.63626098632812, 277.64007568359375, 1.0], [140.20254516601562, 280.56146240234375, 1.0], [157.80926513671875, 246.68893432617188, 1.0], [183.80267333984375, 219.59963989257812, 1.0], [139.37197875976562, 204.5726776123047, 1.0], [175.01478576660156, 173.02598571777344, 1.0], [209.0109405517578, 188.00511169433594, 1.0], [223.9217987060547, 211.33712768554688, 1.0], [140.63502502441406, 184.67538452148438, 1.0], [208.55189514160156, 158.18148803710938, 1.0], [253.01199340820312, 156.8522491455078, 1.0], [272.8575744628906, 189.26329040527344, 1.0], [147.6393280029297, 173.0321807861328, 1.0], [160.1860809326172, 120.81375122070312, 1.0], [176.68894958496094, 96.19403839111328, 1.0], [206.99578857421875, 88.23362731933594, 1.0], [155.45851135253906, 169.38092041015625, 1.0], [204.47459411621094, 168.67942810058594, 1.0], [203.27687072753906, 199.9398193359375, 1.0], [167.33897399902344, 201.93540954589844, 1.0]], "is_left": 0}