{"hand_pts": [[194.50857543945312, 204.1937255859375, 1.0], [180.7454376220703, 157.85430908203125, 1.0], [175.03733825683594, 107.23577880859375, 1.0], [177.2469940185547, 69.5554428100586, 1.0], [198.2614288330078, 88.69026184082031, 1.0], [131.3134307861328, 186.6988983154297, 1.0], [89.7252197265625, 184.40277099609375, 1.0], [118.04207611083984, 168.25350952148438, 1.0], [156.52671813964844, 160.07005310058594, 1.0], [150.63673400878906, 220.07904052734375, 1.0], [164.8183135986328, 220.7820281982422, 1.0], [197.58786010742188, 196.0589141845703, 1.0], [229.66082763671875, 165.5427703857422, 1.0], [171.9628448486328, 241.76861572265625, 1.0], [200.0119171142578, 210.87786865234375, 1.0], [227.0116729736328, 183.22470092773438, 1.0], [253.46214294433594, 156.2008056640625, 1.0], [195.9263458251953, 258.8488464355469, 1.0], [205.13113403320312, 270.67291259765625, 1.0], [222.2585906982422, 241.8213653564453, 1.0], [228.57049560546875, 213.9734649658203, 1.0]], "is_left": 0}