{"hand_pts": [[253.88609313964844, 39.446205139160156, 1.0], [207.1843719482422, 76.88780975341797, 1.0], [159.0111846923828, 77.33953857421875, 1.0], [158.18988037109375, 132.34646606445312, 1.0], [196.04684448242188, 173.7469024658203, 1.0], [114.45724487304688, 137.8572998046875, 1.0], [112.62940979003906, 202.33616638183594, 1.0], [156.44577026367188, 204.00071716308594, 1.0], [194.43861389160156, 172.59324645996094, 1.0], [137.61891174316406, 154.58203125, 1.0], [143.5167999267578, 237.41778564453125, 1.0], [187.35787963867188, 228.29965209960938, 1.0], [212.79458618164062, 180.95127868652344, 1.0], [162.4795684814453, 168.1972198486328, 1.0], [178.7655487060547, 248.89012145996094, 1.0], [216.3284912109375, 237.28587341308594, 1.0], [229.1459503173828, 190.1974639892578, 1.0], [193.6585235595703, 174.5146942138672, 1.0], [217.14332580566406, 227.09915161132812, 1.0], [243.7318878173828, 220.62567138671875, 1.0], [243.65960693359375, 178.52935791015625, 1.0]], "is_left": 0}