{"hand_pts": [[311.63836669921875, 104.12060546875, 1.0], [256.3958740234375, 154.1856231689453, 1.0], [229.9085693359375, 205.31016540527344, 1.0], [210.884033203125, 250.9939727783203, 1.0], [197.31607055664062, 286.15618896484375, 1.0], [161.73158264160156, 131.85435485839844, 1.0], [115.96985626220703, 173.30911254882812, 1.0], [150.24856567382812, 208.0367431640625, 1.0], [191.14190673828125, 203.4955596923828, 1.0], [181.60357666015625, 118.68196105957031, 1.0], [131.00796508789062, 169.841796875, 1.0], [143.88906860351562, 220.9512481689453, 1.0], [164.17298889160156, 265.8605651855469, 1.0], [202.8092803955078, 115.30479431152344, 1.0], [147.3798065185547, 125.48274230957031, 1.0], [135.4811553955078, 164.39120483398438, 1.0], [157.5570831298828, 198.03053283691406, 1.0], [230.9053955078125, 113.98877716064453, 1.0], [222.51300048828125, 150.71273803710938, 1.0], [227.5010528564453, 186.365478515625, 1.0], [245.72471618652344, 208.5433349609375, 1.0]], "is_left": 0}