{"hand_pts": [[296.2603759765625, 59.75975799560547, 1.0], [294.3192443847656, 128.96498107910156, 1.0], [306.2821044921875, 184.8026580810547, 1.0], [287.5087585449219, 230.69570922851562, 1.0], [252.82493591308594, 259.07086181640625, 1.0], [225.1249237060547, 153.03399658203125, 1.0], [192.19288635253906, 204.09890747070312, 1.0], [178.48715209960938, 241.0596923828125, 1.0], [168.43460083007812, 274.09124755859375, 1.0], [199.10586547851562, 127.10382843017578, 1.0], [151.75038146972656, 183.44395446777344, 1.0], [142.9774627685547, 226.4278106689453, 1.0], [143.45985412597656, 263.9148864746094, 1.0], [182.82933044433594, 109.7240982055664, 1.0], [131.2586669921875, 157.08035278320312, 1.0], [123.22692108154297, 193.723876953125, 1.0], [127.80075073242188, 226.75245666503906, 1.0], [175.10345458984375, 91.55805969238281, 1.0], [137.92767333984375, 120.12517547607422, 1.0], [127.95084381103516, 149.10324096679688, 1.0], [133.9738311767578, 180.5606231689453, 1.0]], "is_left": 0}