{"hand_pts": [[36.7197265625, 153.56448364257812, 1.0], [80.2925796508789, 171.83786010742188, 1.0], [100.68779754638672, 167.99435424804688, 1.0], [146.24620056152344, 178.97422790527344, 1.0], [182.40426635742188, 193.43751525878906, 1.0], [154.6221466064453, 139.55429077148438, 1.0], [204.5093536376953, 173.31289672851562, 1.0], [222.29022216796875, 205.78260803222656, 1.0], [213.25045776367188, 236.25570678710938, 1.0], [158.89144897460938, 140.96473693847656, 1.0], [217.20223999023438, 180.71902465820312, 1.0], [196.3074188232422, 211.2574462890625, 1.0], [177.8938446044922, 240.26602172851562, 1.0], [160.06211853027344, 148.09442138671875, 1.0], [227.30470275878906, 155.17970275878906, 1.0], [264.738037109375, 167.2125701904297, 1.0], [282.1209411621094, 197.14761352539062, 1.0], [153.6997528076172, 157.51226806640625, 1.0], [184.03536987304688, 190.97647094726562, 1.0], [185.137939453125, 220.19984436035156, 1.0], [158.0474853515625, 220.05279541015625, 1.0]], "is_left": 0}