{"hand_pts": [[267.8215637207031, 105.43639373779297, 1.0], [268.6560974121094, 163.8238983154297, 1.0], [292.20947265625, 201.2225341796875, 1.0], [283.5228576660156, 239.7152862548828, 1.0], [243.88278198242188, 253.82113647460938, 1.0], [234.35238647460938, 173.01535034179688, 1.0], [203.79759216308594, 199.12757873535156, 1.0], [188.8143310546875, 223.44137573242188, 1.0], [171.99822998046875, 247.15032958984375, 1.0], [207.76693725585938, 150.0432891845703, 1.0], [172.88844299316406, 208.80465698242188, 1.0], [188.02809143066406, 217.11813354492188, 1.0], [212.69154357910156, 188.68472290039062, 1.0], [187.22531127929688, 135.38983154296875, 1.0], [135.2295684814453, 140.60934448242188, 1.0], [112.71575164794922, 170.14566040039062, 1.0], [92.87044525146484, 200.05996704101562, 1.0], [172.1256866455078, 120.95476531982422, 1.0], [131.24082946777344, 128.02667236328125, 1.0], [105.95661926269531, 144.4675750732422, 1.0], [82.01363372802734, 165.84352111816406, 1.0]], "is_left": 0}