{"hand_pts": [[228.17703247070312, 315.1202392578125, 1.0], [168.21621704101562, 293.5735778808594, 1.0], [108.13182830810547, 279.1291809082031, 1.0], [92.52664184570312, 255.64376831054688, 1.0], [114.46000671386719, 241.3743896484375, 1.0], [159.0437774658203, 192.12242126464844, 1.0], [119.11451721191406, 170.307861328125, 1.0], [111.1363754272461, 191.85107421875, 1.0], [123.10493469238281, 226.0860595703125, 1.0], [204.38510131835938, 177.63345336914062, 1.0], [185.51051330566406, 129.24105834960938, 1.0], [171.65652465820312, 112.93631744384766, 1.0], [158.95704650878906, 97.96839141845703, 1.0], [239.74342346191406, 172.82244873046875, 1.0], [244.3473663330078, 146.74688720703125, 1.0], [240.1509552001953, 170.27655029296875, 1.0], [229.01882934570312, 213.55116271972656, 1.0], [272.9674377441406, 178.42752075195312, 1.0], [271.9228820800781, 133.64801025390625, 1.0], [253.71153259277344, 158.11485290527344, 1.0], [233.41665649414062, 187.182861328125, 1.0]], "is_left": 0}