{"hand_pts": [[275.3849182128906, 292.5111999511719, 1.0], [225.80105590820312, 276.1504211425781, 1.0], [164.57354736328125, 292.947998046875, 1.0], [112.14706420898438, 292.50390625, 1.0], [75.30908966064453, 267.3406066894531, 1.0], [149.7980499267578, 218.02146911621094, 1.0], [126.21438598632812, 179.12283325195312, 1.0], [158.43443298339844, 180.15853881835938, 1.0], [190.94805908203125, 201.4188690185547, 1.0], [174.9042510986328, 194.76806640625, 1.0], [156.9746551513672, 139.3218994140625, 1.0], [180.29751586914062, 138.75762939453125, 1.0], [207.3101043701172, 172.1763458251953, 1.0], [200.77386474609375, 177.56307983398438, 1.0], [198.18185424804688, 138.00701904296875, 1.0], [210.88299560546875, 131.61468505859375, 1.0], [232.39109802246094, 144.49920654296875, 1.0], [232.18255615234375, 167.58529663085938, 1.0], [229.78067016601562, 119.65770721435547, 1.0], [237.82305908203125, 113.64111328125, 1.0], [243.1855010986328, 148.89637756347656, 1.0]], "is_left": 0}