{"hand_pts": [[354.30902099609375, 163.23458862304688, 1.0], [306.08221435546875, 193.68064880371094, 1.0], [282.4732360839844, 226.84796142578125, 1.0], [226.89744567871094, 235.70050048828125, 1.0], [177.18716430664062, 219.20083618164062, 1.0], [223.62905883789062, 229.2106475830078, 1.0], [149.14979553222656, 234.6083221435547, 1.0], [146.61065673828125, 212.9497528076172, 1.0], [185.63458251953125, 197.16375732421875, 1.0], [213.8480682373047, 204.42401123046875, 1.0], [146.4173583984375, 181.36659240722656, 1.0], [139.49090576171875, 161.64344787597656, 1.0], [163.66818237304688, 146.31053161621094, 1.0], [207.72000122070312, 181.46482849121094, 1.0], [138.3709259033203, 158.28785705566406, 1.0], [174.1519012451172, 148.64801025390625, 1.0], [218.860595703125, 160.0768280029297, 1.0], [210.68202209472656, 157.09837341308594, 1.0], [150.98231506347656, 147.38926696777344, 1.0], [122.85999298095703, 140.60369873046875, 1.0], [149.95692443847656, 143.7796630859375, 1.0]], "is_left": 0}