{"hand_pts": [[172.7248077392578, 171.0281524658203, 1.0], [182.6452178955078, 214.24562072753906, 1.0], [183.70724487304688, 272.4689025878906, 1.0], [171.60336303710938, 303.3479919433594, 1.0], [160.6656951904297, 265.2006530761719, 1.0], [218.3591766357422, 178.23037719726562, 1.0], [208.83468627929688, 212.79583740234375, 1.0], [197.60324096679688, 240.17015075683594, 1.0], [173.80313110351562, 265.3398132324219, 1.0], [207.75669860839844, 149.0955047607422, 1.0], [226.27618408203125, 116.01309967041016, 1.0], [215.44972229003906, 140.42825317382812, 1.0], [198.96231079101562, 176.081787109375, 1.0], [196.0613555908203, 131.98306274414062, 1.0], [162.85556030273438, 155.9375457763672, 1.0], [142.25892639160156, 180.9088592529297, 1.0], [142.7036895751953, 192.13160705566406, 1.0], [182.43540954589844, 119.86689758300781, 1.0], [180.15782165527344, 100.45970916748047, 1.0], [172.37045288085938, 111.10879516601562, 1.0], [163.12925720214844, 141.3789520263672, 1.0]], "is_left": 0}