{"hand_pts": [[102.13871002197266, 320.39434814453125, 1.0], [100.89456176757812, 255.09486389160156, 1.0], [80.40774536132812, 212.6514434814453, 1.0], [105.81025695800781, 162.9646759033203, 1.0], [138.4453582763672, 142.9868621826172, 1.0], [172.88096618652344, 240.42160034179688, 1.0], [204.94908142089844, 185.18856811523438, 1.0], [201.94717407226562, 140.69046020507812, 1.0], [191.7864227294922, 108.2788314819336, 1.0], [196.8587646484375, 254.20956420898438, 1.0], [227.4720916748047, 176.045654296875, 1.0], [212.12242126464844, 130.7544403076172, 1.0], [176.62037658691406, 134.6072540283203, 1.0], [209.9639129638672, 259.625732421875, 1.0], [201.0718536376953, 179.78692626953125, 1.0], [173.9043731689453, 156.02392578125, 1.0], [150.99871826171875, 131.7383575439453, 1.0], [214.33132934570312, 266.0891418457031, 1.0], [244.29139709472656, 226.52870178222656, 1.0], [235.8859405517578, 190.9345703125, 1.0], [210.38137817382812, 165.82823181152344, 1.0]], "is_left": 0}