{"hand_pts": [[66.8964614868164, 178.5692138671875, 1.0], [83.69914245605469, 195.10585021972656, 1.0], [84.18218994140625, 248.9811248779297, 1.0], [120.03815460205078, 274.0313720703125, 1.0], [157.1012725830078, 292.66412353515625, 1.0], [174.33517456054688, 237.80618286132812, 1.0], [199.2389678955078, 214.9447021484375, 1.0], [173.1790771484375, 181.26541137695312, 1.0], [143.34751892089844, 151.10708618164062, 1.0], [193.63180541992188, 213.61244201660156, 1.0], [259.7004699707031, 228.00799560546875, 1.0], [252.41624450683594, 198.99522399902344, 1.0], [213.0915069580078, 173.68540954589844, 1.0], [203.7821807861328, 189.03854370117188, 1.0], [221.95484924316406, 131.6463165283203, 1.0], [186.20748901367188, 106.87422180175781, 1.0], [154.31468200683594, 79.97736358642578, 1.0], [204.22328186035156, 162.89797973632812, 1.0], [236.86444091796875, 137.37142944335938, 1.0], [219.02069091796875, 118.66639709472656, 1.0], [181.21092224121094, 127.235107421875, 1.0]], "is_left": 0}