{"hand_pts": [[163.7189178466797, 275.24267578125, 1.0], [185.9788818359375, 208.8525848388672, 1.0], [235.5695037841797, 163.4689483642578, 1.0], [216.67544555664062, 132.05857849121094, 1.0], [176.2502899169922, 129.09829711914062, 1.0], [261.30029296875, 199.66802978515625, 1.0], [277.48297119140625, 166.6568603515625, 1.0], [233.47715759277344, 141.88034057617188, 1.0], [187.68190002441406, 123.7890625, 1.0], [238.8807830810547, 226.38807678222656, 1.0], [236.9451446533203, 175.93942260742188, 1.0], [194.40814208984375, 141.99586486816406, 1.0], [166.01412963867188, 143.32931518554688, 1.0], [213.24876403808594, 243.4943389892578, 1.0], [154.0911102294922, 190.1636962890625, 1.0], [124.66051483154297, 186.61561584472656, 1.0], [95.72293090820312, 182.98365783691406, 1.0], [183.23468017578125, 260.12530517578125, 1.0], [127.59516906738281, 242.00885009765625, 1.0], [93.00421142578125, 230.9869384765625, 1.0], [79.90178680419922, 225.22198486328125, 1.0]], "is_left": 0}