{"hand_pts": [[46.836971282958984, 261.9888000488281, 1.0], [113.94620513916016, 264.88677978515625, 1.0], [162.04620361328125, 285.6122131347656, 1.0], [197.50608825683594, 277.3380126953125, 1.0], [227.5673370361328, 267.9276123046875, 1.0], [158.8771209716797, 182.44879150390625, 1.0], [203.97915649414062, 206.8723907470703, 1.0], [203.8536376953125, 242.2881622314453, 1.0], [207.0359344482422, 274.6013488769531, 1.0], [140.17674255371094, 165.73439025878906, 1.0], [196.64291381835938, 114.00313568115234, 1.0], [237.59707641601562, 91.61703491210938, 1.0], [276.0559997558594, 105.88720703125, 1.0], [126.4096450805664, 159.60208129882812, 1.0], [187.9170684814453, 121.8178482055664, 1.0], [224.27847290039062, 134.55938720703125, 1.0], [233.8918914794922, 173.71771240234375, 1.0], [109.10867309570312, 161.90542602539062, 1.0], [142.57623291015625, 130.8073272705078, 1.0], [165.04859924316406, 156.51766967773438, 1.0], [145.33892822265625, 184.15187072753906, 1.0]], "is_left": 0}