{"hand_pts": [[16.06778335571289, 225.06219482421875, 1.0], [70.57405090332031, 190.2863006591797, 1.0], [92.25402069091797, 165.7759552001953, 1.0], [136.62808227539062, 181.85342407226562, 1.0], [155.82180786132812, 208.46914672851562, 1.0], [134.8212127685547, 157.65084838867188, 1.0], [189.86679077148438, 128.8164520263672, 1.0], [225.80978393554688, 112.77197265625, 1.0], [255.6265106201172, 114.70272064208984, 1.0], [135.63841247558594, 183.1020965576172, 1.0], [211.1735076904297, 172.4910430908203, 1.0], [218.62246704101562, 183.48326110839844, 1.0], [223.7960662841797, 193.65328979492188, 1.0], [136.04412841796875, 205.916015625, 1.0], [206.49105834960938, 187.85653686523438, 1.0], [242.51231384277344, 184.34332275390625, 1.0], [265.74713134765625, 185.34756469726562, 1.0], [129.8436737060547, 229.93096923828125, 1.0], [170.11734008789062, 235.93093872070312, 1.0], [199.88809204101562, 233.70205688476562, 1.0], [224.33660888671875, 228.46322631835938, 1.0]], "is_left": 0}