{"hand_pts": [[74.02311706542969, 24.246217727661133, 1.0], [83.81991577148438, 74.43296813964844, 1.0], [72.06314086914062, 106.68224334716797, 1.0], [90.58662414550781, 142.6134796142578, 1.0], [126.29655456542969, 176.33673095703125, 1.0], [111.96015167236328, 180.9779052734375, 1.0], [141.3067626953125, 244.5482940673828, 1.0], [174.49569702148438, 251.27891540527344, 1.0], [207.36936950683594, 246.9710693359375, 1.0], [141.0283203125, 169.81930541992188, 1.0], [198.4037322998047, 227.09739685058594, 1.0], [230.80616760253906, 229.7904815673828, 1.0], [247.67416381835938, 206.55740356445312, 1.0], [165.83094787597656, 154.64627075195312, 1.0], [225.93701171875, 208.54066467285156, 1.0], [249.8872528076172, 198.21185302734375, 1.0], [265.8382568359375, 178.9579620361328, 1.0], [185.36122131347656, 130.74134826660156, 1.0], [230.23703002929688, 166.38731384277344, 1.0], [255.50857543945312, 173.5693817138672, 1.0], [267.5564270019531, 165.9516143798828, 1.0]], "is_left": 0}