{"hand_pts": [[52.0675048828125, 158.2275390625, 1.0], [118.26600646972656, 156.7986297607422, 1.0], [160.26112365722656, 166.11447143554688, 1.0], [195.12181091308594, 197.49256896972656, 1.0], [189.4210205078125, 216.72964477539062, 1.0], [168.10733032226562, 124.07398986816406, 1.0], [224.375, 145.92926025390625, 1.0], [254.21376037597656, 168.17318725585938, 1.0], [280.5697937011719, 191.62673950195312, 1.0], [147.20225524902344, 140.0517120361328, 1.0], [210.27577209472656, 174.77133178710938, 1.0], [235.4424285888672, 206.46665954589844, 1.0], [230.94004821777344, 229.86476135253906, 1.0], [130.8592987060547, 158.18463134765625, 1.0], [186.6694793701172, 196.39990234375, 1.0], [182.18350219726562, 217.7363739013672, 1.0], [152.70916748046875, 200.87632751464844, 1.0], [110.84658813476562, 177.65817260742188, 1.0], [137.74868774414062, 183.4220428466797, 1.0], [161.91522216796875, 201.0880584716797, 1.0], [173.27993774414062, 214.0222930908203, 1.0]], "is_left": 0}