{"hand_pts": [[76.05506134033203, 303.6952819824219, 1.0], [116.9717025756836, 270.27435302734375, 1.0], [153.6082763671875, 275.28582763671875, 1.0], [199.88487243652344, 266.7087707519531, 1.0], [238.99758911132812, 250.09274291992188, 1.0], [127.70853424072266, 177.0763397216797, 1.0], [160.90386962890625, 122.8145523071289, 1.0], [189.71099853515625, 94.51883697509766, 1.0], [226.6096954345703, 101.41921997070312, 1.0], [128.42965698242188, 179.62640380859375, 1.0], [154.9371337890625, 107.23454284667969, 1.0], [195.74635314941406, 90.103759765625, 1.0], [235.25424194335938, 94.12840270996094, 1.0], [133.0919952392578, 187.99636840820312, 1.0], [202.48895263671875, 189.17938232421875, 1.0], [233.57003784179688, 212.62754821777344, 1.0], [263.042236328125, 235.92251586914062, 1.0], [135.95062255859375, 204.7899169921875, 1.0], [179.58187866210938, 194.55184936523438, 1.0], [190.75770568847656, 220.16114807128906, 1.0], [180.3041534423828, 244.55722045898438, 1.0]], "is_left": 0}