{"hand_pts": [[39.522525787353516, 137.86805725097656, 1.0], [110.03235626220703, 129.2899932861328, 1.0], [159.18089294433594, 100.9856185913086, 1.0], [201.94378662109375, 125.9911117553711, 1.0], [235.82296752929688, 157.49171447753906, 1.0], [171.37132263183594, 116.2342300415039, 1.0], [229.09332275390625, 144.18446350097656, 1.0], [251.29159545898438, 173.09478759765625, 1.0], [271.28460693359375, 201.7252655029297, 1.0], [149.29986572265625, 144.67105102539062, 1.0], [217.3310089111328, 178.65646362304688, 1.0], [222.2664337158203, 200.14981079101562, 1.0], [194.6119384765625, 201.440673828125, 1.0], [131.27720642089844, 171.1304473876953, 1.0], [169.91050720214844, 224.48367309570312, 1.0], [168.67745971679688, 244.3925323486328, 1.0], [162.37844848632812, 258.85186767578125, 1.0], [108.7041244506836, 196.15293884277344, 1.0], [142.8818359375, 221.38121032714844, 1.0], [169.04385375976562, 241.03221130371094, 1.0], [196.17539978027344, 258.4344177246094, 1.0]], "is_left": 0}