{"hand_pts": [[140.84422302246094, 347.3871765136719, 1.0], [198.32432556152344, 302.5653991699219, 1.0], [255.56361389160156, 284.6656799316406, 1.0], [279.2595520019531, 245.81011962890625, 1.0], [259.8815002441406, 207.0875244140625, 1.0], [214.7972412109375, 208.82325744628906, 1.0], [237.2738800048828, 154.4092254638672, 1.0], [236.799560546875, 154.8184356689453, 1.0], [227.15814208984375, 174.89527893066406, 1.0], [172.010498046875, 204.96142578125, 1.0], [187.39163208007812, 138.2678985595703, 1.0], [194.581298828125, 139.12142944335938, 1.0], [197.91156005859375, 166.47567749023438, 1.0], [138.2445831298828, 205.73960876464844, 1.0], [143.55921936035156, 131.1746368408203, 1.0], [151.23861694335938, 119.47062683105469, 1.0], [160.05645751953125, 130.12741088867188, 1.0], [105.91439819335938, 215.6151885986328, 1.0], [94.71524047851562, 181.61306762695312, 1.0], [96.62382507324219, 180.31297302246094, 1.0], [107.6377182006836, 196.80711364746094, 1.0]], "is_left": 0}