{"hand_pts": [[251.95358276367188, 189.0940704345703, 1.0], [226.6508331298828, 228.89120483398438, 1.0], [235.3303680419922, 278.3266906738281, 1.0], [199.05728149414062, 295.2190856933594, 1.0], [150.35438537597656, 264.4285888671875, 1.0], [256.7259216308594, 206.01715087890625, 1.0], [196.15379333496094, 231.770751953125, 1.0], [154.7146759033203, 245.8604736328125, 1.0], [116.16840362548828, 257.1089782714844, 1.0], [249.5965576171875, 165.85121154785156, 1.0], [187.51141357421875, 183.69334411621094, 1.0], [139.03147888183594, 203.2886199951172, 1.0], [117.72417449951172, 220.25723266601562, 1.0], [236.55162048339844, 136.48973083496094, 1.0], [213.1146697998047, 95.89234924316406, 1.0], [170.31263732910156, 114.19792175292969, 1.0], [134.55918884277344, 137.01963806152344, 1.0], [222.17257690429688, 112.0606918334961, 1.0], [189.11758422851562, 98.123046875, 1.0], [157.49412536621094, 96.19133758544922, 1.0], [119.81732940673828, 106.36853790283203, 1.0]], "is_left": 0}