{"hand_pts": [[115.93265533447266, 191.38754272460938, 1.0], [118.3277816772461, 234.67808532714844, 1.0], [119.6684341430664, 279.65380859375, 1.0], [124.3724365234375, 297.6783142089844, 1.0], [130.93898010253906, 297.6100769042969, 1.0], [194.11778259277344, 213.49281311035156, 1.0], [228.14393615722656, 225.08737182617188, 1.0], [233.3636474609375, 232.23394775390625, 1.0], [237.73635864257812, 237.84356689453125, 1.0], [188.14682006835938, 171.42156982421875, 1.0], [225.30564880371094, 171.7624969482422, 1.0], [223.64500427246094, 180.49996948242188, 1.0], [218.83949279785156, 189.84974670410156, 1.0], [174.81227111816406, 140.86090087890625, 1.0], [205.21339416503906, 128.9996337890625, 1.0], [198.69204711914062, 132.3450469970703, 1.0], [186.57681274414062, 138.5798797607422, 1.0], [155.62991333007812, 115.43270111083984, 1.0], [165.2400665283203, 98.71150970458984, 1.0], [159.2080535888672, 96.3749008178711, 1.0], [144.99024963378906, 103.1042251586914, 1.0]], "is_left": 0}