{"hand_pts": [[309.93206787109375, 295.5086364746094, 1.0], [260.4230041503906, 287.7006530761719, 1.0], [212.24774169921875, 297.3867492675781, 1.0], [169.66824340820312, 277.4993591308594, 1.0], [146.944580078125, 240.99606323242188, 1.0], [186.46726989746094, 230.1673583984375, 1.0], [137.0734405517578, 191.4652557373047, 1.0], [142.8468780517578, 180.8744659423828, 1.0], [175.95376586914062, 194.67449951171875, 1.0], [206.9938507080078, 208.05963134765625, 1.0], [146.42916870117188, 158.5259552001953, 1.0], [118.16117095947266, 132.8263702392578, 1.0], [86.80734252929688, 105.68738555908203, 1.0], [227.6985321044922, 193.10134887695312, 1.0], [174.64422607421875, 146.94650268554688, 1.0], [151.18353271484375, 125.51195526123047, 1.0], [160.1026153564453, 133.82684326171875, 1.0], [253.73141479492188, 185.33547973632812, 1.0], [249.7593536376953, 148.87547302246094, 1.0], [250.1221923828125, 129.0972900390625, 1.0], [254.92945861816406, 125.38138580322266, 1.0]], "is_left": 0}