{"hand_pts": [[280.1817321777344, 290.0215759277344, 1.0], [224.4091796875, 228.84661865234375, 1.0], [173.31072998046875, 190.92855834960938, 1.0], [160.69931030273438, 161.21011352539062, 1.0], [195.02207946777344, 175.6560821533203, 1.0], [150.40940856933594, 229.34788513183594, 1.0], [130.0958251953125, 165.25755310058594, 1.0], [130.64102172851562, 120.03570556640625, 1.0], [159.98788452148438, 91.02185821533203, 1.0], [183.56622314453125, 243.93878173828125, 1.0], [126.45410919189453, 216.78091430664062, 1.0], [107.57537078857422, 172.5984344482422, 1.0], [89.35918426513672, 131.53013610839844, 1.0], [215.1131591796875, 249.52752685546875, 1.0], [193.4250946044922, 212.52316284179688, 1.0], [191.37608337402344, 171.8355712890625, 1.0], [194.52081298828125, 127.33833312988281, 1.0], [251.03302001953125, 254.98040771484375, 1.0], [263.4106750488281, 209.00856018066406, 1.0], [278.0148010253906, 179.2776336669922, 1.0], [288.8697509765625, 161.30397033691406, 1.0]], "is_left": 0}