{"hand_pts": [[35.3494987487793, 195.3997344970703, 1.0], [92.45742797851562, 171.26792907714844, 1.0], [123.1742172241211, 136.86924743652344, 1.0], [166.01681518554688, 109.44391632080078, 1.0], [192.3961639404297, 107.86864471435547, 1.0], [160.74606323242188, 217.49124145507812, 1.0], [214.3313751220703, 183.40689086914062, 1.0], [222.2096710205078, 150.2220458984375, 1.0], [196.47779846191406, 130.18113708496094, 1.0], [152.06373596191406, 231.86029052734375, 1.0], [223.0346221923828, 242.87747192382812, 1.0], [263.02325439453125, 223.48660278320312, 1.0], [286.66693115234375, 192.47222900390625, 1.0], [144.4482421875, 236.89183044433594, 1.0], [205.3088836669922, 207.13552856445312, 1.0], [189.3956298828125, 177.42562866210938, 1.0], [170.39578247070312, 150.52005004882812, 1.0], [131.01353454589844, 237.18923950195312, 1.0], [165.56039428710938, 217.33685302734375, 1.0], [177.62155151367188, 192.4746856689453, 1.0], [181.277099609375, 163.4238739013672, 1.0]], "is_left": 0}