{"hand_pts": [[28.86387825012207, 247.472900390625, 1.0], [58.532779693603516, 194.87139892578125, 1.0], [73.94318389892578, 148.1001739501953, 1.0], [113.32433319091797, 123.61402130126953, 1.0], [157.10044860839844, 126.98384094238281, 1.0], [140.0238037109375, 185.64036560058594, 1.0], [185.26937866210938, 150.492919921875, 1.0], [198.1580810546875, 130.9547882080078, 1.0], [194.99745178222656, 122.58963775634766, 1.0], [151.14588928222656, 214.8033447265625, 1.0], [210.5393829345703, 188.9046630859375, 1.0], [222.977294921875, 168.7693328857422, 1.0], [242.6013946533203, 150.91160583496094, 1.0], [156.2261505126953, 235.9026641845703, 1.0], [210.52215576171875, 211.15940856933594, 1.0], [227.39593505859375, 193.33323669433594, 1.0], [244.89747619628906, 176.53622436523438, 1.0], [152.92845153808594, 256.0494689941406, 1.0], [196.5399169921875, 247.623046875, 1.0], [224.66883850097656, 239.61526489257812, 1.0], [253.56591796875, 229.41806030273438, 1.0]], "is_left": 0}