{"hand_pts": [[231.381103515625, 248.0831298828125, 1.0], [252.08909606933594, 221.8800811767578, 1.0], [290.9115905761719, 224.62742614746094, 1.0], [300.5942687988281, 231.86093139648438, 1.0], [261.9246826171875, 236.93551635742188, 1.0], [211.81748962402344, 157.25860595703125, 1.0], [207.14088439941406, 157.55076599121094, 1.0], [209.77438354492188, 172.39059448242188, 1.0], [219.8176727294922, 202.33395385742188, 1.0], [183.53836059570312, 170.0402374267578, 1.0], [157.73721313476562, 125.19466400146484, 1.0], [165.86495971679688, 134.42616271972656, 1.0], [170.96641540527344, 139.3068389892578, 1.0], [164.57073974609375, 185.013916015625, 1.0], [124.53787994384766, 155.5823516845703, 1.0], [105.49302673339844, 143.09857177734375, 1.0], [90.41744232177734, 133.85626220703125, 1.0], [151.27639770507812, 204.61856079101562, 1.0], [130.2273712158203, 215.6769256591797, 1.0], [131.89483642578125, 232.54519653320312, 1.0], [159.01913452148438, 247.35018920898438, 1.0]], "is_left": 0}