{"hand_pts": [[174.8348846435547, 50.88258743286133, 1.0], [175.16275024414062, 73.36978912353516, 1.0], [186.48178100585938, 80.17860412597656, 1.0], [201.78163146972656, 124.09336853027344, 1.0], [209.32144165039062, 166.61997985839844, 1.0], [119.14441680908203, 137.01202392578125, 1.0], [159.22796630859375, 175.1909942626953, 1.0], [200.26242065429688, 169.6146240234375, 1.0], [239.82156372070312, 165.39979553222656, 1.0], [129.7188262939453, 154.7020721435547, 1.0], [184.0318145751953, 185.5899200439453, 1.0], [223.50173950195312, 190.3642120361328, 1.0], [259.34124755859375, 198.55914306640625, 1.0], [145.23178100585938, 166.84788513183594, 1.0], [137.7647705078125, 232.45440673828125, 1.0], [172.34169006347656, 241.94140625, 1.0], [205.6202850341797, 252.79153442382812, 1.0], [164.19349670410156, 171.5096893310547, 1.0], [171.11521911621094, 217.93504333496094, 1.0], [186.23214721679688, 247.1598663330078, 1.0], [208.37435913085938, 268.36907958984375, 1.0]], "is_left": 0}