{"hand_pts": [[106.28289031982422, 316.72918701171875, 1.0], [132.89479064941406, 238.35206604003906, 1.0], [168.5392608642578, 194.91162109375, 1.0], [212.92742919921875, 159.3193817138672, 1.0], [260.1541748046875, 142.57362365722656, 1.0], [102.36001586914062, 171.78988647460938, 1.0], [144.95693969726562, 114.60828399658203, 1.0], [190.95248413085938, 116.9409408569336, 1.0], [226.31605529785156, 137.2710723876953, 1.0], [107.85043334960938, 206.15025329589844, 1.0], [185.2432403564453, 161.1249237060547, 1.0], [233.23789978027344, 145.03700256347656, 1.0], [247.17779541015625, 168.3408966064453, 1.0], [119.64435577392578, 235.1342010498047, 1.0], [166.545166015625, 198.74464416503906, 1.0], [212.3521270751953, 192.83998107910156, 1.0], [213.20709228515625, 206.0999298095703, 1.0], [132.97970581054688, 268.21502685546875, 1.0], [167.94993591308594, 235.909423828125, 1.0], [200.10289001464844, 214.13674926757812, 1.0], [235.1013641357422, 190.17820739746094, 1.0]], "is_left": 0}