{"hand_pts": [[54.14065933227539, 123.41270446777344, 1.0], [125.53804779052734, 112.96417999267578, 1.0], [152.31246948242188, 85.45890045166016, 1.0], [192.36517333984375, 83.6046142578125, 1.0], [231.32687377929688, 87.222900390625, 1.0], [145.0499267578125, 156.72116088867188, 1.0], [191.9630889892578, 165.2991485595703, 1.0], [233.07687377929688, 172.94198608398438, 1.0], [268.34185791015625, 181.0652618408203, 1.0], [125.216064453125, 188.55410766601562, 1.0], [205.7088623046875, 200.3384552001953, 1.0], [245.5712890625, 192.95816040039062, 1.0], [240.41639709472656, 169.95172119140625, 1.0], [113.99203491210938, 211.54833984375, 1.0], [184.0377960205078, 234.8622283935547, 1.0], [214.3846893310547, 230.22506713867188, 1.0], [227.82000732421875, 212.75486755371094, 1.0], [101.57825469970703, 227.93194580078125, 1.0], [130.1537322998047, 264.038330078125, 1.0], [165.2206268310547, 267.84234619140625, 1.0], [167.73977661132812, 238.27537536621094, 1.0]], "is_left": 0,"label":5}