{"hand_pts": [[151.17703247070312, 341.6158142089844, 1.0], [133.451171875, 294.99298095703125, 1.0], [120.47359466552734, 267.03680419921875, 1.0], [135.55825805664062, 216.08766174316406, 1.0], [163.54348754882812, 171.84115600585938, 1.0], [212.96136474609375, 235.57357788085938, 1.0], [230.85919189453125, 176.7158203125, 1.0], [192.4372100830078, 149.86822509765625, 1.0], [159.19476318359375, 119.1340103149414, 1.0], [228.01766967773438, 227.14259338378906, 1.0], [188.2095489501953, 151.4180145263672, 1.0], [142.41873168945312, 123.25408935546875, 1.0], [95.49254608154297, 104.99321746826172, 1.0], [231.07826232910156, 219.90316772460938, 1.0], [260.8954772949219, 146.46022033691406, 1.0], [216.76046752929688, 129.64895629882812, 1.0], [176.612060546875, 150.44049072265625, 1.0], [226.4908905029297, 219.38572692871094, 1.0], [203.33868408203125, 171.83897399902344, 1.0], [168.9822235107422, 187.92247009277344, 1.0], [178.6731414794922, 224.83154296875, 1.0]], "is_left": 0}