{"hand_pts": [[123.46519470214844, 229.69715881347656, 1.0], [103.14249420166016, 194.33462524414062, 1.0], [71.90129852294922, 153.5396270751953, 1.0], [82.02703857421875, 163.6290740966797, 1.0], [111.53727722167969, 199.34217834472656, 1.0], [179.95787048339844, 112.7869873046875, 1.0], [191.222412109375, 121.5783920288086, 1.0], [166.7966766357422, 162.46420288085938, 1.0], [143.07369995117188, 190.2913360595703, 1.0], [219.37539672851562, 131.16506958007812, 1.0], [219.1528778076172, 157.979248046875, 1.0], [176.09349060058594, 196.0363311767578, 1.0], [145.79454040527344, 209.739013671875, 1.0], [244.70899963378906, 152.77586364746094, 1.0], [259.34527587890625, 188.82627868652344, 1.0], [221.174560546875, 224.44371032714844, 1.0], [189.76119995117188, 224.46905517578125, 1.0], [260.33544921875, 180.39573669433594, 1.0], [267.9259948730469, 214.47813415527344, 1.0], [235.18740844726562, 242.49835205078125, 1.0], [203.50523376464844, 236.71017456054688, 1.0]], "is_left": 0}