{"hand_pts": [[338.31439208984375, 185.29835510253906, 1.0], [260.0194091796875, 146.81678771972656, 1.0], [202.09535217285156, 111.0926742553711, 1.0], [161.8435821533203, 88.58436584472656, 1.0], [170.28933715820312, 96.68321228027344, 1.0], [162.94668579101562, 207.7003173828125, 1.0], [110.94861602783203, 179.9746856689453, 1.0], [131.01121520996094, 144.33349609375, 1.0], [173.02273559570312, 120.44012451171875, 1.0], [187.7860107421875, 238.30433654785156, 1.0], [128.0695343017578, 224.57125854492188, 1.0], [138.886474609375, 179.2018280029297, 1.0], [174.70848083496094, 140.4928436279297, 1.0], [211.77621459960938, 255.42352294921875, 1.0], [160.34829711914062, 246.25747680664062, 1.0], [172.84939575195312, 204.32858276367188, 1.0], [205.0184783935547, 170.62033081054688, 1.0], [243.68605041503906, 265.5809020996094, 1.0], [224.61314392089844, 256.6141662597656, 1.0], [232.4156036376953, 220.66490173339844, 1.0], [252.4671630859375, 192.27784729003906, 1.0]], "is_left": 0}