{"hand_pts": [[216.77169799804688, 161.4192352294922, 1.0], [250.10926818847656, 199.14865112304688, 1.0], [293.90875244140625, 237.1077423095703, 1.0], [303.0709228515625, 241.0589141845703, 1.0], [270.5942687988281, 208.9510498046875, 1.0], [188.6308135986328, 230.67929077148438, 1.0], [206.4829559326172, 215.80239868164062, 1.0], [219.03671264648438, 203.7787628173828, 1.0], [238.38719177246094, 184.94151306152344, 1.0], [150.6733856201172, 200.35838317871094, 1.0], [111.34502410888672, 210.2159423828125, 1.0], [148.04739379882812, 198.30667114257812, 1.0], [182.64305114746094, 191.1859588623047, 1.0], [126.08639526367188, 172.8206329345703, 1.0], [137.90679931640625, 176.7520294189453, 1.0], [175.2740478515625, 167.7892303466797, 1.0], [195.6548309326172, 162.64308166503906, 1.0], [109.12784576416016, 144.01341247558594, 1.0], [103.07617950439453, 121.46844482421875, 1.0], [118.76583862304688, 108.03933715820312, 1.0], [153.14601135253906, 102.82774353027344, 1.0]], "is_left": 0}