{"hand_pts": [[32.212093353271484, 141.0585174560547, 1.0], [67.72727966308594, 169.81585693359375, 1.0], [78.55632019042969, 214.82095336914062, 1.0], [108.2970199584961, 243.55877685546875, 1.0], [148.53819274902344, 250.48666381835938, 1.0], [142.71047973632812, 208.39071655273438, 1.0], [199.80860900878906, 223.21176147460938, 1.0], [202.5838165283203, 201.37460327148438, 1.0], [202.1338653564453, 178.69564819335938, 1.0], [151.4831085205078, 184.86769104003906, 1.0], [214.17684936523438, 212.99578857421875, 1.0], [247.57431030273438, 212.82310485839844, 1.0], [257.8524169921875, 200.9876708984375, 1.0], [156.01902770996094, 162.900146484375, 1.0], [218.2606964111328, 163.4985809326172, 1.0], [241.5098114013672, 155.72850036621094, 1.0], [252.30064392089844, 144.93228149414062, 1.0], [152.91659545898438, 139.39366149902344, 1.0], [196.32281494140625, 130.94259643554688, 1.0], [209.73648071289062, 125.00543212890625, 1.0], [209.97030639648438, 122.49944305419922, 1.0]], "is_left": 0}