{"hand_pts": [[281.6781005859375, 154.38568115234375, 1.0], [227.94473266601562, 119.4308853149414, 1.0], [202.29244995117188, 71.95767211914062, 1.0], [180.55462646484375, 72.37133026123047, 1.0], [165.94020080566406, 95.87167358398438, 1.0], [245.7484893798828, 144.6699981689453, 1.0], [185.99151611328125, 153.54275512695312, 1.0], [140.9508056640625, 157.8454132080078, 1.0], [103.77494812011719, 162.00489807128906, 1.0], [257.1242370605469, 189.23638916015625, 1.0], [183.0365753173828, 206.14759826660156, 1.0], [128.3566436767578, 204.69952392578125, 1.0], [77.17530059814453, 203.41558837890625, 1.0], [259.0814514160156, 223.25738525390625, 1.0], [201.09019470214844, 237.05169677734375, 1.0], [152.70733642578125, 231.81106567382812, 1.0], [142.7287139892578, 213.0168914794922, 1.0], [259.6148376464844, 251.9607696533203, 1.0], [204.41041564941406, 265.7584533691406, 1.0], [170.48626708984375, 254.77764892578125, 1.0], [174.5956573486328, 226.6966552734375, 1.0]], "is_left": 0}