{"hand_pts": [[47.639137268066406, 269.0968933105469, 1.0], [86.32061767578125, 224.06455993652344, 1.0], [75.84092712402344, 171.02085876464844, 1.0], [93.44991302490234, 123.62870788574219, 1.0], [139.49534606933594, 126.96115112304688, 1.0], [131.57162475585938, 149.60281372070312, 1.0], [172.11849975585938, 101.35014343261719, 1.0], [211.18460083007812, 81.85120391845703, 1.0], [239.9052276611328, 98.4840087890625, 1.0], [142.09605407714844, 169.7705841064453, 1.0], [206.87442016601562, 188.98854064941406, 1.0], [240.2843475341797, 205.96302795410156, 1.0], [268.1180725097656, 224.21168518066406, 1.0], [151.74732971191406, 190.86679077148438, 1.0], [212.36996459960938, 204.18731689453125, 1.0], [238.74058532714844, 219.10086059570312, 1.0], [262.8790588378906, 234.29067993164062, 1.0], [155.7877960205078, 217.39659118652344, 1.0], [193.94720458984375, 244.5018768310547, 1.0], [212.40184020996094, 267.558349609375, 1.0], [209.90550231933594, 291.9588317871094, 1.0]], "is_left": 0}