{"hand_pts": [[317.5547790527344, 154.7327423095703, 1.0], [256.2895812988281, 147.02084350585938, 1.0], [212.31610107421875, 161.5670623779297, 1.0], [173.7706298828125, 161.68185424804688, 1.0], [161.8583221435547, 153.58436584472656, 1.0], [200.18862915039062, 196.94361877441406, 1.0], [150.3624725341797, 221.66201782226562, 1.0], [120.7727279663086, 214.3563690185547, 1.0], [91.724609375, 210.0434112548828, 1.0], [220.18603515625, 200.3556671142578, 1.0], [157.00265502929688, 201.3675079345703, 1.0], [119.34893035888672, 194.7178497314453, 1.0], [83.33879852294922, 196.76455688476562, 1.0], [237.22036743164062, 197.06951904296875, 1.0], [198.13697814941406, 203.2827911376953, 1.0], [180.4418182373047, 179.48638916015625, 1.0], [188.3963623046875, 155.7187042236328, 1.0], [258.5830993652344, 189.34463500976562, 1.0], [227.42738342285156, 179.3271026611328, 1.0], [216.54098510742188, 155.51803588867188, 1.0], [229.41014099121094, 139.6887664794922, 1.0]], "is_left": 0}