{"hand_pts": [[45.88469696044922, 186.57972717285156, 1.0], [109.79971313476562, 165.34095764160156, 1.0], [159.03494262695312, 139.8789520263672, 1.0], [206.93814086914062, 143.2559814453125, 1.0], [235.8185272216797, 164.5067901611328, 1.0], [131.24960327148438, 134.99179077148438, 1.0], [186.6985626220703, 126.61455535888672, 1.0], [229.54434204101562, 140.04718017578125, 1.0], [268.40850830078125, 159.51963806152344, 1.0], [116.50878143310547, 162.4773712158203, 1.0], [183.03988647460938, 165.72572326660156, 1.0], [231.25010681152344, 182.49765014648438, 1.0], [267.72491455078125, 201.51707458496094, 1.0], [108.72763061523438, 188.3568572998047, 1.0], [171.99679565429688, 203.0384063720703, 1.0], [214.2977294921875, 220.33921813964844, 1.0], [250.1602325439453, 237.18495178222656, 1.0], [99.20201110839844, 214.6170196533203, 1.0], [139.05148315429688, 235.0747833251953, 1.0], [173.65003967285156, 250.65687561035156, 1.0], [204.6746826171875, 260.5753173828125, 1.0]], "is_left": 0}