{"hand_pts": [[163.66409301757812, 223.0632781982422, 1.0], [131.52520751953125, 235.11074829101562, 1.0], [83.84004211425781, 248.42630004882812, 1.0], [101.16409301757812, 247.07077026367188, 1.0], [151.16519165039062, 235.9068145751953, 1.0], [105.59022521972656, 149.44412231445312, 1.0], [130.6311798095703, 163.66400146484375, 1.0], [160.18807983398438, 204.0607452392578, 1.0], [178.94569396972656, 237.4871368408203, 1.0], [146.0189208984375, 132.18373107910156, 1.0], [169.265625, 130.08575439453125, 1.0], [191.87693786621094, 175.40956115722656, 1.0], [203.1544952392578, 221.8152313232422, 1.0], [181.94056701660156, 127.13883209228516, 1.0], [230.87301635742188, 142.07733154296875, 1.0], [246.7620391845703, 187.5938720703125, 1.0], [244.12107849121094, 225.68927001953125, 1.0], [216.92129516601562, 130.56619262695312, 1.0], [255.29246520996094, 132.13868713378906, 1.0], [273.0555725097656, 162.32872009277344, 1.0], [267.468017578125, 200.81253051757812, 1.0]], "is_left": 0}