{"hand_pts": [[24.483402252197266, 223.49014282226562, 1.0], [85.60991668701172, 221.58139038085938, 1.0], [122.46659088134766, 241.4147186279297, 1.0], [171.27349853515625, 255.65859985351562, 1.0], [196.32627868652344, 253.43756103515625, 1.0], [143.3560028076172, 148.62380981445312, 1.0], [197.6339569091797, 118.07686614990234, 1.0], [238.1270751953125, 117.0539779663086, 1.0], [273.4355163574219, 133.3803253173828, 1.0], [136.6251983642578, 147.884033203125, 1.0], [211.89390563964844, 162.25096130371094, 1.0], [225.37232971191406, 205.54405212402344, 1.0], [236.52862548828125, 246.16224670410156, 1.0], [131.7161102294922, 154.97230529785156, 1.0], [204.37625122070312, 164.09878540039062, 1.0], [221.80905151367188, 200.00091552734375, 1.0], [212.8490753173828, 236.36463928222656, 1.0], [121.23489379882812, 168.42164611816406, 1.0], [160.6882781982422, 153.67599487304688, 1.0], [191.08822631835938, 169.73013305664062, 1.0], [190.6150665283203, 195.85440063476562, 1.0]], "is_left": 0}