{"hand_pts": [[321.6173400878906, 334.4281921386719, 1.0], [266.0608215332031, 283.46893310546875, 1.0], [241.3160858154297, 244.29983520507812, 1.0], [193.7935028076172, 201.32730102539062, 1.0], [149.84573364257812, 179.3365936279297, 1.0], [254.22434997558594, 165.0626220703125, 1.0], [174.9329833984375, 142.95538330078125, 1.0], [130.48837280273438, 170.2273712158203, 1.0], [108.11568450927734, 215.33786010742188, 1.0], [254.34181213378906, 176.01602172851562, 1.0], [162.40277099609375, 157.15382385253906, 1.0], [158.75839233398438, 213.06056213378906, 1.0], [180.89695739746094, 263.5007629394531, 1.0], [248.78530883789062, 192.1428680419922, 1.0], [191.17642211914062, 123.46209716796875, 1.0], [145.51382446289062, 97.39405059814453, 1.0], [104.06880950927734, 116.73968505859375, 1.0], [245.36468505859375, 217.9337615966797, 1.0], [204.4136505126953, 179.7001953125, 1.0], [163.2089385986328, 179.87527465820312, 1.0], [161.4838104248047, 209.64913940429688, 1.0]], "is_left": 0}