{"hand_pts": [[163.72496032714844, 194.9462432861328, 1.0], [163.3341827392578, 151.60183715820312, 1.0], [185.4570770263672, 96.87501525878906, 1.0], [219.52777099609375, 73.63567352294922, 1.0], [252.62417602539062, 75.7328872680664, 1.0], [107.77410125732422, 185.84820556640625, 1.0], [132.77264404296875, 151.7295379638672, 1.0], [170.4545135498047, 127.32968139648438, 1.0], [209.40420532226562, 108.09414672851562, 1.0], [119.0506820678711, 225.24246215820312, 1.0], [151.98333740234375, 215.20582580566406, 1.0], [186.41250610351562, 197.62745666503906, 1.0], [223.49249267578125, 176.5659637451172, 1.0], [135.26795959472656, 252.14865112304688, 1.0], [155.95079040527344, 243.43882751464844, 1.0], [190.0652313232422, 220.30587768554688, 1.0], [222.46371459960938, 198.93727111816406, 1.0], [155.04806518554688, 273.292724609375, 1.0], [200.5906524658203, 258.08343505859375, 1.0], [233.20571899414062, 239.94375610351562, 1.0], [257.3746032714844, 213.36050415039062, 1.0]], "is_left": 0}