{"hand_pts": [[241.87062072753906, 84.326416015625, 1.0], [258.29681396484375, 146.26649475097656, 1.0], [287.9546203613281, 200.8277587890625, 1.0], [296.3211975097656, 235.64955139160156, 1.0], [299.67071533203125, 262.4687805175781, 1.0], [187.0956268310547, 212.6050567626953, 1.0], [153.80331420898438, 262.2709045410156, 1.0], [143.08697509765625, 279.387451171875, 1.0], [146.46510314941406, 275.6377258300781, 1.0], [157.31712341308594, 180.26434326171875, 1.0], [172.60540771484375, 197.3519287109375, 1.0], [210.42495727539062, 173.22987365722656, 1.0], [245.51544189453125, 151.70431518554688, 1.0], [140.1864776611328, 151.62200927734375, 1.0], [137.15060424804688, 159.4779052734375, 1.0], [170.81324768066406, 141.3341827392578, 1.0], [193.4346160888672, 129.521484375, 1.0], [131.3468017578125, 119.9615707397461, 1.0], [106.96078491210938, 125.22982025146484, 1.0], [109.26395416259766, 127.16763305664062, 1.0], [136.0611572265625, 127.73884582519531, 1.0]], "is_left": 0}