{"hand_pts": [[39.0430908203125, 261.53643798828125, 1.0], [115.08041381835938, 264.7782287597656, 1.0], [172.9739227294922, 285.74578857421875, 1.0], [219.23074340820312, 265.0198059082031, 1.0], [232.15887451171875, 223.21852111816406, 1.0], [183.14453125, 236.04246520996094, 1.0], [240.46563720703125, 208.0625457763672, 1.0], [254.0215606689453, 190.54644775390625, 1.0], [244.42288208007812, 180.86386108398438, 1.0], [155.4747772216797, 207.68663024902344, 1.0], [213.40538024902344, 165.25381469726562, 1.0], [223.6300506591797, 154.5731964111328, 1.0], [216.00576782226562, 157.72122192382812, 1.0], [132.02035522460938, 184.9702606201172, 1.0], [179.1055145263672, 138.2050018310547, 1.0], [181.83383178710938, 132.68350219726562, 1.0], [168.71774291992188, 145.68255615234375, 1.0], [103.74790954589844, 167.0004425048828, 1.0], [128.26292419433594, 129.0570526123047, 1.0], [139.53785705566406, 120.65257263183594, 1.0], [137.30189514160156, 138.48336791992188, 1.0]], "is_left": 0}