{"hand_pts": [[59.95750427246094, 48.276859283447266, 1.0], [111.44792938232422, 93.68387603759766, 1.0], [157.38502502441406, 103.15861511230469, 1.0], [180.97593688964844, 147.0778350830078, 1.0], [179.6949920654297, 190.4962921142578, 1.0], [230.46388244628906, 151.22312927246094, 1.0], [296.6938781738281, 197.22955322265625, 1.0], [282.6783447265625, 225.72450256347656, 1.0], [239.2084197998047, 228.66036987304688, 1.0], [221.25210571289062, 161.3533935546875, 1.0], [214.54335021972656, 219.72117614746094, 1.0], [174.18006896972656, 227.5535430908203, 1.0], [123.23819732666016, 211.79774475097656, 1.0], [205.4218292236328, 169.89694213867188, 1.0], [202.82542419433594, 229.9856719970703, 1.0], [153.88290405273438, 207.1493377685547, 1.0], [129.4756317138672, 166.43893432617188, 1.0], [179.01258850097656, 172.06092834472656, 1.0], [154.85452270507812, 210.43385314941406, 1.0], [116.00405883789062, 194.6642608642578, 1.0], [121.96747589111328, 161.3711700439453, 1.0]], "is_left": 0}