{"hand_pts": [[32.53250503540039, 127.26705169677734, 1.0], [78.41226959228516, 189.449951171875, 1.0], [125.78153228759766, 243.5879669189453, 1.0], [173.5191650390625, 272.7253112792969, 1.0], [190.83753967285156, 254.81887817382812, 1.0], [202.67298889160156, 191.79928588867188, 1.0], [241.84283447265625, 230.6733856201172, 1.0], [227.27902221679688, 253.3327178955078, 1.0], [176.56109619140625, 258.4451904296875, 1.0], [190.09535217285156, 153.27012634277344, 1.0], [252.13385009765625, 174.92828369140625, 1.0], [254.4866485595703, 198.631591796875, 1.0], [249.012939453125, 222.3225555419922, 1.0], [170.64651489257812, 124.82841491699219, 1.0], [243.95333862304688, 129.10498046875, 1.0], [218.17579650878906, 152.6929931640625, 1.0], [170.4822235107422, 169.0675506591797, 1.0], [140.5874481201172, 98.0347671508789, 1.0], [125.63552856445312, 101.823486328125, 1.0], [103.6818618774414, 109.01834869384766, 1.0], [64.42790985107422, 126.80635070800781, 1.0]], "is_left": 0}