{"hand_pts": [[180.3795928955078, 326.8251953125, 1.0], [217.71673583984375, 274.2319030761719, 1.0], [241.9333038330078, 240.3225555419922, 1.0], [240.1673126220703, 200.3590545654297, 1.0], [215.3629608154297, 180.8880615234375, 1.0], [158.0435791015625, 243.62789916992188, 1.0], [182.31898498535156, 187.59967041015625, 1.0], [230.980712890625, 151.18101501464844, 1.0], [277.2404479980469, 127.63843536376953, 1.0], [141.39137268066406, 244.4783477783203, 1.0], [178.49954223632812, 164.12449645996094, 1.0], [224.78614807128906, 111.0827407836914, 1.0], [278.9435729980469, 92.60004425048828, 1.0], [136.7462615966797, 241.9196014404297, 1.0], [113.27100372314453, 199.08905029296875, 1.0], [128.8075714111328, 157.9387969970703, 1.0], [141.83355712890625, 117.94265747070312, 1.0], [137.79005432128906, 242.88421630859375, 1.0], [139.42794799804688, 198.7182159423828, 1.0], [144.81494140625, 165.2257537841797, 1.0], [183.07797241210938, 126.2541732788086, 1.0]], "is_left": 0}