{"hand_pts": [[273.3157958984375, 286.86492919921875, 1.0], [272.5563049316406, 282.8663330078125, 1.0], [279.40185546875, 283.3240661621094, 1.0], [245.32806396484375, 247.78994750976562, 1.0], [203.94419860839844, 207.63809204101562, 1.0], [248.24342346191406, 181.0026397705078, 1.0], [224.1818084716797, 115.99234008789062, 1.0], [190.07623291015625, 109.9903335571289, 1.0], [166.58218383789062, 142.37261962890625, 1.0], [220.09567260742188, 172.2456512451172, 1.0], [176.06727600097656, 157.4418487548828, 1.0], [152.8825225830078, 185.6907196044922, 1.0], [149.2493896484375, 238.08645629882812, 1.0], [197.50430297851562, 173.65017700195312, 1.0], [141.7119140625, 141.9932403564453, 1.0], [109.1931381225586, 146.1748809814453, 1.0], [76.53572845458984, 151.29295349121094, 1.0], [180.0234375, 183.81700134277344, 1.0], [141.36605834960938, 161.93765258789062, 1.0], [140.9991912841797, 193.94143676757812, 1.0], [162.02383422851562, 228.77566528320312, 1.0]], "is_left": 0}