{"hand_pts": [[350.6775817871094, 214.40716552734375, 1.0], [295.20831298828125, 158.8795623779297, 1.0], [265.13385009765625, 110.76493835449219, 1.0], [213.7431640625, 105.70182800292969, 1.0], [188.54881286621094, 147.22674560546875, 1.0], [230.70159912109375, 135.69342041015625, 1.0], [174.38748168945312, 142.9672393798828, 1.0], [157.12600708007812, 156.99488830566406, 1.0], [179.6068572998047, 173.0025177001953, 1.0], [229.97311401367188, 180.78851318359375, 1.0], [154.01101684570312, 178.28977966308594, 1.0], [137.2578125, 181.666259765625, 1.0], [128.2423858642578, 184.74130249023438, 1.0], [229.2274932861328, 217.5684814453125, 1.0], [175.885986328125, 198.36764526367188, 1.0], [137.1283416748047, 187.36257934570312, 1.0], [100.0813217163086, 177.50511169433594, 1.0], [234.97633361816406, 253.17469787597656, 1.0], [187.27769470214844, 263.8798828125, 1.0], [165.61703491210938, 264.5905456542969, 1.0], [144.93197631835938, 262.40582275390625, 1.0]], "is_left": 0,"label":5}