{"hand_pts": [[44.604400634765625, 213.6949920654297, 1.0], [108.501953125, 235.6882781982422, 1.0], [152.65084838867188, 266.11767578125, 1.0], [203.67367553710938, 265.8038635253906, 1.0], [231.69903564453125, 227.314453125, 1.0], [173.5686798095703, 193.0963592529297, 1.0], [236.87693786621094, 197.16439819335938, 1.0], [263.5748291015625, 205.8834686279297, 1.0], [296.2288513183594, 211.27328491210938, 1.0], [162.33795166015625, 160.9030303955078, 1.0], [226.7235870361328, 174.7360076904297, 1.0], [201.55545043945312, 200.58660888671875, 1.0], [157.31756591796875, 210.14122009277344, 1.0], [153.0235595703125, 138.45321655273438, 1.0], [191.75181579589844, 124.74746704101562, 1.0], [170.78048706054688, 146.783447265625, 1.0], [143.30740356445312, 172.16273498535156, 1.0], [137.8951416015625, 121.97319030761719, 1.0], [167.6700439453125, 118.1180419921875, 1.0], [160.93731689453125, 139.3170166015625, 1.0], [134.42147827148438, 166.11199951171875, 1.0]], "is_left": 0}