{"hand_pts": [[-19.844093322753906, 186.2528839111328, 1.0], [57.8692512512207, 222.88345336914062, 1.0], [103.93362426757812, 253.43698120117188, 1.0], [175.30447387695312, 251.87461853027344, 1.0], [224.4407196044922, 230.6387176513672, 1.0], [165.7911376953125, 153.65213012695312, 1.0], [216.39894104003906, 200.5233917236328, 1.0], [193.4207763671875, 237.56747436523438, 1.0], [137.4727020263672, 238.790283203125, 1.0], [160.3640594482422, 123.05010223388672, 1.0], [236.02879333496094, 180.681396484375, 1.0], [240.8189697265625, 235.14642333984375, 1.0], [187.4265899658203, 267.0126953125, 1.0], [153.45068359375, 106.86392974853516, 1.0], [232.40142822265625, 145.7559814453125, 1.0], [217.4225616455078, 193.20388793945312, 1.0], [164.0006866455078, 218.26547241210938, 1.0], [136.14405822753906, 98.58383178710938, 1.0], [200.18235778808594, 70.48467254638672, 1.0], [225.60781860351562, 102.62251281738281, 1.0], [230.87631225585938, 146.95213317871094, 1.0]], "is_left": 0}