{"hand_pts": [[20.56101417541504, 133.87925720214844, 1.0], [66.1587905883789, 191.33128356933594, 1.0], [87.62654876708984, 245.12844848632812, 1.0], [125.77986145019531, 280.2835998535156, 1.0], [179.4100799560547, 277.18780517578125, 1.0], [121.30929565429688, 210.81825256347656, 1.0], [174.7029266357422, 235.61825561523438, 1.0], [205.7932891845703, 232.0999755859375, 1.0], [200.833251953125, 216.06101989746094, 1.0], [130.8166961669922, 169.49752807617188, 1.0], [200.3428497314453, 204.43663024902344, 1.0], [242.75262451171875, 224.79054260253906, 1.0], [250.65113830566406, 227.77928161621094, 1.0], [139.39076232910156, 136.36672973632812, 1.0], [208.7910919189453, 128.1822967529297, 1.0], [245.48255920410156, 133.79013061523438, 1.0], [244.00965881347656, 145.60360717773438, 1.0], [141.63743591308594, 103.9920883178711, 1.0], [190.58775329589844, 96.83209991455078, 1.0], [228.3389892578125, 98.65991973876953, 1.0], [267.60565185546875, 104.63958740234375, 1.0]], "is_left": 0}