{"hand_pts": [[156.12635803222656, 206.20057678222656, 1.0], [162.47512817382812, 248.68478393554688, 1.0], [185.2998504638672, 299.28570556640625, 1.0], [151.146728515625, 294.12811279296875, 1.0], [114.51288604736328, 252.27711486816406, 1.0], [243.02792358398438, 224.8583221435547, 1.0], [271.3199462890625, 219.87644958496094, 1.0], [239.28729248046875, 219.1382293701172, 1.0], [193.15565490722656, 221.18576049804688, 1.0], [233.98646545410156, 181.66566467285156, 1.0], [218.61155700683594, 155.91799926757812, 1.0], [170.7759552001953, 160.60531616210938, 1.0], [120.42745971679688, 174.1587371826172, 1.0], [217.81561279296875, 149.85711669921875, 1.0], [237.97755432128906, 112.10225677490234, 1.0], [198.72702026367188, 123.72538757324219, 1.0], [162.07937622070312, 150.82411193847656, 1.0], [195.5343017578125, 123.18641662597656, 1.0], [152.50210571289062, 106.3399887084961, 1.0], [119.0572509765625, 125.66410064697266, 1.0], [86.7746810913086, 149.17811584472656, 1.0]], "is_left": 0}