{"hand_pts": [[214.29978942871094, 135.38031005859375, 1.0], [167.29298400878906, 199.4490966796875, 1.0], [132.7794189453125, 260.3350830078125, 1.0], [129.47149658203125, 285.4246520996094, 1.0], [149.63690185546875, 274.6669616699219, 1.0], [133.25076293945312, 157.761962890625, 1.0], [131.8875732421875, 207.1259002685547, 1.0], [155.4751739501953, 255.2158966064453, 1.0], [179.97996520996094, 275.52850341796875, 1.0], [175.95628356933594, 130.4119415283203, 1.0], [150.97244262695312, 129.62477111816406, 1.0], [138.98342895507812, 144.73394775390625, 1.0], [144.6409149169922, 197.82659912109375, 1.0], [213.17462158203125, 117.58977508544922, 1.0], [205.33663940429688, 98.42298126220703, 1.0], [205.19741821289062, 115.77037811279297, 1.0], [206.61090087890625, 149.3106689453125, 1.0], [250.40072631835938, 109.38545989990234, 1.0], [268.667724609375, 158.24359130859375, 1.0], [274.4554748535156, 201.3292694091797, 1.0], [278.3426513671875, 247.3697967529297, 1.0]], "is_left": 0}