{"hand_pts": [[294.2213439941406, 257.18255615234375, 1.0], [210.5220489501953, 240.27867126464844, 1.0], [143.6251220703125, 236.85580444335938, 1.0], [104.49510955810547, 230.9483184814453, 1.0], [141.4769287109375, 230.52313232421875, 1.0], [194.06349182128906, 136.1736297607422, 1.0], [133.8240966796875, 115.90740966796875, 1.0], [120.39332580566406, 158.5292205810547, 1.0], [149.0123748779297, 188.3140106201172, 1.0], [229.8524932861328, 129.87303161621094, 1.0], [159.62527465820312, 155.1202392578125, 1.0], [142.3299560546875, 206.88497924804688, 1.0], [155.94740295410156, 247.08299255371094, 1.0], [253.92520141601562, 133.2667999267578, 1.0], [203.15469360351562, 137.604248046875, 1.0], [190.73684692382812, 184.12722778320312, 1.0], [210.1915740966797, 197.27456665039062, 1.0], [277.63043212890625, 146.19216918945312, 1.0], [250.329345703125, 160.23013305664062, 1.0], [230.88357543945312, 195.63510131835938, 1.0], [226.3171844482422, 226.13351440429688, 1.0]], "is_left": 0}