{"hand_pts": [[158.45204162597656, 334.65673828125, 1.0], [140.19161987304688, 287.8188781738281, 1.0], [97.03548431396484, 256.9008483886719, 1.0], [104.0863265991211, 228.38101196289062, 1.0], [157.25253295898438, 226.53717041015625, 1.0], [117.56563568115234, 181.12435913085938, 1.0], [134.9072723388672, 122.34056854248047, 1.0], [165.33636474609375, 114.2777099609375, 1.0], [197.123779296875, 139.7424774169922, 1.0], [151.59756469726562, 183.1802520751953, 1.0], [172.7162322998047, 109.39872741699219, 1.0], [199.24282836914062, 134.29417419433594, 1.0], [205.90512084960938, 181.03175354003906, 1.0], [183.03506469726562, 190.8995819091797, 1.0], [223.5532684326172, 141.9290008544922, 1.0], [241.64068603515625, 172.61416625976562, 1.0], [238.7340545654297, 215.02316284179688, 1.0], [213.5113983154297, 208.38258361816406, 1.0], [251.83901977539062, 180.7006072998047, 1.0], [257.4805908203125, 204.84506225585938, 1.0], [230.1060333251953, 229.1907501220703, 1.0]], "is_left": 0}