{"hand_pts": [[103.8590316772461, 150.5734405517578, 1.0], [80.38685607910156, 146.02357482910156, 1.0], [56.30499267578125, 112.43710327148438, 1.0], [83.29557800292969, 123.26151275634766, 1.0], [124.6594467163086, 152.55198669433594, 1.0], [158.26234436035156, 122.4035873413086, 1.0], [195.0354461669922, 123.18122863769531, 1.0], [192.19677734375, 154.5738525390625, 1.0], [192.59609985351562, 183.73294067382812, 1.0], [193.8387908935547, 146.4701385498047, 1.0], [216.21713256835938, 182.58079528808594, 1.0], [184.60568237304688, 215.98471069335938, 1.0], [145.51171875, 241.32521057128906, 1.0], [215.33091735839844, 170.56581115722656, 1.0], [232.2408905029297, 207.2389373779297, 1.0], [219.02285766601562, 235.56536865234375, 1.0], [209.4124298095703, 262.427734375, 1.0], [227.7223663330078, 194.59051513671875, 1.0], [252.31410217285156, 217.00372314453125, 1.0], [238.40518188476562, 237.708740234375, 1.0], [214.99234008789062, 256.94189453125, 1.0]], "is_left": 0}