{"hand_pts": [[131.2092742919922, 240.324462890625, 1.0], [151.71763610839844, 176.48019409179688, 1.0], [168.0841064453125, 116.505126953125, 1.0], [167.2259063720703, 83.3450698852539, 1.0], [154.45558166503906, 91.3104248046875, 1.0], [228.15274047851562, 195.7016143798828, 1.0], [216.19412231445312, 136.9886016845703, 1.0], [178.43954467773438, 120.88546752929688, 1.0], [141.51400756835938, 101.86618041992188, 1.0], [218.7156524658203, 233.26014709472656, 1.0], [230.19956970214844, 201.19454956054688, 1.0], [193.18472290039062, 168.61538696289062, 1.0], [160.7633056640625, 155.6851043701172, 1.0], [204.78736877441406, 257.6402893066406, 1.0], [205.75621032714844, 231.50057983398438, 1.0], [173.08999633789062, 202.6798095703125, 1.0], [157.63401794433594, 199.67138671875, 1.0], [185.34503173828125, 278.23162841796875, 1.0], [192.84486389160156, 278.0945129394531, 1.0], [179.675048828125, 253.38771057128906, 1.0], [167.19981384277344, 226.5939483642578, 1.0]], "is_left": 0}