{"hand_pts": [[232.91311645507812, 307.6365051269531, 1.0], [236.40025329589844, 259.5147399902344, 1.0], [271.8441162109375, 229.91287231445312, 1.0], [295.01654052734375, 194.98703002929688, 1.0], [305.64337158203125, 156.1401824951172, 1.0], [160.9230499267578, 223.88218688964844, 1.0], [173.2628936767578, 170.831787109375, 1.0], [190.3356170654297, 140.6304931640625, 1.0], [221.04864501953125, 136.98565673828125, 1.0], [142.1141815185547, 226.230224609375, 1.0], [101.35226440429688, 165.4835205078125, 1.0], [132.8429412841797, 142.18328857421875, 1.0], [172.24691772460938, 140.38584899902344, 1.0], [133.36093139648438, 226.24356079101562, 1.0], [138.70162963867188, 168.89004516601562, 1.0], [172.9424591064453, 163.61679077148438, 1.0], [204.09091186523438, 188.123046875, 1.0], [132.64085388183594, 230.06304931640625, 1.0], [138.84774780273438, 190.49769592285156, 1.0], [160.82696533203125, 172.98471069335938, 1.0], [194.84512329101562, 173.07176208496094, 1.0]], "is_left": 0}