{"hand_pts": [[235.4031524658203, 248.38145446777344, 1.0], [180.25372314453125, 246.35113525390625, 1.0], [123.37523651123047, 272.2498474121094, 1.0], [81.41031646728516, 284.7563781738281, 1.0], [84.59403228759766, 267.2404479980469, 1.0], [205.56101989746094, 166.4945068359375, 1.0], [151.6922149658203, 185.0277099609375, 1.0], [129.54151916503906, 217.68853759765625, 1.0], [121.32793426513672, 246.7289581298828, 1.0], [239.6776123046875, 148.29417419433594, 1.0], [186.6568603515625, 146.13418579101562, 1.0], [150.4741668701172, 184.6457977294922, 1.0], [139.3029327392578, 220.43992614746094, 1.0], [261.0558166503906, 140.5799102783203, 1.0], [249.8202667236328, 99.78887176513672, 1.0], [212.65037536621094, 130.5387725830078, 1.0], [188.5157928466797, 169.38430786132812, 1.0], [277.97467041015625, 141.7567138671875, 1.0], [266.4144592285156, 125.09571075439453, 1.0], [247.81944274902344, 126.03173828125, 1.0], [213.94515991210938, 158.87648010253906, 1.0]], "is_left": 0}