{"hand_pts": [[332.16558837890625, 194.5284881591797, 1.0], [259.0686950683594, 210.2445068359375, 1.0], [203.7475128173828, 216.1671905517578, 1.0], [147.96644592285156, 221.45327758789062, 1.0], [103.34441375732422, 223.7078094482422, 1.0], [184.27256774902344, 160.9347686767578, 1.0], [129.3276824951172, 187.660400390625, 1.0], [130.13497924804688, 217.3267059326172, 1.0], [124.70720672607422, 244.81478881835938, 1.0], [209.07000732421875, 148.02532958984375, 1.0], [158.6672821044922, 178.14328002929688, 1.0], [190.69989013671875, 204.81344604492188, 1.0], [228.83851623535156, 215.5662841796875, 1.0], [230.0579833984375, 143.54669189453125, 1.0], [172.0701141357422, 134.61314392089844, 1.0], [175.65914916992188, 164.80050659179688, 1.0], [186.54864501953125, 193.49903869628906, 1.0], [256.068359375, 144.07850646972656, 1.0], [227.71617126464844, 135.1396484375, 1.0], [212.20936584472656, 155.50958251953125, 1.0], [205.99032592773438, 180.9626007080078, 1.0]], "is_left": 0}