{"hand_pts": [[318.2618103027344, 229.8023223876953, 1.0], [250.40948486328125, 249.4750518798828, 1.0], [201.7420196533203, 281.6389465332031, 1.0], [154.1770782470703, 288.3214416503906, 1.0], [132.55471801757812, 266.071533203125, 1.0], [195.01873779296875, 212.02490234375, 1.0], [140.5535125732422, 196.70892333984375, 1.0], [137.6870574951172, 200.95001220703125, 1.0], [164.89974975585938, 209.84217834472656, 1.0], [215.81285095214844, 182.10797119140625, 1.0], [152.44715881347656, 160.6792449951172, 1.0], [116.40645599365234, 158.98133850097656, 1.0], [83.84761047363281, 157.74581909179688, 1.0], [232.66067504882812, 161.17071533203125, 1.0], [191.42112731933594, 118.31375122070312, 1.0], [161.7567138671875, 110.46284484863281, 1.0], [139.17547607421875, 119.3248291015625, 1.0], [253.6582489013672, 145.77357482910156, 1.0], [243.485595703125, 129.74307250976562, 1.0], [251.3770751953125, 153.0216522216797, 1.0], [258.7786560058594, 179.27471923828125, 1.0]], "is_left": 0}