{"hand_pts": [[221.64517211914062, 59.450035095214844, 1.0], [221.6332244873047, 125.53406524658203, 1.0], [234.384521484375, 177.0986328125, 1.0], [236.79849243164062, 221.0057373046875, 1.0], [226.474365234375, 214.2215118408203, 1.0], [157.45407104492188, 177.2489776611328, 1.0], [143.9976043701172, 237.5291290283203, 1.0], [148.28854370117188, 271.59490966796875, 1.0], [171.9358673095703, 279.6471862792969, 1.0], [150.04405212402344, 153.0002899169922, 1.0], [164.87306213378906, 207.96070861816406, 1.0], [197.08511352539062, 186.15966796875, 1.0], [218.5069580078125, 156.78134155273438, 1.0], [150.0159912109375, 134.80123901367188, 1.0], [169.97561645507812, 185.76609802246094, 1.0], [200.5845184326172, 178.7090301513672, 1.0], [230.13165283203125, 173.31666564941406, 1.0], [155.83998107910156, 113.97554779052734, 1.0], [151.43145751953125, 137.0843963623047, 1.0], [168.14051818847656, 151.7967987060547, 1.0], [188.90591430664062, 166.13929748535156, 1.0]], "is_left": 0}