{"hand_pts": [[274.2872619628906, 257.6742248535156, 1.0], [280.715087890625, 208.9268341064453, 1.0], [310.39666748046875, 201.4495086669922, 1.0], [297.6522521972656, 184.32147216796875, 1.0], [252.82415771484375, 175.7390594482422, 1.0], [230.4991455078125, 209.58058166503906, 1.0], [215.53167724609375, 170.005615234375, 1.0], [210.29220581054688, 136.58839416503906, 1.0], [214.99160766601562, 124.4879379272461, 1.0], [200.24432373046875, 223.50611877441406, 1.0], [148.9284210205078, 190.0943603515625, 1.0], [125.15999603271484, 159.4991912841797, 1.0], [105.323486328125, 129.37094116210938, 1.0], [178.49623107910156, 230.3296661376953, 1.0], [121.99969482421875, 199.00880432128906, 1.0], [120.7359848022461, 167.8704833984375, 1.0], [120.13812255859375, 137.4998779296875, 1.0], [163.3502960205078, 236.8506622314453, 1.0], [122.62826538085938, 218.5645751953125, 1.0], [130.49560546875, 191.5974578857422, 1.0], [142.2949981689453, 163.3870391845703, 1.0]], "is_left": 0}