{"hand_pts": [[374.33880615234375, 202.4630126953125, 1.0], [303.348876953125, 159.40023803710938, 1.0], [249.8018341064453, 121.9103012084961, 1.0], [194.2537078857422, 98.11270904541016, 1.0], [135.9403839111328, 98.3025131225586, 1.0], [249.14590454101562, 147.44790649414062, 1.0], [167.17491149902344, 140.52572631835938, 1.0], [137.50917053222656, 151.58511352539062, 1.0], [147.3245391845703, 165.03688049316406, 1.0], [242.91065979003906, 183.23025512695312, 1.0], [141.70079040527344, 178.62619018554688, 1.0], [150.4381561279297, 181.02426147460938, 1.0], [153.8740692138672, 183.37295532226562, 1.0], [234.6954803466797, 212.0042724609375, 1.0], [143.6554412841797, 225.56504821777344, 1.0], [140.9997100830078, 228.4386444091797, 1.0], [171.24444580078125, 224.98085021972656, 1.0], [232.57138061523438, 239.40533447265625, 1.0], [170.90966796875, 250.78228759765625, 1.0], [156.71974182128906, 251.240234375, 1.0], [174.34629821777344, 243.09002685546875, 1.0]], "is_left": 0}