{"hand_pts": [[341.455810546875, 133.1309051513672, 1.0], [293.4479675292969, 172.54745483398438, 1.0], [272.35107421875, 218.46279907226562, 1.0], [220.4510955810547, 220.8960723876953, 1.0], [205.97634887695312, 184.70314025878906, 1.0], [242.2766876220703, 230.34422302246094, 1.0], [197.59747314453125, 264.7539978027344, 1.0], [155.69349670410156, 250.64151000976562, 1.0], [113.47652435302734, 241.84837341308594, 1.0], [236.37510681152344, 200.5087432861328, 1.0], [156.13687133789062, 206.20660400390625, 1.0], [109.84960174560547, 195.47549438476562, 1.0], [108.9684066772461, 171.3373565673828, 1.0], [230.44833374023438, 171.5179443359375, 1.0], [153.57826232910156, 166.98040771484375, 1.0], [147.55824279785156, 146.05958557128906, 1.0], [146.8614501953125, 126.9252700805664, 1.0], [230.40431213378906, 139.4236297607422, 1.0], [177.01138305664062, 128.09402465820312, 1.0], [153.8644256591797, 114.9281005859375, 1.0], [161.9912872314453, 107.35992431640625, 1.0]], "is_left": 0}