{"hand_pts": [[90.96135711669922, 86.63999938964844, 1.0], [88.37223815917969, 121.68421936035156, 1.0], [57.01239013671875, 144.28773498535156, 1.0], [84.27117156982422, 164.99696350097656, 1.0], [141.1886444091797, 172.09890747070312, 1.0], [120.88912963867188, 208.559326171875, 1.0], [158.25827026367188, 231.37161254882812, 1.0], [177.3138885498047, 211.65086364746094, 1.0], [180.08554077148438, 175.10415649414062, 1.0], [155.24412536621094, 201.1962127685547, 1.0], [212.995361328125, 235.9181671142578, 1.0], [223.09024047851562, 210.0025177001953, 1.0], [211.27938842773438, 173.714111328125, 1.0], [182.54946899414062, 190.00596618652344, 1.0], [244.73118591308594, 215.9120330810547, 1.0], [255.01417541503906, 194.5465850830078, 1.0], [239.12159729003906, 163.2252655029297, 1.0], [203.79014587402344, 171.92013549804688, 1.0], [252.6620635986328, 178.842041015625, 1.0], [256.7231140136719, 161.29556274414062, 1.0], [228.99229431152344, 139.1881103515625, 1.0]], "is_left": 0}