{"hand_pts": [[213.8136749267578, 335.9293518066406, 1.0], [207.22206115722656, 270.7879638671875, 1.0], [173.1405792236328, 234.1639404296875, 1.0], [148.66458129882812, 194.207763671875, 1.0], [164.5872802734375, 162.06903076171875, 1.0], [152.5873565673828, 217.15382385253906, 1.0], [133.531494140625, 159.44833374023438, 1.0], [167.68971252441406, 131.82449340820312, 1.0], [202.86624145507812, 108.20060729980469, 1.0], [166.6439971923828, 230.2791290283203, 1.0], [141.6984100341797, 178.66390991210938, 1.0], [167.07972717285156, 135.84078979492188, 1.0], [196.28858947753906, 99.93331909179688, 1.0], [184.81272888183594, 240.03878784179688, 1.0], [171.14712524414062, 193.67152404785156, 1.0], [185.85340881347656, 154.42860412597656, 1.0], [213.8338623046875, 128.82481384277344, 1.0], [206.55941772460938, 254.5475616455078, 1.0], [225.43125915527344, 215.27435302734375, 1.0], [250.227783203125, 197.63385009765625, 1.0], [263.4160461425781, 199.99571228027344, 1.0]], "is_left": 0}