{"hand_pts": [[181.5882568359375, 75.7133560180664, 1.0], [171.90711975097656, 146.25892639160156, 1.0], [142.20098876953125, 199.43035888671875, 1.0], [116.86307525634766, 234.49656677246094, 1.0], [118.13455963134766, 221.27587890625, 1.0], [256.96905517578125, 190.89161682128906, 1.0], [276.8094482421875, 236.3103485107422, 1.0], [257.99285888671875, 261.7485046386719, 1.0], [216.4752655029297, 274.4048156738281, 1.0], [259.5135803222656, 158.3767852783203, 1.0], [180.87001037597656, 195.66412353515625, 1.0], [121.20439147949219, 202.44998168945312, 1.0], [67.80364227294922, 214.4503936767578, 1.0], [251.22491455078125, 132.5135498046875, 1.0], [180.0293731689453, 148.2250518798828, 1.0], [127.72219848632812, 150.65753173828125, 1.0], [95.05635070800781, 140.55572509765625, 1.0], [235.57737731933594, 104.39794921875, 1.0], [226.0778350830078, 131.0536651611328, 1.0], [210.3716583251953, 151.16616821289062, 1.0], [169.55421447753906, 161.18482971191406, 1.0]], "is_left": 0}