{"hand_pts": [[266.00921630859375, 182.06271362304688, 1.0], [204.05050659179688, 161.6484832763672, 1.0], [140.99168395996094, 150.5018768310547, 1.0], [104.48661041259766, 170.226318359375, 1.0], [80.6478042602539, 189.92347717285156, 1.0], [228.26211547851562, 150.8855438232422, 1.0], [194.18768310546875, 149.57666015625, 1.0], [166.8839569091797, 152.10760498046875, 1.0], [125.87948608398438, 164.5346221923828, 1.0], [245.50271606445312, 174.5607147216797, 1.0], [216.3180389404297, 166.57810974121094, 1.0], [183.43841552734375, 165.09156799316406, 1.0], [139.3230438232422, 168.31283569335938, 1.0], [251.45132446289062, 195.216796875, 1.0], [230.79725646972656, 196.22195434570312, 1.0], [182.11044311523438, 202.39266967773438, 1.0], [139.92800903320312, 207.29315185546875, 1.0], [255.10943603515625, 215.19549560546875, 1.0], [207.6214599609375, 239.5133056640625, 1.0], [191.8435516357422, 236.5438995361328, 1.0], [210.06027221679688, 218.95684814453125, 1.0]], "is_left": 0}