{"hand_pts": [[338.5074157714844, 208.92535400390625, 1.0], [275.3516540527344, 166.06080627441406, 1.0], [239.53407287597656, 116.05767822265625, 1.0], [185.21542358398438, 101.93972778320312, 1.0], [149.68287658691406, 129.2487335205078, 1.0], [240.50599670410156, 149.84036254882812, 1.0], [183.29750061035156, 128.2300567626953, 1.0], [139.82823181152344, 127.68087768554688, 1.0], [105.22425842285156, 135.12132263183594, 1.0], [249.6977996826172, 185.4328155517578, 1.0], [173.74978637695312, 179.8084716796875, 1.0], [130.32144165039062, 179.84359741210938, 1.0], [104.85015106201172, 180.9096221923828, 1.0], [253.939208984375, 214.40554809570312, 1.0], [185.1331787109375, 222.17364501953125, 1.0], [143.20169067382812, 225.4926300048828, 1.0], [118.31304931640625, 224.26097106933594, 1.0], [261.4928283691406, 242.301025390625, 1.0], [214.20623779296875, 257.7888488769531, 1.0], [182.342041015625, 263.8700866699219, 1.0], [163.15023803710938, 259.5445556640625, 1.0]], "is_left": 0}