{"hand_pts": [[83.67280578613281, 28.343294143676758, 1.0], [126.72412872314453, 82.47520446777344, 1.0], [129.12867736816406, 132.69029235839844, 1.0], [147.37893676757812, 182.01914978027344, 1.0], [175.49778747558594, 226.15133666992188, 1.0], [134.1708526611328, 178.41009521484375, 1.0], [187.3761749267578, 221.71678161621094, 1.0], [213.45303344726562, 189.72848510742188, 1.0], [233.11048889160156, 154.53025817871094, 1.0], [135.0984649658203, 162.42633056640625, 1.0], [164.78610229492188, 240.2569580078125, 1.0], [209.28286743164062, 256.1343994140625, 1.0], [251.37339782714844, 260.1711730957031, 1.0], [140.4782257080078, 144.37698364257812, 1.0], [170.3002166748047, 212.20603942871094, 1.0], [207.9476776123047, 234.20712280273438, 1.0], [238.04518127441406, 219.3727264404297, 1.0], [144.27210998535156, 118.86715698242188, 1.0], [192.11363220214844, 134.58273315429688, 1.0], [226.44512939453125, 141.47955322265625, 1.0], [232.26910400390625, 118.82311248779297, 1.0]], "is_left": 0}