{"hand_pts": [[152.25689697265625, 19.2973575592041, 1.0], [156.6881103515625, 92.52217102050781, 1.0], [119.17743682861328, 137.49208068847656, 1.0], [148.50094604492188, 189.4005889892578, 1.0], [193.96124267578125, 194.08473205566406, 1.0], [98.92615509033203, 169.72637939453125, 1.0], [110.83175659179688, 241.49095153808594, 1.0], [162.2345733642578, 246.7545928955078, 1.0], [184.31903076171875, 207.2010498046875, 1.0], [115.14578247070312, 154.49746704101562, 1.0], [157.38270568847656, 233.37684631347656, 1.0], [206.57972717285156, 236.3475341796875, 1.0], [242.7642364501953, 214.52838134765625, 1.0], [136.4291229248047, 141.6513214111328, 1.0], [206.86007690429688, 196.2000274658203, 1.0], [256.24603271484375, 199.4595184326172, 1.0], [270.8082580566406, 173.56129455566406, 1.0], [160.62802124023438, 122.56040954589844, 1.0], [212.8339385986328, 153.4632110595703, 1.0], [254.46315002441406, 167.02908325195312, 1.0], [297.3695068359375, 179.2183837890625, 1.0]], "is_left": 0}