{"hand_pts": [[361.1590881347656, 145.66944885253906, 1.0], [306.78656005859375, 128.34506225585938, 1.0], [273.3255615234375, 90.71588134765625, 1.0], [222.77203369140625, 101.6930160522461, 1.0], [190.7303009033203, 147.055419921875, 1.0], [191.67822265625, 122.51309204101562, 1.0], [126.03459167480469, 136.0798797607422, 1.0], [125.55766296386719, 159.12828063964844, 1.0], [154.15695190429688, 181.76914978027344, 1.0], [195.51065063476562, 155.28604125976562, 1.0], [119.5801773071289, 188.3896026611328, 1.0], [126.8087158203125, 209.072509765625, 1.0], [165.98455810546875, 216.53607177734375, 1.0], [203.97882080078125, 183.44468688964844, 1.0], [138.4832000732422, 222.62322998046875, 1.0], [150.6555938720703, 239.3751983642578, 1.0], [188.11978149414062, 240.99285888671875, 1.0], [222.7090301513672, 209.11065673828125, 1.0], [187.6629638671875, 245.86550903320312, 1.0], [196.62741088867188, 257.3274230957031, 1.0], [228.40640258789062, 246.21737670898438, 1.0]], "is_left": 0}