{"hand_pts": [[210.2493133544922, 207.22116088867188, 1.0], [160.1894073486328, 165.37030029296875, 1.0], [101.74044799804688, 132.35719299316406, 1.0], [84.57489776611328, 146.08802795410156, 1.0], [107.80611419677734, 179.1741943359375, 1.0], [211.02174377441406, 123.95320129394531, 1.0], [182.94972229003906, 105.96436309814453, 1.0], [145.28656005859375, 128.28518676757812, 1.0], [138.83665466308594, 152.9309539794922, 1.0], [241.64938354492188, 157.34730529785156, 1.0], [239.20237731933594, 160.46136474609375, 1.0], [191.0477294921875, 177.88095092773438, 1.0], [152.0116729736328, 189.6239013671875, 1.0], [258.13616943359375, 187.1269989013672, 1.0], [210.67922973632812, 214.93118286132812, 1.0], [176.7637481689453, 229.6650390625, 1.0], [185.6865234375, 218.2589569091797, 1.0], [268.6527099609375, 218.0563201904297, 1.0], [246.37998962402344, 253.34951782226562, 1.0], [214.9730224609375, 268.92694091796875, 1.0], [201.9324951171875, 253.60858154296875, 1.0]], "is_left": 0}