{"hand_pts": [[79.84557342529297, 202.2283935546875, 1.0], [146.14443969726562, 168.39569091796875, 1.0], [201.08384704589844, 159.19342041015625, 1.0], [233.09133911132812, 186.35321044921875, 1.0], [219.01052856445312, 212.83103942871094, 1.0], [158.40481567382812, 122.57890319824219, 1.0], [220.428466796875, 115.69773864746094, 1.0], [232.22962951660156, 145.94129943847656, 1.0], [223.44810485839844, 174.21856689453125, 1.0], [134.41104125976562, 152.78758239746094, 1.0], [210.51834106445312, 166.4310302734375, 1.0], [253.65513610839844, 181.4526824951172, 1.0], [282.96429443359375, 199.1633758544922, 1.0], [119.52960205078125, 181.1798095703125, 1.0], [122.805908203125, 176.5800018310547, 1.0], [144.75958251953125, 179.77072143554688, 1.0], [182.67254638671875, 186.57383728027344, 1.0], [104.514892578125, 211.25877380371094, 1.0], [132.16433715820312, 233.69969177246094, 1.0], [159.67413330078125, 251.3357696533203, 1.0], [188.8053741455078, 261.6122131347656, 1.0]], "is_left": 0}