{"hand_pts": [[274.8429260253906, 330.1942443847656, 1.0], [291.76416015625, 264.49053955078125, 1.0], [311.884033203125, 210.31622314453125, 1.0], [266.4290771484375, 176.38084411621094, 1.0], [222.5895538330078, 195.93653869628906, 1.0], [250.58653259277344, 222.37612915039062, 1.0], [220.98414611816406, 171.09593200683594, 1.0], [200.9170684814453, 130.5723419189453, 1.0], [186.0337371826172, 97.58845520019531, 1.0], [213.24378967285156, 234.581298828125, 1.0], [158.15115356445312, 188.12379455566406, 1.0], [129.19122314453125, 144.9613037109375, 1.0], [109.39310455322266, 101.03836059570312, 1.0], [185.13894653320312, 242.23941040039062, 1.0], [147.1318817138672, 191.87005615234375, 1.0], [134.08807373046875, 149.2499542236328, 1.0], [137.21414184570312, 116.0970687866211, 1.0], [163.31039428710938, 253.72691345214844, 1.0], [125.2343978881836, 224.61489868164062, 1.0], [116.46145629882812, 189.24215698242188, 1.0], [134.45831298828125, 166.7112579345703, 1.0]], "is_left": 0}