{"hand_pts": [[232.88160705566406, 44.201072692871094, 1.0], [225.17738342285156, 90.72392272949219, 1.0], [220.43714904785156, 109.29021453857422, 1.0], [221.78857421875, 161.0963592529297, 1.0], [224.96641540527344, 201.17628479003906, 1.0], [143.34185791015625, 141.35006713867188, 1.0], [152.48049926757812, 198.82601928710938, 1.0], [186.56265258789062, 219.46591186523438, 1.0], [224.3715362548828, 229.88641357421875, 1.0], [142.3762664794922, 145.3150634765625, 1.0], [110.21993255615234, 213.72906494140625, 1.0], [123.04434204101562, 255.42616271972656, 1.0], [151.6109619140625, 283.8207702636719, 1.0], [149.14788818359375, 149.3733367919922, 1.0], [178.75975036621094, 212.62924194335938, 1.0], [216.53256225585938, 197.10325622558594, 1.0], [234.85508728027344, 161.32276916503906, 1.0], [162.83888244628906, 147.93658447265625, 1.0], [180.50001525878906, 191.62388610839844, 1.0], [211.97451782226562, 191.94537353515625, 1.0], [240.110107421875, 176.85362243652344, 1.0]], "is_left": 0}