{"hand_pts": [[200.3626708984375, 245.33229064941406, 1.0], [217.91070556640625, 181.5205535888672, 1.0], [247.0056915283203, 118.98172760009766, 1.0], [235.28585815429688, 72.84796905517578, 1.0], [184.43572998046875, 77.28922271728516, 1.0], [242.3743133544922, 193.38778686523438, 1.0], [268.87945556640625, 170.04876708984375, 1.0], [242.78062438964844, 143.1704559326172, 1.0], [205.63536071777344, 124.98877716064453, 1.0], [209.3652801513672, 227.5630340576172, 1.0], [176.15476989746094, 178.64280700683594, 1.0], [150.0476531982422, 144.66256713867188, 1.0], [143.32330322265625, 135.413330078125, 1.0], [178.99241638183594, 249.67625427246094, 1.0], [175.14450073242188, 262.3835754394531, 1.0], [160.27642822265625, 247.49942016601562, 1.0], [142.79931640625, 213.3937225341797, 1.0], [149.4443359375, 268.90887451171875, 1.0], [125.54439544677734, 255.1647186279297, 1.0], [109.27076721191406, 226.40333557128906, 1.0], [113.19279479980469, 206.96759033203125, 1.0]], "is_left": 0}