{"hand_pts": [[53.11476135253906, 287.372802734375, 1.0], [109.1668930053711, 281.73175048828125, 1.0], [137.6738739013672, 286.52947998046875, 1.0], [186.4876251220703, 280.60845947265625, 1.0], [213.57704162597656, 271.3349609375, 1.0], [131.72525024414062, 188.0302276611328, 1.0], [193.10794067382812, 194.58424377441406, 1.0], [230.9009552001953, 208.58212280273438, 1.0], [267.0596008300781, 223.1591033935547, 1.0], [124.09001159667969, 172.11769104003906, 1.0], [190.5012969970703, 149.6381378173828, 1.0], [233.3295135498047, 167.91659545898438, 1.0], [269.2340087890625, 196.0594482421875, 1.0], [121.36705780029297, 166.7061309814453, 1.0], [155.16651916503906, 101.41667175292969, 1.0], [195.2677001953125, 108.30247497558594, 1.0], [221.55014038085938, 142.45875549316406, 1.0], [116.25696563720703, 170.64027404785156, 1.0], [153.2892303466797, 138.826904296875, 1.0], [183.0081024169922, 123.84698486328125, 1.0], [203.1454315185547, 157.2678680419922, 1.0]], "is_left": 0}