{"hand_pts": [[333.6982727050781, 233.91847229003906, 1.0], [269.4670715332031, 253.71151733398438, 1.0], [226.43382263183594, 284.71173095703125, 1.0], [185.612060546875, 281.376953125, 1.0], [165.37936401367188, 262.5474548339844, 1.0], [213.62132263183594, 206.27830505371094, 1.0], [159.84219360351562, 197.2496337890625, 1.0], [124.4513931274414, 198.38677978515625, 1.0], [98.38465881347656, 202.29122924804688, 1.0], [229.79100036621094, 179.4165496826172, 1.0], [168.96377563476562, 152.87120056152344, 1.0], [131.33921813964844, 143.35206604003906, 1.0], [98.30181884765625, 142.47865295410156, 1.0], [242.68174743652344, 162.4960174560547, 1.0], [188.03494262695312, 134.507568359375, 1.0], [159.5, 146.99864196777344, 1.0], [131.33096313476562, 157.6801300048828, 1.0], [259.9741516113281, 151.69459533691406, 1.0], [229.98397827148438, 135.73423767089844, 1.0], [211.20965576171875, 140.45616149902344, 1.0], [202.6020050048828, 164.30780029296875, 1.0]], "is_left": 0}