{"hand_pts": [[337.7822265625, 211.7351531982422, 1.0], [279.3500061035156, 217.98379516601562, 1.0], [239.8829803466797, 247.5850067138672, 1.0], [189.83847045898438, 257.3985290527344, 1.0], [175.72076416015625, 236.63433837890625, 1.0], [220.7242431640625, 142.9197998046875, 1.0], [157.94577026367188, 155.0357666015625, 1.0], [118.91895294189453, 167.1657257080078, 1.0], [84.27410888671875, 185.24560546875, 1.0], [226.40719604492188, 136.4900665283203, 1.0], [163.12106323242188, 98.54607391357422, 1.0], [142.70176696777344, 141.27098083496094, 1.0], [156.2660369873047, 181.64093017578125, 1.0], [230.5325164794922, 139.40811157226562, 1.0], [164.7496795654297, 166.1256561279297, 1.0], [147.35382080078125, 203.9550018310547, 1.0], [172.11732482910156, 233.07603454589844, 1.0], [240.14541625976562, 148.98052978515625, 1.0], [205.70701599121094, 176.58396911621094, 1.0], [194.1862335205078, 208.42335510253906, 1.0], [212.3594970703125, 233.35147094726562, 1.0]], "is_left": 0}