{"hand_pts": [[161.4956512451172, 194.19720458984375, 1.0], [126.92501831054688, 219.3973846435547, 1.0], [71.43887329101562, 212.28436279296875, 1.0], [89.30592346191406, 219.1415557861328, 1.0], [142.19447326660156, 227.3434295654297, 1.0], [125.76329803466797, 147.86322021484375, 1.0], [147.39013671875, 165.1106719970703, 1.0], [163.54324340820312, 209.27285766601562, 1.0], [180.26536560058594, 251.4343719482422, 1.0], [168.24765014648438, 133.90850830078125, 1.0], [159.1125946044922, 99.02894592285156, 1.0], [168.3812713623047, 144.50694274902344, 1.0], [177.58560180664062, 194.0332794189453, 1.0], [203.58843994140625, 131.7907257080078, 1.0], [239.641357421875, 196.60015869140625, 1.0], [257.33282470703125, 240.25564575195312, 1.0], [253.0155029296875, 279.66973876953125, 1.0], [236.27642822265625, 136.34678649902344, 1.0], [264.12164306640625, 128.13087463378906, 1.0], [258.4382629394531, 165.968017578125, 1.0], [241.13893127441406, 202.1147003173828, 1.0]], "is_left": 0}