{"hand_pts": [[160.76864624023438, 280.3782653808594, 1.0], [161.3883819580078, 201.151123046875, 1.0], [187.1604766845703, 133.63693237304688, 1.0], [165.8265838623047, 114.72054290771484, 1.0], [134.76934814453125, 151.31312561035156, 1.0], [234.63150024414062, 175.03919982910156, 1.0], [265.3365783691406, 130.37637329101562, 1.0], [234.6865997314453, 110.92781066894531, 1.0], [203.3452606201172, 95.0523452758789, 1.0], [227.5778350830078, 216.89271545410156, 1.0], [167.22499084472656, 167.0081329345703, 1.0], [130.0538787841797, 170.67214965820312, 1.0], [87.7126235961914, 167.2455596923828, 1.0], [213.42994689941406, 248.64920043945312, 1.0], [219.0218505859375, 205.96087646484375, 1.0], [180.45834350585938, 183.29647827148438, 1.0], [140.0972442626953, 172.6349334716797, 1.0], [193.9048309326172, 280.4994812011719, 1.0], [197.1468048095703, 278.4164733886719, 1.0], [169.26795959472656, 253.54356384277344, 1.0], [142.1336669921875, 228.14430236816406, 1.0]], "is_left": 0}