{"hand_pts": [[112.81749725341797, 292.91387939453125, 1.0], [98.78472137451172, 219.45570373535156, 1.0], [89.14447784423828, 154.02658081054688, 1.0], [123.0765609741211, 141.0365447998047, 1.0], [155.8948211669922, 141.0722198486328, 1.0], [194.37567138671875, 163.06175231933594, 1.0], [207.93630981445312, 118.32054901123047, 1.0], [168.91102600097656, 127.57661437988281, 1.0], [129.63429260253906, 144.2532501220703, 1.0], [216.86302185058594, 199.5686492919922, 1.0], [177.12603759765625, 159.8504638671875, 1.0], [121.5320816040039, 172.0812225341797, 1.0], [98.9446029663086, 200.0242919921875, 1.0], [225.5762176513672, 229.91659545898438, 1.0], [269.4002990722656, 196.62442016601562, 1.0], [266.254150390625, 178.82115173339844, 1.0], [257.98681640625, 162.3314666748047, 1.0], [224.78506469726562, 262.8975524902344, 1.0], [223.6332244873047, 252.55581665039062, 1.0], [210.66920471191406, 246.1764678955078, 1.0], [183.52662658691406, 238.82237243652344, 1.0]], "is_left": 0}