{"hand_pts": [[23.03216552734375, 156.05650329589844, 1.0], [94.17411041259766, 138.56642150878906, 1.0], [142.86343383789062, 117.99742889404297, 1.0], [191.6331787109375, 111.13812255859375, 1.0], [230.43753051757812, 114.99813079833984, 1.0], [176.35511779785156, 184.99642944335938, 1.0], [226.5532989501953, 169.44625854492188, 1.0], [251.9029998779297, 157.02317810058594, 1.0], [268.4047546386719, 142.78028869628906, 1.0], [158.74623107910156, 205.93511962890625, 1.0], [218.2404022216797, 233.09803771972656, 1.0], [226.43798828125, 214.22079467773438, 1.0], [217.7908477783203, 188.69874572753906, 1.0], [142.15231323242188, 218.04161071777344, 1.0], [192.13487243652344, 210.51014709472656, 1.0], [168.44525146484375, 186.0410614013672, 1.0], [144.95213317871094, 162.05714416503906, 1.0], [119.06580352783203, 224.89529418945312, 1.0], [155.8645477294922, 249.0070037841797, 1.0], [170.9892120361328, 232.35768127441406, 1.0], [147.8104705810547, 212.2226104736328, 1.0]], "is_left": 0}