{"hand_pts": [[327.8768005371094, 162.30508422851562, 1.0], [255.23280334472656, 168.304931640625, 1.0], [207.1157684326172, 192.28878784179688, 1.0], [157.47799682617188, 180.06716918945312, 1.0], [114.404052734375, 164.17074584960938, 1.0], [204.1618194580078, 240.3328857421875, 1.0], [156.2078094482422, 265.7292785644531, 1.0], [135.0069122314453, 226.14987182617188, 1.0], [147.57504272460938, 186.91250610351562, 1.0], [226.10598754882812, 230.92527770996094, 1.0], [158.13717651367188, 226.3495635986328, 1.0], [128.93695068359375, 183.95864868164062, 1.0], [96.34162902832031, 149.4329071044922, 1.0], [242.88687133789062, 215.05929565429688, 1.0], [187.5261993408203, 177.04270935058594, 1.0], [164.8040008544922, 136.42095947265625, 1.0], [179.71517944335938, 112.87895202636719, 1.0], [263.6053771972656, 193.68270874023438, 1.0], [231.2621307373047, 168.31829833984375, 1.0], [213.72337341308594, 134.75341796875, 1.0], [213.23410034179688, 111.53970336914062, 1.0]], "is_left": 0}