{"hand_pts": [[333.97607421875, 174.71934509277344, 1.0], [267.0428771972656, 166.71778869628906, 1.0], [211.87017822265625, 156.22535705566406, 1.0], [162.5503692626953, 156.98773193359375, 1.0], [119.95294189453125, 163.19810485839844, 1.0], [218.7895965576172, 153.70106506347656, 1.0], [167.9084930419922, 141.13279724121094, 1.0], [132.02838134765625, 140.85968017578125, 1.0], [99.8180160522461, 137.7390594482422, 1.0], [237.820068359375, 177.98489379882812, 1.0], [179.8185272216797, 171.32191467285156, 1.0], [137.76527404785156, 175.94741821289062, 1.0], [99.35047912597656, 178.89244079589844, 1.0], [252.07838439941406, 200.6034698486328, 1.0], [199.82737731933594, 201.9383544921875, 1.0], [163.363525390625, 210.77828979492188, 1.0], [127.94514465332031, 219.5496826171875, 1.0], [269.9114074707031, 222.21429443359375, 1.0], [236.80282592773438, 232.7073211669922, 1.0], [209.74606323242188, 242.42234802246094, 1.0], [178.65391540527344, 252.2460479736328, 1.0]], "is_left": 0}