{"hand_pts": [[343.5071105957031, 102.4586181640625, 1.0], [259.9690856933594, 101.18354034423828, 1.0], [204.96705627441406, 79.76582336425781, 1.0], [144.30563354492188, 79.06668090820312, 1.0], [126.94318389892578, 109.992919921875, 1.0], [204.56112670898438, 172.7921600341797, 1.0], [136.76101684570312, 199.274658203125, 1.0], [136.7162628173828, 179.75146484375, 1.0], [140.02490234375, 160.4747314453125, 1.0], [225.40797424316406, 198.8213348388672, 1.0], [149.6248779296875, 238.0301971435547, 1.0], [121.42130279541016, 224.8945770263672, 1.0], [143.6555938720703, 185.83534240722656, 1.0], [240.43185424804688, 215.05181884765625, 1.0], [171.77706909179688, 213.23143005371094, 1.0], [196.7574462890625, 177.8236083984375, 1.0], [237.48260498046875, 151.59571838378906, 1.0], [259.9956359863281, 223.12051391601562, 1.0], [229.42173767089844, 268.0449523925781, 1.0], [196.42013549804688, 258.4892883300781, 1.0], [165.49856567382812, 240.53659057617188, 1.0]], "is_left": 0}