{"hand_pts": [[61.51185989379883, 158.7003936767578, 1.0], [132.4961395263672, 132.69110107421875, 1.0], [191.15147399902344, 98.17823028564453, 1.0], [228.2437744140625, 80.5817642211914, 1.0], [233.45989990234375, 84.00013732910156, 1.0], [195.15939331054688, 206.58021545410156, 1.0], [246.53518676757812, 211.0617218017578, 1.0], [254.80970764160156, 180.2497100830078, 1.0], [250.41912841796875, 144.2272186279297, 1.0], [159.80703735351562, 225.33578491210938, 1.0], [206.4230499267578, 222.87107849121094, 1.0], [215.0852813720703, 179.65162658691406, 1.0], [206.70864868164062, 130.4449920654297, 1.0], [129.48989868164062, 231.3989715576172, 1.0], [164.76547241210938, 255.2831268310547, 1.0], [178.8786163330078, 229.28997802734375, 1.0], [187.1847686767578, 190.87298583984375, 1.0], [95.84044647216797, 230.1599578857422, 1.0], [113.4428482055664, 232.76272583007812, 1.0], [125.61418914794922, 213.139404296875, 1.0], [137.72451782226562, 179.577880859375, 1.0]], "is_left": 0}