{"hand_pts": [[357.48333740234375, 130.44691467285156, 1.0], [299.4295654296875, 125.25621795654297, 1.0], [268.23028564453125, 111.31403350830078, 1.0], [224.55630493164062, 138.0720672607422, 1.0], [214.72084045410156, 175.48690795898438, 1.0], [192.5931854248047, 117.89837646484375, 1.0], [123.64871215820312, 139.44569396972656, 1.0], [126.81151580810547, 170.07720947265625, 1.0], [139.71295166015625, 199.25718688964844, 1.0], [200.6387481689453, 143.81764221191406, 1.0], [145.0792999267578, 190.29226684570312, 1.0], [157.31680297851562, 216.49876403808594, 1.0], [197.92909240722656, 223.5412139892578, 1.0], [211.95387268066406, 167.5844268798828, 1.0], [135.6298370361328, 198.24862670898438, 1.0], [145.97691345214844, 217.5893096923828, 1.0], [151.3695526123047, 238.4403076171875, 1.0], [232.5355224609375, 189.52354431152344, 1.0], [190.81881713867188, 222.1794891357422, 1.0], [171.2255859375, 245.8066864013672, 1.0], [189.95938110351562, 244.2561798095703, 1.0]], "is_left": 0}