{"hand_pts": [[285.3646545410156, 260.8845520019531, 1.0], [239.00889587402344, 261.29864501953125, 1.0], [211.6865997314453, 265.256591796875, 1.0], [187.23631286621094, 242.7266082763672, 1.0], [166.83238220214844, 214.6781005859375, 1.0], [246.42185974121094, 194.2985382080078, 1.0], [189.92135620117188, 173.04161071777344, 1.0], [161.35707092285156, 194.9431610107422, 1.0], [145.0794219970703, 218.09275817871094, 1.0], [251.22213745117188, 174.5766143798828, 1.0], [169.02630615234375, 174.8078155517578, 1.0], [119.93895721435547, 187.208984375, 1.0], [76.83177185058594, 203.602783203125, 1.0], [248.9335479736328, 163.91099548339844, 1.0], [207.56228637695312, 116.85797882080078, 1.0], [169.03805541992188, 138.75457763671875, 1.0], [139.75375366210938, 166.3573455810547, 1.0], [246.56008911132812, 160.78648376464844, 1.0], [202.5351104736328, 142.46006774902344, 1.0], [166.86764526367188, 140.22601318359375, 1.0], [146.90298461914062, 168.43975830078125, 1.0]], "is_left": 0}