{"hand_pts": [[77.44041442871094, 298.01763916015625, 1.0], [100.31048583984375, 226.3661651611328, 1.0], [101.91970825195312, 198.95201110839844, 1.0], [126.83444213867188, 161.64239501953125, 1.0], [157.08631896972656, 127.6873779296875, 1.0], [165.20896911621094, 224.60867309570312, 1.0], [184.1732177734375, 157.2149200439453, 1.0], [162.98556518554688, 152.23915100097656, 1.0], [139.5740509033203, 162.1567840576172, 1.0], [177.69033813476562, 245.24346923828125, 1.0], [221.3468780517578, 177.01010131835938, 1.0], [239.29039001464844, 134.0165252685547, 1.0], [240.10980224609375, 94.7477798461914, 1.0], [184.20907592773438, 254.96652221679688, 1.0], [197.5531005859375, 179.4427032470703, 1.0], [188.64898681640625, 148.38404846191406, 1.0], [177.8480224609375, 123.11885070800781, 1.0], [183.62030029296875, 263.991943359375, 1.0], [220.53953552246094, 250.5944366455078, 1.0], [239.8369903564453, 222.42237854003906, 1.0], [242.55130004882812, 182.9275665283203, 1.0]], "is_left": 0}