{"hand_pts": [[310.059814453125, 194.17958068847656, 1.0], [237.08041381835938, 195.99107360839844, 1.0], [178.71104431152344, 200.35943603515625, 1.0], [128.97047424316406, 216.8262939453125, 1.0], [93.943115234375, 235.53709411621094, 1.0], [193.52626037597656, 139.02711486816406, 1.0], [145.12884521484375, 118.4901123046875, 1.0], [126.23921203613281, 149.68453979492188, 1.0], [108.08427429199219, 178.91473388671875, 1.0], [221.6060791015625, 142.57192993164062, 1.0], [157.83245849609375, 141.39744567871094, 1.0], [138.71578979492188, 179.5959930419922, 1.0], [131.9875030517578, 216.1354522705078, 1.0], [242.62478637695312, 151.97808837890625, 1.0], [203.9593505859375, 194.90625, 1.0], [216.60537719726562, 216.6834716796875, 1.0], [235.75192260742188, 193.63858032226562, 1.0], [265.9385986328125, 165.6013946533203, 1.0], [240.8309326171875, 187.62550354003906, 1.0], [225.79318237304688, 214.86663818359375, 1.0], [209.9885711669922, 243.2570037841797, 1.0]], "is_left": 0}