{"hand_pts": [[122.9940414428711, 256.59442138671875, 1.0], [121.62981414794922, 178.56533813476562, 1.0], [115.54678344726562, 104.89743041992188, 1.0], [109.26278686523438, 82.92332458496094, 1.0], [108.72278594970703, 119.24077606201172, 1.0], [244.47171020507812, 143.70201110839844, 1.0], [233.32183837890625, 113.85414123535156, 1.0], [177.73956298828125, 121.0500717163086, 1.0], [128.2587432861328, 143.0180206298828, 1.0], [259.19140625, 192.84384155273438, 1.0], [246.9806365966797, 169.50714111328125, 1.0], [179.34226989746094, 168.52490234375, 1.0], [125.15018463134766, 175.41746520996094, 1.0], [259.1325988769531, 231.90933227539062, 1.0], [245.48350524902344, 223.59994506835938, 1.0], [184.46627807617188, 222.2869873046875, 1.0], [140.9951171875, 221.66970825195312, 1.0], [247.5045928955078, 270.7831115722656, 1.0], [232.74095153808594, 277.67816162109375, 1.0], [184.11764526367188, 270.76275634765625, 1.0], [149.29249572753906, 257.6980285644531, 1.0]], "is_left": 0}