{"hand_pts": [[196.3253173828125, 30.615779876708984, 1.0], [221.10836791992188, 74.69221496582031, 1.0], [246.0508575439453, 78.76768493652344, 1.0], [231.29611206054688, 113.55195617675781, 1.0], [209.22210693359375, 150.80035400390625, 1.0], [266.9173278808594, 173.69876098632812, 1.0], [234.04734802246094, 196.06893920898438, 1.0], [203.202880859375, 186.8019256591797, 1.0], [183.97132873535156, 146.7117919921875, 1.0], [234.68948364257812, 186.7624969482422, 1.0], [207.64495849609375, 258.66119384765625, 1.0], [177.9166259765625, 227.67843627929688, 1.0], [177.12008666992188, 176.1845245361328, 1.0], [203.08419799804688, 193.416015625, 1.0], [169.02261352539062, 239.20989990234375, 1.0], [148.2248077392578, 206.5158233642578, 1.0], [131.958740234375, 168.5192413330078, 1.0], [170.06643676757812, 189.66514587402344, 1.0], [121.8062744140625, 226.6514434814453, 1.0], [87.61265563964844, 242.51881408691406, 1.0], [85.66253662109375, 208.4237060546875, 1.0]], "is_left": 0}