{"hand_pts": [[274.5841979980469, 86.07733917236328, 1.0], [209.07070922851562, 122.12303161621094, 1.0], [162.5948944091797, 160.4622802734375, 1.0], [114.33037567138672, 186.6004180908203, 1.0], [81.0223388671875, 188.4225616455078, 1.0], [211.53359985351562, 205.66612243652344, 1.0], [177.12767028808594, 257.4884033203125, 1.0], [144.489013671875, 277.34393310546875, 1.0], [107.76165008544922, 269.9618835449219, 1.0], [238.39991760253906, 189.88645935058594, 1.0], [177.68341064453125, 211.08688354492188, 1.0], [145.77059936523438, 173.43360900878906, 1.0], [133.00233459472656, 135.5951690673828, 1.0], [254.61863708496094, 170.82635498046875, 1.0], [227.13587951660156, 207.91021728515625, 1.0], [201.35572814941406, 221.67361450195312, 1.0], [160.39857482910156, 213.04835510253906, 1.0], [269.52728271484375, 145.33705139160156, 1.0], [229.3520050048828, 123.91392517089844, 1.0], [219.69703674316406, 102.0499038696289, 1.0], [228.00131225585938, 93.6980209350586, 1.0]], "is_left": 0}