{"hand_pts": [[354.48443603515625, 187.73373413085938, 1.0], [295.4923400878906, 149.2874298095703, 1.0], [261.719970703125, 88.03739929199219, 1.0], [212.63473510742188, 69.70887756347656, 1.0], [167.24195861816406, 74.3531494140625, 1.0], [219.0982666015625, 132.43927001953125, 1.0], [161.2215118408203, 145.38604736328125, 1.0], [130.12594604492188, 161.99549865722656, 1.0], [117.54046630859375, 185.89651489257812, 1.0], [225.52537536621094, 171.56890869140625, 1.0], [157.14984130859375, 189.59030151367188, 1.0], [117.5799560546875, 205.15130615234375, 1.0], [120.8963851928711, 212.35804748535156, 1.0], [232.3372802734375, 205.41453552246094, 1.0], [173.15255737304688, 215.06590270996094, 1.0], [148.36669921875, 224.3765106201172, 1.0], [139.44224548339844, 229.193359375, 1.0], [246.14537048339844, 238.8800506591797, 1.0], [206.56137084960938, 263.99725341796875, 1.0], [188.19219970703125, 267.9441223144531, 1.0], [169.9034881591797, 268.228759765625, 1.0]], "is_left": 0}