{"hand_pts": [[286.16082763671875, 85.2692642211914, 1.0], [278.8943176269531, 144.43675231933594, 1.0], [293.1809997558594, 184.59445190429688, 1.0], [276.30755615234375, 223.20834350585938, 1.0], [255.5209503173828, 237.0503387451172, 1.0], [208.7267303466797, 156.2504119873047, 1.0], [173.2218475341797, 178.173583984375, 1.0], [159.78489685058594, 213.0689697265625, 1.0], [144.5932159423828, 245.92689514160156, 1.0], [187.53750610351562, 137.96115112304688, 1.0], [149.14479064941406, 199.02418518066406, 1.0], [177.40444946289062, 218.2509307861328, 1.0], [197.51885986328125, 242.84738159179688, 1.0], [174.8230438232422, 127.42282104492188, 1.0], [116.73707580566406, 160.4075927734375, 1.0], [100.17444610595703, 194.9324951171875, 1.0], [122.05924224853516, 220.52008056640625, 1.0], [170.14617919921875, 116.44926452636719, 1.0], [147.70046997070312, 148.0938262939453, 1.0], [173.70172119140625, 161.08421325683594, 1.0], [194.0160675048828, 140.56224060058594, 1.0]], "is_left": 0}