{"hand_pts": [[360.5862121582031, 169.19082641601562, 1.0], [294.4277648925781, 229.25628662109375, 1.0], [243.9759063720703, 275.6179504394531, 1.0], [185.1211700439453, 276.9800109863281, 1.0], [188.29884338378906, 231.931884765625, 1.0], [193.22695922851562, 185.07044982910156, 1.0], [154.41529846191406, 241.42245483398438, 1.0], [155.22161865234375, 280.768310546875, 1.0], [197.8450469970703, 291.5111999511719, 1.0], [205.90272521972656, 143.04725646972656, 1.0], [142.8407440185547, 178.41079711914062, 1.0], [181.40382385253906, 215.4498291015625, 1.0], [224.62486267089844, 211.44741821289062, 1.0], [220.23728942871094, 116.82525634765625, 1.0], [150.59146118164062, 99.47552490234375, 1.0], [118.92761993408203, 110.3979263305664, 1.0], [105.71307373046875, 143.3531951904297, 1.0], [243.15365600585938, 97.02296447753906, 1.0], [193.13792419433594, 97.2803726196289, 1.0], [163.53189086914062, 111.52075958251953, 1.0], [158.2566375732422, 152.64523315429688, 1.0]], "is_left": 0}