{"hand_pts": [[329.8812255859375, 115.14187622070312, 1.0], [256.5488586425781, 109.41199493408203, 1.0], [201.15744018554688, 87.70915222167969, 1.0], [147.14675903320312, 84.1214370727539, 1.0], [114.46913146972656, 109.38988494873047, 1.0], [205.63255310058594, 197.38375854492188, 1.0], [154.41061401367188, 240.6484832763672, 1.0], [131.6328582763672, 217.48007202148438, 1.0], [149.05726623535156, 180.29141235351562, 1.0], [224.98036193847656, 217.00257873535156, 1.0], [157.81231689453125, 200.3706512451172, 1.0], [127.3154296875, 167.7952117919922, 1.0], [139.5667724609375, 120.2493896484375, 1.0], [239.4862823486328, 225.1310272216797, 1.0], [190.11740112304688, 277.48699951171875, 1.0], [153.8437042236328, 268.1766662597656, 1.0], [131.33609008789062, 232.12831115722656, 1.0], [258.3093566894531, 224.2592315673828, 1.0], [225.52439880371094, 202.36602783203125, 1.0], [236.1968536376953, 165.76722717285156, 1.0], [262.8480529785156, 155.79481506347656, 1.0]], "is_left": 0}