{"hand_pts": [[259.2749328613281, 149.318359375, 1.0], [186.2474365234375, 143.65538024902344, 1.0], [117.0660629272461, 153.49063110351562, 1.0], [103.91881561279297, 126.44107055664062, 1.0], [115.91875457763672, 97.83086395263672, 1.0], [155.48110961914062, 231.85118103027344, 1.0], [119.24637603759766, 205.44830322265625, 1.0], [117.67218780517578, 159.7905731201172, 1.0], [113.17514038085938, 118.79542541503906, 1.0], [201.7266082763672, 240.3240966796875, 1.0], [180.66815185546875, 193.75692749023438, 1.0], [187.3583221435547, 144.86631774902344, 1.0], [195.96351623535156, 108.08099365234375, 1.0], [238.3424530029297, 237.90081787109375, 1.0], [201.24256896972656, 239.54608154296875, 1.0], [198.36521911621094, 191.0263214111328, 1.0], [206.32838439941406, 155.37521362304688, 1.0], [274.7709045410156, 227.35960388183594, 1.0], [284.703857421875, 254.99127197265625, 1.0], [270.0758056640625, 242.71185302734375, 1.0], [248.5620574951172, 209.93170166015625, 1.0]], "is_left": 0}