{"hand_pts": [[98.66812133789062, 216.6859588623047, 1.0], [130.7224578857422, 152.83753967285156, 1.0], [156.71542358398438, 90.97689819335938, 1.0], [158.10574340820312, 76.99613952636719, 1.0], [137.75376892089844, 122.14958953857422, 1.0], [233.71778869628906, 155.046875, 1.0], [230.34170532226562, 130.5220947265625, 1.0], [185.56141662597656, 131.47238159179688, 1.0], [158.62686157226562, 146.2183380126953, 1.0], [231.40005493164062, 199.65673828125, 1.0], [238.65118408203125, 190.93516540527344, 1.0], [189.2138671875, 178.73538208007812, 1.0], [159.34205627441406, 173.49703979492188, 1.0], [222.21612548828125, 232.2601776123047, 1.0], [200.97604370117188, 234.1315460205078, 1.0], [162.2760467529297, 225.11265563964844, 1.0], [173.453369140625, 220.35848999023438, 1.0], [204.11314392089844, 261.7438049316406, 1.0], [196.7484130859375, 274.20513916015625, 1.0], [165.06094360351562, 254.9547576904297, 1.0], [169.64483642578125, 243.73626708984375, 1.0]], "is_left": 0}