{"hand_pts": [[322.7059631347656, 129.67782592773438, 1.0], [278.7050476074219, 119.25796508789062, 1.0], [259.7476501464844, 91.68206787109375, 1.0], [209.6041717529297, 90.66172790527344, 1.0], [167.3155059814453, 123.23933410644531, 1.0], [255.27005004882812, 206.8567352294922, 1.0], [190.35580444335938, 218.9488067626953, 1.0], [141.5735626220703, 211.57174682617188, 1.0], [107.93736267089844, 180.82179260253906, 1.0], [243.2515411376953, 231.70729064941406, 1.0], [145.5792999267578, 217.78851318359375, 1.0], [155.70339965820312, 169.73983764648438, 1.0], [210.1687774658203, 157.87083435058594, 1.0], [229.0754852294922, 244.08929443359375, 1.0], [142.7759246826172, 209.83396911621094, 1.0], [161.4278564453125, 168.8276824951172, 1.0], [201.167236328125, 142.4461669921875, 1.0], [218.61256408691406, 247.1778564453125, 1.0], [153.01731872558594, 244.57627868652344, 1.0], [111.79022979736328, 226.98854064941406, 1.0], [129.82540893554688, 186.64071655273438, 1.0]], "is_left": 0}