{"hand_pts": [[48.69507598876953, 198.73828125, 1.0], [113.40290069580078, 176.8699951171875, 1.0], [161.22457885742188, 149.21644592285156, 1.0], [208.41952514648438, 125.10900115966797, 1.0], [240.17532348632812, 114.83287811279297, 1.0], [175.06285095214844, 226.94537353515625, 1.0], [229.22146606445312, 226.22276306152344, 1.0], [263.281005859375, 223.55267333984375, 1.0], [284.6292724609375, 195.8826446533203, 1.0], [155.66754150390625, 233.8975067138672, 1.0], [212.01553344726562, 219.1878662109375, 1.0], [212.38543701171875, 176.0153045654297, 1.0], [186.28216552734375, 161.04507446289062, 1.0], [139.73526000976562, 232.29208374023438, 1.0], [192.53256225585938, 195.87860107421875, 1.0], [195.24647521972656, 157.408935546875, 1.0], [196.7196502685547, 119.9022216796875, 1.0], [119.4212417602539, 226.4413299560547, 1.0], [136.70172119140625, 193.3159637451172, 1.0], [128.88499450683594, 168.08346557617188, 1.0], [115.13775634765625, 156.81019592285156, 1.0]], "is_left": 0}