{"hand_pts": [[24.860960006713867, 98.85832977294922, 1.0], [81.41962432861328, 139.8974609375, 1.0], [115.69690704345703, 167.396728515625, 1.0], [172.12506103515625, 175.99380493164062, 1.0], [213.30099487304688, 172.71298217773438, 1.0], [121.39937591552734, 212.99981689453125, 1.0], [190.4244842529297, 218.48654174804688, 1.0], [219.14622497558594, 196.2011260986328, 1.0], [220.0421905517578, 162.63096618652344, 1.0], [121.14823150634766, 193.99644470214844, 1.0], [202.0106658935547, 206.0949249267578, 1.0], [241.84161376953125, 196.04063415527344, 1.0], [268.926513671875, 178.1608428955078, 1.0], [123.62531280517578, 173.98953247070312, 1.0], [192.92747497558594, 209.24118041992188, 1.0], [228.26463317871094, 199.9099884033203, 1.0], [237.02447509765625, 176.60272216796875, 1.0], [121.72332000732422, 148.9927978515625, 1.0], [164.47726440429688, 170.53286743164062, 1.0], [198.79754638671875, 181.98367309570312, 1.0], [232.78257751464844, 183.02716064453125, 1.0]], "is_left": 0}