{"hand_pts": [[273.21978759765625, 60.56550216674805, 1.0], [211.15684509277344, 91.27017974853516, 1.0], [165.10435485839844, 106.99246978759766, 1.0], [118.36432647705078, 120.63613891601562, 1.0], [74.4000473022461, 128.42645263671875, 1.0], [223.67970275878906, 198.77059936523438, 1.0], [208.963134765625, 264.4077453613281, 1.0], [174.56539916992188, 279.6398010253906, 1.0], [136.56015014648438, 276.1377868652344, 1.0], [245.88694763183594, 198.47752380371094, 1.0], [162.46517944335938, 184.33135986328125, 1.0], [115.93115234375, 145.0314483642578, 1.0], [89.76422119140625, 95.88632202148438, 1.0], [257.3434143066406, 190.46414184570312, 1.0], [206.0652313232422, 217.8184814453125, 1.0], [168.84915161132812, 178.62767028808594, 1.0], [132.48719787597656, 139.9246063232422, 1.0], [267.05950927734375, 172.72686767578125, 1.0], [263.1433410644531, 214.31602478027344, 1.0], [235.28369140625, 227.35336303710938, 1.0], [197.66961669921875, 231.899658203125, 1.0]], "is_left": 0}