{"hand_pts": [[233.510009765625, 24.256202697753906, 1.0], [266.8190612792969, 84.2066650390625, 1.0], [297.8616638183594, 132.2726593017578, 1.0], [287.1651306152344, 176.89059448242188, 1.0], [270.4176330566406, 215.64657592773438, 1.0], [210.95655822753906, 144.30494689941406, 1.0], [195.96165466308594, 195.59051513671875, 1.0], [197.23892211914062, 232.61590576171875, 1.0], [196.18394470214844, 268.0550231933594, 1.0], [178.0115203857422, 131.5584716796875, 1.0], [162.26034545898438, 198.75343322753906, 1.0], [181.94631958007812, 232.9384307861328, 1.0], [202.71266174316406, 262.4985656738281, 1.0], [158.09153747558594, 120.88530731201172, 1.0], [121.40894317626953, 174.90548706054688, 1.0], [115.18975067138672, 211.68479919433594, 1.0], [110.68675994873047, 247.48187255859375, 1.0], [145.31637573242188, 105.16100311279297, 1.0], [133.27297973632812, 143.24575805664062, 1.0], [134.69879150390625, 169.34693908691406, 1.0], [156.48646545410156, 190.7825927734375, 1.0]], "is_left": 0}