{"hand_pts": [[305.70281982421875, 48.94578552246094, 1.0], [284.96929931640625, 105.54509735107422, 1.0], [302.8013916015625, 161.99658203125, 1.0], [264.8958435058594, 204.84693908691406, 1.0], [214.67527770996094, 194.04335021972656, 1.0], [230.77325439453125, 198.37579345703125, 1.0], [193.29457092285156, 244.9647674560547, 1.0], [169.33250427246094, 259.7698669433594, 1.0], [146.26962280273438, 269.1850280761719, 1.0], [206.42320251464844, 178.7463836669922, 1.0], [160.50035095214844, 257.0465393066406, 1.0], [131.7841339111328, 267.35260009765625, 1.0], [114.25788116455078, 260.134033203125, 1.0], [187.31968688964844, 157.51654052734375, 1.0], [142.6112823486328, 150.67417907714844, 1.0], [171.29310607910156, 115.14495086669922, 1.0], [205.81578063964844, 82.75597381591797, 1.0], [175.38247680664062, 129.0771484375, 1.0], [131.19430541992188, 144.5599822998047, 1.0], [112.08649444580078, 144.3220672607422, 1.0], [130.8330841064453, 124.20062255859375, 1.0]], "is_left": 0}