{"hand_pts": [[229.84800720214844, 238.67852783203125, 1.0], [244.02198791503906, 198.73110961914062, 1.0], [279.1679382324219, 184.64378356933594, 1.0], [283.8406677246094, 165.85308837890625, 1.0], [249.93212890625, 152.36477661132812, 1.0], [233.0939178466797, 228.6831512451172, 1.0], [216.0082550048828, 174.21266174316406, 1.0], [204.51889038085938, 138.3079833984375, 1.0], [199.43280029296875, 117.26274108886719, 1.0], [201.62913513183594, 242.3396759033203, 1.0], [177.16220092773438, 178.54867553710938, 1.0], [175.4005889892578, 143.31488037109375, 1.0], [180.95510864257812, 120.26434326171875, 1.0], [175.40687561035156, 246.84764099121094, 1.0], [153.71107482910156, 215.96310424804688, 1.0], [141.92117309570312, 187.03836059570312, 1.0], [130.59115600585938, 158.8242645263672, 1.0], [152.4330291748047, 248.4599151611328, 1.0], [115.77835083007812, 222.4417724609375, 1.0], [94.15772247314453, 197.79881286621094, 1.0], [74.89484405517578, 168.87188720703125, 1.0]], "is_left": 0,"label":2}