{"hand_pts": [[297.2174377441406, 282.3803405761719, 1.0], [248.7969512939453, 262.0343933105469, 1.0], [200.5580596923828, 267.7613220214844, 1.0], [196.1969451904297, 233.77554321289062, 1.0], [210.54312133789062, 199.46763610839844, 1.0], [177.0237579345703, 230.98062133789062, 1.0], [127.26946258544922, 199.2300567626953, 1.0], [123.71501159667969, 169.6827392578125, 1.0], [132.58139038085938, 144.7710418701172, 1.0], [198.16342163085938, 216.35650634765625, 1.0], [141.6170654296875, 175.07017517089844, 1.0], [109.94624328613281, 146.70985412597656, 1.0], [79.93663024902344, 120.19927978515625, 1.0], [219.3605194091797, 203.7396240234375, 1.0], [177.6600799560547, 154.73101806640625, 1.0], [188.9480743408203, 142.856689453125, 1.0], [212.5076904296875, 158.8441619873047, 1.0], [245.656005859375, 195.6175079345703, 1.0], [235.0858917236328, 155.90757751464844, 1.0], [235.6656951904297, 142.44277954101562, 1.0], [242.5630340576172, 167.10520935058594, 1.0]], "is_left": 0}