{"hand_pts": [[221.81854248046875, 306.8720703125, 1.0], [164.20175170898438, 275.1078186035156, 1.0], [117.33489227294922, 260.81414794921875, 1.0], [92.06660461425781, 224.54043579101562, 1.0], [77.43977355957031, 187.35215759277344, 1.0], [176.21209716796875, 193.2996368408203, 1.0], [138.13734436035156, 169.90640258789062, 1.0], [125.31932830810547, 190.25088500976562, 1.0], [123.92328643798828, 218.17176818847656, 1.0], [218.3791961669922, 184.78721618652344, 1.0], [202.31809997558594, 142.18215942382812, 1.0], [184.70733642578125, 137.2079315185547, 1.0], [165.03094482421875, 158.37765502929688, 1.0], [248.51718139648438, 182.04327392578125, 1.0], [230.64976501464844, 127.94889068603516, 1.0], [206.76815795898438, 145.15367126464844, 1.0], [193.9892578125, 181.34329223632812, 1.0], [274.7806091308594, 187.7704315185547, 1.0], [272.1260986328125, 166.45880126953125, 1.0], [252.73294067382812, 181.26516723632812, 1.0], [229.37181091308594, 201.89854431152344, 1.0]], "is_left": 0}