{"hand_pts": [[162.38551330566406, 196.7476806640625, 1.0], [203.76283264160156, 154.22706604003906, 1.0], [258.6300354003906, 119.62244415283203, 1.0], [249.0928497314453, 91.56024932861328, 1.0], [207.5007781982422, 86.2481689453125, 1.0], [250.9754638671875, 221.12196350097656, 1.0], [235.44329833984375, 164.3519744873047, 1.0], [207.63021850585938, 134.89520263671875, 1.0], [201.49917602539062, 152.8354949951172, 1.0], [216.5928955078125, 250.1072235107422, 1.0], [204.74790954589844, 224.7574005126953, 1.0], [181.07931518554688, 172.08680725097656, 1.0], [170.12953186035156, 141.6470489501953, 1.0], [185.07852172851562, 264.36297607421875, 1.0], [152.89820861816406, 246.32000732421875, 1.0], [128.17132568359375, 203.9028778076172, 1.0], [125.1870346069336, 168.7255401611328, 1.0], [151.9281463623047, 271.3497009277344, 1.0], [127.23340606689453, 253.94544982910156, 1.0], [114.4723129272461, 213.3287811279297, 1.0], [123.2905044555664, 189.6415557861328, 1.0]], "is_left": 0}