{"hand_pts": [[313.11932373046875, 320.0132751464844, 1.0], [297.46112060546875, 255.2033233642578, 1.0], [302.1769714355469, 203.37294006347656, 1.0], [292.1666564941406, 153.854736328125, 1.0], [272.7503967285156, 114.46112823486328, 1.0], [203.6726531982422, 224.26817321777344, 1.0], [147.77572631835938, 192.5561065673828, 1.0], [130.81190490722656, 156.33204650878906, 1.0], [115.67440032958984, 121.51459503173828, 1.0], [197.45835876464844, 239.62754821777344, 1.0], [136.4626007080078, 190.32765197753906, 1.0], [124.43148803710938, 145.96397399902344, 1.0], [112.26201629638672, 104.8760757446289, 1.0], [199.98829650878906, 249.2592315673828, 1.0], [138.961181640625, 205.76751708984375, 1.0], [132.1173095703125, 165.61209106445312, 1.0], [135.04054260253906, 126.28812408447266, 1.0], [211.42364501953125, 261.5628967285156, 1.0], [193.0950164794922, 220.8964385986328, 1.0], [190.494384765625, 189.21205139160156, 1.0], [189.85006713867188, 154.46884155273438, 1.0]], "is_left": 0}