{"hand_pts": [[34.716609954833984, 141.1610107421875, 1.0], [70.31400299072266, 193.93850708007812, 1.0], [74.83598327636719, 217.76609802246094, 1.0], [111.74502563476562, 234.58114624023438, 1.0], [159.45887756347656, 242.8310546875, 1.0], [153.6177978515625, 168.1385040283203, 1.0], [209.05572509765625, 190.66456604003906, 1.0], [243.60678100585938, 213.95460510253906, 1.0], [262.0858459472656, 244.26370239257812, 1.0], [168.1249237060547, 139.98800659179688, 1.0], [231.8852081298828, 180.17481994628906, 1.0], [201.2109832763672, 209.5578155517578, 1.0], [153.69033813476562, 216.83856201171875, 1.0], [176.9878692626953, 123.24482727050781, 1.0], [220.60040283203125, 175.5039825439453, 1.0], [183.00631713867188, 194.7373809814453, 1.0], [139.6840057373047, 202.2281494140625, 1.0], [176.7468719482422, 110.04268646240234, 1.0], [227.10015869140625, 122.60780334472656, 1.0], [260.6070556640625, 134.46212768554688, 1.0], [243.58148193359375, 168.96304321289062, 1.0]], "is_left": 0}