{"hand_pts": [[225.3188018798828, 185.0657958984375, 1.0], [252.4201202392578, 171.81820678710938, 1.0], [288.15985107421875, 151.756103515625, 1.0], [291.82513427734375, 153.4581298828125, 1.0], [269.49774169921875, 170.85556030273438, 1.0], [188.58773803710938, 135.03839111328125, 1.0], [195.02413940429688, 130.76040649414062, 1.0], [212.42401123046875, 145.72451782226562, 1.0], [238.1045684814453, 176.75454711914062, 1.0], [157.25526428222656, 156.4354248046875, 1.0], [151.4224395751953, 184.55442810058594, 1.0], [160.24203491210938, 208.0109100341797, 1.0], [174.56414794921875, 232.62322998046875, 1.0], [138.9018096923828, 178.3769073486328, 1.0], [98.19471740722656, 174.08738708496094, 1.0], [121.81330871582031, 195.6997528076172, 1.0], [145.6209716796875, 216.97119140625, 1.0], [128.46885681152344, 201.6411895751953, 1.0], [135.11000061035156, 240.53622436523438, 1.0], [168.8376007080078, 250.83253479003906, 1.0], [174.28131103515625, 224.10079956054688, 1.0]], "is_left": 0}