{"hand_pts": [[71.35123443603516, 115.55736541748047, 1.0], [112.66600799560547, 92.75563049316406, 1.0], [159.0079803466797, 65.2829360961914, 1.0], [193.31483459472656, 61.161014556884766, 1.0], [181.94296264648438, 94.22476959228516, 1.0], [185.87686157226562, 147.69131469726562, 1.0], [236.8802947998047, 155.8464813232422, 1.0], [246.96253967285156, 154.3461456298828, 1.0], [253.08778381347656, 153.158203125, 1.0], [164.5513916015625, 180.33926391601562, 1.0], [213.0889129638672, 228.50965881347656, 1.0], [222.6317901611328, 235.67869567871094, 1.0], [199.7935333251953, 208.34909057617188, 1.0], [142.2087860107422, 201.53834533691406, 1.0], [188.4126739501953, 247.14144897460938, 1.0], [200.5504608154297, 254.81578063964844, 1.0], [181.52566528320312, 226.68968200683594, 1.0], [114.92149353027344, 215.62680053710938, 1.0], [131.8942108154297, 237.59268188476562, 1.0], [137.87765502929688, 242.4733428955078, 1.0], [142.71949768066406, 241.56736755371094, 1.0]], "is_left": 0}