{"hand_pts": [[112.55509185791016, 17.809797286987305, 1.0], [154.4453125, 66.12479400634766, 1.0], [190.68553161621094, 100.40043640136719, 1.0], [210.68019104003906, 144.60400390625, 1.0], [215.68426513671875, 186.96653747558594, 1.0], [208.1212615966797, 125.99317169189453, 1.0], [242.12423706054688, 179.89682006835938, 1.0], [250.88668823242188, 216.63038635253906, 1.0], [252.2107391357422, 250.99652099609375, 1.0], [177.43878173828125, 128.96908569335938, 1.0], [206.82772827148438, 198.710205078125, 1.0], [213.16441345214844, 239.28494262695312, 1.0], [212.25076293945312, 271.9430847167969, 1.0], [147.9235382080078, 131.1012420654297, 1.0], [171.76571655273438, 195.26547241210938, 1.0], [170.82614135742188, 231.66453552246094, 1.0], [168.6924591064453, 265.0691223144531, 1.0], [115.35075378417969, 126.78247833251953, 1.0], [117.20196533203125, 174.18235778808594, 1.0], [116.28411865234375, 207.33889770507812, 1.0], [116.08425903320312, 239.03033447265625, 1.0]], "is_left": 0}