{"hand_pts": [[252.2293243408203, 246.01625061035156, 1.0], [229.57968139648438, 267.1043701171875, 1.0], [209.15785217285156, 304.1322326660156, 1.0], [203.76458740234375, 301.48321533203125, 1.0], [211.47288513183594, 271.2002868652344, 1.0], [136.71194458007812, 201.51544189453125, 1.0], [116.2275390625, 187.90802001953125, 1.0], [144.04360961914062, 196.9488525390625, 1.0], [183.640625, 211.2876434326172, 1.0], [146.06268310546875, 166.0166473388672, 1.0], [133.33908081054688, 142.07183837890625, 1.0], [170.32521057128906, 164.02923583984375, 1.0], [213.8621368408203, 196.27542114257812, 1.0], [162.35020446777344, 143.24905395507812, 1.0], [159.5189208984375, 116.91570281982422, 1.0], [192.4413604736328, 135.9531707763672, 1.0], [231.1107177734375, 169.22003173828125, 1.0], [186.19204711914062, 128.90562438964844, 1.0], [197.44076538085938, 109.50277709960938, 1.0], [224.08731079101562, 125.05476379394531, 1.0], [253.17784118652344, 161.82586669921875, 1.0]], "is_left": 0}