{"hand_pts": [[231.7991485595703, 31.044052124023438, 1.0], [241.9674835205078, 75.73927307128906, 1.0], [266.51751708984375, 109.42716979980469, 1.0], [273.0830078125, 157.09707641601562, 1.0], [266.0882873535156, 208.022705078125, 1.0], [157.0176544189453, 121.80908203125, 1.0], [108.3058090209961, 160.05894470214844, 1.0], [79.5656509399414, 189.1783905029297, 1.0], [97.61343383789062, 230.9608612060547, 1.0], [143.18234252929688, 129.9156494140625, 1.0], [191.93446350097656, 200.95420837402344, 1.0], [231.1952362060547, 235.42079162597656, 1.0], [274.8906555175781, 255.40548706054688, 1.0], [140.81613159179688, 138.01113891601562, 1.0], [140.39671325683594, 217.14161682128906, 1.0], [184.9793701171875, 217.5017547607422, 1.0], [228.16722106933594, 223.12049865722656, 1.0], [146.44821166992188, 140.5410919189453, 1.0], [149.02655029296875, 192.91891479492188, 1.0], [174.04232788085938, 220.44467163085938, 1.0], [208.50595092773438, 238.46334838867188, 1.0]], "is_left": 0}