{"hand_pts": [[308.7364807128906, 257.1721496582031, 1.0], [285.111572265625, 239.23947143554688, 1.0], [274.14215087890625, 252.03054809570312, 1.0], [237.768798828125, 219.14002990722656, 1.0], [209.35789489746094, 182.2703857421875, 1.0], [188.94793701171875, 240.0972137451172, 1.0], [165.76419067382812, 201.54234313964844, 1.0], [153.25035095214844, 175.1610565185547, 1.0], [146.4542694091797, 147.30897521972656, 1.0], [176.65647888183594, 226.2018585205078, 1.0], [144.51783752441406, 169.2982940673828, 1.0], [182.73635864257812, 149.8358917236328, 1.0], [225.7064971923828, 144.81642150878906, 1.0], [172.91822814941406, 210.89552307128906, 1.0], [105.42090606689453, 186.6358642578125, 1.0], [98.33745574951172, 156.8785858154297, 1.0], [124.4818115234375, 136.4578857421875, 1.0], [179.04501342773438, 197.04110717773438, 1.0], [182.7823028564453, 153.04635620117188, 1.0], [214.01658630371094, 143.70120239257812, 1.0], [248.4258575439453, 161.6663818359375, 1.0]], "is_left": 0}