{"hand_pts": [[110.12604522705078, 294.9361267089844, 1.0], [123.6954574584961, 265.9720153808594, 1.0], [135.32948303222656, 279.8048095703125, 1.0], [162.18020629882812, 282.6270446777344, 1.0], [201.69943237304688, 259.7484436035156, 1.0], [115.59072875976562, 169.83477783203125, 1.0], [158.1424102783203, 152.85411071777344, 1.0], [187.0895538330078, 179.62376403808594, 1.0], [217.79754638671875, 198.4290313720703, 1.0], [132.21261596679688, 162.73001098632812, 1.0], [146.03489685058594, 91.9034652709961, 1.0], [181.57737731933594, 90.88108825683594, 1.0], [213.28732299804688, 110.03402709960938, 1.0], [150.2025146484375, 163.07156372070312, 1.0], [213.9261016845703, 142.407958984375, 1.0], [227.8766326904297, 181.00181579589844, 1.0], [203.25054931640625, 213.80072021484375, 1.0], [167.16943359375, 172.8233184814453, 1.0], [215.9063262939453, 173.92398071289062, 1.0], [246.34910583496094, 186.3311004638672, 1.0], [244.75648498535156, 221.8016357421875, 1.0]], "is_left": 0}