{"hand_pts": [[84.9372787475586, 162.2776641845703, 1.0], [75.09705352783203, 198.96493530273438, 1.0], [44.62682342529297, 230.35308837890625, 1.0], [50.0816764831543, 229.2456512451172, 1.0], [80.8752212524414, 204.50701904296875, 1.0], [161.8951873779297, 234.8045196533203, 1.0], [192.0361785888672, 257.323974609375, 1.0], [191.3407745361328, 249.4401397705078, 1.0], [182.8852081298828, 232.33897399902344, 1.0], [187.93516540527344, 196.64849853515625, 1.0], [233.68679809570312, 212.35098266601562, 1.0], [239.21466064453125, 210.93838500976562, 1.0], [239.1994171142578, 207.2621307373047, 1.0], [201.3066864013672, 162.3357391357422, 1.0], [240.54437255859375, 148.65892028808594, 1.0], [232.49075317382812, 131.92115783691406, 1.0], [199.5215301513672, 115.9092025756836, 1.0], [205.12197875976562, 127.7850341796875, 1.0], [235.7467803955078, 113.33712768554688, 1.0], [240.68785095214844, 101.75031280517578, 1.0], [217.1341094970703, 94.15931701660156, 1.0]], "is_left": 0,"label":5}