{"hand_pts": [[277.4246520996094, 292.9334411621094, 1.0], [244.90245056152344, 284.8230895996094, 1.0], [247.71681213378906, 287.30926513671875, 1.0], [193.15231323242188, 274.5929260253906, 1.0], [142.18338012695312, 261.8586120605469, 1.0], [247.8482208251953, 189.9327850341797, 1.0], [184.90223693847656, 172.71044921875, 1.0], [141.1642303466797, 179.52371215820312, 1.0], [99.9804916381836, 190.12307739257812, 1.0], [240.60240173339844, 169.7556610107422, 1.0], [198.5858154296875, 117.951171875, 1.0], [153.78228759765625, 134.0736541748047, 1.0], [140.33323669433594, 177.55308532714844, 1.0], [229.73318481445312, 160.43910217285156, 1.0], [180.5484619140625, 99.77655029296875, 1.0], [142.40357971191406, 118.55061340332031, 1.0], [135.18145751953125, 161.05609130859375, 1.0], [220.1715545654297, 161.04269409179688, 1.0], [168.4176025390625, 155.0127716064453, 1.0], [165.1824188232422, 191.1884765625, 1.0], [202.33741760253906, 202.28067016601562, 1.0]], "is_left": 0}