{"hand_pts": [[242.2703399658203, 213.19976806640625, 1.0], [193.8159942626953, 165.3163299560547, 1.0], [133.8991241455078, 134.010986328125, 1.0], [94.16378021240234, 98.51688385009766, 1.0], [105.90199279785156, 65.61454010009766, 1.0], [137.32762145996094, 216.0703887939453, 1.0], [125.66413879394531, 156.3235626220703, 1.0], [154.20880126953125, 118.70233917236328, 1.0], [184.26316833496094, 121.89176940917969, 1.0], [175.3217315673828, 244.873291015625, 1.0], [141.83343505859375, 224.79891967773438, 1.0], [146.86280822753906, 178.30677795410156, 1.0], [172.33004760742188, 134.49118041992188, 1.0], [210.2797393798828, 259.8471374511719, 1.0], [212.53466796875, 260.355224609375, 1.0], [225.95449829101562, 228.60057067871094, 1.0], [238.8832550048828, 198.47817993164062, 1.0], [247.53123474121094, 268.8426818847656, 1.0], [260.64227294921875, 236.08421325683594, 1.0], [271.7444152832031, 197.63409423828125, 1.0], [281.08538818359375, 156.8989715576172, 1.0]], "is_left": 0}