{"hand_pts": [[307.4615783691406, 134.48143005371094, 1.0], [278.50421142578125, 117.41356658935547, 1.0], [288.04840087890625, 88.68313598632812, 1.0], [239.0330047607422, 88.4195785522461, 1.0], [199.6322784423828, 113.87935638427734, 1.0], [249.62042236328125, 175.1210479736328, 1.0], [203.01702880859375, 175.5547637939453, 1.0], [172.2471466064453, 160.90972900390625, 1.0], [169.0865936279297, 145.2154541015625, 1.0], [229.7661895751953, 202.2282257080078, 1.0], [151.06704711914062, 208.90066528320312, 1.0], [160.21780395507812, 177.7389373779297, 1.0], [188.85958862304688, 150.0372772216797, 1.0], [211.27316284179688, 218.99363708496094, 1.0], [160.10888671875, 235.11741638183594, 1.0], [136.00119018554688, 214.66900634765625, 1.0], [143.0704803466797, 188.44070434570312, 1.0], [197.24171447753906, 229.232421875, 1.0], [147.13612365722656, 256.7887268066406, 1.0], [112.55261993408203, 272.4364013671875, 1.0], [92.94882202148438, 253.9520721435547, 1.0]], "is_left": 0}