{"hand_pts": [[242.68331909179688, 310.4977111816406, 1.0], [270.76873779296875, 246.84188842773438, 1.0], [285.26226806640625, 195.01962280273438, 1.0], [294.054931640625, 146.57850646972656, 1.0], [287.5468444824219, 114.47900390625, 1.0], [198.01173400878906, 181.64865112304688, 1.0], [184.80555725097656, 137.16342163085938, 1.0], [210.52554321289062, 139.4095458984375, 1.0], [237.998779296875, 148.29087829589844, 1.0], [167.20700073242188, 207.75209045410156, 1.0], [108.13175964355469, 162.39730834960938, 1.0], [126.9151840209961, 142.4847412109375, 1.0], [171.0651397705078, 152.33238220214844, 1.0], [150.0419921875, 230.71014404296875, 1.0], [136.5520782470703, 196.27024841308594, 1.0], [178.41761779785156, 208.69557189941406, 1.0], [218.80926513671875, 224.85415649414062, 1.0], [141.161376953125, 258.11376953125, 1.0], [109.52627563476562, 227.93397521972656, 1.0], [94.44368743896484, 205.25332641601562, 1.0], [126.08190155029297, 193.134521484375, 1.0]], "is_left": 0,"label":5}