{"hand_pts": [[25.704137802124023, 192.71780395507812, 1.0], [76.1988296508789, 154.66319274902344, 1.0], [103.10572052001953, 109.00994110107422, 1.0], [153.6673583984375, 109.71255493164062, 1.0], [198.3975067138672, 124.37328338623047, 1.0], [138.9296875, 139.2994842529297, 1.0], [201.06686401367188, 130.5186767578125, 1.0], [241.19271850585938, 128.0350799560547, 1.0], [269.7819519042969, 136.17654418945312, 1.0], [141.13275146484375, 173.81663513183594, 1.0], [213.99212646484375, 193.07151794433594, 1.0], [220.60958862304688, 201.52743530273438, 1.0], [236.49661254882812, 211.51824951171875, 1.0], [142.67572021484375, 202.35304260253906, 1.0], [203.20230102539062, 225.1689453125, 1.0], [190.73455810546875, 228.38502502441406, 1.0], [159.9780731201172, 222.41746520996094, 1.0], [137.7127685546875, 229.6748809814453, 1.0], [181.5092010498047, 249.51495361328125, 1.0], [197.21347045898438, 255.18858337402344, 1.0], [209.63861083984375, 257.2858581542969, 1.0]], "is_left": 0}