{"hand_pts": [[46.291141510009766, 237.0541534423828, 1.0], [113.75728607177734, 249.22862243652344, 1.0], [165.52029418945312, 275.160888671875, 1.0], [215.96388244628906, 275.5516357421875, 1.0], [259.2712097167969, 260.6413879394531, 1.0], [141.27484130859375, 229.22926330566406, 1.0], [191.3046112060547, 222.1503448486328, 1.0], [230.6468963623047, 208.35682678222656, 1.0], [267.2710266113281, 193.29115295410156, 1.0], [122.27652740478516, 198.63650512695312, 1.0], [188.17730712890625, 179.19140625, 1.0], [229.93869018554688, 171.46881103515625, 1.0], [260.8858337402344, 168.09527587890625, 1.0], [110.200927734375, 174.09910583496094, 1.0], [165.23129272460938, 138.50917053222656, 1.0], [202.91802978515625, 125.41264343261719, 1.0], [237.8726806640625, 116.12623596191406, 1.0], [96.16980743408203, 153.65965270996094, 1.0], [125.15750122070312, 123.82341766357422, 1.0], [157.14688110351562, 110.1379623413086, 1.0], [192.2494659423828, 104.10208892822266, 1.0]], "is_left": 0}