{"hand_pts": [[264.1957092285156, 114.47921752929688, 1.0], [221.40411376953125, 100.96623229980469, 1.0], [197.06710815429688, 72.13337707519531, 1.0], [164.91531372070312, 87.8260726928711, 1.0], [135.8870849609375, 107.43212890625, 1.0], [226.27838134765625, 151.55853271484375, 1.0], [192.9923095703125, 183.84603881835938, 1.0], [160.04103088378906, 184.0996856689453, 1.0], [140.28768920898438, 174.6116943359375, 1.0], [232.9729461669922, 184.40390014648438, 1.0], [165.9645233154297, 171.37298583984375, 1.0], [169.6258087158203, 142.60423278808594, 1.0], [192.6382293701172, 122.59011840820312, 1.0], [233.37091064453125, 207.6012725830078, 1.0], [184.80679321289062, 242.37916564941406, 1.0], [151.43173217773438, 255.49305725097656, 1.0], [115.84349822998047, 258.2773132324219, 1.0], [233.61544799804688, 224.01637268066406, 1.0], [212.2213897705078, 263.9034729003906, 1.0], [183.28919982910156, 273.8464660644531, 1.0], [151.18179321289062, 272.683349609375, 1.0]], "is_left": 0}