{"hand_pts": [[157.6072998046875, 281.0978698730469, 1.0], [200.00270080566406, 217.24606323242188, 1.0], [266.67144775390625, 194.0367431640625, 1.0], [251.94271850585938, 152.21658325195312, 1.0], [206.96591186523438, 128.242919921875, 1.0], [241.249267578125, 221.91281127929688, 1.0], [260.8199462890625, 209.97479248046875, 1.0], [235.0884552001953, 169.81114196777344, 1.0], [206.7006378173828, 147.4458770751953, 1.0], [202.73887634277344, 240.31829833984375, 1.0], [236.4441680908203, 205.67042541503906, 1.0], [240.80642700195312, 161.02566528320312, 1.0], [227.12989807128906, 114.73464965820312, 1.0], [167.94737243652344, 249.06993103027344, 1.0], [127.39463806152344, 176.3706817626953, 1.0], [107.63192749023438, 152.40184020996094, 1.0], [99.56302642822266, 146.54164123535156, 1.0], [132.1100616455078, 257.1177673339844, 1.0], [100.92391967773438, 211.49266052246094, 1.0], [79.01343536376953, 177.19876098632812, 1.0], [70.13725280761719, 149.96194458007812, 1.0]], "is_left": 0}