{"hand_pts": [[281.6844177246094, 82.19544982910156, 1.0], [234.66287231445312, 80.42948913574219, 1.0], [185.0674285888672, 66.20368194580078, 1.0], [149.63572692871094, 88.4738540649414, 1.0], [135.17796325683594, 129.22952270507812, 1.0], [165.34744262695312, 147.68470764160156, 1.0], [143.0772705078125, 149.80934143066406, 1.0], [148.28797912597656, 140.49217224121094, 1.0], [179.18882751464844, 120.71797943115234, 1.0], [190.66676330566406, 174.27243041992188, 1.0], [144.42132568359375, 225.19839477539062, 1.0], [142.53823852539062, 230.276611328125, 1.0], [139.41015625, 236.61842346191406, 1.0], [215.2642364501953, 191.252685546875, 1.0], [197.68434143066406, 246.3890838623047, 1.0], [208.84706115722656, 242.2029266357422, 1.0], [225.96832275390625, 207.93980407714844, 1.0], [244.1919708251953, 200.13719177246094, 1.0], [228.26107788085938, 242.69500732421875, 1.0], [218.29820251464844, 268.0902099609375, 1.0], [211.82919311523438, 272.9327087402344, 1.0]], "is_left": 0}