{"hand_pts": [[177.1246795654297, 383.25634765625, 1.0], [139.01292419433594, 310.3670349121094, 1.0], [100.88813018798828, 257.90582275390625, 1.0], [79.68792724609375, 205.9200897216797, 1.0], [83.15120697021484, 154.91612243652344, 1.0], [162.9773712158203, 211.12564086914062, 1.0], [151.15228271484375, 139.64285278320312, 1.0], [149.24847412109375, 135.23428344726562, 1.0], [153.56292724609375, 159.8458709716797, 1.0], [199.6345672607422, 221.4341583251953, 1.0], [201.10733032226562, 147.3769989013672, 1.0], [192.02362060546875, 124.2448959350586, 1.0], [179.35733032226562, 117.80270385742188, 1.0], [226.0611572265625, 233.19590759277344, 1.0], [237.7432861328125, 154.05120849609375, 1.0], [226.51075744628906, 127.09428405761719, 1.0], [209.9695587158203, 128.5548858642578, 1.0], [247.98670959472656, 253.6008758544922, 1.0], [263.031494140625, 213.33631896972656, 1.0], [253.16322326660156, 203.4111785888672, 1.0], [228.98182678222656, 229.6092987060547, 1.0]], "is_left": 0}