{"hand_pts": [[198.74261474609375, 266.8064880371094, 1.0], [146.22132873535156, 218.4185028076172, 1.0], [99.61546325683594, 163.13743591308594, 1.0], [99.8208236694336, 113.4825439453125, 1.0], [133.6776885986328, 92.25907897949219, 1.0], [141.561767578125, 244.1861114501953, 1.0], [122.78951263427734, 182.7281494140625, 1.0], [120.08911895751953, 136.58982849121094, 1.0], [129.34759521484375, 110.68553161621094, 1.0], [189.32411193847656, 258.51214599609375, 1.0], [192.50221252441406, 190.76454162597656, 1.0], [189.76498413085938, 140.22056579589844, 1.0], [188.16058349609375, 91.55025482177734, 1.0], [226.646240234375, 262.6357727050781, 1.0], [229.15396118164062, 200.9849090576172, 1.0], [221.8218231201172, 170.4077606201172, 1.0], [213.9608154296875, 187.1417236328125, 1.0], [260.65936279296875, 264.2268981933594, 1.0], [267.72332763671875, 261.71185302734375, 1.0], [260.39788818359375, 232.08045959472656, 1.0], [249.66900634765625, 199.07235717773438, 1.0]], "is_left": 0}