{"hand_pts": [[172.4460906982422, 97.94549560546875, 1.0], [153.81338500976562, 104.62348937988281, 1.0], [119.7233657836914, 95.84144592285156, 1.0], [111.23722839355469, 87.36983489990234, 1.0], [109.64866638183594, 79.72828674316406, 1.0], [131.64450073242188, 209.97718811035156, 1.0], [150.505615234375, 244.1906280517578, 1.0], [174.3812255859375, 202.53939819335938, 1.0], [182.5977783203125, 160.26309204101562, 1.0], [158.73373413085938, 229.0247039794922, 1.0], [182.2216033935547, 273.0971984863281, 1.0], [204.64971923828125, 248.09388732910156, 1.0], [223.33912658691406, 207.93296813964844, 1.0], [183.3240203857422, 235.91903686523438, 1.0], [230.79234313964844, 219.41903686523438, 1.0], [227.34486389160156, 171.70318603515625, 1.0], [223.10133361816406, 128.03619384765625, 1.0], [207.26803588867188, 231.54281616210938, 1.0], [236.5135040283203, 223.752685546875, 1.0], [238.2946319580078, 181.5503692626953, 1.0], [233.8452911376953, 138.0455780029297, 1.0]], "is_left": 0}