{"hand_pts": [[259.68902587890625, 211.43011474609375, 1.0], [262.1697692871094, 235.05203247070312, 1.0], [264.1697692871094, 268.9214782714844, 1.0], [223.75201416015625, 244.78855895996094, 1.0], [203.61766052246094, 206.18821716308594, 1.0], [138.35415649414062, 239.10353088378906, 1.0], [100.61203002929688, 234.3055877685547, 1.0], [96.45108032226562, 223.1162109375, 1.0], [136.8520965576172, 202.24334716796875, 1.0], [118.41895294189453, 202.9021759033203, 1.0], [174.63673400878906, 174.10995483398438, 1.0], [235.91786193847656, 177.85061645507812, 1.0], [272.2829895019531, 189.79562377929688, 1.0], [114.1163330078125, 171.92556762695312, 1.0], [157.6063690185547, 138.4392852783203, 1.0], [215.34732055664062, 142.86634826660156, 1.0], [267.3453063964844, 150.02317810058594, 1.0], [122.16928100585938, 143.38143920898438, 1.0], [157.47190856933594, 113.08299255371094, 1.0], [206.58792114257812, 106.6708755493164, 1.0], [232.3942413330078, 130.58155822753906, 1.0]], "is_left": 0}