{"hand_pts": [[222.14349365234375, 303.2471923828125, 1.0], [245.10018920898438, 234.39781188964844, 1.0], [277.9608154296875, 180.2078857421875, 1.0], [292.3695373535156, 126.34027099609375, 1.0], [254.7940216064453, 96.61540222167969, 1.0], [227.83607482910156, 217.21641540527344, 1.0], [220.49359130859375, 176.40428161621094, 1.0], [207.01101684570312, 136.66346740722656, 1.0], [191.79966735839844, 100.75936889648438, 1.0], [191.19366455078125, 237.79611206054688, 1.0], [169.537353515625, 167.5045166015625, 1.0], [172.70318603515625, 143.246337890625, 1.0], [187.39627075195312, 164.0911407470703, 1.0], [162.23077392578125, 250.01002502441406, 1.0], [150.3477783203125, 225.22740173339844, 1.0], [147.5115509033203, 188.2132568359375, 1.0], [156.90330505371094, 198.63751220703125, 1.0], [137.5354461669922, 263.1680603027344, 1.0], [104.79249572753906, 228.98928833007812, 1.0], [94.19346618652344, 206.1193084716797, 1.0], [88.63711547851562, 182.07391357421875, 1.0]], "is_left": 0}