{"hand_pts": [[31.447376251220703, 112.77919006347656, 1.0], [90.48097229003906, 101.75760650634766, 1.0], [112.50981140136719, 72.62386322021484, 1.0], [136.7445526123047, 104.44929504394531, 1.0], [145.0961151123047, 159.58023071289062, 1.0], [199.5408172607422, 113.4415283203125, 1.0], [239.835205078125, 141.08108520507812, 1.0], [231.6476593017578, 161.80242919921875, 1.0], [195.994873046875, 175.5773162841797, 1.0], [190.00743103027344, 149.33294677734375, 1.0], [260.43182373046875, 193.2283172607422, 1.0], [260.5021667480469, 215.603759765625, 1.0], [220.4221954345703, 212.55941772460938, 1.0], [176.6921844482422, 179.71759033203125, 1.0], [198.27120971679688, 237.84124755859375, 1.0], [168.78652954101562, 247.54141235351562, 1.0], [128.12673950195312, 224.82643127441406, 1.0], [153.83680725097656, 206.0266571044922, 1.0], [186.83021545410156, 248.44969177246094, 1.0], [192.93527221679688, 268.4220886230469, 1.0], [172.01947021484375, 258.7964782714844, 1.0]], "is_left": 0}