{"hand_pts": [[157.99037170410156, 72.92278289794922, 1.0], [170.0640106201172, 78.76937866210938, 1.0], [175.29934692382812, 73.6233901977539, 1.0], [183.47767639160156, 105.35018920898438, 1.0], [188.84092712402344, 149.50885009765625, 1.0], [131.5298614501953, 138.25991821289062, 1.0], [158.15159606933594, 163.8033447265625, 1.0], [194.61520385742188, 161.355712890625, 1.0], [228.6665496826172, 154.91729736328125, 1.0], [136.61868286132812, 162.46620178222656, 1.0], [182.95091247558594, 200.29928588867188, 1.0], [217.16143798828125, 215.62356567382812, 1.0], [250.21011352539062, 228.03970336914062, 1.0], [146.85763549804688, 178.91378784179688, 1.0], [187.2164306640625, 219.32066345214844, 1.0], [216.29884338378906, 235.74562072753906, 1.0], [247.951904296875, 223.44143676757812, 1.0], [159.49099731445312, 187.92897033691406, 1.0], [161.7264862060547, 230.71617126464844, 1.0], [168.76229858398438, 258.79119873046875, 1.0], [189.7465362548828, 271.43414306640625, 1.0]], "is_left": 0}