{"hand_pts": [[64.49842834472656, 117.5702896118164, 1.0], [110.46990966796875, 124.61651611328125, 1.0], [135.27133178710938, 125.59232330322266, 1.0], [181.88006591796875, 140.8252410888672, 1.0], [204.4209442138672, 154.4554443359375, 1.0], [132.7685089111328, 204.81512451171875, 1.0], [192.45758056640625, 203.27220153808594, 1.0], [213.71678161621094, 168.1020050048828, 1.0], [228.44345092773438, 132.9547576904297, 1.0], [132.54103088378906, 210.8778533935547, 1.0], [208.45094299316406, 209.06243896484375, 1.0], [251.83331298828125, 186.5847625732422, 1.0], [295.35784912109375, 171.4307098388672, 1.0], [135.7881317138672, 208.92868041992188, 1.0], [165.13204956054688, 263.8073425292969, 1.0], [202.30442810058594, 246.6079559326172, 1.0], [210.30657958984375, 212.08963012695312, 1.0], [136.2455291748047, 199.71263122558594, 1.0], [183.4381103515625, 189.6346893310547, 1.0], [182.05845642089844, 160.61395263671875, 1.0], [156.721435546875, 144.27850341796875, 1.0]], "is_left": 0}