{"hand_pts": [[153.435302734375, 34.71666717529297, 1.0], [139.35472106933594, 98.97207641601562, 1.0], [101.84707641601562, 139.96212768554688, 1.0], [110.038818359375, 188.7792205810547, 1.0], [150.20089721679688, 209.94700622558594, 1.0], [131.1641387939453, 157.9700927734375, 1.0], [146.26895141601562, 212.57962036132812, 1.0], [163.55746459960938, 228.6977081298828, 1.0], [181.14671325683594, 223.69522094726562, 1.0], [159.43502807617188, 143.20281982421875, 1.0], [177.5164794921875, 213.0729217529297, 1.0], [194.69232177734375, 249.10520935058594, 1.0], [211.22006225585938, 276.39569091796875, 1.0], [184.48667907714844, 131.35000610351562, 1.0], [210.85035705566406, 191.0557861328125, 1.0], [229.77285766601562, 217.7759246826172, 1.0], [245.97451782226562, 238.28518676757812, 1.0], [207.9224090576172, 114.66970825195312, 1.0], [244.6677703857422, 141.30990600585938, 1.0], [253.3974609375, 142.2265625, 1.0], [248.68289184570312, 134.1817169189453, 1.0]], "is_left": 0}