{"hand_pts": [[316.3267822265625, 280.232666015625, 1.0], [286.055419921875, 236.5113983154297, 1.0], [301.8521728515625, 197.4332733154297, 1.0], [280.1553649902344, 157.18682861328125, 1.0], [254.60888671875, 159.39918518066406, 1.0], [194.1532440185547, 237.06748962402344, 1.0], [145.65122985839844, 192.54576110839844, 1.0], [115.38951110839844, 162.1521453857422, 1.0], [99.05766296386719, 125.36531829833984, 1.0], [186.7308807373047, 242.0410614013672, 1.0], [121.8963623046875, 206.6272735595703, 1.0], [106.95594024658203, 164.71005249023438, 1.0], [106.4851303100586, 123.59830474853516, 1.0], [186.19947814941406, 241.06297302246094, 1.0], [129.7628173828125, 189.1000518798828, 1.0], [143.73553466796875, 151.7431640625, 1.0], [169.7028045654297, 123.29431915283203, 1.0], [195.03468322753906, 240.4609375, 1.0], [196.04380798339844, 194.6284637451172, 1.0], [226.9308319091797, 180.63595581054688, 1.0], [262.43756103515625, 178.6788787841797, 1.0]], "is_left": 0}