{"hand_pts": [[331.23333740234375, 259.9212341308594, 1.0], [303.7923889160156, 194.462158203125, 1.0], [297.59429931640625, 146.2704620361328, 1.0], [259.076171875, 115.18606567382812, 1.0], [217.22825622558594, 94.63585662841797, 1.0], [221.4650421142578, 191.19696044921875, 1.0], [166.54566955566406, 172.15724182128906, 1.0], [148.51699829101562, 149.9688262939453, 1.0], [145.92356872558594, 134.31187438964844, 1.0], [207.11883544921875, 225.5508270263672, 1.0], [178.44754028320312, 174.69627380371094, 1.0], [187.07383728027344, 145.61634826660156, 1.0], [186.0275421142578, 116.28777313232422, 1.0], [199.2740478515625, 249.4000701904297, 1.0], [136.80662536621094, 218.28126525878906, 1.0], [116.9415512084961, 190.74176025390625, 1.0], [134.8204803466797, 165.6083526611328, 1.0], [200.1349334716797, 271.78668212890625, 1.0], [152.23553466796875, 262.5189208984375, 1.0], [123.01940155029297, 246.94415283203125, 1.0], [127.81812286376953, 215.4176025390625, 1.0]], "is_left": 0}