{"hand_pts": [[72.76422882080078, 81.49656677246094, 1.0], [132.2782745361328, 117.3868637084961, 1.0], [195.4935760498047, 118.43762969970703, 1.0], [249.42518615722656, 132.04283142089844, 1.0], [283.5862121582031, 163.98211669921875, 1.0], [227.49827575683594, 142.64828491210938, 1.0], [223.57257080078125, 192.6464080810547, 1.0], [183.05718994140625, 201.52931213378906, 1.0], [145.46218872070312, 180.12039184570312, 1.0], [202.53631591796875, 149.25698852539062, 1.0], [236.899169921875, 208.0823516845703, 1.0], [213.21206665039062, 228.59814453125, 1.0], [180.2731170654297, 236.69107055664062, 1.0], [175.96580505371094, 157.1089324951172, 1.0], [150.22515869140625, 221.36935424804688, 1.0], [110.89299011230469, 226.01394653320312, 1.0], [106.17337799072266, 191.70912170410156, 1.0], [141.90858459472656, 161.59063720703125, 1.0], [159.1422119140625, 192.28147888183594, 1.0], [171.18930053710938, 219.32875061035156, 1.0], [181.5118865966797, 248.78334045410156, 1.0]], "is_left": 0}