{"hand_pts": [[324.76605224609375, 163.07847595214844, 1.0], [280.9963073730469, 203.8675994873047, 1.0], [264.49542236328125, 253.41403198242188, 1.0], [239.3916015625, 284.9874572753906, 1.0], [205.01593017578125, 259.7340393066406, 1.0], [209.95639038085938, 232.53738403320312, 1.0], [157.12652587890625, 227.13165283203125, 1.0], [144.91029357910156, 209.7401885986328, 1.0], [124.21587371826172, 195.75747680664062, 1.0], [205.67982482910156, 197.2610321044922, 1.0], [162.28469848632812, 195.41783142089844, 1.0], [162.6326446533203, 189.24337768554688, 1.0], [166.48582458496094, 183.1878662109375, 1.0], [204.04144287109375, 166.60345458984375, 1.0], [136.4232635498047, 157.23374938964844, 1.0], [113.35458374023438, 148.53167724609375, 1.0], [135.06222534179688, 147.6077423095703, 1.0], [209.7388916015625, 135.82342529296875, 1.0], [186.96914672851562, 102.10298919677734, 1.0], [177.99871826171875, 80.210693359375, 1.0], [204.5917205810547, 88.60926055908203, 1.0]], "is_left": 0}