{"hand_pts": [[213.8799591064453, 85.4659652709961, 1.0], [246.4394989013672, 124.1427001953125, 1.0], [285.05108642578125, 157.02120971679688, 1.0], [290.6571960449219, 175.32286071777344, 1.0], [265.9678039550781, 168.2892303466797, 1.0], [203.339599609375, 204.46109008789062, 1.0], [193.37979125976562, 243.9753875732422, 1.0], [192.33734130859375, 254.79782104492188, 1.0], [201.0061798095703, 235.9387664794922, 1.0], [166.22091674804688, 195.06349182128906, 1.0], [173.33665466308594, 192.71688842773438, 1.0], [196.87742614746094, 161.80322265625, 1.0], [217.03622436523438, 135.59739685058594, 1.0], [140.9061279296875, 182.65586853027344, 1.0], [94.10704803466797, 226.57850646972656, 1.0], [113.47943115234375, 216.26568603515625, 1.0], [139.92721557617188, 199.7677001953125, 1.0], [121.93958282470703, 163.76022338867188, 1.0], [131.30450439453125, 150.98472595214844, 1.0], [154.7584686279297, 129.10826110839844, 1.0], [153.75038146972656, 134.40541076660156, 1.0]], "is_left": 0}