{"hand_pts": [[20.455780029296875, 183.27371215820312, 1.0], [84.4371337890625, 155.88783264160156, 1.0], [122.1138916015625, 117.74365997314453, 1.0], [176.5582275390625, 119.73844909667969, 1.0], [199.7100372314453, 160.50350952148438, 1.0], [146.69146728515625, 135.50648498535156, 1.0], [210.0615234375, 117.82942199707031, 1.0], [252.3047332763672, 112.74569702148438, 1.0], [267.3791198730469, 135.8256378173828, 1.0], [140.4813690185547, 169.3932342529297, 1.0], [221.9795379638672, 172.803955078125, 1.0], [233.03964233398438, 188.88063049316406, 1.0], [194.33714294433594, 191.26498413085938, 1.0], [136.02369689941406, 199.311279296875, 1.0], [213.7730255126953, 214.42214965820312, 1.0], [227.75729370117188, 226.8213348388672, 1.0], [195.71640014648438, 223.6667938232422, 1.0], [125.5914306640625, 228.3235321044922, 1.0], [164.97396850585938, 266.1404724121094, 1.0], [175.11727905273438, 280.39404296875, 1.0], [152.9503173828125, 261.7232360839844, 1.0]], "is_left": 0}