{"hand_pts": [[287.1157531738281, 48.68061447143555, 1.0], [284.2598571777344, 105.21895599365234, 1.0], [307.1733093261719, 149.0398406982422, 1.0], [286.3990783691406, 184.75106811523438, 1.0], [241.65235900878906, 202.27845764160156, 1.0], [246.055908203125, 182.23716735839844, 1.0], [215.053466796875, 235.6809844970703, 1.0], [190.88743591308594, 245.5368194580078, 1.0], [168.7046356201172, 245.57232666015625, 1.0], [214.68832397460938, 162.93698120117188, 1.0], [167.1908416748047, 222.6736297607422, 1.0], [144.43971252441406, 238.396484375, 1.0], [132.6251983642578, 238.41043090820312, 1.0], [189.49041748046875, 143.6742706298828, 1.0], [132.124267578125, 183.82241821289062, 1.0], [120.06385040283203, 180.8156280517578, 1.0], [121.42123413085938, 168.4280548095703, 1.0], [170.42730712890625, 118.36002349853516, 1.0], [124.673583984375, 143.4501495361328, 1.0], [109.1656265258789, 150.87782287597656, 1.0], [114.6739501953125, 148.4629669189453, 1.0]], "is_left": 0}