{"hand_pts": [[172.43360900878906, 37.339630126953125, 1.0], [151.00962829589844, 79.4171371459961, 1.0], [123.09212493896484, 89.5323486328125, 1.0], [123.16018676757812, 113.5033187866211, 1.0], [155.3277587890625, 145.04827880859375, 1.0], [122.48350524902344, 173.423095703125, 1.0], [153.46241760253906, 213.66455078125, 1.0], [184.4532928466797, 199.95501708984375, 1.0], [216.01966857910156, 196.23611450195312, 1.0], [152.57635498046875, 176.96531677246094, 1.0], [187.13096618652344, 239.20291137695312, 1.0], [209.2735595703125, 211.05990600585938, 1.0], [197.5586395263672, 166.35452270507812, 1.0], [180.05015563964844, 175.84706115722656, 1.0], [185.2329559326172, 246.66351318359375, 1.0], [199.64218139648438, 270.71466064453125, 1.0], [216.59034729003906, 259.18115234375, 1.0], [207.2803955078125, 165.97190856933594, 1.0], [241.70542907714844, 201.62203979492188, 1.0], [254.9134063720703, 193.565185546875, 1.0], [232.2498779296875, 164.7201385498047, 1.0]], "is_left": 0}