{"hand_pts": [[68.93708038330078, 199.2384033203125, 1.0], [130.07522583007812, 166.31857299804688, 1.0], [180.01385498046875, 132.91050720214844, 1.0], [226.87588500976562, 111.46403503417969, 1.0], [265.8177795410156, 112.07056427001953, 1.0], [114.78759002685547, 154.482177734375, 1.0], [181.3323974609375, 144.02664184570312, 1.0], [217.82066345214844, 156.0733642578125, 1.0], [229.73451232910156, 170.1708526611328, 1.0], [102.38447570800781, 185.57266235351562, 1.0], [202.25579833984375, 177.88906860351562, 1.0], [253.03114318847656, 175.05162048339844, 1.0], [255.49417114257812, 175.43771362304688, 1.0], [100.50457763671875, 211.23419189453125, 1.0], [175.0938262939453, 220.31668090820312, 1.0], [218.61483764648438, 221.24835205078125, 1.0], [233.47891235351562, 217.5541229248047, 1.0], [99.8379898071289, 235.54444885253906, 1.0], [127.16828155517578, 240.62294006347656, 1.0], [163.119140625, 240.98358154296875, 1.0], [206.12548828125, 238.09219360351562, 1.0]], "is_left": 0}