{"hand_pts": [[67.25448608398438, 97.60643005371094, 1.0], [128.15548706054688, 131.76907348632812, 1.0], [178.89544677734375, 148.38616943359375, 1.0], [217.91073608398438, 177.9575958251953, 1.0], [225.7228240966797, 206.97520446777344, 1.0], [198.2996826171875, 127.58258056640625, 1.0], [246.2333526611328, 157.94390869140625, 1.0], [266.6959228515625, 188.0409393310547, 1.0], [274.4591064453125, 221.78721618652344, 1.0], [172.05105590820312, 127.16416931152344, 1.0], [211.1515350341797, 186.04354858398438, 1.0], [200.61228942871094, 215.35594177246094, 1.0], [179.58494567871094, 231.7576141357422, 1.0], [147.61041259765625, 131.54833984375, 1.0], [173.22340393066406, 188.9607391357422, 1.0], [172.08355712890625, 224.470947265625, 1.0], [169.35000610351562, 258.0443115234375, 1.0], [118.17547607421875, 135.6619415283203, 1.0], [121.7286148071289, 179.40931701660156, 1.0], [121.4610595703125, 209.52284240722656, 1.0], [121.6419448852539, 240.8576202392578, 1.0]], "is_left": 0}