{"hand_pts": [[41.44717788696289, 192.450927734375, 1.0], [78.54605865478516, 148.6483612060547, 1.0], [98.0186767578125, 102.55078125, 1.0], [148.23007202148438, 99.95429992675781, 1.0], [196.02366638183594, 102.31747436523438, 1.0], [185.70846557617188, 134.9541473388672, 1.0], [220.4520263671875, 126.90401458740234, 1.0], [189.40853881835938, 141.34803771972656, 1.0], [150.12022399902344, 158.43138122558594, 1.0], [196.41476440429688, 177.25807189941406, 1.0], [228.32321166992188, 189.9942169189453, 1.0], [182.12034606933594, 193.2711639404297, 1.0], [133.753662109375, 187.9048614501953, 1.0], [199.23980712890625, 212.07884216308594, 1.0], [270.21051025390625, 221.99600219726562, 1.0], [241.0960235595703, 222.68885803222656, 1.0], [202.0557403564453, 220.20944213867188, 1.0], [191.4196014404297, 244.9785919189453, 1.0], [219.137939453125, 276.478759765625, 1.0], [187.12779235839844, 266.77752685546875, 1.0], [150.2333221435547, 249.53749084472656, 1.0]], "is_left": 0}