{"hand_pts": [[93.19915008544922, 317.1355285644531, 1.0], [159.6895751953125, 269.9040832519531, 1.0], [209.32557678222656, 229.9957733154297, 1.0], [229.61317443847656, 188.6584930419922, 1.0], [211.3105010986328, 181.5605010986328, 1.0], [158.51678466796875, 174.92481994628906, 1.0], [205.2003936767578, 115.30686950683594, 1.0], [234.91244506835938, 134.46510314941406, 1.0], [232.98756408691406, 174.33575439453125, 1.0], [130.46192932128906, 184.2577667236328, 1.0], [175.19607543945312, 108.74849700927734, 1.0], [220.96730041503906, 78.70064544677734, 1.0], [261.0096130371094, 95.45030212402344, 1.0], [113.19430541992188, 197.106201171875, 1.0], [165.33425903320312, 192.8169708251953, 1.0], [197.29502868652344, 200.86740112304688, 1.0], [228.803466796875, 208.35769653320312, 1.0], [97.2199478149414, 218.21578979492188, 1.0], [130.73851013183594, 228.36126708984375, 1.0], [151.3201141357422, 254.3975372314453, 1.0], [170.43399047851562, 283.4551086425781, 1.0]], "is_left": 0}