{"hand_pts": [[31.83973503112793, 135.30892944335938, 1.0], [95.42240905761719, 134.06155395507812, 1.0], [137.84902954101562, 149.3695526123047, 1.0], [181.90457153320312, 166.0348358154297, 1.0], [223.4732208251953, 182.63308715820312, 1.0], [150.18504333496094, 197.87710571289062, 1.0], [209.73635864257812, 195.72616577148438, 1.0], [240.98960876464844, 175.9950408935547, 1.0], [273.2156066894531, 160.99757385253906, 1.0], [134.95428466796875, 198.26690673828125, 1.0], [194.525146484375, 219.95382690429688, 1.0], [227.878173828125, 196.70571899414062, 1.0], [251.44296264648438, 166.70594787597656, 1.0], [123.0781478881836, 191.7095489501953, 1.0], [177.41339111328125, 218.123291015625, 1.0], [212.7736358642578, 214.05528259277344, 1.0], [246.52906799316406, 214.53839111328125, 1.0], [106.86073303222656, 179.92770385742188, 1.0], [140.2548065185547, 173.38597106933594, 1.0], [163.65843200683594, 162.99005126953125, 1.0], [184.4400634765625, 139.18890380859375, 1.0]], "is_left": 0}