{"hand_pts": [[192.03628540039062, 32.90363693237305, 1.0], [155.91844177246094, 64.09210205078125, 1.0], [118.23753356933594, 76.99839782714844, 1.0], [94.50293731689453, 110.29612731933594, 1.0], [83.53147888183594, 151.00384521484375, 1.0], [203.8846435546875, 129.9285888671875, 1.0], [192.22100830078125, 178.12933349609375, 1.0], [166.33836364746094, 205.15182495117188, 1.0], [136.39556884765625, 226.86253356933594, 1.0], [222.67404174804688, 142.6846466064453, 1.0], [218.7245330810547, 202.7672882080078, 1.0], [190.31214904785156, 232.5662078857422, 1.0], [159.7691650390625, 257.55291748046875, 1.0], [230.4276580810547, 151.2459259033203, 1.0], [236.01974487304688, 212.91232299804688, 1.0], [206.98452758789062, 237.83334350585938, 1.0], [171.51661682128906, 253.43190002441406, 1.0], [233.2490234375, 152.5841827392578, 1.0], [234.78363037109375, 198.23609924316406, 1.0], [216.4593963623047, 223.6490020751953, 1.0], [183.71446228027344, 235.88214111328125, 1.0]], "is_left": 0}