{"hand_pts": [[327.08056640625, 120.14791107177734, 1.0], [290.6147766113281, 118.98998260498047, 1.0], [269.7810974121094, 97.63136291503906, 1.0], [220.61183166503906, 99.15542602539062, 1.0], [174.7672882080078, 114.90634155273438, 1.0], [251.45472717285156, 212.0887908935547, 1.0], [207.0287628173828, 238.96591186523438, 1.0], [173.02490234375, 244.6907958984375, 1.0], [137.38961791992188, 229.42494201660156, 1.0], [238.8489532470703, 223.04513549804688, 1.0], [174.52987670898438, 229.28811645507812, 1.0], [153.0686492919922, 182.4147186279297, 1.0], [140.22152709960938, 134.46319580078125, 1.0], [226.89373779296875, 222.92445373535156, 1.0], [159.5528564453125, 218.32664489746094, 1.0], [124.56983947753906, 198.1962890625, 1.0], [99.76665496826172, 164.09625244140625, 1.0], [220.016845703125, 213.98736572265625, 1.0], [168.26695251464844, 205.19097900390625, 1.0], [152.70127868652344, 169.70355224609375, 1.0], [140.82701110839844, 130.75369262695312, 1.0]], "is_left": 0}