{"hand_pts": [[148.42294311523438, 224.46653747558594, 1.0], [118.64523315429688, 214.67344665527344, 1.0], [76.61558532714844, 210.46946716308594, 1.0], [66.6807632446289, 211.29116821289062, 1.0], [101.989013671875, 217.37875366210938, 1.0], [155.4960174560547, 147.41683959960938, 1.0], [161.6934356689453, 153.04248046875, 1.0], [157.63365173339844, 185.58274841308594, 1.0], [151.37294006347656, 220.6050262451172, 1.0], [194.23658752441406, 152.630859375, 1.0], [197.2391815185547, 151.65866088867188, 1.0], [185.4323272705078, 175.6322784423828, 1.0], [168.4739990234375, 207.07864379882812, 1.0], [222.3380584716797, 163.61785888671875, 1.0], [249.3528289794922, 145.19915771484375, 1.0], [236.14744567871094, 174.13665771484375, 1.0], [215.7389678955078, 205.94488525390625, 1.0], [244.5413055419922, 180.05426025390625, 1.0], [270.3978576660156, 173.6561279296875, 1.0], [262.8307800292969, 190.4464111328125, 1.0], [237.68186950683594, 213.9807891845703, 1.0]], "is_left": 0}