{"hand_pts": [[45.44055938720703, 157.42747497558594, 1.0], [109.43701171875, 126.86421966552734, 1.0], [152.80287170410156, 84.61640930175781, 1.0], [200.7111053466797, 52.714534759521484, 1.0], [246.98641967773438, 49.797061920166016, 1.0], [152.30508422851562, 169.5321807861328, 1.0], [196.7137451171875, 189.98953247070312, 1.0], [230.25018310546875, 184.65431213378906, 1.0], [255.4351348876953, 176.9080352783203, 1.0], [136.37123107910156, 201.72694396972656, 1.0], [196.41607666015625, 226.67465209960938, 1.0], [238.29977416992188, 212.9901885986328, 1.0], [278.92230224609375, 202.4544677734375, 1.0], [125.72846984863281, 222.290771484375, 1.0], [169.8613739013672, 252.5635528564453, 1.0], [201.7379608154297, 232.62985229492188, 1.0], [192.76351928710938, 207.26513671875, 1.0], [111.91268157958984, 236.53640747070312, 1.0], [151.07032775878906, 239.8889617919922, 1.0], [166.5756378173828, 218.9239501953125, 1.0], [171.27366638183594, 190.35719299316406, 1.0]], "is_left": 0}