{"hand_pts": [[272.4879150390625, 100.43681335449219, 1.0], [193.4204864501953, 113.1329345703125, 1.0], [122.5241928100586, 113.18275451660156, 1.0], [98.59203338623047, 118.30924224853516, 1.0], [138.60081481933594, 122.33200073242188, 1.0], [146.14315795898438, 218.1244659423828, 1.0], [112.17514038085938, 220.6510467529297, 1.0], [127.80533599853516, 178.66937255859375, 1.0], [158.71743774414062, 145.29583740234375, 1.0], [187.63905334472656, 233.13880920410156, 1.0], [159.812255859375, 239.0738067626953, 1.0], [169.4775390625, 185.63563537597656, 1.0], [186.67221069335938, 148.51890563964844, 1.0], [221.1970672607422, 237.29953002929688, 1.0], [207.8680419921875, 243.7802734375, 1.0], [215.07513427734375, 195.37457275390625, 1.0], [222.04014587402344, 166.24525451660156, 1.0], [256.7221984863281, 231.00242614746094, 1.0], [262.3799743652344, 229.61476135253906, 1.0], [261.4454345703125, 190.4456024169922, 1.0], [255.0985107421875, 168.7498016357422, 1.0]], "is_left": 0}