{"hand_pts": [[65.48444366455078, 205.58026123046875, 1.0], [122.18989562988281, 162.92562866210938, 1.0], [144.21963500976562, 108.44233703613281, 1.0], [156.13070678710938, 79.26978302001953, 1.0], [148.40606689453125, 99.84891510009766, 1.0], [200.98487854003906, 205.16445922851562, 1.0], [262.18023681640625, 214.3662567138672, 1.0], [277.607177734375, 192.35635375976562, 1.0], [288.9953918457031, 171.064453125, 1.0], [178.66017150878906, 228.82571411132812, 1.0], [241.19190979003906, 234.54815673828125, 1.0], [254.13394165039062, 200.86427307128906, 1.0], [245.65908813476562, 161.26443481445312, 1.0], [157.06910705566406, 240.5157012939453, 1.0], [161.88580322265625, 186.55307006835938, 1.0], [134.43702697753906, 160.18226623535156, 1.0], [119.5990219116211, 173.24517822265625, 1.0], [130.24290466308594, 247.33030700683594, 1.0], [150.20152282714844, 236.33738708496094, 1.0], [151.79916381835938, 207.08493041992188, 1.0], [146.39772033691406, 172.5182342529297, 1.0]], "is_left": 0}