{"hand_pts": [[81.47563171386719, 251.45176696777344, 1.0], [130.19580078125, 264.7211608886719, 1.0], [174.42822265625, 296.071044921875, 1.0], [219.80386352539062, 294.0782470703125, 1.0], [247.96826171875, 257.89794921875, 1.0], [129.6153564453125, 213.16258239746094, 1.0], [184.78173828125, 205.0172119140625, 1.0], [218.78509521484375, 211.2513885498047, 1.0], [238.72152709960938, 221.53353881835938, 1.0], [119.86891174316406, 180.4231414794922, 1.0], [185.73944091796875, 153.9386444091797, 1.0], [218.66949462890625, 169.8170623779297, 1.0], [220.6328887939453, 199.91416931152344, 1.0], [116.94380950927734, 157.3310089111328, 1.0], [154.74859619140625, 113.1060791015625, 1.0], [190.9519500732422, 101.78243255615234, 1.0], [228.40821838378906, 99.37445068359375, 1.0], [113.9521484375, 141.10826110839844, 1.0], [158.0962677001953, 126.3179702758789, 1.0], [188.00645446777344, 134.1505584716797, 1.0], [212.90399169921875, 154.55137634277344, 1.0]], "is_left": 0}