{"hand_pts": [[223.36373901367188, 99.71404266357422, 1.0], [252.23851013183594, 138.83462524414062, 1.0], [293.8750915527344, 161.09425354003906, 1.0], [291.2582092285156, 201.7051544189453, 1.0], [274.301513671875, 240.1579132080078, 1.0], [188.09861755371094, 130.04891967773438, 1.0], [205.94338989257812, 194.83657836914062, 1.0], [229.7812042236328, 209.2058868408203, 1.0], [233.34934997558594, 182.9988555908203, 1.0], [147.92227172851562, 129.06219482421875, 1.0], [125.72486877441406, 167.1146697998047, 1.0], [159.48777770996094, 203.73873901367188, 1.0], [191.04237365722656, 216.28878784179688, 1.0], [121.77507781982422, 134.10809326171875, 1.0], [114.25713348388672, 207.87884521484375, 1.0], [149.56057739257812, 218.81846618652344, 1.0], [169.4903564453125, 184.577880859375, 1.0], [104.37201690673828, 139.14837646484375, 1.0], [102.76409149169922, 187.8245086669922, 1.0], [137.20907592773438, 202.83274841308594, 1.0], [168.2022247314453, 189.5868682861328, 1.0]], "is_left": 0}