{"hand_pts": [[16.027008056640625, 178.46400451660156, 1.0], [61.389530181884766, 182.5384063720703, 1.0], [80.9684829711914, 175.2744598388672, 1.0], [127.81574249267578, 184.47183227539062, 1.0], [171.1578826904297, 199.23004150390625, 1.0], [140.6431121826172, 141.02197265625, 1.0], [200.25437927246094, 148.49501037597656, 1.0], [214.9519500732422, 177.0941619873047, 1.0], [211.76824951171875, 207.49029541015625, 1.0], [146.50775146484375, 145.52268981933594, 1.0], [220.72862243652344, 159.0623016357422, 1.0], [242.9656219482422, 187.4383544921875, 1.0], [238.52960205078125, 218.4065399169922, 1.0], [148.97398376464844, 154.84149169921875, 1.0], [218.54342651367188, 178.31312561035156, 1.0], [230.23629760742188, 207.80516052246094, 1.0], [221.51974487304688, 235.9035186767578, 1.0], [143.1171875, 167.3090057373047, 1.0], [191.37342834472656, 182.6067657470703, 1.0], [200.80657958984375, 205.5696563720703, 1.0], [191.0535125732422, 226.81057739257812, 1.0]], "is_left": 0}