{"hand_pts": [[217.76296997070312, 334.2786865234375, 1.0], [240.5791015625, 270.85205078125, 1.0], [245.68377685546875, 231.1836395263672, 1.0], [243.3844757080078, 187.43450927734375, 1.0], [237.59829711914062, 201.70889282226562, 1.0], [173.75576782226562, 207.23646545410156, 1.0], [197.38743591308594, 150.7022247314453, 1.0], [219.9690399169922, 118.3918228149414, 1.0], [236.250244140625, 84.3885269165039, 1.0], [155.03121948242188, 222.22335815429688, 1.0], [113.63697052001953, 166.36666870117188, 1.0], [107.5772476196289, 126.7596435546875, 1.0], [130.50979614257812, 95.07322692871094, 1.0], [147.78256225585938, 235.0153350830078, 1.0], [151.29666137695312, 171.0438690185547, 1.0], [175.0771942138672, 141.2572021484375, 1.0], [216.62161254882812, 144.9651336669922, 1.0], [147.39048767089844, 253.18331909179688, 1.0], [157.43533325195312, 229.4993133544922, 1.0], [191.29989624023438, 225.55960083007812, 1.0], [227.82481384277344, 230.33499145507812, 1.0]], "is_left": 0}