{"hand_pts": [[323.2526550292969, 314.1376647949219, 1.0], [276.57568359375, 280.0700988769531, 1.0], [263.1249084472656, 259.8839416503906, 1.0], [204.92068481445312, 252.22061157226562, 1.0], [150.168212890625, 256.59173583984375, 1.0], [256.0383605957031, 162.0512237548828, 1.0], [200.02015686035156, 114.21611785888672, 1.0], [154.6928253173828, 137.45668029785156, 1.0], [118.09745788574219, 172.85794067382812, 1.0], [249.4097137451172, 165.51683044433594, 1.0], [197.17974853515625, 89.51492309570312, 1.0], [145.65570068359375, 81.8077392578125, 1.0], [115.73571014404297, 125.69945526123047, 1.0], [239.71470642089844, 176.9303741455078, 1.0], [155.44882202148438, 164.02943420410156, 1.0], [133.61195373535156, 208.67291259765625, 1.0], [146.78759765625, 254.91864013671875, 1.0], [233.35891723632812, 198.40585327148438, 1.0], [178.7275390625, 177.9259490966797, 1.0], [146.2987060546875, 197.65196228027344, 1.0], [123.61027526855469, 227.13088989257812, 1.0]], "is_left": 0}