{"hand_pts": [[119.64108276367188, 117.60839080810547, 1.0], [97.67464447021484, 150.22662353515625, 1.0], [67.44923400878906, 185.83287048339844, 1.0], [64.67693328857422, 194.74832153320312, 1.0], [87.3652572631836, 174.09181213378906, 1.0], [168.88812255859375, 208.69015502929688, 1.0], [202.1204376220703, 237.59432983398438, 1.0], [187.56202697753906, 221.0583953857422, 1.0], [162.5445556640625, 194.58233642578125, 1.0], [201.31312561035156, 192.20213317871094, 1.0], [227.6083984375, 228.9988555908203, 1.0], [199.0880889892578, 215.54551696777344, 1.0], [164.4025421142578, 194.4197998046875, 1.0], [220.8383331298828, 175.22848510742188, 1.0], [259.9669494628906, 187.8783416748047, 1.0], [256.4679870605469, 182.1499786376953, 1.0], [222.52920532226562, 166.11395263671875, 1.0], [231.98573303222656, 154.38653564453125, 1.0], [249.1385040283203, 144.01670837402344, 1.0], [217.02508544921875, 130.1585235595703, 1.0], [181.8772430419922, 126.75967407226562, 1.0]], "is_left": 0}