{"hand_pts": [[218.60595703125, 148.61448669433594, 1.0], [159.67205810546875, 159.1259765625, 1.0], [100.73987579345703, 153.79420471191406, 1.0], [75.85234832763672, 174.3450927734375, 1.0], [81.93085479736328, 205.09304809570312, 1.0], [168.8838348388672, 113.2923812866211, 1.0], [146.6204071044922, 128.7333526611328, 1.0], [132.9899444580078, 166.75953674316406, 1.0], [124.8836441040039, 211.947265625, 1.0], [210.8344268798828, 125.88011932373047, 1.0], [196.5001220703125, 154.8634796142578, 1.0], [176.8565216064453, 201.72738647460938, 1.0], [157.64306640625, 246.7212677001953, 1.0], [241.9143524169922, 143.68556213378906, 1.0], [236.9029083251953, 179.88377380371094, 1.0], [220.74168395996094, 223.05442810058594, 1.0], [201.34402465820312, 262.424072265625, 1.0], [270.2499084472656, 164.2224578857422, 1.0], [273.31097412109375, 199.5083465576172, 1.0], [261.5649108886719, 234.8466033935547, 1.0], [238.67710876464844, 267.0791931152344, 1.0]], "is_left": 0}