{"hand_pts": [[282.9939880371094, 146.95645141601562, 1.0], [204.46578979492188, 178.78260803222656, 1.0], [168.22805786132812, 225.83645629882812, 1.0], [137.9517059326172, 247.80999755859375, 1.0], [124.31328582763672, 243.9375457763672, 1.0], [203.14312744140625, 215.09083557128906, 1.0], [173.11129760742188, 248.73243713378906, 1.0], [137.50921630859375, 255.58642578125, 1.0], [106.61922454833984, 264.4425048828125, 1.0], [237.53526306152344, 187.77342224121094, 1.0], [168.9922332763672, 162.67420959472656, 1.0], [133.42860412597656, 141.38003540039062, 1.0], [103.55562591552734, 122.61129760742188, 1.0], [259.9139709472656, 161.8745880126953, 1.0], [226.9246368408203, 183.23838806152344, 1.0], [196.70069885253906, 192.144775390625, 1.0], [150.1880340576172, 184.2514190673828, 1.0], [281.1304626464844, 134.24876403808594, 1.0], [253.55213928222656, 114.46720123291016, 1.0], [219.2151641845703, 101.25163269042969, 1.0], [181.12942504882812, 89.53609466552734, 1.0]], "is_left": 0}