{"hand_pts": [[43.618858337402344, 115.82460021972656, 1.0], [116.02230834960938, 137.90072631835938, 1.0], [161.23915100097656, 160.21463012695312, 1.0], [209.8537139892578, 174.7205352783203, 1.0], [261.3522033691406, 173.64552307128906, 1.0], [144.95848083496094, 219.51556396484375, 1.0], [183.28656005859375, 263.6193542480469, 1.0], [219.62295532226562, 248.924072265625, 1.0], [219.6642608642578, 212.88021850585938, 1.0], [126.03567504882812, 214.87828063964844, 1.0], [196.22093200683594, 184.62684631347656, 1.0], [229.08509826660156, 153.10772705078125, 1.0], [254.3325958251953, 120.12076568603516, 1.0], [114.5478744506836, 204.65835571289062, 1.0], [172.8296356201172, 184.29541015625, 1.0], [184.70782470703125, 148.31753540039062, 1.0], [199.20486450195312, 113.98788452148438, 1.0], [101.00457000732422, 187.768798828125, 1.0], [146.3798370361328, 196.53916931152344, 1.0], [180.57583618164062, 187.14089965820312, 1.0], [209.06591796875, 166.7589569091797, 1.0]], "is_left": 0}