{"hand_pts": [[262.1307678222656, 251.41366577148438, 1.0], [257.65606689453125, 191.1088409423828, 1.0], [263.2896728515625, 131.69126892089844, 1.0], [265.631103515625, 86.69679260253906, 1.0], [262.9181823730469, 68.1708755493164, 1.0], [161.1791229248047, 157.7563018798828, 1.0], [171.5092315673828, 132.47633361816406, 1.0], [213.3772430419922, 144.2410888671875, 1.0], [253.92977905273438, 161.26327514648438, 1.0], [144.12863159179688, 195.67286682128906, 1.0], [89.81354522705078, 165.0294647216797, 1.0], [118.74137878417969, 155.81259155273438, 1.0], [165.86985778808594, 156.4830780029297, 1.0], [138.2625274658203, 226.6339569091797, 1.0], [146.8509063720703, 224.51544189453125, 1.0], [193.05862426757812, 230.68385314941406, 1.0], [235.5029754638672, 236.1779327392578, 1.0], [142.38783264160156, 258.28076171875, 1.0], [123.5951156616211, 267.4387512207031, 1.0], [157.10659790039062, 259.92620849609375, 1.0], [193.20213317871094, 249.70819091796875, 1.0]], "is_left": 0,"label":5}