{"hand_pts": [[191.3872833251953, 10.201793670654297, 1.0], [240.13375854492188, 66.75325775146484, 1.0], [290.7220458984375, 101.16470336914062, 1.0], [297.3926086425781, 154.95223999023438, 1.0], [265.8970947265625, 199.8194580078125, 1.0], [216.48277282714844, 137.77001953125, 1.0], [228.13645935058594, 196.01174926757812, 1.0], [235.6232452392578, 223.68756103515625, 1.0], [241.57308959960938, 246.79103088378906, 1.0], [170.926513671875, 138.83090209960938, 1.0], [181.00559997558594, 218.85047912597656, 1.0], [200.4252471923828, 240.99400329589844, 1.0], [218.2362823486328, 215.06150817871094, 1.0], [138.12925720214844, 139.25088500976562, 1.0], [102.46439361572266, 210.63931274414062, 1.0], [107.56189727783203, 247.70248413085938, 1.0], [131.23007202148438, 257.6300964355469, 1.0], [110.81436157226562, 132.51730346679688, 1.0], [99.18180847167969, 161.0727996826172, 1.0], [94.13925170898438, 176.60780334472656, 1.0], [113.96051025390625, 161.20965576171875, 1.0]], "is_left": 0}