{"hand_pts": [[132.1242218017578, 290.2102355957031, 1.0], [137.177490234375, 272.96343994140625, 1.0], [120.10260009765625, 276.03173828125, 1.0], [165.5102996826172, 271.2813415527344, 1.0], [214.17596435546875, 264.6280517578125, 1.0], [101.00112915039062, 171.9532470703125, 1.0], [130.19410705566406, 125.49569702148438, 1.0], [156.3831024169922, 101.8885498046875, 1.0], [177.54246520996094, 74.89909362792969, 1.0], [118.98701477050781, 155.2626190185547, 1.0], [202.4930877685547, 158.67672729492188, 1.0], [231.97520446777344, 210.39224243164062, 1.0], [220.65965270996094, 254.43711853027344, 1.0], [140.24082946777344, 148.82151794433594, 1.0], [201.40744018554688, 141.16192626953125, 1.0], [229.93484497070312, 185.1533203125, 1.0], [221.20851135253906, 225.38389587402344, 1.0], [162.87574768066406, 152.81748962402344, 1.0], [216.00091552734375, 139.8052215576172, 1.0], [253.14573669433594, 156.80850219726562, 1.0], [267.79864501953125, 197.451904296875, 1.0]], "is_left": 0,"label":1}