{"hand_pts": [[106.50342559814453, 264.0493469238281, 1.0], [110.44689178466797, 268.6129150390625, 1.0], [107.49227905273438, 290.2679138183594, 1.0], [124.26033782958984, 264.4042053222656, 1.0], [145.37181091308594, 216.25843811035156, 1.0], [208.8570098876953, 245.61573791503906, 1.0], [246.97303771972656, 220.10581970214844, 1.0], [254.83981323242188, 196.3630828857422, 1.0], [239.2699432373047, 170.28944396972656, 1.0], [220.05821228027344, 213.30279541015625, 1.0], [227.30642700195312, 179.20172119140625, 1.0], [209.38543701171875, 161.43994140625, 1.0], [163.285400390625, 157.68362426757812, 1.0], [220.24835205078125, 186.78970336914062, 1.0], [209.9329833984375, 127.70852661132812, 1.0], [170.81626892089844, 111.95748901367188, 1.0], [135.92471313476562, 93.28173065185547, 1.0], [211.0067901611328, 165.2944793701172, 1.0], [180.22373962402344, 132.81906127929688, 1.0], [142.61634826660156, 147.40084838867188, 1.0], [103.729248046875, 164.87863159179688, 1.0]], "is_left": 0}