{"hand_pts": [[273.55450439453125, 318.14959716796875, 1.0], [276.8802185058594, 263.7181396484375, 1.0], [292.9228820800781, 245.5028839111328, 1.0], [248.39073181152344, 226.9221649169922, 1.0], [195.50856018066406, 214.94203186035156, 1.0], [258.7898254394531, 180.1187286376953, 1.0], [239.8096466064453, 121.64193725585938, 1.0], [208.0270233154297, 117.22184753417969, 1.0], [189.4670867919922, 139.23533630371094, 1.0], [227.0321044921875, 195.20997619628906, 1.0], [177.10211181640625, 151.69952392578125, 1.0], [149.91751098632812, 140.05023193359375, 1.0], [126.03224182128906, 133.3478546142578, 1.0], [200.58737182617188, 210.7293243408203, 1.0], [154.02349853515625, 158.77586364746094, 1.0], [126.73780059814453, 134.95266723632812, 1.0], [108.40242767333984, 129.39755249023438, 1.0], [178.6967010498047, 232.5739288330078, 1.0], [127.85303497314453, 225.18389892578125, 1.0], [94.34615325927734, 223.0791778564453, 1.0], [98.27772521972656, 236.4100341796875, 1.0]], "is_left": 0}