{"hand_pts": [[214.6493682861328, 38.28533172607422, 1.0], [232.76478576660156, 92.91758728027344, 1.0], [277.9449157714844, 125.52363586425781, 1.0], [291.240234375, 164.70848083496094, 1.0], [268.2277526855469, 198.7412872314453, 1.0], [243.5489044189453, 161.938232421875, 1.0], [232.0067901611328, 217.1690673828125, 1.0], [215.03305053710938, 252.9614715576172, 1.0], [195.56857299804688, 286.1531066894531, 1.0], [208.6421661376953, 154.7576904296875, 1.0], [188.89962768554688, 215.66940307617188, 1.0], [179.15377807617188, 193.47044372558594, 1.0], [170.52073669433594, 172.7793731689453, 1.0], [177.88308715820312, 147.4806671142578, 1.0], [125.7219009399414, 193.23875427246094, 1.0], [101.64871215820312, 199.8307342529297, 1.0], [87.37105560302734, 194.50120544433594, 1.0], [149.3673095703125, 133.9976043701172, 1.0], [117.04164123535156, 170.14089965820312, 1.0], [94.65289306640625, 195.9390869140625, 1.0], [93.67777252197266, 202.8483428955078, 1.0]], "is_left": 0}