{"hand_pts": [[308.6073303222656, 309.5617980957031, 1.0], [266.3952331542969, 259.72808837890625, 1.0], [238.2967071533203, 222.258056640625, 1.0], [195.92886352539062, 188.41580200195312, 1.0], [146.86050415039062, 164.95701599121094, 1.0], [244.12338256835938, 193.31275939941406, 1.0], [216.29238891601562, 142.82041931152344, 1.0], [183.8250274658203, 115.13172912597656, 1.0], [152.2080535888672, 88.835205078125, 1.0], [238.39669799804688, 214.5712127685547, 1.0], [173.87184143066406, 166.2319793701172, 1.0], [125.97489166259766, 144.78514099121094, 1.0], [80.70625305175781, 135.2313232421875, 1.0], [230.21250915527344, 234.4522247314453, 1.0], [194.91452026367188, 189.59730529785156, 1.0], [159.4251251220703, 165.92982482910156, 1.0], [122.68529510498047, 143.45355224609375, 1.0], [225.28807067871094, 258.6781921386719, 1.0], [190.52516174316406, 236.415283203125, 1.0], [155.75978088378906, 222.6237335205078, 1.0], [118.8580093383789, 208.7772674560547, 1.0]], "is_left": 0}