{"hand_pts": [[237.64559936523438, 15.16299057006836, 1.0], [182.09765625, 65.51942443847656, 1.0], [136.0094757080078, 93.80777740478516, 1.0], [105.76513671875, 137.91905212402344, 1.0], [92.9357681274414, 177.32281494140625, 1.0], [199.76255798339844, 164.48324584960938, 1.0], [164.5500946044922, 217.08087158203125, 1.0], [139.82313537597656, 205.2310333251953, 1.0], [118.17020416259766, 189.2298583984375, 1.0], [229.78411865234375, 164.9792022705078, 1.0], [191.30752563476562, 233.76925659179688, 1.0], [152.71133422851562, 235.6927032470703, 1.0], [123.48705291748047, 208.7689208984375, 1.0], [249.07984924316406, 160.9532012939453, 1.0], [257.52386474609375, 238.28021240234375, 1.0], [227.31390380859375, 258.2586975097656, 1.0], [193.2866973876953, 255.10153198242188, 1.0], [265.6108093261719, 147.4949493408203, 1.0], [245.97613525390625, 161.03228759765625, 1.0], [226.78463745117188, 158.59872436523438, 1.0], [200.82350158691406, 136.71717834472656, 1.0]], "is_left": 0}