{"hand_pts": [[34.202430725097656, 145.26634216308594, 1.0], [90.41436004638672, 117.76834106445312, 1.0], [112.94156646728516, 99.32319641113281, 1.0], [160.96542358398438, 107.94552612304688, 1.0], [187.7773895263672, 130.94261169433594, 1.0], [153.24252319335938, 167.17498779296875, 1.0], [196.5713348388672, 136.86143493652344, 1.0], [181.7366943359375, 113.76103210449219, 1.0], [162.87660217285156, 94.8296890258789, 1.0], [145.884033203125, 196.27423095703125, 1.0], [205.73289489746094, 239.9371795654297, 1.0], [249.40814208984375, 255.8369140625, 1.0], [279.4460754394531, 237.71234130859375, 1.0], [139.62306213378906, 213.7763214111328, 1.0], [205.7905731201172, 233.37657165527344, 1.0], [242.79714965820312, 224.0554656982422, 1.0], [249.45314025878906, 194.62937927246094, 1.0], [127.70010375976562, 224.69070434570312, 1.0], [163.67845153808594, 227.48587036132812, 1.0], [186.69061279296875, 225.3546600341797, 1.0], [200.4718475341797, 205.83766174316406, 1.0]], "is_left": 0}