{"hand_pts": [[109.32252502441406, 221.9630584716797, 1.0], [102.8788070678711, 249.24513244628906, 1.0], [82.75353240966797, 285.34210205078125, 1.0], [76.08232116699219, 285.65887451171875, 1.0], [91.59455871582031, 239.14559936523438, 1.0], [198.81422424316406, 243.791015625, 1.0], [233.4286346435547, 226.0446319580078, 1.0], [232.70953369140625, 204.97164916992188, 1.0], [217.40811157226562, 180.39695739746094, 1.0], [210.98687744140625, 201.0233917236328, 1.0], [267.702392578125, 187.59075927734375, 1.0], [242.88597106933594, 172.57237243652344, 1.0], [217.43746948242188, 158.55377197265625, 1.0], [211.07498168945312, 165.87464904785156, 1.0], [223.01760864257812, 141.79489135742188, 1.0], [178.39569091796875, 135.07284545898438, 1.0], [128.27853393554688, 136.64846801757812, 1.0], [202.10592651367188, 134.71142578125, 1.0], [213.8978729248047, 97.37042999267578, 1.0], [178.3411407470703, 96.34810638427734, 1.0], [145.0938262939453, 122.33638763427734, 1.0]], "is_left": 0}