{"hand_pts": [[272.7571105957031, 71.14864349365234, 1.0], [229.39488220214844, 107.71166229248047, 1.0], [197.0001220703125, 140.67581176757812, 1.0], [166.0804901123047, 169.82630920410156, 1.0], [136.9800262451172, 196.2759246826172, 1.0], [215.51174926757812, 172.47036743164062, 1.0], [200.95887756347656, 224.32943725585938, 1.0], [186.12416076660156, 254.5906524658203, 1.0], [178.2209014892578, 286.1488342285156, 1.0], [217.0856475830078, 152.62319946289062, 1.0], [188.80453491210938, 206.92214965820312, 1.0], [164.28280639648438, 236.44927978515625, 1.0], [143.8666534423828, 265.6038818359375, 1.0], [214.5782470703125, 131.73460388183594, 1.0], [189.74215698242188, 178.8864288330078, 1.0], [162.28823852539062, 198.75314331054688, 1.0], [137.6804656982422, 219.64328002929688, 1.0], [213.9856719970703, 106.27021789550781, 1.0], [188.85275268554688, 128.71768188476562, 1.0], [167.2925567626953, 142.7180938720703, 1.0], [141.7330322265625, 157.40777587890625, 1.0]], "is_left": 0}