{"hand_pts": [[53.56881332397461, 206.447021484375, 1.0], [91.99358367919922, 177.23094177246094, 1.0], [99.24093627929688, 144.1574249267578, 1.0], [116.61668395996094, 115.30918884277344, 1.0], [139.22128295898438, 110.06562042236328, 1.0], [174.29627990722656, 201.88436889648438, 1.0], [228.6781005859375, 205.96018981933594, 1.0], [247.7191619873047, 189.8759307861328, 1.0], [237.9986572265625, 171.1807861328125, 1.0], [175.3300018310547, 216.46109008789062, 1.0], [239.0869140625, 221.62374877929688, 1.0], [272.06109619140625, 210.52626037597656, 1.0], [291.8631286621094, 191.28956604003906, 1.0], [172.3309326171875, 223.59100341796875, 1.0], [189.19020080566406, 186.6678466796875, 1.0], [184.84442138671875, 162.52960205078125, 1.0], [151.6661834716797, 150.7572479248047, 1.0], [161.9239501953125, 227.96604919433594, 1.0], [178.58616638183594, 212.51441955566406, 1.0], [158.94541931152344, 194.23594665527344, 1.0], [133.0615997314453, 186.4821319580078, 1.0]], "is_left": 0}