{"hand_pts": [[186.93862915039062, 46.17009353637695, 1.0], [139.15989685058594, 93.67662048339844, 1.0], [85.62107849121094, 119.22309112548828, 1.0], [80.18045043945312, 159.9715118408203, 1.0], [88.49686431884766, 197.6031951904297, 1.0], [146.40362548828125, 138.56761169433594, 1.0], [137.7949676513672, 190.6373291015625, 1.0], [137.27194213867188, 217.43910217285156, 1.0], [139.55032348632812, 238.14886474609375, 1.0], [191.2886199951172, 136.1214141845703, 1.0], [185.9316864013672, 185.25868225097656, 1.0], [179.6675262451172, 221.2597198486328, 1.0], [173.5848388671875, 255.08877563476562, 1.0], [226.2961883544922, 134.88723754882812, 1.0], [231.77015686035156, 191.23487854003906, 1.0], [226.52613830566406, 222.10719299316406, 1.0], [217.06436157226562, 244.06170654296875, 1.0], [257.95233154296875, 129.12533569335938, 1.0], [273.53265380859375, 167.98599243164062, 1.0], [280.6409912109375, 196.47900390625, 1.0], [283.4068603515625, 227.01646423339844, 1.0]], "is_left": 0}