{"hand_pts": [[243.6884307861328, 38.71694564819336, 1.0], [259.95245361328125, 99.92440032958984, 1.0], [291.353271484375, 144.3854217529297, 1.0], [286.81488037109375, 184.38165283203125, 1.0], [256.5815734863281, 208.1036834716797, 1.0], [233.2128143310547, 174.53204345703125, 1.0], [216.21194458007812, 229.09906005859375, 1.0], [202.89830017089844, 245.42970275878906, 1.0], [189.4835662841797, 256.7159729003906, 1.0], [199.2577667236328, 155.01559448242188, 1.0], [169.9998016357422, 217.51681518554688, 1.0], [156.25967407226562, 246.9946746826172, 1.0], [144.52369689941406, 272.3276672363281, 1.0], [172.86358642578125, 136.45632934570312, 1.0], [138.2818145751953, 182.5067596435547, 1.0], [131.62403869628906, 190.00796508789062, 1.0], [132.06825256347656, 189.42523193359375, 1.0], [151.45028686523438, 112.07274627685547, 1.0], [119.07160186767578, 132.5271759033203, 1.0], [111.5351791381836, 138.2042999267578, 1.0], [121.69164276123047, 135.50262451171875, 1.0]], "is_left": 0}