{"hand_pts": [[99.08869934082031, 242.40533447265625, 1.0], [92.61333465576172, 196.71437072753906, 1.0], [58.281368255615234, 153.3209228515625, 1.0], [84.75442504882812, 125.29693603515625, 1.0], [133.24993896484375, 137.96038818359375, 1.0], [150.957763671875, 207.6685791015625, 1.0], [175.22657775878906, 172.01956176757812, 1.0], [180.47108459472656, 144.60433959960938, 1.0], [180.21617126464844, 122.51327514648438, 1.0], [183.66213989257812, 229.547119140625, 1.0], [219.40245056152344, 189.51373291015625, 1.0], [212.86895751953125, 157.7627410888672, 1.0], [187.80892944335938, 138.83258056640625, 1.0], [205.95291137695312, 242.1772918701172, 1.0], [247.05699157714844, 211.09153747558594, 1.0], [234.0604248046875, 190.32577514648438, 1.0], [199.60504150390625, 182.3986358642578, 1.0], [220.11070251464844, 252.51675415039062, 1.0], [246.64715576171875, 231.9033966064453, 1.0], [240.27540588378906, 211.7852020263672, 1.0], [206.7490234375, 200.5746307373047, 1.0]], "is_left": 0}