{"hand_pts": [[351.5262145996094, 154.0178985595703, 1.0], [269.42578125, 166.0400848388672, 1.0], [212.11822509765625, 162.38636779785156, 1.0], [158.4729766845703, 190.19125366210938, 1.0], [161.34042358398438, 215.18743896484375, 1.0], [176.32992553710938, 123.11763000488281, 1.0], [109.53988647460938, 158.07301330566406, 1.0], [122.39009094238281, 194.63812255859375, 1.0], [167.8530731201172, 209.44869995117188, 1.0], [197.9066619873047, 126.8644790649414, 1.0], [126.88871765136719, 172.64395141601562, 1.0], [144.1686248779297, 209.59056091308594, 1.0], [189.39505004882812, 216.268798828125, 1.0], [216.72323608398438, 136.22149658203125, 1.0], [159.8098907470703, 182.0271453857422, 1.0], [176.0546417236328, 213.3770751953125, 1.0], [212.19383239746094, 215.5022735595703, 1.0], [242.60548400878906, 148.3714141845703, 1.0], [217.35313415527344, 183.5192108154297, 1.0], [225.55978393554688, 208.86630249023438, 1.0], [248.5080108642578, 204.35569763183594, 1.0]], "is_left": 0}