{"hand_pts": [[228.32815551757812, 27.17371368408203, 1.0], [174.6769256591797, 71.88835144042969, 1.0], [117.19898986816406, 92.46126556396484, 1.0], [97.0523910522461, 138.59381103515625, 1.0], [89.797607421875, 183.76620483398438, 1.0], [165.3507537841797, 136.0518798828125, 1.0], [128.36000061035156, 186.17306518554688, 1.0], [106.04969024658203, 217.9618682861328, 1.0], [85.8062973022461, 248.8900909423828, 1.0], [203.47976684570312, 139.21908569335938, 1.0], [189.80055236816406, 208.2469940185547, 1.0], [177.14085388183594, 249.41709899902344, 1.0], [164.01112365722656, 269.7516784667969, 1.0], [232.70814514160156, 140.98214721679688, 1.0], [246.44471740722656, 204.46810913085938, 1.0], [248.3099822998047, 241.83901977539062, 1.0], [232.4827423095703, 244.31861877441406, 1.0], [260.31353759765625, 136.30557250976562, 1.0], [274.39404296875, 179.19229125976562, 1.0], [259.8824462890625, 187.23980712890625, 1.0], [239.75534057617188, 166.17633056640625, 1.0]], "is_left": 0}