{"hand_pts": [[120.25056457519531, 145.42477416992188, 1.0], [101.7208251953125, 155.18016052246094, 1.0], [69.0195541381836, 169.67279052734375, 1.0], [80.27359008789062, 169.37515258789062, 1.0], [119.89025115966797, 157.1764373779297, 1.0], [155.50489807128906, 215.2427978515625, 1.0], [181.81309509277344, 242.3926544189453, 1.0], [195.71522521972656, 246.33872985839844, 1.0], [199.10264587402344, 227.36318969726562, 1.0], [186.43589782714844, 206.69593811035156, 1.0], [208.0606689453125, 213.36566162109375, 1.0], [191.0605926513672, 183.09083557128906, 1.0], [162.67782592773438, 149.82444763183594, 1.0], [206.66859436035156, 193.84066772460938, 1.0], [224.79818725585938, 169.79849243164062, 1.0], [199.6324005126953, 137.8900146484375, 1.0], [168.9334716796875, 121.86773681640625, 1.0], [219.85386657714844, 176.6772003173828, 1.0], [256.8934326171875, 183.23587036132812, 1.0], [268.9595642089844, 177.66819763183594, 1.0], [274.8121337890625, 169.4685821533203, 1.0]], "is_left": 0}