{"hand_pts": [[300.5165710449219, 265.7552185058594, 1.0], [240.168212890625, 220.95494079589844, 1.0], [190.4864044189453, 186.61997985839844, 1.0], [142.02777099609375, 159.9373321533203, 1.0], [132.46473693847656, 162.9261016845703, 1.0], [243.23651123046875, 148.66799926757812, 1.0], [172.9873504638672, 134.75418090820312, 1.0], [132.9517059326172, 152.46397399902344, 1.0], [115.60261535644531, 184.26556396484375, 1.0], [258.9687194824219, 168.88174438476562, 1.0], [177.92088317871094, 170.9312286376953, 1.0], [127.01969909667969, 177.58741760253906, 1.0], [97.49337005615234, 203.85072326660156, 1.0], [265.4948425292969, 189.2759246826172, 1.0], [216.18209838867188, 171.8510284423828, 1.0], [178.2722930908203, 169.51788330078125, 1.0], [142.1697540283203, 166.6983642578125, 1.0], [271.51318359375, 214.50953674316406, 1.0], [231.82481384277344, 225.75430297851562, 1.0], [199.56631469726562, 241.05088806152344, 1.0], [164.70751953125, 256.8817138671875, 1.0]], "is_left": 0}