{"hand_pts": [[317.69024658203125, 275.3120422363281, 1.0], [292.5338439941406, 240.802490234375, 1.0], [277.2201232910156, 214.47500610351562, 1.0], [243.832275390625, 192.8740234375, 1.0], [206.7126922607422, 174.95729064941406, 1.0], [240.33290100097656, 185.07090759277344, 1.0], [202.43077087402344, 146.51611328125, 1.0], [173.041259765625, 134.87454223632812, 1.0], [143.93679809570312, 127.34661102294922, 1.0], [224.96669006347656, 203.75157165527344, 1.0], [175.93821716308594, 159.2547607421875, 1.0], [143.86351013183594, 137.23609924316406, 1.0], [113.77969360351562, 115.05492401123047, 1.0], [213.25625610351562, 222.4369659423828, 1.0], [157.9889373779297, 188.69583129882812, 1.0], [126.09739685058594, 178.0903778076172, 1.0], [94.58738708496094, 167.32815551757812, 1.0], [207.8711700439453, 244.7177734375, 1.0], [166.3903350830078, 227.96746826171875, 1.0], [140.19003295898438, 221.14088439941406, 1.0], [117.68184661865234, 216.13931274414062, 1.0]], "is_left": 0}