{"hand_pts": [[41.19544219970703, 157.63668823242188, 1.0], [94.74662780761719, 139.071044921875, 1.0], [113.57950592041016, 119.61431884765625, 1.0], [166.98484802246094, 126.90386962890625, 1.0], [206.37510681152344, 147.79827880859375, 1.0], [123.44293212890625, 201.5432891845703, 1.0], [196.42828369140625, 192.40704345703125, 1.0], [242.18287658691406, 174.52513122558594, 1.0], [267.1344299316406, 148.2115478515625, 1.0], [121.62792205810547, 224.62042236328125, 1.0], [201.60894775390625, 186.27703857421875, 1.0], [239.6062774658203, 151.55130004882812, 1.0], [257.034423828125, 113.75672149658203, 1.0], [123.88948059082031, 236.52685546875, 1.0], [204.27310180664062, 227.7398223876953, 1.0], [210.5242919921875, 193.69015502929688, 1.0], [179.9898223876953, 170.3574676513672, 1.0], [122.76371002197266, 241.24681091308594, 1.0], [172.1812286376953, 254.89659118652344, 1.0], [196.19406127929688, 228.34701538085938, 1.0], [184.16688537597656, 198.10641479492188, 1.0]], "is_left": 0}