{"hand_pts": [[24.060880661010742, 194.7777099609375, 1.0], [95.51792907714844, 229.09945678710938, 1.0], [139.75669860839844, 275.13482666015625, 1.0], [187.87026977539062, 289.7860107421875, 1.0], [220.35427856445312, 272.72845458984375, 1.0], [172.3109893798828, 221.21600341796875, 1.0], [228.75279235839844, 222.57432556152344, 1.0], [212.22579956054688, 218.59225463867188, 1.0], [181.63992309570312, 213.2662811279297, 1.0], [158.30233764648438, 184.22311401367188, 1.0], [227.5569305419922, 159.12742614746094, 1.0], [268.1288146972656, 148.5276641845703, 1.0], [271.9815368652344, 154.51824951171875, 1.0], [145.86007690429688, 154.98863220214844, 1.0], [204.19126892089844, 148.39935302734375, 1.0], [176.1764678955078, 157.64031982421875, 1.0], [136.27650451660156, 168.01315307617188, 1.0], [126.77735900878906, 128.7535858154297, 1.0], [162.4425811767578, 99.56562805175781, 1.0], [171.1484832763672, 107.25752258300781, 1.0], [178.30735778808594, 119.80873107910156, 1.0]], "is_left": 0}