{"hand_pts": [[53.52188491821289, 175.2542724609375, 1.0], [120.04052734375, 171.99554443359375, 1.0], [164.2450714111328, 181.99215698242188, 1.0], [204.50965881347656, 193.79397583007812, 1.0], [216.3362274169922, 206.6182861328125, 1.0], [170.67025756835938, 138.61386108398438, 1.0], [223.18197631835938, 138.3522186279297, 1.0], [256.6607971191406, 141.69728088378906, 1.0], [278.8465270996094, 164.2025604248047, 1.0], [150.67510986328125, 151.37696838378906, 1.0], [210.85670471191406, 170.55911254882812, 1.0], [223.63772583007812, 198.70887756347656, 1.0], [209.13986206054688, 214.46328735351562, 1.0], [134.7689971923828, 166.61557006835938, 1.0], [177.74073791503906, 207.8592529296875, 1.0], [163.5262451171875, 221.33868408203125, 1.0], [143.24021911621094, 224.7431640625, 1.0], [114.8304214477539, 183.76443481445312, 1.0], [146.49951171875, 186.43850708007812, 1.0], [172.65969848632812, 200.17445373535156, 1.0], [167.6007843017578, 208.00755310058594, 1.0]], "is_left": 0}