{"hand_pts": [[61.75468444824219, 213.65023803710938, 1.0], [65.15275573730469, 205.50997924804688, 1.0], [62.454322814941406, 212.57997131347656, 1.0], [119.75965118408203, 211.7740936279297, 1.0], [170.20164489746094, 206.42776489257812, 1.0], [154.3603057861328, 261.1464538574219, 1.0], [204.84254455566406, 266.5126037597656, 1.0], [234.4336395263672, 251.50225830078125, 1.0], [236.91354370117188, 200.78675842285156, 1.0], [185.74224853515625, 246.31834411621094, 1.0], [219.95809936523438, 170.15879821777344, 1.0], [199.10299682617188, 112.42206573486328, 1.0], [163.7217559814453, 67.55901336669922, 1.0], [205.39878845214844, 225.83485412597656, 1.0], [245.3392791748047, 174.40699768066406, 1.0], [204.6655731201172, 141.88522338867188, 1.0], [161.1811981201172, 128.1936798095703, 1.0], [214.53221130371094, 202.34669494628906, 1.0], [231.2560272216797, 138.19378662109375, 1.0], [198.0919189453125, 111.26165771484375, 1.0], [167.3935089111328, 147.2674102783203, 1.0]], "is_left": 0}