{"hand_pts": [[274.4023132324219, 275.8938903808594, 1.0], [202.97372436523438, 275.1036071777344, 1.0], [146.6903839111328, 281.20318603515625, 1.0], [106.02183532714844, 268.122314453125, 1.0], [101.99726867675781, 243.06317138671875, 1.0], [202.178466796875, 187.00950622558594, 1.0], [156.54359436035156, 164.21749877929688, 1.0], [124.47724151611328, 171.84487915039062, 1.0], [97.466552734375, 185.92529296875, 1.0], [238.69464111328125, 167.61239624023438, 1.0], [194.93980407714844, 133.4086456298828, 1.0], [156.74404907226562, 157.6429443359375, 1.0], [125.69181823730469, 190.6396942138672, 1.0], [263.3362121582031, 159.5772705078125, 1.0], [228.3461456298828, 124.30329895019531, 1.0], [194.18992614746094, 148.30877685546875, 1.0], [166.78305053710938, 185.36619567871094, 1.0], [286.01068115234375, 160.92230224609375, 1.0], [266.0198974609375, 145.1544647216797, 1.0], [237.17166137695312, 166.3462371826172, 1.0], [213.84463500976562, 203.68760681152344, 1.0]], "is_left": 0}