{"hand_pts": [[105.10669708251953, 154.73179626464844, 1.0], [96.53779602050781, 166.59130859375, 1.0], [67.85855102539062, 193.54330444335938, 1.0], [65.28941345214844, 194.58287048339844, 1.0], [70.08074188232422, 188.75755310058594, 1.0], [154.94668579101562, 231.59690856933594, 1.0], [173.6404571533203, 245.21392822265625, 1.0], [170.02096557617188, 207.79054260253906, 1.0], [166.88958740234375, 170.28858947753906, 1.0], [187.03306579589844, 219.2185821533203, 1.0], [235.07122802734375, 241.6334686279297, 1.0], [241.0518035888672, 217.38624572753906, 1.0], [218.3197021484375, 179.83763122558594, 1.0], [209.1129608154297, 202.4305419921875, 1.0], [256.8078308105469, 178.96722412109375, 1.0], [240.42723083496094, 142.56285095214844, 1.0], [215.13648986816406, 110.27214050292969, 1.0], [223.39321899414062, 181.13345336914062, 1.0], [244.4119415283203, 154.2581329345703, 1.0], [229.2051544189453, 126.83676147460938, 1.0], [197.61021423339844, 106.55706024169922, 1.0]], "is_left": 0}