{"hand_pts": [[32.75346755981445, 222.3047332763672, 1.0], [69.84379577636719, 172.53411865234375, 1.0], [80.68230438232422, 122.07302856445312, 1.0], [108.71959686279297, 85.52745819091797, 1.0], [139.4689178466797, 57.976192474365234, 1.0], [147.9900665283203, 172.3363800048828, 1.0], [194.1522674560547, 137.8666229248047, 1.0], [204.18255615234375, 123.65135192871094, 1.0], [218.17431640625, 109.3800277709961, 1.0], [157.71961975097656, 207.2310791015625, 1.0], [226.0723876953125, 205.64105224609375, 1.0], [254.78561401367188, 189.16302490234375, 1.0], [261.8526916503906, 172.62428283691406, 1.0], [162.70602416992188, 232.55836486816406, 1.0], [230.8922119140625, 240.384765625, 1.0], [249.94180297851562, 224.2032012939453, 1.0], [249.01039123535156, 205.35293579101562, 1.0], [159.54342651367188, 255.29095458984375, 1.0], [189.0954132080078, 260.27630615234375, 1.0], [193.583984375, 255.54522705078125, 1.0], [186.07176208496094, 243.9263458251953, 1.0]], "is_left": 0}