{"hand_pts": [[31.44956398010254, 243.04315185546875, 1.0], [61.67299270629883, 182.5446014404297, 1.0], [85.42274475097656, 129.99754333496094, 1.0], [139.14251708984375, 144.34962463378906, 1.0], [177.2332000732422, 181.265869140625, 1.0], [133.01844787597656, 190.40570068359375, 1.0], [173.85009765625, 140.9364471435547, 1.0], [174.5407257080078, 120.60370635986328, 1.0], [182.90452575683594, 95.96336364746094, 1.0], [151.01194763183594, 224.8773651123047, 1.0], [209.64747619628906, 198.27964782714844, 1.0], [233.9685821533203, 161.7430419921875, 1.0], [234.7355194091797, 134.36395263671875, 1.0], [163.56809997558594, 247.88304138183594, 1.0], [223.60488891601562, 207.5356903076172, 1.0], [234.212158203125, 178.2289276123047, 1.0], [246.10768127441406, 150.0582733154297, 1.0], [167.82156372070312, 268.1257019042969, 1.0], [219.65174865722656, 270.83837890625, 1.0], [210.9196014404297, 242.76815795898438, 1.0], [190.1939239501953, 213.40936279296875, 1.0]], "is_left": 0}