{"hand_pts": [[88.24762725830078, 134.2259063720703, 1.0], [82.85880279541016, 161.7311553955078, 1.0], [75.10580444335938, 187.01747131347656, 1.0], [121.08055877685547, 194.07054138183594, 1.0], [167.52743530273438, 182.56076049804688, 1.0], [141.37814331054688, 126.69733428955078, 1.0], [136.38021850585938, 184.20709228515625, 1.0], [125.99706268310547, 223.7533416748047, 1.0], [111.29960632324219, 258.1532897949219, 1.0], [174.61288452148438, 125.94933319091797, 1.0], [211.2233428955078, 157.45059204101562, 1.0], [213.8110809326172, 200.4606170654297, 1.0], [209.65916442871094, 242.41786193847656, 1.0], [198.27053833007812, 132.40977478027344, 1.0], [257.03033447265625, 167.4080352783203, 1.0], [238.44430541992188, 203.41004943847656, 1.0], [200.5400848388672, 199.17837524414062, 1.0], [214.28164672851562, 141.32530212402344, 1.0], [255.0952911376953, 174.21435546875, 1.0], [273.3506164550781, 205.02696228027344, 1.0], [246.82301330566406, 229.47976684570312, 1.0]], "is_left": 0}