{"hand_pts": [[294.6654052734375, 178.1714630126953, 1.0], [232.27354431152344, 150.70904541015625, 1.0], [171.7595672607422, 141.1194610595703, 1.0], [124.04662322998047, 125.68421936035156, 1.0], [122.92261505126953, 111.67948913574219, 1.0], [167.6084442138672, 207.20648193359375, 1.0], [117.27206420898438, 217.07327270507812, 1.0], [99.98383331298828, 198.23419189453125, 1.0], [110.98448944091797, 162.04727172851562, 1.0], [200.04806518554688, 222.8575897216797, 1.0], [168.63796997070312, 202.863037109375, 1.0], [173.96725463867188, 156.48419189453125, 1.0], [186.52723693847656, 111.66924285888672, 1.0], [228.83297729492188, 227.5306396484375, 1.0], [197.92613220214844, 231.55247497558594, 1.0], [201.02828979492188, 188.9737091064453, 1.0], [211.9744110107422, 150.64669799804688, 1.0], [261.339599609375, 226.42555236816406, 1.0], [254.2904815673828, 226.6265106201172, 1.0], [248.8273468017578, 213.5653076171875, 1.0], [240.93218994140625, 190.27047729492188, 1.0]], "is_left": 0}