{"hand_pts": [[331.500244140625, 158.52914428710938, 1.0], [279.73455810546875, 166.17344665527344, 1.0], [268.4586486816406, 196.64524841308594, 1.0], [244.50839233398438, 234.494140625, 1.0], [214.19894409179688, 258.06353759765625, 1.0], [204.11932373046875, 118.19869232177734, 1.0], [143.27032470703125, 107.84711456298828, 1.0], [103.4237289428711, 112.36441802978516, 1.0], [83.08445739746094, 147.8512420654297, 1.0], [206.11305236816406, 126.64022064208984, 1.0], [153.14427185058594, 175.39048767089844, 1.0], [138.57655334472656, 214.33168029785156, 1.0], [132.2700653076172, 251.98252868652344, 1.0], [209.4702911376953, 140.3314971923828, 1.0], [147.0419921875, 168.9763641357422, 1.0], [140.0377197265625, 208.2946014404297, 1.0], [164.17196655273438, 225.36392211914062, 1.0], [219.89495849609375, 156.93902587890625, 1.0], [194.58749389648438, 200.86688232421875, 1.0], [212.3306884765625, 221.53749084472656, 1.0], [233.538330078125, 239.39617919921875, 1.0]], "is_left": 0}