{"hand_pts": [[265.39031982421875, 117.71192169189453, 1.0], [198.46707153320312, 116.84398651123047, 1.0], [146.0560302734375, 106.47122192382812, 1.0], [105.29835510253906, 109.8066635131836, 1.0], [76.96273040771484, 125.20272827148438, 1.0], [205.57000732421875, 141.43368530273438, 1.0], [184.97877502441406, 144.97555541992188, 1.0], [162.60877990722656, 153.8125457763672, 1.0], [145.1476287841797, 161.35153198242188, 1.0], [228.9142303466797, 168.2481689453125, 1.0], [212.1084747314453, 186.24436950683594, 1.0], [178.91651916503906, 202.4246826171875, 1.0], [148.83145141601562, 217.20201110839844, 1.0], [241.5291748046875, 190.25439453125, 1.0], [211.3264617919922, 219.62078857421875, 1.0], [173.43283081054688, 237.10263061523438, 1.0], [134.30392456054688, 252.89105224609375, 1.0], [252.85653686523438, 207.95550537109375, 1.0], [230.6273651123047, 237.8378143310547, 1.0], [206.5756378173828, 257.3822937011719, 1.0], [174.90480041503906, 274.5155334472656, 1.0]], "is_left": 0}