{"hand_pts": [[182.6235809326172, 51.18626403808594, 1.0], [226.79966735839844, 111.20154571533203, 1.0], [269.6539611816406, 160.62722778320312, 1.0], [300.203125, 197.07745361328125, 1.0], [312.40777587890625, 213.5360565185547, 1.0], [182.1212615966797, 196.33090209960938, 1.0], [191.72528076171875, 228.51007080078125, 1.0], [207.44569396972656, 232.7499237060547, 1.0], [230.37680053710938, 214.1370849609375, 1.0], [151.68556213378906, 174.13658142089844, 1.0], [122.2354965209961, 224.5692901611328, 1.0], [136.41786193847656, 240.84239196777344, 1.0], [145.52464294433594, 257.6622009277344, 1.0], [133.9724578857422, 151.89805603027344, 1.0], [138.5146484375, 170.86619567871094, 1.0], [172.2753143310547, 146.4309844970703, 1.0], [196.57073974609375, 124.39710235595703, 1.0], [121.78824615478516, 123.54973602294922, 1.0], [118.8573226928711, 151.62950134277344, 1.0], [147.4982147216797, 154.47691345214844, 1.0], [182.80361938476562, 149.902099609375, 1.0]], "is_left": 0}