{"hand_pts": [[293.7243347167969, 281.0010986328125, 1.0], [265.637939453125, 219.630859375, 1.0], [272.5641784667969, 160.7842254638672, 1.0], [250.99005126953125, 111.51618194580078, 1.0], [225.7510223388672, 67.73320007324219, 1.0], [230.39256286621094, 150.69827270507812, 1.0], [177.31643676757812, 127.88533782958984, 1.0], [180.46080017089844, 159.7136993408203, 1.0], [175.50096130371094, 187.74366760253906, 1.0], [214.5432586669922, 178.37936401367188, 1.0], [143.97073364257812, 160.7271728515625, 1.0], [139.80335998535156, 183.0884246826172, 1.0], [161.50685119628906, 209.92225646972656, 1.0], [200.32296752929688, 203.0354461669922, 1.0], [136.07455444335938, 197.86175537109375, 1.0], [115.93819427490234, 209.87423706054688, 1.0], [146.89662170410156, 229.76675415039062, 1.0], [190.9816131591797, 231.83169555664062, 1.0], [144.37600708007812, 225.56333923339844, 1.0], [147.9827117919922, 236.0037384033203, 1.0], [172.05245971679688, 247.8902130126953, 1.0]], "is_left": 0}