{"hand_pts": [[305.0887451171875, 160.04969787597656, 1.0], [275.5964050292969, 209.46360778808594, 1.0], [284.9237976074219, 253.26199340820312, 1.0], [230.62815856933594, 284.5228271484375, 1.0], [190.58094787597656, 267.9624328613281, 1.0], [235.67335510253906, 156.7357177734375, 1.0], [171.54798889160156, 202.72901916503906, 1.0], [170.01953125, 230.83616638183594, 1.0], [202.1257781982422, 224.44581604003906, 1.0], [215.20919799804688, 123.97723388671875, 1.0], [132.4219512939453, 169.99041748046875, 1.0], [144.1251220703125, 208.2690887451172, 1.0], [192.14852905273438, 207.61199951171875, 1.0], [197.0830841064453, 105.99994659423828, 1.0], [114.74746704101562, 141.01893615722656, 1.0], [129.53184509277344, 175.49061584472656, 1.0], [177.5439910888672, 174.72389221191406, 1.0], [184.95216369628906, 94.60601043701172, 1.0], [129.7295684814453, 113.31025695800781, 1.0], [139.2666473388672, 147.4667510986328, 1.0], [182.99755859375, 151.07005310058594, 1.0]], "is_left": 0}