{"hand_pts": [[186.7650146484375, 90.53795623779297, 1.0], [144.22879028320312, 148.3119659423828, 1.0], [90.724365234375, 188.12451171875, 1.0], [80.79644012451172, 208.31878662109375, 1.0], [96.16278076171875, 212.43014526367188, 1.0], [204.36546325683594, 208.6502685546875, 1.0], [188.75946044921875, 244.46920776367188, 1.0], [166.06076049804688, 254.68377685546875, 1.0], [137.4250946044922, 251.5167236328125, 1.0], [239.58189392089844, 179.26498413085938, 1.0], [203.1622314453125, 219.74826049804688, 1.0], [155.5111846923828, 221.60948181152344, 1.0], [112.03118896484375, 225.01158142089844, 1.0], [260.24359130859375, 152.6447296142578, 1.0], [259.899658203125, 162.5535125732422, 1.0], [221.80856323242188, 152.96096801757812, 1.0], [181.60421752929688, 140.618896484375, 1.0], [273.4504699707031, 122.16032409667969, 1.0], [260.55078125, 126.84190368652344, 1.0], [222.06422424316406, 121.60238647460938, 1.0], [185.16162109375, 115.099365234375, 1.0]], "is_left": 0}