{"hand_pts": [[202.40797424316406, 175.92344665527344, 1.0], [173.66488647460938, 141.83740234375, 1.0], [163.63475036621094, 95.7686767578125, 1.0], [145.60556030273438, 72.44647979736328, 1.0], [125.6314697265625, 64.43295288085938, 1.0], [223.52755737304688, 136.96746826171875, 1.0], [174.87600708007812, 151.2133026123047, 1.0], [137.4723663330078, 163.75210571289062, 1.0], [125.65473937988281, 169.5343017578125, 1.0], [236.1735382080078, 172.4692840576172, 1.0], [185.58877563476562, 195.4130859375, 1.0], [145.88949584960938, 207.46939086914062, 1.0], [108.18798065185547, 218.3898162841797, 1.0], [238.9116668701172, 201.41708374023438, 1.0], [231.82650756835938, 229.644287109375, 1.0], [191.80905151367188, 230.86732482910156, 1.0], [171.7173614501953, 216.1631317138672, 1.0], [236.95274353027344, 228.27127075195312, 1.0], [232.18824768066406, 251.63336181640625, 1.0], [219.0867156982422, 265.1432800292969, 1.0], [199.70233154296875, 275.4002380371094, 1.0]], "is_left": 0}