{"hand_pts": [[68.28167724609375, 188.96775817871094, 1.0], [148.5218048095703, 151.09860229492188, 1.0], [205.12326049804688, 95.26197814941406, 1.0], [259.2581481933594, 113.82784271240234, 1.0], [256.3362731933594, 171.2522735595703, 1.0], [161.95004272460938, 99.35424041748047, 1.0], [234.4319305419922, 123.98221588134766, 1.0], [248.40264892578125, 160.162109375, 1.0], [219.84288024902344, 177.0904541015625, 1.0], [131.9490966796875, 137.0560760498047, 1.0], [209.29078674316406, 176.05516052246094, 1.0], [223.07171630859375, 202.6136016845703, 1.0], [196.4386749267578, 197.323486328125, 1.0], [113.24540710449219, 172.3790740966797, 1.0], [177.4479522705078, 226.2810821533203, 1.0], [188.6918182373047, 246.8983154296875, 1.0], [168.27609252929688, 231.94815063476562, 1.0], [94.62863159179688, 209.1796875, 1.0], [128.3076629638672, 255.56427001953125, 1.0], [148.31398010253906, 271.0828552246094, 1.0], [137.37071228027344, 245.1797332763672, 1.0]], "is_left": 0}