{"hand_pts": [[223.1353302001953, 237.6452178955078, 1.0], [173.32049560546875, 238.8119354248047, 1.0], [117.58748626708984, 246.6167449951172, 1.0], [72.84465026855469, 236.87449645996094, 1.0], [60.311729431152344, 199.15811157226562, 1.0], [199.089111328125, 245.1519012451172, 1.0], [206.54013061523438, 234.9102783203125, 1.0], [202.5568389892578, 216.29180908203125, 1.0], [178.87701416015625, 183.97537231445312, 1.0], [228.61346435546875, 220.7490997314453, 1.0], [179.91046142578125, 191.2041015625, 1.0], [141.79379272460938, 172.5690155029297, 1.0], [110.67375946044922, 158.7996368408203, 1.0], [246.57679748535156, 197.82591247558594, 1.0], [226.9039764404297, 148.17340087890625, 1.0], [198.62835693359375, 118.0133056640625, 1.0], [174.32077026367188, 87.32023620605469, 1.0], [260.58038330078125, 176.697021484375, 1.0], [268.1850280761719, 145.91993713378906, 1.0], [236.2869110107422, 134.0508270263672, 1.0], [201.59222412109375, 124.06839752197266, 1.0]], "is_left": 0}