{"hand_pts": [[327.4291687011719, 188.5111541748047, 1.0], [284.5306701660156, 147.4622344970703, 1.0], [253.912841796875, 108.76725769042969, 1.0], [212.66043090820312, 121.50411987304688, 1.0], [210.5169219970703, 161.0618133544922, 1.0], [202.3088836669922, 168.72303771972656, 1.0], [171.28102111816406, 139.05967712402344, 1.0], [194.20306396484375, 124.7177505493164, 1.0], [228.7624969482422, 124.70659637451172, 1.0], [205.03842163085938, 199.3922882080078, 1.0], [138.97344970703125, 200.6289825439453, 1.0], [108.19371795654297, 186.5298309326172, 1.0], [77.93203735351562, 174.1886749267578, 1.0], [211.00953674316406, 220.6470184326172, 1.0], [147.72171020507812, 231.02122497558594, 1.0], [132.2056884765625, 214.27513122558594, 1.0], [142.56112670898438, 192.46902465820312, 1.0], [224.5236358642578, 238.51148986816406, 1.0], [189.64157104492188, 258.0251770019531, 1.0], [180.94471740722656, 241.6610107421875, 1.0], [196.3904266357422, 214.12765502929688, 1.0]], "is_left": 0}