{"hand_pts": [[266.01416015625, 231.7689666748047, 1.0], [281.11468505859375, 198.84149169921875, 1.0], [309.4227294921875, 154.06085205078125, 1.0], [303.5061950683594, 130.6626434326172, 1.0], [258.2690124511719, 151.9468536376953, 1.0], [205.16641235351562, 136.90213012695312, 1.0], [185.8202362060547, 134.2779541015625, 1.0], [188.15573120117188, 153.5039520263672, 1.0], [204.18670654296875, 187.09251403808594, 1.0], [171.2183074951172, 163.5201873779297, 1.0], [122.64893341064453, 122.32747650146484, 1.0], [142.360107421875, 145.1182098388672, 1.0], [176.72958374023438, 177.1422576904297, 1.0], [150.10372924804688, 190.36447143554688, 1.0], [113.45220184326172, 204.31735229492188, 1.0], [120.66650390625, 227.6214599609375, 1.0], [161.51803588867188, 250.1933135986328, 1.0], [138.42222595214844, 220.6197052001953, 1.0], [121.72806549072266, 236.97775268554688, 1.0], [152.56588745117188, 254.06517028808594, 1.0], [191.84133911132812, 267.7549743652344, 1.0]], "is_left": 0}