{"hand_pts": [[119.6485366821289, 257.0406799316406, 1.0], [97.16275024414062, 211.78775024414062, 1.0], [72.37994384765625, 162.76744079589844, 1.0], [63.484344482421875, 126.38059997558594, 1.0], [74.15320587158203, 106.05094146728516, 1.0], [165.42010498046875, 153.97702026367188, 1.0], [182.7928009033203, 122.41639709472656, 1.0], [173.8155517578125, 130.6317138671875, 1.0], [157.30787658691406, 152.56365966796875, 1.0], [196.4760284423828, 182.92381286621094, 1.0], [241.2164306640625, 169.37474060058594, 1.0], [205.2803497314453, 189.572265625, 1.0], [167.04653930664062, 208.14971923828125, 1.0], [215.03268432617188, 210.93316650390625, 1.0], [256.0960693359375, 185.79745483398438, 1.0], [262.94451904296875, 179.32174682617188, 1.0], [228.15182495117188, 191.82994079589844, 1.0], [225.77760314941406, 242.4278106689453, 1.0], [251.3238067626953, 252.74388122558594, 1.0], [231.25550842285156, 261.112548828125, 1.0], [193.58981323242188, 263.0301208496094, 1.0]], "is_left": 0}