{"hand_pts": [[291.8406677246094, 35.976600646972656, 1.0], [213.66831970214844, 71.02610778808594, 1.0], [149.21978759765625, 69.60579681396484, 1.0], [129.8756866455078, 108.43196868896484, 1.0], [119.97856140136719, 146.51898193359375, 1.0], [179.5669708251953, 171.11846923828125, 1.0], [131.666015625, 176.59811401367188, 1.0], [124.25770568847656, 150.7297821044922, 1.0], [111.87101745605469, 132.1221466064453, 1.0], [216.1450958251953, 181.78396606445312, 1.0], [184.96640014648438, 259.5937805175781, 1.0], [165.305419921875, 244.0603485107422, 1.0], [147.81298828125, 225.7112274169922, 1.0], [244.149169921875, 185.23133850097656, 1.0], [213.8338623046875, 251.5335235595703, 1.0], [203.8842315673828, 219.24122619628906, 1.0], [198.65895080566406, 180.1475372314453, 1.0], [273.57781982421875, 178.65536499023438, 1.0], [255.18907165527344, 217.91856384277344, 1.0], [238.0244140625, 234.5065460205078, 1.0], [217.30398559570312, 215.77664184570312, 1.0]], "is_left": 0}