{"hand_pts": [[124.17937469482422, 317.0731201171875, 1.0], [97.39178466796875, 258.234619140625, 1.0], [76.36776733398438, 207.39134216308594, 1.0], [72.67001342773438, 160.914306640625, 1.0], [92.53851318359375, 143.1488494873047, 1.0], [169.62237548828125, 191.8175506591797, 1.0], [204.28109741210938, 143.58251953125, 1.0], [191.3817138671875, 136.75062561035156, 1.0], [164.12501525878906, 154.48846435546875, 1.0], [199.7199249267578, 214.6364288330078, 1.0], [207.22601318359375, 162.9907684326172, 1.0], [180.33377075195312, 150.24488830566406, 1.0], [157.87179565429688, 136.4974822998047, 1.0], [216.1743621826172, 235.10147094726562, 1.0], [257.4638671875, 182.6126708984375, 1.0], [234.48565673828125, 170.05128479003906, 1.0], [213.92453002929688, 156.8070068359375, 1.0], [224.49169921875, 259.8356018066406, 1.0], [255.57081604003906, 230.43470764160156, 1.0], [233.06869506835938, 218.12322998046875, 1.0], [197.07888793945312, 216.109130859375, 1.0]], "is_left": 0}