{"hand_pts": [[284.9413146972656, 319.0394592285156, 1.0], [247.0054168701172, 259.19537353515625, 1.0], [199.7368927001953, 225.90499877929688, 1.0], [179.92022705078125, 183.38494873046875, 1.0], [172.8366241455078, 149.37747192382812, 1.0], [158.53309631347656, 224.8469696044922, 1.0], [152.5034942626953, 161.30178833007812, 1.0], [169.88858032226562, 122.85558319091797, 1.0], [200.67784118652344, 93.85070037841797, 1.0], [180.06114196777344, 235.2406463623047, 1.0], [119.0282974243164, 196.89466857910156, 1.0], [105.98089599609375, 150.5128173828125, 1.0], [89.26788330078125, 108.40675354003906, 1.0], [204.8398895263672, 240.8640594482422, 1.0], [143.82659912109375, 201.90411376953125, 1.0], [156.91114807128906, 161.6584930419922, 1.0], [182.13218688964844, 132.57757568359375, 1.0], [235.9864044189453, 249.73275756835938, 1.0], [254.40187072753906, 210.5950927734375, 1.0], [279.0138854980469, 194.1562042236328, 1.0], [296.19873046875, 190.6010284423828, 1.0]], "is_left": 0}