{"hand_pts": [[97.29008483886719, 126.56077575683594, 1.0], [110.37413787841797, 181.40423583984375, 1.0], [131.65794372558594, 223.53176879882812, 1.0], [162.97406005859375, 226.03115844726562, 1.0], [173.41171264648438, 201.5990447998047, 1.0], [199.90655517578125, 186.48155212402344, 1.0], [196.30145263671875, 233.1442413330078, 1.0], [164.50462341308594, 254.1993408203125, 1.0], [133.8821563720703, 273.46075439453125, 1.0], [204.15951538085938, 155.6344451904297, 1.0], [262.168701171875, 171.47409057617188, 1.0], [291.7985534667969, 186.218017578125, 1.0], [301.81005859375, 208.07269287109375, 1.0], [199.970947265625, 133.5869903564453, 1.0], [206.00814819335938, 153.5666961669922, 1.0], [173.56736755371094, 171.1080322265625, 1.0], [134.2222137451172, 186.6835174560547, 1.0], [187.44728088378906, 112.80642700195312, 1.0], [162.15655517578125, 129.6532440185547, 1.0], [129.3126678466797, 142.6020965576172, 1.0], [103.97817993164062, 147.83926391601562, 1.0]], "is_left": 0}