{"hand_pts": [[64.30155181884766, 259.6320495605469, 1.0], [149.75244140625, 245.50424194335938, 1.0], [207.79087829589844, 248.82518005371094, 1.0], [254.75228881835938, 239.47496032714844, 1.0], [239.88003540039062, 228.77381896972656, 1.0], [167.73974609375, 164.01385498046875, 1.0], [229.31373596191406, 166.75634765625, 1.0], [241.79110717773438, 194.6249237060547, 1.0], [223.57260131835938, 222.63404846191406, 1.0], [134.9751434326172, 150.84483337402344, 1.0], [201.97088623046875, 144.0417938232422, 1.0], [219.13775634765625, 180.15155029296875, 1.0], [209.3295440673828, 215.90708923339844, 1.0], [112.35381317138672, 145.91087341308594, 1.0], [167.43365478515625, 119.61072540283203, 1.0], [197.56912231445312, 143.7737579345703, 1.0], [199.4337158203125, 178.9130096435547, 1.0], [88.7320327758789, 149.4973602294922, 1.0], [118.47505187988281, 150.87474060058594, 1.0], [135.5378875732422, 177.9643096923828, 1.0], [128.05825805664062, 200.4915313720703, 1.0]], "is_left": 0,"label":0}