{"hand_pts": [[49.30939483642578, 95.79457092285156, 1.0], [117.83429718017578, 98.10855102539062, 1.0], [163.90847778320312, 66.02393341064453, 1.0], [212.92881774902344, 60.66231918334961, 1.0], [224.7240447998047, 99.63529205322266, 1.0], [155.775146484375, 174.97691345214844, 1.0], [218.7421112060547, 199.53030395507812, 1.0], [229.72488403320312, 179.53651428222656, 1.0], [200.13925170898438, 158.69317626953125, 1.0], [139.07504272460938, 198.0443572998047, 1.0], [191.16278076171875, 260.0116882324219, 1.0], [230.2605438232422, 254.01651000976562, 1.0], [253.52593994140625, 229.80584716796875, 1.0], [128.31312561035156, 211.13185119628906, 1.0], [187.7034149169922, 221.80979919433594, 1.0], [202.06387329101562, 198.301025390625, 1.0], [200.88597106933594, 164.7604522705078, 1.0], [114.63250732421875, 215.61196899414062, 1.0], [145.19888305664062, 251.5947265625, 1.0], [168.1658477783203, 233.42074584960938, 1.0], [159.02499389648438, 199.71835327148438, 1.0]], "is_left": 0}