{"hand_pts": [[207.93508911132812, 232.1415252685547, 1.0], [155.36537170410156, 226.1165008544922, 1.0], [97.31888580322266, 226.96878051757812, 1.0], [66.4983139038086, 206.15992736816406, 1.0], [81.7820053100586, 176.52525329589844, 1.0], [183.28042602539062, 233.9631805419922, 1.0], [197.3724822998047, 228.6276092529297, 1.0], [192.85459899902344, 209.36651611328125, 1.0], [172.3712921142578, 180.6177520751953, 1.0], [217.7631072998047, 219.447998046875, 1.0], [203.9968719482422, 181.65733337402344, 1.0], [188.46755981445312, 155.28700256347656, 1.0], [153.00653076171875, 132.39166259765625, 1.0], [239.35276794433594, 204.6968536376953, 1.0], [226.17153930664062, 188.16583251953125, 1.0], [193.0057830810547, 166.1953125, 1.0], [157.3113555908203, 146.2627716064453, 1.0], [256.2054748535156, 190.96987915039062, 1.0], [252.72756958007812, 157.23208618164062, 1.0], [239.6657257080078, 132.59986877441406, 1.0], [206.76856994628906, 123.71112823486328, 1.0]], "is_left": 0}