{"hand_pts": [[31.162845611572266, 183.0305633544922, 1.0], [75.7334213256836, 157.24884033203125, 1.0], [104.4160385131836, 124.21295928955078, 1.0], [151.72682189941406, 115.22620391845703, 1.0], [195.60166931152344, 110.77970886230469, 1.0], [178.83267211914062, 156.8302459716797, 1.0], [242.0755157470703, 156.50424194335938, 1.0], [259.1358947753906, 164.41448974609375, 1.0], [265.1184997558594, 173.92611694335938, 1.0], [183.50973510742188, 184.72569274902344, 1.0], [213.24691772460938, 181.5589141845703, 1.0], [206.89720153808594, 178.7774200439453, 1.0], [174.880126953125, 175.7513885498047, 1.0], [181.89263916015625, 207.42115783691406, 1.0], [229.26560974121094, 218.27703857421875, 1.0], [212.0877227783203, 219.43556213378906, 1.0], [172.00071716308594, 211.53701782226562, 1.0], [170.62538146972656, 228.33412170410156, 1.0], [168.16712951660156, 241.91383361816406, 1.0], [141.13040161132812, 241.45079040527344, 1.0], [111.38777923583984, 238.9363555908203, 1.0]], "is_left": 0}