{"hand_pts": [[201.86007690429688, 77.95428466796875, 1.0], [192.1677703857422, 152.1082000732422, 1.0], [215.23069763183594, 215.03736877441406, 1.0], [220.81008911132812, 261.577880859375, 1.0], [198.86691284179688, 251.29293823242188, 1.0], [229.89735412597656, 181.389404296875, 1.0], [227.8057098388672, 223.61572265625, 1.0], [189.9168243408203, 246.23394775390625, 1.0], [147.23187255859375, 249.83216857910156, 1.0], [216.86146545410156, 144.0352783203125, 1.0], [218.20364379882812, 195.91429138183594, 1.0], [180.64332580566406, 231.9041290283203, 1.0], [141.09829711914062, 244.5740509033203, 1.0], [199.47044372558594, 115.82006072998047, 1.0], [206.29747009277344, 148.61660766601562, 1.0], [171.47122192382812, 179.38816833496094, 1.0], [135.83016967773438, 207.86062622070312, 1.0], [180.261474609375, 87.02742767333984, 1.0], [143.27133178710938, 89.54204559326172, 1.0], [117.73585510253906, 110.12255096435547, 1.0], [115.8565902709961, 127.25035858154297, 1.0]], "is_left": 0}