{"hand_pts": [[313.6208801269531, 205.46826171875, 1.0], [251.80218505859375, 160.07066345214844, 1.0], [203.435791015625, 115.50587463378906, 1.0], [165.5104522705078, 130.8819122314453, 1.0], [187.1470947265625, 173.78411865234375, 1.0], [221.86285400390625, 142.00904846191406, 1.0], [164.32699584960938, 114.11450958251953, 1.0], [123.7103500366211, 100.66507720947266, 1.0], [86.17304229736328, 86.95437622070312, 1.0], [233.45899963378906, 179.33448791503906, 1.0], [162.2543182373047, 193.10121154785156, 1.0], [117.85122680664062, 201.08511352539062, 1.0], [76.19526672363281, 208.56021118164062, 1.0], [239.56016540527344, 209.7247772216797, 1.0], [173.1405029296875, 215.57937622070312, 1.0], [194.06312561035156, 215.33294677734375, 1.0], [224.45713806152344, 212.87014770507812, 1.0], [248.29611206054688, 239.0413055419922, 1.0], [229.25946044921875, 257.5334777832031, 1.0], [202.45596313476562, 263.7317810058594, 1.0], [174.18519592285156, 248.07473754882812, 1.0]], "is_left": 0}