{"hand_pts": [[334.6412353515625, 190.54283142089844, 1.0], [268.42626953125, 172.03614807128906, 1.0], [219.3544921875, 147.3805694580078, 1.0], [168.98716735839844, 146.91262817382812, 1.0], [136.12686157226562, 163.8690643310547, 1.0], [221.8326873779297, 139.88882446289062, 1.0], [162.20814514160156, 134.66819763183594, 1.0], [127.17747497558594, 150.19546508789062, 1.0], [101.35953521728516, 172.56271362304688, 1.0], [239.29464721679688, 163.46217346191406, 1.0], [171.59339904785156, 165.5377197265625, 1.0], [133.52084350585938, 182.86717224121094, 1.0], [107.38410949707031, 202.78793334960938, 1.0], [251.83729553222656, 185.96897888183594, 1.0], [191.827392578125, 196.20895385742188, 1.0], [160.57461547851562, 214.09912109375, 1.0], [140.88735961914062, 231.79345703125, 1.0], [267.8626708984375, 209.18910217285156, 1.0], [231.3197021484375, 226.01747131347656, 1.0], [205.0830535888672, 240.84420776367188, 1.0], [186.6461944580078, 251.80987548828125, 1.0]], "is_left": 0}