{"hand_pts": [[335.9024353027344, 204.4797821044922, 1.0], [278.28839111328125, 222.8400115966797, 1.0], [251.49925231933594, 255.0442657470703, 1.0], [221.6020050048828, 260.828369140625, 1.0], [197.26026916503906, 249.8200225830078, 1.0], [155.66539001464844, 211.127685546875, 1.0], [135.05198669433594, 197.36412048339844, 1.0], [188.1620330810547, 197.3999481201172, 1.0], [230.78652954101562, 203.21827697753906, 1.0], [156.59909057617188, 182.45411682128906, 1.0], [127.61408233642578, 181.57566833496094, 1.0], [177.29783630371094, 190.98443603515625, 1.0], [234.4588623046875, 201.08291625976562, 1.0], [163.64512634277344, 159.9005126953125, 1.0], [99.27427673339844, 146.5706787109375, 1.0], [103.14581298828125, 147.0874786376953, 1.0], [130.9239501953125, 153.60311889648438, 1.0], [182.63124084472656, 141.01742553710938, 1.0], [180.2790069580078, 116.18343353271484, 1.0], [215.5885772705078, 122.94343566894531, 1.0], [252.60963439941406, 133.56646728515625, 1.0]], "is_left": 0}