{"hand_pts": [[117.45642852783203, 274.6878356933594, 1.0], [183.1004180908203, 263.3147888183594, 1.0], [238.54434204101562, 262.5067443847656, 1.0], [275.6735534667969, 242.7694549560547, 1.0], [301.28094482421875, 218.7949676513672, 1.0], [176.0135955810547, 227.3199462890625, 1.0], [206.08958435058594, 203.1448974609375, 1.0], [236.96200561523438, 188.0963897705078, 1.0], [240.3144073486328, 191.51832580566406, 1.0], [145.58407592773438, 210.29940795898438, 1.0], [170.76840209960938, 180.9185028076172, 1.0], [193.2146759033203, 162.87062072753906, 1.0], [232.08981323242188, 151.05841064453125, 1.0], [125.96842956542969, 196.97767639160156, 1.0], [153.953857421875, 149.24588012695312, 1.0], [179.6173553466797, 126.79975128173828, 1.0], [209.19656372070312, 110.6027603149414, 1.0], [108.08821105957031, 188.24942016601562, 1.0], [100.09014892578125, 156.00515747070312, 1.0], [106.0484848022461, 133.2552032470703, 1.0], [116.01603698730469, 110.19599914550781, 1.0]], "is_left": 0}