{"hand_pts": [[63.47691345214844, 42.58058166503906, 1.0], [77.39529418945312, 109.36172485351562, 1.0], [68.98577117919922, 161.42623901367188, 1.0], [106.33678436279297, 199.34347534179688, 1.0], [152.24517822265625, 210.49212646484375, 1.0], [129.31103515625, 169.46926879882812, 1.0], [168.25973510742188, 223.80628967285156, 1.0], [190.66055297851562, 244.5524444580078, 1.0], [213.9429931640625, 265.72607421875, 1.0], [151.6537628173828, 145.94970703125, 1.0], [195.93699645996094, 210.2797393798828, 1.0], [212.4183349609375, 234.37274169921875, 1.0], [214.89572143554688, 239.7978057861328, 1.0], [168.40061950683594, 126.14696502685547, 1.0], [227.13388061523438, 172.13087463378906, 1.0], [254.12631225585938, 197.16639709472656, 1.0], [249.34677124023438, 202.2543182373047, 1.0], [178.62339782714844, 102.11968994140625, 1.0], [222.4575958251953, 127.91532135009766, 1.0], [234.83642578125, 145.06781005859375, 1.0], [243.88421630859375, 163.27227783203125, 1.0]], "is_left": 0}