{"hand_pts": [[53.54524612426758, 56.90627670288086, 1.0], [121.71955108642578, 66.19180297851562, 1.0], [174.14505004882812, 70.76847076416016, 1.0], [221.18548583984375, 85.63433074951172, 1.0], [262.18975830078125, 107.57170104980469, 1.0], [154.07481384277344, 150.82186889648438, 1.0], [193.40354919433594, 197.66799926757812, 1.0], [223.9004364013672, 223.67884826660156, 1.0], [251.5014190673828, 250.17239379882812, 1.0], [131.50408935546875, 163.08218383789062, 1.0], [191.69464111328125, 206.64842224121094, 1.0], [233.40692138671875, 221.83799743652344, 1.0], [272.70050048828125, 233.21905517578125, 1.0], [115.90681457519531, 166.3692626953125, 1.0], [161.81015014648438, 219.0518035888672, 1.0], [198.83839416503906, 227.2029571533203, 1.0], [234.84619140625, 230.6024627685547, 1.0], [98.40621185302734, 161.32321166992188, 1.0], [123.49803161621094, 198.9828338623047, 1.0], [145.991455078125, 220.17190551757812, 1.0], [171.37484741210938, 241.41937255859375, 1.0]], "is_left": 0}