{"hand_pts": [[67.22235870361328, 215.74139404296875, 1.0], [132.33006286621094, 197.8089141845703, 1.0], [185.49977111816406, 185.2427215576172, 1.0], [222.63668823242188, 169.65306091308594, 1.0], [244.22686767578125, 155.7563934326172, 1.0], [179.55178833007812, 222.50759887695312, 1.0], [226.74615478515625, 218.3335723876953, 1.0], [250.17796325683594, 198.29002380371094, 1.0], [267.9679260253906, 174.5951690673828, 1.0], [148.76742553710938, 218.94387817382812, 1.0], [197.02980041503906, 202.7162322998047, 1.0], [220.44435119628906, 173.88226318359375, 1.0], [238.20968627929688, 143.79075622558594, 1.0], [123.33808898925781, 210.85594177246094, 1.0], [161.7964630126953, 197.84555053710938, 1.0], [180.80078125, 171.41050720214844, 1.0], [194.75802612304688, 142.52552795410156, 1.0], [95.4057388305664, 201.3821258544922, 1.0], [112.47779083251953, 181.2698516845703, 1.0], [125.8354263305664, 159.3267059326172, 1.0], [140.18630981445312, 133.816162109375, 1.0]], "is_left": 0}