{"hand_pts": [[250.85922241210938, 119.34356689453125, 1.0], [222.26036071777344, 185.7878875732422, 1.0], [229.37167358398438, 249.5695037841797, 1.0], [239.28689575195312, 283.85906982421875, 1.0], [245.3818817138672, 273.8829345703125, 1.0], [144.69810485839844, 179.2806854248047, 1.0], [128.97903442382812, 231.61514282226562, 1.0], [159.2886199951172, 257.612060546875, 1.0], [192.0467529296875, 243.26919555664062, 1.0], [158.271240234375, 143.58534240722656, 1.0], [115.10883331298828, 141.4942626953125, 1.0], [98.74073028564453, 153.48590087890625, 1.0], [86.35415649414062, 167.5320587158203, 1.0], [175.53521728515625, 119.7319564819336, 1.0], [167.87655639648438, 164.933837890625, 1.0], [188.70294189453125, 198.60520935058594, 1.0], [215.48631286621094, 204.96995544433594, 1.0], [198.55380249023438, 98.34527587890625, 1.0], [217.93739318847656, 106.87391662597656, 1.0], [239.5587615966797, 121.72315979003906, 1.0], [261.2013244628906, 138.88787841796875, 1.0]], "is_left": 0}