{"hand_pts": [[112.22685241699219, 22.002578735351562, 1.0], [120.72676086425781, 70.15753173828125, 1.0], [131.0811309814453, 87.15030670166016, 1.0], [177.28231811523438, 129.03677368164062, 1.0], [199.66342163085938, 143.05076599121094, 1.0], [103.67822265625, 180.4449920654297, 1.0], [115.06380462646484, 249.81341552734375, 1.0], [161.03030395507812, 249.0117950439453, 1.0], [193.740234375, 212.32382202148438, 1.0], [128.34939575195312, 179.21316528320312, 1.0], [169.8642578125, 253.0061798095703, 1.0], [205.57186889648438, 220.9765625, 1.0], [201.03541564941406, 169.17283630371094, 1.0], [153.70916748046875, 172.56182861328125, 1.0], [221.2157745361328, 213.67596435546875, 1.0], [258.87890625, 198.9956512451172, 1.0], [297.7509460449219, 188.4502716064453, 1.0], [177.92259216308594, 155.96705627441406, 1.0], [196.0965118408203, 210.78683471679688, 1.0], [218.30902099609375, 201.2872772216797, 1.0], [205.88150024414062, 160.5000762939453, 1.0]], "is_left": 0}