{"hand_pts": [[75.95994567871094, 306.4526672363281, 1.0], [79.2396469116211, 246.2635955810547, 1.0], [66.59512329101562, 197.09832763671875, 1.0], [85.39642333984375, 156.76373291015625, 1.0], [122.13423919677734, 135.12939453125, 1.0], [156.76600646972656, 186.75489807128906, 1.0], [179.0997314453125, 143.69578552246094, 1.0], [170.16526794433594, 141.909912109375, 1.0], [156.92669677734375, 148.42999267578125, 1.0], [182.02835083007812, 211.19161987304688, 1.0], [220.11093139648438, 155.21502685546875, 1.0], [197.99623107910156, 154.58172607421875, 1.0], [164.8773956298828, 170.2886505126953, 1.0], [197.1603240966797, 232.484130859375, 1.0], [250.87623596191406, 189.09693908691406, 1.0], [252.1879119873047, 174.8261260986328, 1.0], [246.29136657714844, 164.4943389892578, 1.0], [203.2734832763672, 257.68792724609375, 1.0], [235.22760009765625, 234.47747802734375, 1.0], [241.2274169921875, 221.0147247314453, 1.0], [229.2727813720703, 211.4049530029297, 1.0]], "is_left": 0}