{"hand_pts": [[141.9137725830078, 319.910400390625, 1.0], [113.33060455322266, 257.25048828125, 1.0], [73.12183380126953, 213.98695373535156, 1.0], [82.80976867675781, 179.87152099609375, 1.0], [125.77312469482422, 189.97140502929688, 1.0], [172.8456268310547, 177.0890350341797, 1.0], [208.15084838867188, 119.63125610351562, 1.0], [209.84194946289062, 94.3552017211914, 1.0], [188.0505828857422, 106.18055725097656, 1.0], [202.4812469482422, 196.57162475585938, 1.0], [209.1710662841797, 148.44696044921875, 1.0], [190.54603576660156, 135.90252685546875, 1.0], [153.68109130859375, 161.53085327148438, 1.0], [219.60585021972656, 215.24429321289062, 1.0], [230.61732482910156, 177.320068359375, 1.0], [219.10714721679688, 166.5313262939453, 1.0], [204.02088928222656, 158.80067443847656, 1.0], [229.55502319335938, 240.00128173828125, 1.0], [222.75015258789062, 246.80181884765625, 1.0], [207.8920440673828, 258.0895080566406, 1.0], [187.97140502929688, 270.43572998046875, 1.0]], "is_left": 0}