{"hand_pts": [[188.516357421875, 347.0376281738281, 1.0], [194.15496826171875, 280.7871398925781, 1.0], [188.6953125, 249.50205993652344, 1.0], [170.314697265625, 208.3231964111328, 1.0], [153.94876098632812, 174.3784637451172, 1.0], [217.10350036621094, 205.9332275390625, 1.0], [221.75894165039062, 147.57015991210938, 1.0], [218.59471130371094, 111.81341552734375, 1.0], [205.13233947753906, 86.91261291503906, 1.0], [204.6896514892578, 214.96580505371094, 1.0], [201.51963806152344, 151.61427307128906, 1.0], [186.36181640625, 120.31929779052734, 1.0], [174.9732666015625, 87.95913696289062, 1.0], [191.6354217529297, 223.26812744140625, 1.0], [179.87600708007812, 168.2578887939453, 1.0], [166.04312133789062, 166.42236328125, 1.0], [167.54690551757812, 190.64552307128906, 1.0], [177.68478393554688, 237.95484924316406, 1.0], [158.79327392578125, 206.33477783203125, 1.0], [154.0905303955078, 223.84617614746094, 1.0], [155.62551879882812, 250.30160522460938, 1.0]], "is_left": 0,"label":2}