{"hand_pts": [[302.712646484375, 60.827354431152344, 1.0], [288.7252502441406, 122.0220718383789, 1.0], [305.5924987792969, 172.2935028076172, 1.0], [279.2397766113281, 211.75025939941406, 1.0], [228.86337280273438, 225.05313110351562, 1.0], [254.9977264404297, 192.59945678710938, 1.0], [208.83306884765625, 226.87899780273438, 1.0], [193.49354553222656, 211.3187255859375, 1.0], [186.5688018798828, 186.61834716796875, 1.0], [227.79769897460938, 168.63345336914062, 1.0], [159.04949951171875, 212.05731201171875, 1.0], [127.33517456054688, 219.15415954589844, 1.0], [121.3946304321289, 205.8098602294922, 1.0], [204.5152130126953, 146.34446716308594, 1.0], [147.67385864257812, 199.98646545410156, 1.0], [118.28512573242188, 215.0659637451172, 1.0], [106.00614929199219, 213.93727111816406, 1.0], [186.87550354003906, 118.82479095458984, 1.0], [131.36732482910156, 132.7611083984375, 1.0], [103.85432434082031, 138.04066467285156, 1.0], [105.41287994384766, 137.01060485839844, 1.0]], "is_left": 0}