{"hand_pts": [[109.74128723144531, 290.769287109375, 1.0], [150.77178955078125, 222.54690551757812, 1.0], [184.5210723876953, 165.6136474609375, 1.0], [190.04396057128906, 119.18972778320312, 1.0], [174.67132568359375, 98.77153015136719, 1.0], [225.98297119140625, 220.48492431640625, 1.0], [265.29339599609375, 189.80902099609375, 1.0], [268.84674072265625, 157.299560546875, 1.0], [258.9285583496094, 122.60601043701172, 1.0], [194.58303833007812, 244.3047332763672, 1.0], [226.40380859375, 203.39614868164062, 1.0], [220.94094848632812, 158.86781311035156, 1.0], [211.7896270751953, 115.70743560791016, 1.0], [162.78773498535156, 258.0356140136719, 1.0], [171.0562744140625, 207.27102661132812, 1.0], [154.02130126953125, 165.3118133544922, 1.0], [127.90629577636719, 127.96764373779297, 1.0], [126.7508773803711, 271.1739196777344, 1.0], [123.55335235595703, 249.0067901611328, 1.0], [111.28314971923828, 215.5162811279297, 1.0], [97.1146011352539, 178.27679443359375, 1.0]], "is_left": 0}