{"hand_pts": [[126.357177734375, 64.29236602783203, 1.0], [158.56967163085938, 91.73741912841797, 1.0], [175.6522216796875, 108.5484619140625, 1.0], [198.39149475097656, 141.04595947265625, 1.0], [219.0558624267578, 172.90213012695312, 1.0], [138.15011596679688, 170.56686401367188, 1.0], [182.17076110839844, 193.21652221679688, 1.0], [215.3476104736328, 171.71646118164062, 1.0], [244.04257202148438, 147.42002868652344, 1.0], [134.9029083251953, 173.02793884277344, 1.0], [141.31365966796875, 233.44712829589844, 1.0], [158.32415771484375, 265.04718017578125, 1.0], [180.06715393066406, 290.7965393066406, 1.0], [138.09352111816406, 170.40478515625, 1.0], [183.7302703857422, 204.6609344482422, 1.0], [219.2734375, 210.407470703125, 1.0], [253.10031127929688, 217.80941772460938, 1.0], [142.58750915527344, 160.53053283691406, 1.0], [177.08705139160156, 175.13433837890625, 1.0], [206.20944213867188, 177.1826934814453, 1.0], [239.13925170898438, 171.44793701171875, 1.0]], "is_left": 0}