{"hand_pts": [[181.22557067871094, 43.07572937011719, 1.0], [169.5792236328125, 122.77310943603516, 1.0], [181.45993041992188, 175.97877502441406, 1.0], [217.4534149169922, 199.61611938476562, 1.0], [229.8218994140625, 175.18701171875, 1.0], [112.81753540039062, 170.67274475097656, 1.0], [105.93968963623047, 228.85256958007812, 1.0], [142.4706268310547, 250.3045654296875, 1.0], [183.2159881591797, 258.0744323730469, 1.0], [131.60398864746094, 141.98959350585938, 1.0], [191.97915649414062, 191.72889709472656, 1.0], [232.17315673828125, 218.66152954101562, 1.0], [272.7795715332031, 232.5778350830078, 1.0], [153.45266723632812, 120.26761627197266, 1.0], [177.19500732421875, 176.20335388183594, 1.0], [207.9982147216797, 204.82553100585938, 1.0], [240.2223358154297, 229.7629852294922, 1.0], [178.55792236328125, 95.55593872070312, 1.0], [163.3548126220703, 125.36026000976562, 1.0], [179.19712829589844, 156.08502197265625, 1.0], [198.510009765625, 184.0608367919922, 1.0]], "is_left": 0}