{"hand_pts": [[168.56932067871094, 321.91204833984375, 1.0], [192.75099182128906, 247.15829467773438, 1.0], [175.2649383544922, 189.89820861816406, 1.0], [171.525634765625, 133.23486328125, 1.0], [191.9438018798828, 98.83378601074219, 1.0], [138.82774353027344, 176.76129150390625, 1.0], [190.61036682128906, 126.89347076416016, 1.0], [223.0175018310547, 156.01976013183594, 1.0], [227.60704040527344, 197.32305908203125, 1.0], [134.6505126953125, 203.90745544433594, 1.0], [203.58567810058594, 156.37794494628906, 1.0], [245.0991668701172, 176.07968139648438, 1.0], [265.1835632324219, 206.65394592285156, 1.0], [139.74462890625, 227.21156311035156, 1.0], [159.76205444335938, 186.3451385498047, 1.0], [184.78506469726562, 163.49539184570312, 1.0], [229.26705932617188, 158.6576385498047, 1.0], [149.34457397460938, 255.62875366210938, 1.0], [142.4347381591797, 234.9853057861328, 1.0], [144.54656982421875, 216.67547607421875, 1.0], [178.3446502685547, 194.66213989257812, 1.0]], "is_left": 0}