{"hand_pts": [[66.29985046386719, 232.33563232421875, 1.0], [145.86526489257812, 254.23118591308594, 1.0], [208.52442932128906, 284.9248962402344, 1.0], [243.23561096191406, 271.05718994140625, 1.0], [213.15371704101562, 236.1007080078125, 1.0], [188.16522216796875, 209.45143127441406, 1.0], [238.27244567871094, 191.70094299316406, 1.0], [266.1640930175781, 188.22491455078125, 1.0], [262.9923095703125, 199.110107421875, 1.0], [154.89907836914062, 177.68295288085938, 1.0], [198.75904846191406, 175.604736328125, 1.0], [205.88670349121094, 195.90672302246094, 1.0], [193.3492889404297, 223.33482360839844, 1.0], [128.33033752441406, 155.2186737060547, 1.0], [151.68006896972656, 103.95613861083984, 1.0], [181.27102661132812, 102.16016387939453, 1.0], [210.3830108642578, 107.2007827758789, 1.0], [98.68904113769531, 138.39596557617188, 1.0], [126.5577621459961, 136.39450073242188, 1.0], [130.81246948242188, 161.953125, 1.0], [115.03484344482422, 181.98379516601562, 1.0]], "is_left": 0,"label":5}