{"hand_pts": [[260.8755798339844, 231.94808959960938, 1.0], [198.28216552734375, 243.3035125732422, 1.0], [136.2793426513672, 258.1658935546875, 1.0], [101.17906188964844, 280.32275390625, 1.0], [130.65963745117188, 296.49578857421875, 1.0], [149.07009887695312, 162.50885009765625, 1.0], [106.7960433959961, 116.83434295654297, 1.0], [117.23974609375, 146.93930053710938, 1.0], [145.3275604248047, 185.42710876464844, 1.0], [189.74903869628906, 150.68893432617188, 1.0], [172.87371826171875, 96.19111633300781, 1.0], [165.95750427246094, 107.19123840332031, 1.0], [166.32252502441406, 150.6250762939453, 1.0], [224.32275390625, 149.98281860351562, 1.0], [199.37374877929688, 131.68458557128906, 1.0], [196.2360382080078, 163.2671356201172, 1.0], [205.4158477783203, 201.61856079101562, 1.0], [260.25140380859375, 156.79953002929688, 1.0], [272.173828125, 195.53736877441406, 1.0], [281.05523681640625, 227.23486328125, 1.0], [287.9073791503906, 265.4158020019531, 1.0]], "is_left": 0}