{"hand_pts": [[215.3773956298828, 322.60797119140625, 1.0], [221.52305603027344, 286.9302062988281, 1.0], [208.9993133544922, 280.1041259765625, 1.0], [207.61007690429688, 238.669189453125, 1.0], [208.07632446289062, 200.24761962890625, 1.0], [173.06967163085938, 225.11935424804688, 1.0], [191.6334991455078, 186.70555114746094, 1.0], [219.5088653564453, 195.0763702392578, 1.0], [227.39137268066406, 221.85238647460938, 1.0], [169.1107177734375, 216.14627075195312, 1.0], [150.16943359375, 161.2481231689453, 1.0], [178.05209350585938, 149.65296936035156, 1.0], [207.9619903564453, 156.0452117919922, 1.0], [171.49899291992188, 210.27322387695312, 1.0], [151.5672607421875, 151.00772094726562, 1.0], [152.40936279296875, 117.48169708251953, 1.0], [149.92678833007812, 85.08689880371094, 1.0], [178.2245635986328, 210.9610595703125, 1.0], [171.76629638671875, 168.6393280029297, 1.0], [174.5863494873047, 141.19041442871094, 1.0], [188.0028839111328, 121.2484359741211, 1.0]], "is_left": 0}