{"hand_pts": [[51.63329315185547, 262.3029479980469, 1.0], [81.31664276123047, 207.36065673828125, 1.0], [90.76715087890625, 153.9681854248047, 1.0], [117.34663391113281, 115.62512969970703, 1.0], [159.7284393310547, 111.40953063964844, 1.0], [123.44329071044922, 164.30535888671875, 1.0], [155.0423583984375, 125.45712280273438, 1.0], [193.96156311035156, 118.58475494384766, 1.0], [219.04495239257812, 131.8350067138672, 1.0], [139.71719360351562, 198.3287353515625, 1.0], [212.86973571777344, 184.18597412109375, 1.0], [249.8032684326172, 181.2002716064453, 1.0], [264.9888000488281, 185.21163940429688, 1.0], [153.64979553222656, 227.08570861816406, 1.0], [200.58102416992188, 190.19920349121094, 1.0], [234.315673828125, 170.85806274414062, 1.0], [264.7068786621094, 155.21095275878906, 1.0], [161.7145233154297, 257.0936279296875, 1.0], [202.90025329589844, 272.87530517578125, 1.0], [209.5423583984375, 281.4151916503906, 1.0], [203.27076721191406, 285.5528259277344, 1.0]], "is_left": 0}