{"hand_pts": [[168.87054443359375, 196.76182556152344, 1.0], [126.4421615600586, 195.4201202392578, 1.0], [77.87693786621094, 190.47323608398438, 1.0], [54.294456481933594, 178.11691284179688, 1.0], [55.37461853027344, 162.10768127441406, 1.0], [175.48208618164062, 213.59947204589844, 1.0], [177.8027801513672, 224.2339324951172, 1.0], [176.4512939453125, 226.59800720214844, 1.0], [170.23233032226562, 221.69076538085938, 1.0], [208.2740478515625, 199.99087524414062, 1.0], [222.7761993408203, 203.9071044921875, 1.0], [203.07473754882812, 188.05618286132812, 1.0], [175.1675262451172, 168.0601348876953, 1.0], [227.5419158935547, 185.58804321289062, 1.0], [237.26467895507812, 180.93316650390625, 1.0], [229.21066284179688, 170.58929443359375, 1.0], [218.1049041748047, 158.95884704589844, 1.0], [240.3838348388672, 171.1278076171875, 1.0], [248.23876953125, 157.1488800048828, 1.0], [232.9936981201172, 141.63046264648438, 1.0], [200.86459350585938, 125.87313079833984, 1.0]], "is_left": 0}