{"hand_pts": [[271.50421142578125, 192.30743408203125, 1.0], [273.8855895996094, 200.4539031982422, 1.0], [296.2688293457031, 227.3715362548828, 1.0], [279.4391784667969, 190.03152465820312, 1.0], [252.1964874267578, 144.3301544189453, 1.0], [212.6654815673828, 256.8348083496094, 1.0], [188.16954040527344, 290.1353454589844, 1.0], [179.0603790283203, 254.4780731201172, 1.0], [188.11766052246094, 220.7785186767578, 1.0], [181.78170776367188, 241.96351623535156, 1.0], [165.40707397460938, 204.0473175048828, 1.0], [187.41436767578125, 166.0338897705078, 1.0], [205.637451171875, 130.33900451660156, 1.0], [160.13722229003906, 223.00784301757812, 1.0], [138.57901000976562, 159.66879272460938, 1.0], [141.2054901123047, 119.21842193603516, 1.0], [157.26405334472656, 82.88103485107422, 1.0], [146.27261352539062, 200.33900451660156, 1.0], [124.80955505371094, 155.54225158691406, 1.0], [113.51614379882812, 122.91690826416016, 1.0], [113.43120574951172, 87.64488983154297, 1.0]], "is_left": 0}