{"hand_pts": [[235.28717041015625, 224.63916015625, 1.0], [237.26925659179688, 262.6750793457031, 1.0], [245.1474151611328, 297.88946533203125, 1.0], [234.96795654296875, 305.5606689453125, 1.0], [217.07479858398438, 298.6853332519531, 1.0], [248.70167541503906, 196.68028259277344, 1.0], [247.30174255371094, 188.8843994140625, 1.0], [234.9754638671875, 190.7366180419922, 1.0], [219.4571075439453, 193.24588012695312, 1.0], [215.62313842773438, 164.32704162597656, 1.0], [209.65203857421875, 145.87725830078125, 1.0], [192.12380981445312, 153.78564453125, 1.0], [177.0126190185547, 158.94898986816406, 1.0], [184.2523193359375, 146.59776306152344, 1.0], [141.37696838378906, 143.39187622070312, 1.0], [108.35978698730469, 163.1893310546875, 1.0], [75.69561767578125, 189.54385375976562, 1.0], [155.05471801757812, 136.76348876953125, 1.0], [124.90912628173828, 115.60215759277344, 1.0], [98.71076965332031, 122.1840591430664, 1.0], [74.83374786376953, 147.71856689453125, 1.0]], "is_left": 0,"label":5}