{"hand_pts": [[190.66844177246094, 54.65172576904297, 1.0], [165.76217651367188, 122.25032043457031, 1.0], [144.515625, 177.68687438964844, 1.0], [155.73655700683594, 210.75038146972656, 1.0], [187.01837158203125, 189.0629119873047, 1.0], [240.02874755859375, 185.5264129638672, 1.0], [197.1351318359375, 237.26678466796875, 1.0], [152.0288543701172, 259.1073913574219, 1.0], [97.2965087890625, 254.3457489013672, 1.0], [247.20921325683594, 157.33985900878906, 1.0], [223.75222778320312, 215.07730102539062, 1.0], [159.71728515625, 212.2349090576172, 1.0], [98.65172576904297, 211.0159454345703, 1.0], [242.6675567626953, 132.8166961669922, 1.0], [274.3898620605469, 191.25692749023438, 1.0], [229.77487182617188, 211.77906799316406, 1.0], [174.86167907714844, 213.63304138183594, 1.0], [231.56935119628906, 103.82771301269531, 1.0], [181.18048095703125, 118.34013366699219, 1.0], [137.2449493408203, 124.60003662109375, 1.0], [104.74530792236328, 115.11100006103516, 1.0]], "is_left": 0}