{"hand_pts": [[58.20658493041992, 262.5152893066406, 1.0], [123.74494171142578, 213.5584259033203, 1.0], [165.28256225585938, 169.46331787109375, 1.0], [219.82948303222656, 164.3338165283203, 1.0], [259.1850280761719, 179.44606018066406, 1.0], [134.73109436035156, 125.04850006103516, 1.0], [193.71949768066406, 98.99193572998047, 1.0], [231.310546875, 125.23863220214844, 1.0], [260.0411376953125, 159.11441040039062, 1.0], [117.0998306274414, 149.5654754638672, 1.0], [193.7797393798828, 159.72157287597656, 1.0], [209.6193389892578, 201.57681274414062, 1.0], [194.8050537109375, 229.99462890625, 1.0], [107.9692611694336, 175.65414428710938, 1.0], [176.5443115234375, 175.3502197265625, 1.0], [215.31820678710938, 200.5435333251953, 1.0], [241.60096740722656, 230.6560821533203, 1.0], [98.1704330444336, 208.0755615234375, 1.0], [140.1697235107422, 222.7464141845703, 1.0], [170.66090393066406, 244.8832244873047, 1.0], [181.95962524414062, 262.66851806640625, 1.0]], "is_left": 0}