{"hand_pts": [[97.95719146728516, 63.73152160644531, 1.0], [168.87767028808594, 81.64971160888672, 1.0], [209.2868194580078, 66.58233642578125, 1.0], [209.57469177246094, 104.52072143554688, 1.0], [176.70921325683594, 141.0254669189453, 1.0], [234.70933532714844, 168.8522186279297, 1.0], [257.2835998535156, 198.1037139892578, 1.0], [250.21824645996094, 197.46534729003906, 1.0], [227.32774353027344, 181.46665954589844, 1.0], [195.41322326660156, 189.66563415527344, 1.0], [211.63070678710938, 200.05569458007812, 1.0], [193.1703643798828, 163.5674285888672, 1.0], [170.14105224609375, 125.30752563476562, 1.0], [160.60397338867188, 201.54437255859375, 1.0], [194.93516540527344, 250.1271514892578, 1.0], [181.1930694580078, 220.33712768554688, 1.0], [169.8115234375, 195.11985778808594, 1.0], [122.24304962158203, 203.9086456298828, 1.0], [116.02397918701172, 237.76283264160156, 1.0], [110.95015716552734, 257.1105041503906, 1.0], [107.97920989990234, 249.58676147460938, 1.0]], "is_left": 0}