{"hand_pts": [[202.43551635742188, 245.4729461669922, 1.0], [228.62088012695312, 261.4587097167969, 1.0], [266.7254943847656, 287.37579345703125, 1.0], [265.62310791015625, 287.5738830566406, 1.0], [229.29734802246094, 263.57196044921875, 1.0], [245.95162963867188, 167.3230438232422, 1.0], [244.23678588867188, 160.06858825683594, 1.0], [222.03097534179688, 191.75393676757812, 1.0], [197.24609375, 226.0927276611328, 1.0], [208.73419189453125, 144.00790405273438, 1.0], [187.15548706054688, 142.1559600830078, 1.0], [168.17311096191406, 180.6887969970703, 1.0], [154.4997100830078, 233.8909149169922, 1.0], [176.08116149902344, 134.8042449951172, 1.0], [154.44686889648438, 106.96781921386719, 1.0], [138.3203887939453, 147.86338806152344, 1.0], [132.03111267089844, 198.83840942382812, 1.0], [145.0218963623047, 135.44036865234375, 1.0], [114.1816177368164, 114.79387664794922, 1.0], [99.23448181152344, 137.58348083496094, 1.0], [102.93511199951172, 182.58114624023438, 1.0]], "is_left": 0}