{"hand_pts": [[291.7283935546875, 100.21937561035156, 1.0], [240.91567993164062, 102.122802734375, 1.0], [193.37710571289062, 85.3902359008789, 1.0], [169.4172821044922, 101.01763916015625, 1.0], [174.69491577148438, 135.19598388671875, 1.0], [166.84963989257812, 142.88876342773438, 1.0], [111.4908447265625, 160.60401916503906, 1.0], [100.11910247802734, 173.93368530273438, 1.0], [113.45574188232422, 184.21694946289062, 1.0], [196.2846221923828, 165.0956573486328, 1.0], [145.40167236328125, 199.39590454101562, 1.0], [157.51309204101562, 202.74073791503906, 1.0], [183.5789337158203, 195.02113342285156, 1.0], [223.9741973876953, 181.11720275878906, 1.0], [188.04026794433594, 226.3839111328125, 1.0], [182.003173828125, 244.8617401123047, 1.0], [190.4350128173828, 241.8480682373047, 1.0], [255.58792114257812, 191.40786743164062, 1.0], [247.31727600097656, 227.45452880859375, 1.0], [242.2259063720703, 251.33950805664062, 1.0], [237.756591796875, 263.2114562988281, 1.0]], "is_left": 0}