{"hand_pts": [[318.89959716796875, 73.89189147949219, 1.0], [281.7422180175781, 128.54115295410156, 1.0], [278.61468505859375, 170.88442993164062, 1.0], [250.6103515625, 224.38189697265625, 1.0], [228.03916931152344, 227.5576629638672, 1.0], [163.60159301757812, 125.60552978515625, 1.0], [108.59254455566406, 179.7972412109375, 1.0], [142.51817321777344, 210.7027587890625, 1.0], [171.97348022460938, 242.28244018554688, 1.0], [155.99313354492188, 116.57859802246094, 1.0], [133.82952880859375, 200.54708862304688, 1.0], [174.59841918945312, 236.82901000976562, 1.0], [208.94393920898438, 273.96942138671875, 1.0], [156.926025390625, 115.43562316894531, 1.0], [158.73594665527344, 193.0514678955078, 1.0], [209.7605438232422, 196.80368041992188, 1.0], [245.65245056152344, 167.24673461914062, 1.0], [168.98216247558594, 114.26203155517578, 1.0], [135.15582275390625, 153.21141052246094, 1.0], [142.60800170898438, 190.03021240234375, 1.0], [179.69891357421875, 198.693603515625, 1.0]], "is_left": 0}