{"hand_pts": [[28.140613555908203, 103.76217651367188, 1.0], [99.28214263916016, 100.52227783203125, 1.0], [152.71820068359375, 96.03028106689453, 1.0], [199.4168701171875, 102.1580581665039, 1.0], [240.60958862304688, 111.62342071533203, 1.0], [154.92135620117188, 156.32083129882812, 1.0], [202.67718505859375, 179.2027130126953, 1.0], [235.08135986328125, 192.91802978515625, 1.0], [263.63134765625, 207.57508850097656, 1.0], [134.89886474609375, 172.03863525390625, 1.0], [190.39552307128906, 203.5618896484375, 1.0], [228.922119140625, 217.22509765625, 1.0], [263.0667419433594, 231.4148406982422, 1.0], [119.24517822265625, 179.99205017089844, 1.0], [169.10430908203125, 213.249755859375, 1.0], [203.40443420410156, 224.51820373535156, 1.0], [235.83314514160156, 235.80328369140625, 1.0], [99.45970153808594, 181.9806365966797, 1.0], [132.8108367919922, 205.0264129638672, 1.0], [158.211669921875, 217.8199005126953, 1.0], [186.8331298828125, 228.42832946777344, 1.0]], "is_left": 0,"label":4}