{"hand_pts": [[168.25364685058594, 219.72360229492188, 1.0], [217.95370483398438, 218.92205810546875, 1.0], [278.26104736328125, 210.8873291015625, 1.0], [288.1183166503906, 171.82603454589844, 1.0], [240.72259521484375, 156.28085327148438, 1.0], [180.95957946777344, 252.81463623046875, 1.0], [231.0702667236328, 215.8560333251953, 1.0], [264.9960021972656, 186.2386016845703, 1.0], [286.5535888671875, 158.3098907470703, 1.0], [145.4415283203125, 234.28329467773438, 1.0], [153.61944580078125, 192.5945281982422, 1.0], [184.37387084960938, 151.2740020751953, 1.0], [216.84515380859375, 114.56137084960938, 1.0], [122.81504821777344, 213.50289916992188, 1.0], [159.1300048828125, 159.8776092529297, 1.0], [179.48727416992188, 151.15785217285156, 1.0], [166.90023803710938, 179.31228637695312, 1.0], [105.39878845214844, 191.54330444335938, 1.0], [86.06430053710938, 186.59176635742188, 1.0], [83.97124481201172, 176.39450073242188, 1.0], [93.53871154785156, 162.15138244628906, 1.0]], "is_left": 0}