{"hand_pts": [[310.3910827636719, 223.3179931640625, 1.0], [303.2930908203125, 204.49363708496094, 1.0], [315.13653564453125, 180.4339141845703, 1.0], [278.4060363769531, 174.4215850830078, 1.0], [228.68594360351562, 181.2476348876953, 1.0], [225.09130859375, 138.11343383789062, 1.0], [185.5348358154297, 119.86016845703125, 1.0], [176.765380859375, 143.67413330078125, 1.0], [174.88938903808594, 175.51036071777344, 1.0], [198.26490783691406, 154.82858276367188, 1.0], [141.9212646484375, 155.1533660888672, 1.0], [150.62339782714844, 190.34573364257812, 1.0], [173.42990112304688, 226.494140625, 1.0], [181.1851806640625, 174.7774658203125, 1.0], [126.0538558959961, 176.82550048828125, 1.0], [135.03936767578125, 206.94696044921875, 1.0], [156.94668579101562, 238.179443359375, 1.0], [173.45042419433594, 199.01275634765625, 1.0], [128.7826385498047, 205.53976440429688, 1.0], [116.29510498046875, 221.6974639892578, 1.0], [131.02418518066406, 242.83372497558594, 1.0]], "is_left": 0}