{"hand_pts": [[59.837974548339844, 297.7600402832031, 1.0], [124.59577178955078, 256.95623779296875, 1.0], [161.2287139892578, 226.90777587890625, 1.0], [211.4657745361328, 201.9490509033203, 1.0], [258.0993957519531, 190.88296508789062, 1.0], [129.0218048095703, 160.42738342285156, 1.0], [199.96495056152344, 149.4908447265625, 1.0], [242.18267822265625, 161.00413513183594, 1.0], [248.27919006347656, 200.62179565429688, 1.0], [109.7215576171875, 164.57301330566406, 1.0], [191.93736267089844, 153.70884704589844, 1.0], [234.75900268554688, 177.37115478515625, 1.0], [268.3480529785156, 207.28915405273438, 1.0], [99.58174896240234, 173.76568603515625, 1.0], [166.12063598632812, 154.04994201660156, 1.0], [202.5553436279297, 176.22984313964844, 1.0], [216.90687561035156, 213.35757446289062, 1.0], [89.45540618896484, 191.73114013671875, 1.0], [134.09445190429688, 176.70223999023438, 1.0], [169.81396484375, 179.7215576171875, 1.0], [207.06085205078125, 191.99346923828125, 1.0]], "is_left": 0}