{"hand_pts": [[110.92686462402344, 325.82110595703125, 1.0], [95.46643829345703, 298.8870849609375, 1.0], [64.06256103515625, 288.3524169921875, 1.0], [61.87506103515625, 247.02659606933594, 1.0], [72.64934539794922, 201.90602111816406, 1.0], [201.30140686035156, 239.41151428222656, 1.0], [237.73458862304688, 190.54989624023438, 1.0], [244.6053466796875, 155.19947814941406, 1.0], [241.78419494628906, 120.2236099243164, 1.0], [219.24903869628906, 226.8729248046875, 1.0], [240.3343048095703, 156.6485595703125, 1.0], [199.89308166503906, 129.6703643798828, 1.0], [165.65980529785156, 103.01461791992188, 1.0], [221.6434326171875, 218.5427703857422, 1.0], [251.73178100585938, 151.55613708496094, 1.0], [206.3196563720703, 134.6485137939453, 1.0], [151.41029357910156, 130.04171752929688, 1.0], [213.39364624023438, 217.4236602783203, 1.0], [209.32078552246094, 174.1661376953125, 1.0], [190.73025512695312, 149.72235107421875, 1.0], [141.9541473388672, 148.6260528564453, 1.0]], "is_left": 0}