{"hand_pts": [[335.8878479003906, 164.18283081054688, 1.0], [290.5111389160156, 155.04908752441406, 1.0], [282.7443542480469, 128.31076049804688, 1.0], [242.30926513671875, 104.8965835571289, 1.0], [201.824951171875, 85.2255859375, 1.0], [226.2481231689453, 228.08779907226562, 1.0], [173.03451538085938, 222.73553466796875, 1.0], [139.57308959960938, 213.72357177734375, 1.0], [109.423095703125, 197.19882202148438, 1.0], [213.43157958984375, 240.59988403320312, 1.0], [163.92408752441406, 190.98243713378906, 1.0], [199.98977661132812, 157.30429077148438, 1.0], [238.5714569091797, 129.3998260498047, 1.0], [203.05682373046875, 243.17823791503906, 1.0], [127.86943817138672, 235.22438049316406, 1.0], [101.6105728149414, 206.93182373046875, 1.0], [115.53453826904297, 169.37110900878906, 1.0], [199.882568359375, 238.7957305908203, 1.0], [160.40647888183594, 209.24462890625, 1.0], [144.592041015625, 180.80108642578125, 1.0], [163.97264099121094, 147.51329040527344, 1.0]], "is_left": 0}