{"hand_pts": [[33.4246940612793, 159.07431030273438, 1.0], [68.45118713378906, 188.82223510742188, 1.0], [77.42835235595703, 189.85971069335938, 1.0], [118.0661849975586, 223.3860321044922, 1.0], [155.56948852539062, 255.59910583496094, 1.0], [145.651123046875, 122.97211456298828, 1.0], [185.28285217285156, 147.518798828125, 1.0], [201.84727478027344, 188.02786254882812, 1.0], [194.83680725097656, 237.86277770996094, 1.0], [157.82369995117188, 115.15645599365234, 1.0], [227.36386108398438, 137.93238830566406, 1.0], [231.23855590820312, 199.5486297607422, 1.0], [198.74363708496094, 240.7475128173828, 1.0], [165.26214599609375, 118.4468994140625, 1.0], [227.29180908203125, 164.79776000976562, 1.0], [254.8129425048828, 208.11439514160156, 1.0], [252.94955444335938, 266.3686218261719, 1.0], [164.74295043945312, 127.59661102294922, 1.0], [210.9588623046875, 150.40475463867188, 1.0], [223.60861206054688, 194.23927307128906, 1.0], [197.90406799316406, 228.5511932373047, 1.0]], "is_left": 0}