{"hand_pts": [[153.42250061035156, 234.82058715820312, 1.0], [141.92132568359375, 245.11624145507812, 1.0], [99.2563705444336, 257.52838134765625, 1.0], [85.26853942871094, 220.3834228515625, 1.0], [106.35054779052734, 182.13705444335938, 1.0], [220.07017517089844, 245.71876525878906, 1.0], [193.5254364013672, 215.6072540283203, 1.0], [155.06430053710938, 204.01852416992188, 1.0], [152.7745361328125, 214.68943786621094, 1.0], [233.4558563232422, 217.61190795898438, 1.0], [285.4046936035156, 203.060302734375, 1.0], [265.67462158203125, 181.34503173828125, 1.0], [219.29995727539062, 173.36273193359375, 1.0], [235.95420837402344, 193.104248046875, 1.0], [218.94764709472656, 139.01699829101562, 1.0], [190.39527893066406, 110.35147094726562, 1.0], [147.5411376953125, 100.636962890625, 1.0], [230.89102172851562, 171.02017211914062, 1.0], [202.790771484375, 138.5968017578125, 1.0], [167.39952087402344, 139.06427001953125, 1.0], [131.3881072998047, 144.52395629882812, 1.0]], "is_left": 0}