{"hand_pts": [[328.28076171875, 239.36758422851562, 1.0], [239.6537322998047, 216.91867065429688, 1.0], [176.1731719970703, 193.98870849609375, 1.0], [119.10610961914062, 198.7225341796875, 1.0], [125.49192810058594, 220.05259704589844, 1.0], [195.7344970703125, 122.95571899414062, 1.0], [123.37384033203125, 131.9154510498047, 1.0], [118.78231048583984, 176.7440948486328, 1.0], [152.1448516845703, 210.2349395751953, 1.0], [225.3030242919922, 129.39181518554688, 1.0], [147.7362518310547, 142.84901428222656, 1.0], [141.3504638671875, 191.64901733398438, 1.0], [171.62124633789062, 219.14259338378906, 1.0], [245.74383544921875, 142.3395538330078, 1.0], [182.1634063720703, 159.70530700683594, 1.0], [177.74920654296875, 201.94134521484375, 1.0], [202.56680297851562, 219.19007873535156, 1.0], [268.70794677734375, 162.77294921875, 1.0], [236.8406219482422, 182.92855834960938, 1.0], [225.74655151367188, 215.29656982421875, 1.0], [238.97677612304688, 223.02218627929688, 1.0]], "is_left": 0}