{"hand_pts": [[139.84823608398438, 283.5284118652344, 1.0], [124.29197692871094, 216.8317413330078, 1.0], [115.44278717041016, 153.49310302734375, 1.0], [136.27149963378906, 123.2357406616211, 1.0], [162.70277404785156, 138.96812438964844, 1.0], [206.2755584716797, 153.34222412109375, 1.0], [220.6339874267578, 107.37952423095703, 1.0], [211.3397979736328, 91.24441528320312, 1.0], [182.52467346191406, 98.75199890136719, 1.0], [227.34730529785156, 187.404052734375, 1.0], [185.8231964111328, 183.0624542236328, 1.0], [141.32508850097656, 195.81011962890625, 1.0], [97.01130676269531, 212.12594604492188, 1.0], [235.82640075683594, 217.0535430908203, 1.0], [217.09219360351562, 192.4327850341797, 1.0], [178.11923217773438, 195.99314880371094, 1.0], [142.41688537597656, 213.628662109375, 1.0], [235.8187255859375, 250.0513458251953, 1.0], [235.58433532714844, 256.41729736328125, 1.0], [217.2199249267578, 261.9139404296875, 1.0], [180.80665588378906, 261.232177734375, 1.0]], "is_left": 0}