{"hand_pts": [[253.16404724121094, 169.91201782226562, 1.0], [184.37286376953125, 197.28565979003906, 1.0], [135.13778686523438, 242.30116271972656, 1.0], [107.13955688476562, 224.67787170410156, 1.0], [105.47232055664062, 188.61126708984375, 1.0], [204.1453857421875, 248.14666748046875, 1.0], [140.38235473632812, 230.69815063476562, 1.0], [101.81941986083984, 201.1321258544922, 1.0], [78.3102035522461, 168.5178680419922, 1.0], [239.69073486328125, 221.2374725341797, 1.0], [180.185546875, 190.44515991210938, 1.0], [151.9866180419922, 163.29684448242188, 1.0], [173.5635986328125, 173.74691772460938, 1.0], [261.3171691894531, 194.6360626220703, 1.0], [267.26385498046875, 196.9226531982422, 1.0], [222.48280334472656, 176.27816772460938, 1.0], [180.78634643554688, 159.62403869628906, 1.0], [279.2807922363281, 165.78961181640625, 1.0], [249.99932861328125, 128.2532958984375, 1.0], [220.459228515625, 102.58463287353516, 1.0], [208.19100952148438, 108.5601577758789, 1.0]], "is_left": 0}