{"hand_pts": [[327.528564453125, 258.0192565917969, 1.0], [296.447998046875, 197.687255859375, 1.0], [284.73931884765625, 144.50962829589844, 1.0], [246.5989227294922, 117.89783477783203, 1.0], [204.70437622070312, 110.49923706054688, 1.0], [240.24278259277344, 180.59706115722656, 1.0], [200.62384033203125, 145.80482482910156, 1.0], [170.87620544433594, 125.4981689453125, 1.0], [141.81480407714844, 106.84420013427734, 1.0], [226.14703369140625, 214.8138427734375, 1.0], [165.0087432861328, 184.51332092285156, 1.0], [129.85520935058594, 163.3724822998047, 1.0], [101.94717407226562, 143.08160400390625, 1.0], [215.28436279296875, 240.92950439453125, 1.0], [155.76670837402344, 217.19415283203125, 1.0], [125.68380737304688, 199.46913146972656, 1.0], [97.68359375, 181.88064575195312, 1.0], [210.68283081054688, 266.8255310058594, 1.0], [167.18093872070312, 255.54647827148438, 1.0], [144.43312072753906, 243.56222534179688, 1.0], [131.1822967529297, 227.61737060546875, 1.0]], "is_left": 0}