{"hand_pts": [[299.5863342285156, 124.58110809326172, 1.0], [283.2892761230469, 159.2696990966797, 1.0], [287.778076171875, 192.5904541015625, 1.0], [272.44036865234375, 213.2727813720703, 1.0], [238.4076385498047, 215.0908203125, 1.0], [221.22906494140625, 215.79905700683594, 1.0], [206.75381469726562, 222.7747344970703, 1.0], [201.44276428222656, 219.9999542236328, 1.0], [210.88880920410156, 198.14450073242188, 1.0], [202.32801818847656, 193.3590545654297, 1.0], [144.3115997314453, 197.38755798339844, 1.0], [114.30873107910156, 194.35520935058594, 1.0], [86.591796875, 191.45384216308594, 1.0], [189.64002990722656, 170.79705810546875, 1.0], [131.49021911621094, 181.60824584960938, 1.0], [123.93479919433594, 168.22218322753906, 1.0], [153.28106689453125, 152.8278045654297, 1.0], [184.24147033691406, 144.75970458984375, 1.0], [144.66366577148438, 148.45057678222656, 1.0], [139.50413513183594, 141.57884216308594, 1.0], [158.96902465820312, 132.17431640625, 1.0]], "is_left": 0,"label":3}