{"hand_pts": [[52.03415298461914, 266.59259033203125, 1.0], [93.1612319946289, 268.6297607421875, 1.0], [92.30313110351562, 288.6659851074219, 1.0], [99.7751693725586, 272.8800354003906, 1.0], [107.73970794677734, 254.46730041503906, 1.0], [185.5955810546875, 223.00320434570312, 1.0], [254.7611541748047, 197.2574462890625, 1.0], [284.4267883300781, 176.917724609375, 1.0], [284.2120666503906, 163.1684112548828, 1.0], [174.07745361328125, 199.62786865234375, 1.0], [241.4569549560547, 149.75390625, 1.0], [224.11703491210938, 152.97874450683594, 1.0], [200.18649291992188, 162.31736755371094, 1.0], [159.24664306640625, 183.4656524658203, 1.0], [218.49452209472656, 133.26531982421875, 1.0], [203.0759735107422, 138.6058807373047, 1.0], [168.5155487060547, 168.10049438476562, 1.0], [136.9036407470703, 173.63546752929688, 1.0], [167.15777587890625, 142.3224639892578, 1.0], [186.33937072753906, 121.50907135009766, 1.0], [189.5900115966797, 116.89463806152344, 1.0]], "is_left": 0}