{"hand_pts": [[138.701171875, 309.5379333496094, 1.0], [108.52682495117188, 248.0985870361328, 1.0], [85.2104263305664, 190.3267364501953, 1.0], [70.66380310058594, 136.45814514160156, 1.0], [73.64234924316406, 91.87409210205078, 1.0], [162.39962768554688, 177.78094482421875, 1.0], [154.5963134765625, 146.5919189453125, 1.0], [147.79556274414062, 131.564453125, 1.0], [147.26719665527344, 111.29810333251953, 1.0], [196.9622344970703, 206.1016082763672, 1.0], [241.0562286376953, 155.8164825439453, 1.0], [230.46127319335938, 142.6744842529297, 1.0], [197.3821258544922, 157.2653045654297, 1.0], [218.92164611816406, 231.73272705078125, 1.0], [244.72792053222656, 206.20733642578125, 1.0], [247.58474731445312, 197.2631378173828, 1.0], [231.0509490966797, 197.43826293945312, 1.0], [233.70883178710938, 261.60662841796875, 1.0], [252.7821502685547, 234.94961547851562, 1.0], [225.74644470214844, 234.75799560546875, 1.0], [192.8374481201172, 243.42291259765625, 1.0]], "is_left": 0}