{"hand_pts": [[149.98585510253906, 215.78131103515625, 1.0], [201.8458251953125, 227.97608947753906, 1.0], [239.01356506347656, 263.9395446777344, 1.0], [278.0384521484375, 277.8183898925781, 1.0], [314.1715393066406, 260.36383056640625, 1.0], [165.68431091308594, 231.46054077148438, 1.0], [166.7292938232422, 245.49545288085938, 1.0], [176.87863159179688, 243.4993133544922, 1.0], [204.4242401123047, 216.32347106933594, 1.0], [138.10992431640625, 200.99818420410156, 1.0], [157.03807067871094, 158.2366485595703, 1.0], [195.60313415527344, 147.491943359375, 1.0], [233.66815185546875, 132.12818908691406, 1.0], [122.67705535888672, 173.82212829589844, 1.0], [153.28782653808594, 128.92385864257812, 1.0], [189.9888916015625, 116.53857421875, 1.0], [225.29200744628906, 105.99105834960938, 1.0], [111.49015045166016, 148.5103759765625, 1.0], [101.78035736083984, 137.237548828125, 1.0], [134.3008270263672, 129.47508239746094, 1.0], [171.8491973876953, 125.4946517944336, 1.0]], "is_left": 0}