{"hand_pts": [[189.8683319091797, 268.8804016113281, 1.0], [206.00718688964844, 270.9114074707031, 1.0], [247.92103576660156, 285.1510314941406, 1.0], [232.41175842285156, 257.6141357421875, 1.0], [191.3000946044922, 230.07786560058594, 1.0], [247.04608154296875, 204.34669494628906, 1.0], [219.77659606933594, 189.1785888671875, 1.0], [187.20770263671875, 202.28884887695312, 1.0], [161.03590393066406, 223.84507751464844, 1.0], [224.85491943359375, 177.83897399902344, 1.0], [176.8559112548828, 173.20433044433594, 1.0], [160.33116149902344, 209.92332458496094, 1.0], [139.2235870361328, 241.90077209472656, 1.0], [202.11721801757812, 160.87881469726562, 1.0], [191.7602081298828, 102.46635437011719, 1.0], [173.67498779296875, 82.7090072631836, 1.0], [154.18832397460938, 106.5961685180664, 1.0], [177.67935180664062, 151.97164916992188, 1.0], [150.8601531982422, 137.55087280273438, 1.0], [129.9152069091797, 137.8437957763672, 1.0], [119.276611328125, 168.593017578125, 1.0]], "is_left": 0}