{"hand_pts": [[223.31443786621094, 329.246337890625, 1.0], [180.8251190185547, 274.57708740234375, 1.0], [137.0706787109375, 241.88955688476562, 1.0], [111.72162628173828, 201.68194580078125, 1.0], [115.05142974853516, 163.3467559814453, 1.0], [151.946533203125, 240.5155029296875, 1.0], [133.2335205078125, 183.47616577148438, 1.0], [131.01089477539062, 144.56399536132812, 1.0], [128.2724151611328, 106.79607391357422, 1.0], [187.67156982421875, 245.5725555419922, 1.0], [180.34275817871094, 176.66737365722656, 1.0], [180.9672088623047, 132.02516174316406, 1.0], [182.2760772705078, 91.04222106933594, 1.0], [218.32443237304688, 246.9815216064453, 1.0], [208.72610473632812, 193.75152587890625, 1.0], [208.7452850341797, 154.14114379882812, 1.0], [209.82907104492188, 119.1976547241211, 1.0], [248.9656219482422, 251.95570373535156, 1.0], [258.2993469238281, 206.683837890625, 1.0], [263.817138671875, 174.33189392089844, 1.0], [263.59375, 150.8646697998047, 1.0]], "is_left": 0,"label":5}