{"hand_pts": [[222.95809936523438, 266.56072998046875, 1.0], [195.3673858642578, 265.5254211425781, 1.0], [161.69676208496094, 292.25250244140625, 1.0], [181.26998901367188, 263.2838134765625, 1.0], [217.406005859375, 227.6256866455078, 1.0], [113.91450500488281, 216.08294677734375, 1.0], [138.55374145507812, 186.17356872558594, 1.0], [179.5714569091797, 196.96142578125, 1.0], [189.14125061035156, 218.76272583007812, 1.0], [127.78608703613281, 184.77999877929688, 1.0], [160.96278381347656, 138.89437866210938, 1.0], [199.9685516357422, 165.8758544921875, 1.0], [196.45814514160156, 201.6625213623047, 1.0], [146.12559509277344, 161.0659637451172, 1.0], [185.61595153808594, 109.95817565917969, 1.0], [218.5389862060547, 136.46371459960938, 1.0], [205.60977172851562, 172.66993713378906, 1.0], [170.7462921142578, 144.2482147216797, 1.0], [207.65667724609375, 107.97254180908203, 1.0], [232.18191528320312, 132.2651824951172, 1.0], [211.95436096191406, 166.22654724121094, 1.0]], "is_left": 0}