{"hand_pts": [[238.05015563964844, 341.5555725097656, 1.0], [250.92930603027344, 294.8548889160156, 1.0], [275.630859375, 282.5096435546875, 1.0], [244.51756286621094, 251.54998779296875, 1.0], [193.0568389892578, 232.7864227294922, 1.0], [260.1919250488281, 179.87525939941406, 1.0], [245.7275848388672, 115.86724090576172, 1.0], [214.6680908203125, 123.93098449707031, 1.0], [187.2290496826172, 157.03123474121094, 1.0], [226.66873168945312, 179.0233154296875, 1.0], [187.09918212890625, 138.4151611328125, 1.0], [169.83421325683594, 176.03695678710938, 1.0], [166.975830078125, 227.5802459716797, 1.0], [196.6185760498047, 184.580322265625, 1.0], [141.17665100097656, 146.55311584472656, 1.0], [114.12334442138672, 161.1011962890625, 1.0], [116.04472351074219, 206.3526611328125, 1.0], [168.71299743652344, 200.72994995117188, 1.0], [132.2816619873047, 155.9106903076172, 1.0], [109.47765350341797, 145.46949768066406, 1.0], [98.88215637207031, 155.76124572753906, 1.0]], "is_left": 0}