{"hand_pts": [[317.8382873535156, 129.8284149169922, 1.0], [294.03802490234375, 148.92208862304688, 1.0], [289.18389892578125, 146.71377563476562, 1.0], [256.14959716796875, 171.96914672851562, 1.0], [221.64865112304688, 203.31082153320312, 1.0], [198.52952575683594, 132.67266845703125, 1.0], [153.95513916015625, 158.06549072265625, 1.0], [128.28321838378906, 180.2470245361328, 1.0], [143.64697265625, 213.69664001464844, 1.0], [185.12918090820312, 139.82562255859375, 1.0], [109.65696716308594, 172.41073608398438, 1.0], [134.5811767578125, 206.6250762939453, 1.0], [172.49078369140625, 227.98452758789062, 1.0], [180.01429748535156, 150.48802185058594, 1.0], [157.34048461914062, 208.5917205810547, 1.0], [189.77822875976562, 231.95729064941406, 1.0], [232.87188720703125, 225.10406494140625, 1.0], [184.76263427734375, 161.27871704101562, 1.0], [138.5130615234375, 185.74810791015625, 1.0], [146.49542236328125, 210.0102081298828, 1.0], [181.37513732910156, 212.69509887695312, 1.0]], "is_left": 0}