{"hand_pts": [[306.4434814453125, 230.35464477539062, 1.0], [287.04058837890625, 237.43621826171875, 1.0], [305.966064453125, 243.86842346191406, 1.0], [255.34385681152344, 246.09986877441406, 1.0], [196.7090606689453, 242.7482147216797, 1.0], [262.09185791015625, 136.30148315429688, 1.0], [201.63450622558594, 140.54940795898438, 1.0], [177.56576538085938, 188.92051696777344, 1.0], [178.22708129882812, 230.54220581054688, 1.0], [236.50083923339844, 120.95161437988281, 1.0], [157.80755615234375, 125.34608459472656, 1.0], [136.19821166992188, 182.39187622070312, 1.0], [157.06710815429688, 228.2912139892578, 1.0], [213.3745880126953, 118.6441879272461, 1.0], [132.2494354248047, 139.6193389892578, 1.0], [119.15982055664062, 191.69287109375, 1.0], [140.1940155029297, 234.89451599121094, 1.0], [195.2747039794922, 126.07759094238281, 1.0], [134.5836181640625, 139.0590057373047, 1.0], [116.19296264648438, 178.7723388671875, 1.0], [147.3261260986328, 210.59519958496094, 1.0]], "is_left": 0}