{"hand_pts": [[259.5377502441406, 78.40721130371094, 1.0], [254.1317901611328, 91.63631439208984, 1.0], [259.97918701171875, 87.38493347167969, 1.0], [238.4974822998047, 127.42543029785156, 1.0], [208.4038848876953, 177.16104125976562, 1.0], [169.86778259277344, 86.484130859375, 1.0], [141.5158233642578, 129.9903564453125, 1.0], [150.2382354736328, 178.92787170410156, 1.0], [164.67759704589844, 229.39706420898438, 1.0], [156.5128173828125, 111.38352966308594, 1.0], [155.9775390625, 195.98895263671875, 1.0], [185.92279052734375, 243.85159301757812, 1.0], [228.76687622070312, 266.7886657714844, 1.0], [152.3384246826172, 136.423095703125, 1.0], [136.8514404296875, 224.09864807128906, 1.0], [171.61671447753906, 256.1661376953125, 1.0], [212.1621551513672, 253.70765686035156, 1.0], [156.6869354248047, 159.1254119873047, 1.0], [156.68203735351562, 222.2615966796875, 1.0], [180.64341735839844, 253.62327575683594, 1.0], [214.6675262451172, 238.41575622558594, 1.0]], "is_left": 0}