{"hand_pts": [[313.2477111816406, 220.6349334716797, 1.0], [297.48260498046875, 195.7484588623047, 1.0], [305.6587219238281, 161.55435180664062, 1.0], [280.1739501953125, 156.02139282226562, 1.0], [244.3258056640625, 166.09938049316406, 1.0], [213.98556518554688, 147.00099182128906, 1.0], [161.66175842285156, 139.5659637451172, 1.0], [150.75099182128906, 160.9340362548828, 1.0], [169.33535766601562, 191.572998046875, 1.0], [192.171875, 169.09771728515625, 1.0], [157.80520629882812, 191.25228881835938, 1.0], [199.11227416992188, 215.29393005371094, 1.0], [237.5309295654297, 215.26144409179688, 1.0], [179.09576416015625, 191.3885498046875, 1.0], [110.54349517822266, 162.29736328125, 1.0], [112.08328247070312, 178.81886291503906, 1.0], [107.15528869628906, 192.66445922851562, 1.0], [175.4527587890625, 216.16024780273438, 1.0], [125.10140991210938, 206.2321014404297, 1.0], [125.16346740722656, 213.25648498535156, 1.0], [141.3638153076172, 222.34886169433594, 1.0]], "is_left": 0}