{"hand_pts": [[309.2176208496094, 266.3358154296875, 1.0], [245.05911254882812, 269.06317138671875, 1.0], [196.41256713867188, 292.2904052734375, 1.0], [166.7307891845703, 266.6637268066406, 1.0], [143.8772735595703, 240.0659942626953, 1.0], [193.46849060058594, 219.50791931152344, 1.0], [140.33837890625, 194.61590576171875, 1.0], [110.3462142944336, 179.30677795410156, 1.0], [85.4394760131836, 165.18157958984375, 1.0], [215.79469299316406, 192.60208129882812, 1.0], [167.94764709472656, 152.99070739746094, 1.0], [158.49891662597656, 156.99916076660156, 1.0], [166.52188110351562, 178.34222412109375, 1.0], [233.7350311279297, 173.68023681640625, 1.0], [190.90687561035156, 121.12527465820312, 1.0], [171.65684509277344, 118.59707641601562, 1.0], [155.71412658691406, 120.97976684570312, 1.0], [255.1803741455078, 161.4591522216797, 1.0], [234.60679626464844, 143.400146484375, 1.0], [238.2190704345703, 164.34913635253906, 1.0], [252.9246063232422, 193.9381866455078, 1.0]], "is_left": 0}