{"hand_pts": [[23.789533615112305, 181.58377075195312, 1.0], [75.06129455566406, 218.76239013671875, 1.0], [97.6558609008789, 269.2831726074219, 1.0], [146.83416748046875, 274.95745849609375, 1.0], [188.34571838378906, 252.860107421875, 1.0], [148.8174285888672, 220.5298614501953, 1.0], [193.02491760253906, 225.30282592773438, 1.0], [220.23336791992188, 226.7495574951172, 1.0], [239.15966796875, 225.0970001220703, 1.0], [145.69937133789062, 182.5467987060547, 1.0], [215.85122680664062, 196.7899932861328, 1.0], [222.65000915527344, 194.18109130859375, 1.0], [223.84986877441406, 190.9663543701172, 1.0], [141.6502685546875, 152.1180419921875, 1.0], [206.85659790039062, 154.35208129882812, 1.0], [247.02264404296875, 155.53961181640625, 1.0], [263.566162109375, 158.60313415527344, 1.0], [130.73080444335938, 124.16810607910156, 1.0], [167.24624633789062, 96.72383117675781, 1.0], [190.66574096679688, 79.23819732666016, 1.0], [214.75843811035156, 63.86674499511719, 1.0]], "is_left": 0}