{"hand_pts": [[142.55746459960938, 308.54266357421875, 1.0], [180.90078735351562, 294.7593994140625, 1.0], [190.6403350830078, 305.0929870605469, 1.0], [207.92295837402344, 279.5876159667969, 1.0], [219.00433349609375, 231.8070831298828, 1.0], [124.42527770996094, 230.03480529785156, 1.0], [180.6459503173828, 197.23422241210938, 1.0], [230.06045532226562, 205.52658081054688, 1.0], [254.56617736816406, 223.7695770263672, 1.0], [117.28705596923828, 204.3568878173828, 1.0], [123.53766632080078, 154.27601623535156, 1.0], [177.8284912109375, 139.83984375, 1.0], [235.85964965820312, 142.37867736816406, 1.0], [121.65556335449219, 186.00328063964844, 1.0], [142.47254943847656, 126.11016082763672, 1.0], [198.58216857910156, 129.52838134765625, 1.0], [228.9665069580078, 159.4193115234375, 1.0], [130.70652770996094, 175.60061645507812, 1.0], [158.07351684570312, 131.20338439941406, 1.0], [194.83843994140625, 112.24309539794922, 1.0], [240.03799438476562, 105.67957305908203, 1.0]], "is_left": 0}