{"hand_pts": [[260.1984558105469, 80.18203735351562, 1.0], [259.626708984375, 91.37884521484375, 1.0], [273.5006103515625, 77.58485412597656, 1.0], [269.0144958496094, 118.27191162109375, 1.0], [251.85609436035156, 174.5213623046875, 1.0], [156.50711059570312, 97.55745697021484, 1.0], [150.47698974609375, 140.50906372070312, 1.0], [182.708251953125, 176.56556701660156, 1.0], [226.56100463867188, 198.4476318359375, 1.0], [140.51849365234375, 123.27782440185547, 1.0], [135.3129119873047, 198.73118591308594, 1.0], [176.3000030517578, 236.7526092529297, 1.0], [226.0203094482422, 259.1642150878906, 1.0], [136.73056030273438, 147.22901916503906, 1.0], [106.03878784179688, 217.51316833496094, 1.0], [147.8630828857422, 243.6949462890625, 1.0], [195.76612854003906, 235.64170837402344, 1.0], [143.05361938476562, 167.58688354492188, 1.0], [144.07928466796875, 224.83424377441406, 1.0], [170.4395751953125, 255.2034149169922, 1.0], [210.7759246826172, 268.3173522949219, 1.0]], "is_left": 0}