{"hand_pts": [[265.7297668457031, 65.91129302978516, 1.0], [218.26463317871094, 77.287353515625, 1.0], [151.16180419921875, 65.50493621826172, 1.0], [116.06963348388672, 87.53977966308594, 1.0], [132.48704528808594, 129.2765655517578, 1.0], [146.65585327148438, 144.18414306640625, 1.0], [89.78572082519531, 182.24476623535156, 1.0], [114.39380645751953, 197.31080627441406, 1.0], [136.54641723632812, 214.49961853027344, 1.0], [180.71302795410156, 168.33033752441406, 1.0], [141.6630096435547, 215.34400939941406, 1.0], [121.8259506225586, 241.37185668945312, 1.0], [141.35519409179688, 235.7035675048828, 1.0], [212.4886016845703, 184.59738159179688, 1.0], [237.61428833007812, 244.58145141601562, 1.0], [265.0010986328125, 225.59620666503906, 1.0], [290.6426086425781, 204.2654266357422, 1.0], [247.26235961914062, 192.64816284179688, 1.0], [249.332763671875, 235.64735412597656, 1.0], [261.3712158203125, 222.90017700195312, 1.0], [272.31182861328125, 207.2528076171875, 1.0]], "is_left": 0}