{"hand_pts": [[346.18988037109375, 121.62823486328125, 1.0], [287.1185607910156, 105.08252716064453, 1.0], [245.09169006347656, 82.365966796875, 1.0], [197.0143585205078, 82.19486236572266, 1.0], [152.31349182128906, 92.45408630371094, 1.0], [239.8899383544922, 163.64231872558594, 1.0], [190.64010620117188, 177.42236328125, 1.0], [153.44752502441406, 180.4461669921875, 1.0], [117.9483413696289, 183.62770080566406, 1.0], [242.41781616210938, 186.7996063232422, 1.0], [180.63758850097656, 211.66465759277344, 1.0], [136.30589294433594, 211.4119873046875, 1.0], [95.67630767822266, 210.630615234375, 1.0], [242.75286865234375, 199.99403381347656, 1.0], [184.93756103515625, 232.3053436279297, 1.0], [144.01815795898438, 231.9195556640625, 1.0], [105.10547637939453, 227.90673828125, 1.0], [247.9745635986328, 206.7497100830078, 1.0], [203.17449951171875, 227.40286254882812, 1.0], [168.4879913330078, 227.93849182128906, 1.0], [136.47023010253906, 213.89779663085938, 1.0]], "is_left": 0}