{"hand_pts": [[291.11480712890625, 282.0031433105469, 1.0], [279.581298828125, 213.14541625976562, 1.0], [289.52392578125, 157.01504516601562, 1.0], [266.8536682128906, 115.90282440185547, 1.0], [238.6302490234375, 82.67221069335938, 1.0], [231.83441162109375, 184.24411010742188, 1.0], [200.28883361816406, 145.13406372070312, 1.0], [176.1555938720703, 119.27398681640625, 1.0], [149.725341796875, 94.64344787597656, 1.0], [206.4408416748047, 217.68824768066406, 1.0], [153.30859375, 170.3566131591797, 1.0], [127.27417755126953, 141.52984619140625, 1.0], [113.12881469726562, 118.5354995727539, 1.0], [186.76100158691406, 242.9557647705078, 1.0], [141.67689514160156, 206.4159698486328, 1.0], [164.82101440429688, 211.0850067138672, 1.0], [199.16885375976562, 225.32760620117188, 1.0], [173.53526306152344, 268.9911193847656, 1.0], [136.3929443359375, 264.2413330078125, 1.0], [124.72819519042969, 260.2095947265625, 1.0], [126.96146392822266, 254.1676025390625, 1.0]], "is_left": 0}