{"hand_pts": [[295.85430908203125, 68.8116226196289, 1.0], [218.40281677246094, 112.06204223632812, 1.0], [151.1353759765625, 126.75035858154297, 1.0], [124.43562316894531, 182.2632293701172, 1.0], [151.925537109375, 220.56166076660156, 1.0], [129.5684356689453, 102.9963607788086, 1.0], [103.75808715820312, 178.1546173095703, 1.0], [134.6734619140625, 216.10984802246094, 1.0], [178.0382843017578, 217.0923614501953, 1.0], [167.1290283203125, 107.31008911132812, 1.0], [134.45509338378906, 189.535888671875, 1.0], [153.40977478027344, 238.35545349121094, 1.0], [183.7772216796875, 252.36248779296875, 1.0], [201.1578826904297, 117.55398559570312, 1.0], [191.57838439941406, 204.06338500976562, 1.0], [216.11460876464844, 234.51336669921875, 1.0], [234.9595489501953, 213.5723114013672, 1.0], [240.43141174316406, 127.2160415649414, 1.0], [249.1721954345703, 188.23374938964844, 1.0], [264.5704650878906, 211.30877685546875, 1.0], [269.8198547363281, 189.5779266357422, 1.0]], "is_left": 0}