{"hand_pts": [[273.03216552734375, 171.7164306640625, 1.0], [228.5391387939453, 221.28204345703125, 1.0], [197.22450256347656, 279.2262268066406, 1.0], [156.89215087890625, 295.2906494140625, 1.0], [126.27132415771484, 271.202880859375, 1.0], [254.37901306152344, 219.21182250976562, 1.0], [203.1337432861328, 229.80374145507812, 1.0], [156.18304443359375, 232.07286071777344, 1.0], [109.1990737915039, 231.28382873535156, 1.0], [261.13177490234375, 174.15721130371094, 1.0], [205.26657104492188, 174.8832244873047, 1.0], [151.3460693359375, 181.07107543945312, 1.0], [99.78018951416016, 189.96292114257812, 1.0], [258.8266906738281, 139.3383026123047, 1.0], [208.1436309814453, 135.27267456054688, 1.0], [158.393310546875, 143.40682983398438, 1.0], [116.39183044433594, 155.69107055664062, 1.0], [254.62403869628906, 108.0059814453125, 1.0], [210.34010314941406, 92.54009246826172, 1.0], [169.6172637939453, 93.79757690429688, 1.0], [131.6792755126953, 109.3910140991211, 1.0]], "is_left": 0}