{"hand_pts": [[107.16462707519531, 321.9470520019531, 1.0], [140.41883850097656, 286.5015869140625, 1.0], [171.99952697753906, 265.4568786621094, 1.0], [188.84153747558594, 221.32601928710938, 1.0], [170.4313507080078, 221.87246704101562, 1.0], [205.8225860595703, 241.2124786376953, 1.0], [237.584716796875, 190.4906768798828, 1.0], [233.6630096435547, 154.33065795898438, 1.0], [204.53704833984375, 150.53359985351562, 1.0], [190.29466247558594, 229.3282928466797, 1.0], [207.36744689941406, 158.8643035888672, 1.0], [206.23692321777344, 118.9823226928711, 1.0], [191.05320739746094, 95.17935943603516, 1.0], [173.7692108154297, 218.97865295410156, 1.0], [197.71852111816406, 155.3986358642578, 1.0], [176.61940002441406, 149.90231323242188, 1.0], [154.97103881835938, 173.30238342285156, 1.0], [153.05569458007812, 214.09197998046875, 1.0], [159.9894561767578, 168.06356811523438, 1.0], [154.0552520751953, 145.0052490234375, 1.0], [139.06837463378906, 150.8063201904297, 1.0]], "is_left": 0}