{"hand_pts": [[309.4808349609375, 201.18971252441406, 1.0], [291.6910400390625, 185.60618591308594, 1.0], [307.9261779785156, 170.99635314941406, 1.0], [264.5943603515625, 138.4972381591797, 1.0], [223.76930236816406, 127.28074645996094, 1.0], [218.9528045654297, 258.4043273925781, 1.0], [184.80604553222656, 214.23880004882812, 1.0], [190.52914428710938, 166.40823364257812, 1.0], [206.6279754638672, 126.09388732910156, 1.0], [192.63392639160156, 263.8726501464844, 1.0], [131.60670471191406, 222.22589111328125, 1.0], [149.38275146484375, 169.0790252685547, 1.0], [193.4734649658203, 151.94708251953125, 1.0], [173.95973205566406, 259.1343078613281, 1.0], [126.9770736694336, 195.1954803466797, 1.0], [143.40435791015625, 148.26547241210938, 1.0], [181.669189453125, 119.9161376953125, 1.0], [163.9448699951172, 248.09747314453125, 1.0], [115.32482147216797, 223.18157958984375, 1.0], [115.98040771484375, 183.7838134765625, 1.0], [153.89344787597656, 161.55369567871094, 1.0]], "is_left": 0}