{"hand_pts": [[242.5092315673828, 168.2382049560547, 1.0], [207.45123291015625, 217.1631622314453, 1.0], [166.62637329101562, 268.9837646484375, 1.0], [175.8018035888672, 284.3049621582031, 1.0], [212.21311950683594, 261.1619567871094, 1.0], [110.4881820678711, 174.60360717773438, 1.0], [94.59515380859375, 194.3699951171875, 1.0], [138.7458038330078, 219.0756378173828, 1.0], [185.60385131835938, 229.23245239257812, 1.0], [132.63101196289062, 137.15478515625, 1.0], [156.45022583007812, 174.12364196777344, 1.0], [203.51129150390625, 211.14308166503906, 1.0], [246.67254638671875, 240.82559204101562, 1.0], [158.97390747070312, 113.70761108398438, 1.0], [175.14002990722656, 132.6097869873047, 1.0], [216.5585174560547, 164.9018096923828, 1.0], [230.9972381591797, 177.2723846435547, 1.0], [191.74009704589844, 96.39373779296875, 1.0], [202.74462890625, 88.84658813476562, 1.0], [228.9329833984375, 120.30348205566406, 1.0], [234.7546844482422, 144.66940307617188, 1.0]], "is_left": 0}