{"hand_pts": [[97.91468048095703, 328.2934875488281, 1.0], [92.2277603149414, 244.54185485839844, 1.0], [61.02717590332031, 183.2083740234375, 1.0], [96.46142578125, 140.58140563964844, 1.0], [147.37391662597656, 149.29937744140625, 1.0], [134.7367401123047, 178.9952850341797, 1.0], [164.81246948242188, 116.26551818847656, 1.0], [167.86988830566406, 120.49847412109375, 1.0], [155.00575256347656, 158.45748901367188, 1.0], [171.06126403808594, 208.3646240234375, 1.0], [225.55599975585938, 136.78697204589844, 1.0], [234.95001220703125, 115.41889190673828, 1.0], [210.82980346679688, 135.24534606933594, 1.0], [198.97500610351562, 231.762451171875, 1.0], [248.8678741455078, 179.23504638671875, 1.0], [231.78834533691406, 190.19313049316406, 1.0], [197.0871124267578, 217.4968719482422, 1.0], [219.89085388183594, 259.55206298828125, 1.0], [255.22158813476562, 240.15101623535156, 1.0], [244.97288513183594, 242.28067016601562, 1.0], [208.01483154296875, 256.7539367675781, 1.0]], "is_left": 0}