{"hand_pts": [[71.50566101074219, 205.3505401611328, 1.0], [110.22012329101562, 246.35740661621094, 1.0], [132.49313354492188, 303.4692077636719, 1.0], [175.0628204345703, 293.5594177246094, 1.0], [197.89830017089844, 238.00668334960938, 1.0], [166.4366912841797, 231.53811645507812, 1.0], [212.32925415039062, 212.2929229736328, 1.0], [216.2333526611328, 202.32830810546875, 1.0], [191.99911499023438, 204.94554138183594, 1.0], [166.37684631347656, 187.85299682617188, 1.0], [214.6318817138672, 176.65386962890625, 1.0], [212.10400390625, 181.92860412597656, 1.0], [203.16868591308594, 189.52694702148438, 1.0], [165.6383819580078, 155.7567901611328, 1.0], [205.1309814453125, 122.23114013671875, 1.0], [217.36944580078125, 109.93366241455078, 1.0], [204.49147033691406, 120.12760162353516, 1.0], [160.1324920654297, 128.55152893066406, 1.0], [180.83741760253906, 113.28646087646484, 1.0], [173.65264892578125, 120.95722961425781, 1.0], [149.6068878173828, 142.3668670654297, 1.0]], "is_left": 0}