{"hand_pts": [[186.7088165283203, 77.68002319335938, 1.0], [142.7264862060547, 87.75483703613281, 1.0], [100.12234497070312, 77.16707611083984, 1.0], [81.96053314208984, 108.28242492675781, 1.0], [88.66349029541016, 156.7400665283203, 1.0], [207.44448852539062, 102.47660064697266, 1.0], [193.73289489746094, 136.8636016845703, 1.0], [161.51637268066406, 171.74569702148438, 1.0], [125.1078109741211, 205.9172821044922, 1.0], [236.92135620117188, 131.2247314453125, 1.0], [228.40945434570312, 181.46839904785156, 1.0], [186.4502716064453, 216.9987030029297, 1.0], [138.52757263183594, 244.26942443847656, 1.0], [251.68511962890625, 157.42050170898438, 1.0], [248.994140625, 214.74595642089844, 1.0], [209.28375244140625, 247.05145263671875, 1.0], [162.36300659179688, 267.0574035644531, 1.0], [259.313232421875, 179.70220947265625, 1.0], [252.94940185546875, 229.29168701171875, 1.0], [221.42799377441406, 257.23046875, 1.0], [176.9097900390625, 267.9959716796875, 1.0]], "is_left": 0}