{"hand_pts": [[258.81878662109375, 162.51866149902344, 1.0], [194.02769470214844, 153.32008361816406, 1.0], [130.02517700195312, 164.35824584960938, 1.0], [101.64250183105469, 156.29782104492188, 1.0], [100.53543853759766, 142.33749389648438, 1.0], [159.82070922851562, 219.31625366210938, 1.0], [116.02264404296875, 258.3689270019531, 1.0], [89.8747787475586, 268.8990173339844, 1.0], [88.0914535522461, 238.99317932128906, 1.0], [199.29640197753906, 222.6551971435547, 1.0], [173.80491638183594, 218.9805450439453, 1.0], [158.99258422851562, 192.2115936279297, 1.0], [155.7782745361328, 147.70494079589844, 1.0], [231.4017333984375, 217.36480712890625, 1.0], [229.44956970214844, 191.949951171875, 1.0], [229.01141357421875, 149.42625427246094, 1.0], [227.61070251464844, 109.10142517089844, 1.0], [264.296875, 206.27157592773438, 1.0], [277.08251953125, 164.8331756591797, 1.0], [283.831298828125, 129.43272399902344, 1.0], [288.94952392578125, 91.62496948242188, 1.0]], "is_left": 0}