{"hand_pts": [[311.5492858886719, 217.36375427246094, 1.0], [281.4283142089844, 233.47305297851562, 1.0], [252.65924072265625, 260.7172546386719, 1.0], [223.2725830078125, 253.39370727539062, 1.0], [214.3206329345703, 222.8544921875, 1.0], [186.00299072265625, 217.33656311035156, 1.0], [127.17376708984375, 204.36842346191406, 1.0], [128.71563720703125, 192.18951416015625, 1.0], [167.26480102539062, 188.9542999267578, 1.0], [190.3963165283203, 190.58474731445312, 1.0], [125.1519546508789, 176.53131103515625, 1.0], [98.51199340820312, 169.05636596679688, 1.0], [83.38883972167969, 163.22445678710938, 1.0], [201.17453002929688, 169.87721252441406, 1.0], [212.0678253173828, 158.22425842285156, 1.0], [232.4512481689453, 156.56842041015625, 1.0], [269.770263671875, 167.68016052246094, 1.0], [220.20367431640625, 152.80715942382812, 1.0], [177.47914123535156, 137.6272430419922, 1.0], [163.4438018798828, 132.78591918945312, 1.0], [168.07127380371094, 136.12139892578125, 1.0]], "is_left": 0,"label":3}