{"hand_pts": [[353.3542785644531, 172.2662811279297, 1.0], [300.05535888671875, 202.5687255859375, 1.0], [270.1735534667969, 216.6597900390625, 1.0], [233.17938232421875, 234.0334014892578, 1.0], [192.4470977783203, 252.7733917236328, 1.0], [220.45547485351562, 152.96243286132812, 1.0], [169.3939208984375, 190.24427795410156, 1.0], [164.6171875, 228.49240112304688, 1.0], [164.95513916015625, 264.7200012207031, 1.0], [224.22454833984375, 138.6750030517578, 1.0], [151.06130981445312, 138.2066650390625, 1.0], [110.59496307373047, 156.08447265625, 1.0], [115.14810180664062, 198.64601135253906, 1.0], [229.43431091308594, 134.74607849121094, 1.0], [164.1659393310547, 147.70167541503906, 1.0], [134.9533233642578, 172.03805541992188, 1.0], [113.02437591552734, 202.47195434570312, 1.0], [241.94110107421875, 135.66197204589844, 1.0], [199.0377655029297, 154.13307189941406, 1.0], [171.56039428710938, 171.4167022705078, 1.0], [171.31712341308594, 206.39913940429688, 1.0]], "is_left": 0}