{"hand_pts": [[259.088623046875, 157.94384765625, 1.0], [193.16847229003906, 152.6165313720703, 1.0], [135.77346801757812, 127.93119812011719, 1.0], [90.61064147949219, 121.95162200927734, 1.0], [83.23734283447266, 148.08688354492188, 1.0], [183.31549072265625, 125.5196762084961, 1.0], [149.51344299316406, 122.80142211914062, 1.0], [126.66605377197266, 130.6012420654297, 1.0], [105.34918212890625, 149.41265869140625, 1.0], [220.21170043945312, 147.5089874267578, 1.0], [180.13735961914062, 201.87657165527344, 1.0], [172.88429260253906, 220.8759307861328, 1.0], [178.42037963867188, 220.17977905273438, 1.0], [246.81495666503906, 169.77096557617188, 1.0], [219.76901245117188, 221.36814880371094, 1.0], [205.9649658203125, 246.74786376953125, 1.0], [194.88668823242188, 264.81573486328125, 1.0], [272.09588623046875, 192.27711486816406, 1.0], [263.0442810058594, 234.20065307617188, 1.0], [249.8656463623047, 244.67689514160156, 1.0], [239.4453582763672, 236.1989288330078, 1.0]], "is_left": 0}