{"hand_pts": [[20.399986267089844, 233.16470336914062, 1.0], [102.77983093261719, 227.75253295898438, 1.0], [166.60919189453125, 248.59913635253906, 1.0], [223.89585876464844, 232.13052368164062, 1.0], [243.33734130859375, 193.2518310546875, 1.0], [168.96978759765625, 272.05419921875, 1.0], [232.03359985351562, 235.4258270263672, 1.0], [246.61892700195312, 185.3826446533203, 1.0], [245.09046936035156, 137.18988037109375, 1.0], [140.12939453125, 249.73362731933594, 1.0], [207.4334259033203, 201.1829071044922, 1.0], [227.39007568359375, 150.268798828125, 1.0], [240.46949768066406, 103.524169921875, 1.0], [117.57090759277344, 224.72833251953125, 1.0], [180.2154541015625, 179.29190063476562, 1.0], [196.23619079589844, 136.15330505371094, 1.0], [196.2615509033203, 102.25826263427734, 1.0], [91.24296569824219, 198.84994506835938, 1.0], [122.89712524414062, 160.2811737060547, 1.0], [143.33004760742188, 124.9823989868164, 1.0], [153.3144989013672, 98.47462463378906, 1.0]], "is_left": 0}