{"hand_pts": [[288.2430725097656, 217.57717895507812, 1.0], [296.01348876953125, 192.93838500976562, 1.0], [313.6380310058594, 170.90394592285156, 1.0], [272.847412109375, 166.82191467285156, 1.0], [228.38172912597656, 166.50601196289062, 1.0], [219.4949493408203, 133.77052307128906, 1.0], [177.5885009765625, 122.1319808959961, 1.0], [164.38316345214844, 138.60809326171875, 1.0], [170.0263214111328, 171.33778381347656, 1.0], [187.31802368164062, 156.02589416503906, 1.0], [139.3715362548828, 152.3908233642578, 1.0], [162.7989044189453, 185.05545043945312, 1.0], [201.7837371826172, 212.72470092773438, 1.0], [167.00697326660156, 179.47946166992188, 1.0], [129.0748291015625, 190.44259643554688, 1.0], [159.1297607421875, 218.77220153808594, 1.0], [196.6992645263672, 242.01788330078125, 1.0], [155.9615936279297, 206.16322326660156, 1.0], [120.4988784790039, 213.05149841308594, 1.0], [127.00030517578125, 229.015625, 1.0], [134.5865936279297, 244.4535369873047, 1.0]], "is_left": 0}