{"hand_pts": [[90.44464874267578, 248.87684631347656, 1.0], [135.92115783691406, 183.95486450195312, 1.0], [169.12937927246094, 122.44658660888672, 1.0], [218.58395385742188, 98.62971496582031, 1.0], [262.58111572265625, 104.52083587646484, 1.0], [109.31998443603516, 147.4717559814453, 1.0], [165.94114685058594, 115.90304565429688, 1.0], [206.11761474609375, 130.8370361328125, 1.0], [227.41514587402344, 155.29933166503906, 1.0], [101.11927795410156, 193.48072814941406, 1.0], [171.28480529785156, 158.60411071777344, 1.0], [225.42189025878906, 150.01736450195312, 1.0], [276.35845947265625, 139.7624053955078, 1.0], [102.2501220703125, 231.51126098632812, 1.0], [181.27957153320312, 215.64688110351562, 1.0], [198.43711853027344, 222.6020050048828, 1.0], [214.42588806152344, 229.3399658203125, 1.0], [105.45895385742188, 269.64483642578125, 1.0], [158.1329345703125, 277.8200988769531, 1.0], [197.27272033691406, 279.36004638671875, 1.0], [237.9494171142578, 278.3992004394531, 1.0]], "is_left": 0}