{"hand_pts": [[245.92091369628906, 112.05094146728516, 1.0], [249.82302856445312, 97.04259490966797, 1.0], [290.75445556640625, 97.82601928710938, 1.0], [278.4585266113281, 100.94159698486328, 1.0], [261.58099365234375, 104.10737609863281, 1.0], [244.3907012939453, 184.91761779785156, 1.0], [217.79454040527344, 215.096435546875, 1.0], [189.54393005371094, 217.85757446289062, 1.0], [157.20140075683594, 207.84339904785156, 1.0], [211.9557647705078, 207.5850830078125, 1.0], [170.54620361328125, 223.14146423339844, 1.0], [144.9923095703125, 182.3154754638672, 1.0], [133.84698486328125, 134.08348083496094, 1.0], [183.13839721679688, 217.13616943359375, 1.0], [142.59266662597656, 278.11627197265625, 1.0], [121.72444152832031, 243.68092346191406, 1.0], [136.17593383789062, 200.20294189453125, 1.0], [157.53408813476562, 217.65988159179688, 1.0], [118.85601043701172, 206.3564453125, 1.0], [121.35028076171875, 166.8284912109375, 1.0], [150.87472534179688, 156.46759033203125, 1.0]], "is_left": 0}