{"hand_pts": [[64.75218963623047, 333.4442138671875, 1.0], [104.4118881225586, 274.7668151855469, 1.0], [113.7733383178711, 229.2342987060547, 1.0], [147.22987365722656, 185.78900146484375, 1.0], [191.65049743652344, 155.2320098876953, 1.0], [109.20109558105469, 168.73202514648438, 1.0], [170.18858337402344, 129.7830352783203, 1.0], [211.594482421875, 110.76165771484375, 1.0], [252.77740478515625, 113.53974914550781, 1.0], [113.6969985961914, 183.35264587402344, 1.0], [185.5960235595703, 130.09446716308594, 1.0], [233.59967041015625, 133.17286682128906, 1.0], [279.9818420410156, 126.42131805419922, 1.0], [122.37516021728516, 201.0406036376953, 1.0], [201.3086395263672, 213.83639526367188, 1.0], [239.52529907226562, 238.4209747314453, 1.0], [261.534423828125, 274.47796630859375, 1.0], [129.4191131591797, 227.67242431640625, 1.0], [177.29879760742188, 197.93829345703125, 1.0], [206.1549530029297, 207.102783203125, 1.0], [206.5352783203125, 234.27261352539062, 1.0]], "is_left": 0}