{"hand_pts": [[167.65835571289062, 264.6254577636719, 1.0], [133.12356567382812, 225.69430541992188, 1.0], [92.99397277832031, 185.68272399902344, 1.0], [72.50738525390625, 168.15174865722656, 1.0], [62.051719665527344, 160.72250366210938, 1.0], [178.1044921875, 160.7515411376953, 1.0], [162.4271697998047, 161.2007293701172, 1.0], [145.59609985351562, 191.73802185058594, 1.0], [134.08087158203125, 221.61703491210938, 1.0], [212.97415161132812, 178.9747772216797, 1.0], [237.28468322753906, 128.4298095703125, 1.0], [213.79025268554688, 141.4603271484375, 1.0], [188.50733947753906, 161.26348876953125, 1.0], [235.70472717285156, 197.68331909179688, 1.0], [246.1565704345703, 161.14036560058594, 1.0], [219.66688537597656, 176.90089416503906, 1.0], [198.28750610351562, 201.02682495117188, 1.0], [252.13949584960938, 220.7178192138672, 1.0], [263.6946105957031, 210.08912658691406, 1.0], [235.38458251953125, 221.48214721679688, 1.0], [205.62767028808594, 234.323486328125, 1.0]], "is_left": 0}