{"hand_pts": [[303.0140075683594, 258.4931945800781, 1.0], [245.41429138183594, 257.4464416503906, 1.0], [194.82168579101562, 281.9791259765625, 1.0], [160.28611755371094, 255.8964080810547, 1.0], [160.46299743652344, 218.4598388671875, 1.0], [177.369873046875, 222.44102478027344, 1.0], [121.91199493408203, 205.23167419433594, 1.0], [92.6336898803711, 189.01422119140625, 1.0], [93.83349609375, 174.0363311767578, 1.0], [200.6605987548828, 198.7454376220703, 1.0], [177.81430053710938, 177.64378356933594, 1.0], [196.38345336914062, 188.246826171875, 1.0], [218.13194274902344, 202.21864318847656, 1.0], [222.47210693359375, 180.55291748046875, 1.0], [180.4868927001953, 137.00054931640625, 1.0], [173.9562530517578, 128.34422302246094, 1.0], [179.78057861328125, 135.1533966064453, 1.0], [249.15621948242188, 167.44857788085938, 1.0], [233.0301971435547, 135.01602172851562, 1.0], [226.82566833496094, 122.02682495117188, 1.0], [231.35504150390625, 134.53712463378906, 1.0]], "is_left": 0}