{"hand_pts": [[333.5289306640625, 238.0431671142578, 1.0], [270.8514709472656, 255.42709350585938, 1.0], [232.79246520996094, 286.9025573730469, 1.0], [192.22569274902344, 274.652099609375, 1.0], [166.44293212890625, 239.22036743164062, 1.0], [209.71121215820312, 229.99063110351562, 1.0], [148.426025390625, 229.9132080078125, 1.0], [145.6544952392578, 222.1941680908203, 1.0], [147.2063751220703, 213.74339294433594, 1.0], [224.6142578125, 195.93141174316406, 1.0], [157.83705139160156, 163.2064666748047, 1.0], [119.4639663696289, 147.02560424804688, 1.0], [92.45645904541016, 138.76083374023438, 1.0], [237.01353454589844, 169.63819885253906, 1.0], [178.78421020507812, 133.51202392578125, 1.0], [142.7982940673828, 116.9495620727539, 1.0], [111.03089904785156, 106.5124740600586, 1.0], [254.47259521484375, 148.40866088867188, 1.0], [216.6009063720703, 121.70526885986328, 1.0], [208.6173858642578, 129.2073974609375, 1.0], [229.44248962402344, 155.2415008544922, 1.0]], "is_left": 0}