{"hand_pts": [[118.44711303710938, 103.38997650146484, 1.0], [109.38277435302734, 167.43319702148438, 1.0], [110.29379272460938, 237.73141479492188, 1.0], [106.239501953125, 265.3125, 1.0], [102.38127899169922, 222.71844482421875, 1.0], [200.38479614257812, 221.62530517578125, 1.0], [176.32015991210938, 228.55319213867188, 1.0], [148.0432586669922, 221.6400146484375, 1.0], [108.24515533447266, 199.4163055419922, 1.0], [218.51744079589844, 181.54034423828125, 1.0], [216.1992950439453, 197.5382537841797, 1.0], [176.9252471923828, 192.3616485595703, 1.0], [127.18966674804688, 179.88809204101562, 1.0], [224.31211853027344, 146.80706787109375, 1.0], [288.4739990234375, 172.65478515625, 1.0], [275.3775634765625, 182.4252166748047, 1.0], [268.9539489746094, 192.97010803222656, 1.0], [220.97378540039062, 109.80207824707031, 1.0], [225.70277404785156, 107.1785888671875, 1.0], [186.99618530273438, 107.09085083007812, 1.0], [162.2992706298828, 110.51972198486328, 1.0]], "is_left": 0}