{"hand_pts": [[272.349609375, 265.1575622558594, 1.0], [211.08604431152344, 232.14329528808594, 1.0], [155.9351043701172, 230.15859985351562, 1.0], [108.21028900146484, 215.9208984375, 1.0], [78.15986633300781, 185.512451171875, 1.0], [176.9820556640625, 233.9800567626953, 1.0], [153.505859375, 181.88787841796875, 1.0], [144.61676025390625, 144.81541442871094, 1.0], [139.85391235351562, 109.06119537353516, 1.0], [211.64341735839844, 233.30972290039062, 1.0], [177.25802612304688, 169.67713928222656, 1.0], [170.1460418701172, 143.3959503173828, 1.0], [162.72256469726562, 117.9671859741211, 1.0], [239.21910095214844, 228.2394561767578, 1.0], [219.4803009033203, 207.96726989746094, 1.0], [200.9124298095703, 173.55685424804688, 1.0], [184.7046356201172, 140.20791625976562, 1.0], [267.5802917480469, 223.79678344726562, 1.0], [253.52670288085938, 197.83187866210938, 1.0], [237.61013793945312, 169.787353515625, 1.0], [218.63363647460938, 139.70904541015625, 1.0]], "is_left": 0}