{"hand_pts": [[58.41373062133789, 177.32382202148438, 1.0], [88.93865966796875, 223.40167236328125, 1.0], [87.09320068359375, 267.2953186035156, 1.0], [134.9127960205078, 282.0546569824219, 1.0], [183.20957946777344, 283.6174621582031, 1.0], [117.37688446044922, 192.64495849609375, 1.0], [169.5465850830078, 218.89785766601562, 1.0], [190.8844757080078, 238.73231506347656, 1.0], [214.99180603027344, 257.6361999511719, 1.0], [131.7351837158203, 156.4658660888672, 1.0], [204.85134887695312, 177.35147094726562, 1.0], [229.73240661621094, 202.3142547607422, 1.0], [241.40945434570312, 227.26841735839844, 1.0], [145.7909698486328, 131.83651733398438, 1.0], [214.02487182617188, 121.39612579345703, 1.0], [240.78526306152344, 145.39039611816406, 1.0], [268.30291748046875, 168.0982666015625, 1.0], [155.70140075683594, 111.86224365234375, 1.0], [190.54881286621094, 87.14732360839844, 1.0], [220.8702850341797, 81.91046142578125, 1.0], [233.931640625, 113.64667510986328, 1.0]], "is_left": 0}