{"hand_pts": [[149.37728881835938, 89.71955871582031, 1.0], [206.76040649414062, 108.628662109375, 1.0], [261.3188171386719, 128.99620056152344, 1.0], [284.4989929199219, 159.8006134033203, 1.0], [298.8719482421875, 188.83746337890625, 1.0], [213.85629272460938, 188.02386474609375, 1.0], [217.77220153808594, 228.22311401367188, 1.0], [218.05126953125, 210.67041015625, 1.0], [215.37625122070312, 177.5458526611328, 1.0], [172.7373504638672, 190.08773803710938, 1.0], [177.70018005371094, 197.7222137451172, 1.0], [183.13766479492188, 191.64205932617188, 1.0], [191.17762756347656, 158.13143920898438, 1.0], [141.1381378173828, 185.66488647460938, 1.0], [159.24151611328125, 207.78585815429688, 1.0], [173.4473419189453, 192.86056518554688, 1.0], [179.44717407226562, 160.24522399902344, 1.0], [111.44295501708984, 174.00245666503906, 1.0], [91.16595458984375, 198.98362731933594, 1.0], [88.9538803100586, 207.36546325683594, 1.0], [94.3929443359375, 211.75079345703125, 1.0]], "is_left": 0}