{"hand_pts": [[78.54121398925781, 75.02312469482422, 1.0], [145.06666564941406, 84.99200439453125, 1.0], [201.1859130859375, 88.09939575195312, 1.0], [246.54376220703125, 107.4164047241211, 1.0], [260.8100891113281, 144.78506469726562, 1.0], [191.47463989257812, 168.29464721679688, 1.0], [224.84938049316406, 221.30809020996094, 1.0], [227.8323516845703, 209.66796875, 1.0], [216.02743530273438, 180.70204162597656, 1.0], [160.53565979003906, 183.91351318359375, 1.0], [183.5057830810547, 190.0154571533203, 1.0], [167.31788635253906, 147.62191772460938, 1.0], [152.57798767089844, 108.0387191772461, 1.0], [135.37908935546875, 190.4976806640625, 1.0], [180.32115173339844, 247.278564453125, 1.0], [208.67625427246094, 272.45428466796875, 1.0], [233.4182891845703, 273.7447814941406, 1.0], [107.87503051757812, 188.533203125, 1.0], [120.30538940429688, 222.11041259765625, 1.0], [135.062255859375, 214.2522735595703, 1.0], [151.5310821533203, 201.68704223632812, 1.0]], "is_left": 0}