{"hand_pts": [[278.5713806152344, 237.60911560058594, 1.0], [281.3998718261719, 194.55899047851562, 1.0], [301.2108459472656, 147.65829467773438, 1.0], [288.8299560546875, 143.94546508789062, 1.0], [269.4556579589844, 155.51808166503906, 1.0], [193.5792999267578, 157.47314453125, 1.0], [178.09890747070312, 131.55567932128906, 1.0], [197.03298950195312, 137.29830932617188, 1.0], [227.0024871826172, 160.04232788085938, 1.0], [169.15501403808594, 186.02752685546875, 1.0], [152.34811401367188, 167.2978973388672, 1.0], [167.9163055419922, 163.95310974121094, 1.0], [174.13865661621094, 157.70985412597656, 1.0], [156.22982788085938, 210.47056579589844, 1.0], [114.1132583618164, 203.53350830078125, 1.0], [121.02886962890625, 205.83140563964844, 1.0], [162.6720428466797, 211.466796875, 1.0], [152.65484619140625, 236.10552978515625, 1.0], [121.70697784423828, 239.6658935546875, 1.0], [126.58148956298828, 241.28990173339844, 1.0], [141.17965698242188, 240.9634246826172, 1.0]], "is_left": 0}