{"hand_pts": [[68.80801391601562, 82.28890991210938, 1.0], [137.8308868408203, 84.15438842773438, 1.0], [194.28399658203125, 67.2715072631836, 1.0], [240.34291076660156, 83.05872344970703, 1.0], [272.02142333984375, 115.28287506103516, 1.0], [163.14698791503906, 127.710693359375, 1.0], [216.4246368408203, 159.16964721679688, 1.0], [249.5946807861328, 179.71200561523438, 1.0], [273.4784851074219, 195.67752075195312, 1.0], [133.45138549804688, 158.01129150390625, 1.0], [180.3249053955078, 198.5126190185547, 1.0], [218.23829650878906, 216.73724365234375, 1.0], [252.6747589111328, 232.2247772216797, 1.0], [112.31666564941406, 181.21829223632812, 1.0], [155.44711303710938, 234.52679443359375, 1.0], [185.54489135742188, 249.21224975585938, 1.0], [207.32601928710938, 246.95387268066406, 1.0], [90.54148864746094, 197.7602996826172, 1.0], [109.0594253540039, 241.11856079101562, 1.0], [135.17039489746094, 258.7179870605469, 1.0], [164.26077270507812, 261.9775695800781, 1.0]], "is_left": 0}