{"hand_pts": [[101.27105712890625, 56.3133544921875, 1.0], [92.79285430908203, 135.58082580566406, 1.0], [86.686767578125, 198.1517791748047, 1.0], [87.52571868896484, 242.6856231689453, 1.0], [94.13407135009766, 218.0926513671875, 1.0], [184.53712463378906, 192.8265380859375, 1.0], [230.55120849609375, 249.1300811767578, 1.0], [212.0011749267578, 260.73175048828125, 1.0], [183.06752014160156, 251.0198516845703, 1.0], [209.55735778808594, 160.08250427246094, 1.0], [191.08035278320312, 198.5482177734375, 1.0], [140.7573699951172, 177.4481658935547, 1.0], [93.35588836669922, 159.92710876464844, 1.0], [221.69529724121094, 133.52105712890625, 1.0], [243.1604766845703, 178.34730529785156, 1.0], [195.63800048828125, 172.3461456298828, 1.0], [149.7023468017578, 167.08355712890625, 1.0], [223.9613037109375, 103.31770324707031, 1.0], [271.8342590332031, 123.94537353515625, 1.0], [278.7529602050781, 151.8620147705078, 1.0], [267.70037841796875, 183.64767456054688, 1.0]], "is_left": 0}