{"hand_pts": [[320.97869873046875, 286.8229675292969, 1.0], [287.2072448730469, 239.40904235839844, 1.0], [289.04046630859375, 191.1063995361328, 1.0], [244.64019775390625, 178.52842712402344, 1.0], [198.34222412109375, 206.97830200195312, 1.0], [242.22952270507812, 137.50718688964844, 1.0], [197.43606567382812, 115.55093383789062, 1.0], [177.46002197265625, 140.1985321044922, 1.0], [182.78993225097656, 187.49404907226562, 1.0], [226.09841918945312, 157.78955078125, 1.0], [160.95327758789062, 132.19058227539062, 1.0], [130.91543579101562, 143.72975158691406, 1.0], [126.05722045898438, 179.80088806152344, 1.0], [211.929443359375, 181.03146362304688, 1.0], [137.6021728515625, 188.44564819335938, 1.0], [158.18858337402344, 226.01422119140625, 1.0], [177.98233032226562, 262.613525390625, 1.0], [203.77003479003906, 211.6115264892578, 1.0], [151.16697692871094, 204.3994598388672, 1.0], [113.98988342285156, 202.89346313476562, 1.0], [98.07633209228516, 218.0565643310547, 1.0]], "is_left": 0,"label":4}