{"hand_pts": [[45.382511138916016, 93.20750427246094, 1.0], [109.5262680053711, 82.53612518310547, 1.0], [160.29872131347656, 66.15084838867188, 1.0], [198.65773010253906, 101.89868927001953, 1.0], [222.34877014160156, 143.78350830078125, 1.0], [145.86065673828125, 153.31716918945312, 1.0], [194.85226440429688, 190.7675018310547, 1.0], [228.07452392578125, 185.6100311279297, 1.0], [263.7158203125, 188.79286193847656, 1.0], [132.49118041992188, 181.52064514160156, 1.0], [171.35499572753906, 238.18414306640625, 1.0], [212.0943145751953, 260.9096984863281, 1.0], [254.10739135742188, 254.8221435546875, 1.0], [124.4552001953125, 198.324462890625, 1.0], [186.9498748779297, 194.4868621826172, 1.0], [214.03750610351562, 178.33302307128906, 1.0], [221.75486755371094, 147.23651123046875, 1.0], [113.37535858154297, 206.73289489746094, 1.0], [146.60130310058594, 241.7399444580078, 1.0], [177.70460510253906, 229.5079803466797, 1.0], [196.5090789794922, 200.77906799316406, 1.0]], "is_left": 0}