{"hand_pts": [[90.51384735107422, 166.71533203125, 1.0], [90.30824279785156, 161.8382110595703, 1.0], [68.7269287109375, 142.2127685546875, 1.0], [69.91817474365234, 157.600341796875, 1.0], [95.7923355102539, 195.27767944335938, 1.0], [167.75570678710938, 114.78604888916016, 1.0], [173.30116271972656, 159.45558166503906, 1.0], [159.21815490722656, 194.79898071289062, 1.0], [132.82412719726562, 206.16268920898438, 1.0], [198.29409790039062, 127.49625396728516, 1.0], [242.94435119628906, 161.01739501953125, 1.0], [262.3548889160156, 186.1473388671875, 1.0], [237.96298217773438, 218.8301239013672, 1.0], [218.0371856689453, 143.6735382080078, 1.0], [241.890869140625, 196.36688232421875, 1.0], [230.6378631591797, 231.6421356201172, 1.0], [191.3977813720703, 246.89794921875, 1.0], [228.6528778076172, 162.7524871826172, 1.0], [246.45858764648438, 198.863525390625, 1.0], [220.8577423095703, 221.47119140625, 1.0], [181.38621520996094, 226.75421142578125, 1.0]], "is_left": 0}