{"hand_pts": [[59.57589340209961, 165.2664794921875, 1.0], [111.75199890136719, 203.3800506591797, 1.0], [130.171142578125, 259.3260498046875, 1.0], [159.6514129638672, 299.6307067871094, 1.0], [200.11427307128906, 278.9642028808594, 1.0], [147.74136352539062, 213.94979858398438, 1.0], [187.8948516845703, 235.43458557128906, 1.0], [219.95623779296875, 230.06515502929688, 1.0], [233.31668090820312, 212.46824645996094, 1.0], [141.8867645263672, 179.75796508789062, 1.0], [198.394775390625, 163.62649536132812, 1.0], [223.40919494628906, 155.0155792236328, 1.0], [229.29757690429688, 153.0491485595703, 1.0], [139.2119140625, 152.78045654296875, 1.0], [186.06500244140625, 161.72618103027344, 1.0], [217.4898681640625, 164.90338134765625, 1.0], [233.49539184570312, 164.40574645996094, 1.0], [133.49673461914062, 127.57839965820312, 1.0], [166.10585021972656, 106.97320556640625, 1.0], [190.0034637451172, 96.32142639160156, 1.0], [207.3144073486328, 96.66938781738281, 1.0]], "is_left": 0}