{"hand_pts": [[268.10382080078125, 255.79901123046875, 1.0], [228.71900939941406, 268.0015869140625, 1.0], [201.09725952148438, 291.8376770019531, 1.0], [180.6210479736328, 289.27960205078125, 1.0], [178.58680725097656, 252.4715118408203, 1.0], [152.81201171875, 214.0080108642578, 1.0], [123.38409423828125, 200.51974487304688, 1.0], [139.5295867919922, 202.5961456298828, 1.0], [165.573974609375, 207.59959411621094, 1.0], [171.7093963623047, 182.33070373535156, 1.0], [169.82379150390625, 149.8561248779297, 1.0], [204.48219299316406, 178.0515899658203, 1.0], [223.7564239501953, 208.4666290283203, 1.0], [192.81809997558594, 160.39617919921875, 1.0], [161.06178283691406, 110.58806610107422, 1.0], [149.28155517578125, 87.53135681152344, 1.0], [161.3340301513672, 95.60314178466797, 1.0], [219.52310180664062, 145.37351989746094, 1.0], [204.68287658691406, 121.63300323486328, 1.0], [221.60235595703125, 142.98822021484375, 1.0], [240.49549865722656, 171.66810607910156, 1.0]], "is_left": 0}