{"hand_pts": [[41.96830749511719, 132.51348876953125, 1.0], [101.07534790039062, 115.05670166015625, 1.0], [141.42994689941406, 85.42408752441406, 1.0], [187.7130889892578, 72.73664855957031, 1.0], [208.37680053710938, 94.57982635498047, 1.0], [152.97483825683594, 173.4954071044922, 1.0], [199.75941467285156, 206.884521484375, 1.0], [226.3569793701172, 195.3850860595703, 1.0], [255.75682067871094, 190.9334259033203, 1.0], [140.8692626953125, 195.3493194580078, 1.0], [208.3980712890625, 201.88719177246094, 1.0], [247.06539916992188, 193.22628784179688, 1.0], [278.3012390136719, 176.63148498535156, 1.0], [131.75213623046875, 206.82334899902344, 1.0], [177.02520751953125, 251.89151000976562, 1.0], [211.06507873535156, 267.8202209472656, 1.0], [245.10696411132812, 281.29840087890625, 1.0], [118.31710052490234, 211.68667602539062, 1.0], [149.91001892089844, 209.66873168945312, 1.0], [150.84359741210938, 181.68630981445312, 1.0], [142.8616485595703, 151.60079956054688, 1.0]], "is_left": 0}