{"hand_pts": [[39.34813690185547, 127.84954833984375, 1.0], [101.48380279541016, 109.30833435058594, 1.0], [143.06178283691406, 75.60795593261719, 1.0], [192.41127014160156, 74.88449096679688, 1.0], [226.20619201660156, 107.93256378173828, 1.0], [135.23609924316406, 151.15603637695312, 1.0], [196.80845642089844, 164.35546875, 1.0], [234.3064727783203, 167.30357360839844, 1.0], [263.5409240722656, 167.8234100341797, 1.0], [122.88362121582031, 184.19180297851562, 1.0], [190.39569091796875, 214.20339965820312, 1.0], [234.62466430664062, 216.49696350097656, 1.0], [268.3367919921875, 208.99826049804688, 1.0], [115.78504943847656, 207.51809692382812, 1.0], [179.78021240234375, 236.8759002685547, 1.0], [215.78370666503906, 232.79953002929688, 1.0], [234.82704162597656, 215.167724609375, 1.0], [105.76900482177734, 224.50173950195312, 1.0], [146.8170166015625, 249.78115844726562, 1.0], [170.71043395996094, 242.09674072265625, 1.0], [181.63021850585938, 218.1096954345703, 1.0]], "is_left": 0}