{"hand_pts": [[146.7008819580078, 269.4953308105469, 1.0], [124.38322448730469, 243.85618591308594, 1.0], [84.26892852783203, 234.7108612060547, 1.0], [69.66832733154297, 227.091552734375, 1.0], [74.49542236328125, 221.15464782714844, 1.0], [140.85067749023438, 178.5244598388672, 1.0], [148.1247100830078, 148.10073852539062, 1.0], [158.5227813720703, 141.74449157714844, 1.0], [171.719482421875, 149.8316650390625, 1.0], [178.1254119873047, 183.53518676757812, 1.0], [215.216796875, 152.85040283203125, 1.0], [222.346435546875, 168.50064086914062, 1.0], [208.96498107910156, 195.1300811767578, 1.0], [207.47923278808594, 191.93484497070312, 1.0], [225.62554931640625, 150.0701141357422, 1.0], [226.90708923339844, 163.44735717773438, 1.0], [216.1704864501953, 189.3765411376953, 1.0], [232.28070068359375, 205.6725311279297, 1.0], [256.5931701660156, 185.50135803222656, 1.0], [268.8998107910156, 177.6450958251953, 1.0], [260.74468994140625, 188.1639404296875, 1.0]], "is_left": 0}