{"hand_pts": [[307.4318542480469, 239.6308135986328, 1.0], [286.55712890625, 190.2611846923828, 1.0], [286.2926940917969, 146.257568359375, 1.0], [256.05352783203125, 118.54259490966797, 1.0], [209.67071533203125, 120.41646575927734, 1.0], [248.9871826171875, 196.93959045410156, 1.0], [205.73538208007812, 168.93634033203125, 1.0], [175.25608825683594, 145.43479919433594, 1.0], [151.98814392089844, 126.09221649169922, 1.0], [228.0467529296875, 220.43896484375, 1.0], [170.22549438476562, 188.12054443359375, 1.0], [143.8224334716797, 157.75794982910156, 1.0], [134.5570068359375, 132.8520050048828, 1.0], [210.2779998779297, 235.3620147705078, 1.0], [153.65174865722656, 226.623291015625, 1.0], [120.57305145263672, 205.29425048828125, 1.0], [90.8479995727539, 182.5819854736328, 1.0], [197.79335021972656, 248.66578674316406, 1.0], [156.4481201171875, 245.0005340576172, 1.0], [133.73422241210938, 223.06214904785156, 1.0], [120.86162567138672, 195.96913146972656, 1.0]], "is_left": 0}