{"hand_pts": [[357.3161315917969, 222.13101196289062, 1.0], [285.51580810546875, 254.1714630126953, 1.0], [268.62359619140625, 290.28387451171875, 1.0], [241.36636352539062, 253.94305419921875, 1.0], [226.53880310058594, 200.58432006835938, 1.0], [177.22193908691406, 247.6091766357422, 1.0], [139.6595916748047, 245.7519073486328, 1.0], [149.3447265625, 240.07281494140625, 1.0], [195.9486541748047, 233.84402465820312, 1.0], [187.68670654296875, 202.15560913085938, 1.0], [121.65345764160156, 186.0560760498047, 1.0], [153.49879455566406, 186.95330810546875, 1.0], [171.47250366210938, 184.8080291748047, 1.0], [200.63108825683594, 164.7477264404297, 1.0], [169.6755828857422, 134.85870361328125, 1.0], [168.1402130126953, 123.19033813476562, 1.0], [180.36441040039062, 118.76439666748047, 1.0], [223.32505798339844, 131.22401428222656, 1.0], [171.07859802246094, 100.39385986328125, 1.0], [151.32562255859375, 98.58567810058594, 1.0], [147.4105682373047, 109.35200500488281, 1.0]], "is_left": 0}