{"hand_pts": [[236.83587646484375, 175.8856201171875, 1.0], [227.39501953125, 140.55731201171875, 1.0], [231.0908966064453, 98.80318450927734, 1.0], [218.56488037109375, 72.29019165039062, 1.0], [201.68106079101562, 53.09640884399414, 1.0], [242.78485107421875, 178.21304321289062, 1.0], [189.87185668945312, 160.46144104003906, 1.0], [154.72267150878906, 147.75160217285156, 1.0], [134.69667053222656, 134.63719177246094, 1.0], [226.90362548828125, 210.18356323242188, 1.0], [193.1640167236328, 217.33139038085938, 1.0], [166.32952880859375, 189.9138946533203, 1.0], [138.59832763671875, 164.86143493652344, 1.0], [209.48411560058594, 231.2195281982422, 1.0], [195.47393798828125, 245.41844177246094, 1.0], [168.1647186279297, 230.5803985595703, 1.0], [144.8069610595703, 204.7085723876953, 1.0], [192.3669891357422, 247.0121307373047, 1.0], [171.31251525878906, 258.71466064453125, 1.0], [151.8146209716797, 258.04022216796875, 1.0], [130.46359252929688, 236.5012969970703, 1.0]], "is_left": 0}