{"hand_pts": [[126.63933563232422, 81.2913818359375, 1.0], [178.20733642578125, 150.71456909179688, 1.0], [254.1605224609375, 182.0616912841797, 1.0], [253.62086486816406, 226.61367797851562, 1.0], [192.8738555908203, 230.1474609375, 1.0], [262.5693664550781, 149.3511962890625, 1.0], [267.8775329589844, 212.4805450439453, 1.0], [220.55661010742188, 238.6199493408203, 1.0], [174.9488525390625, 237.7027587890625, 1.0], [224.10716247558594, 123.27389526367188, 1.0], [234.48944091796875, 174.37171936035156, 1.0], [194.15756225585938, 217.42825317382812, 1.0], [164.55259704589844, 224.22332763671875, 1.0], [185.38482666015625, 107.93148040771484, 1.0], [182.30494689941406, 167.66482543945312, 1.0], [153.99722290039062, 212.45608520507812, 1.0], [128.92750549316406, 222.85508728027344, 1.0], [141.39627075195312, 93.51283264160156, 1.0], [108.72333526611328, 124.2262954711914, 1.0], [81.07970428466797, 158.76235961914062, 1.0], [75.9581069946289, 176.16464233398438, 1.0]], "is_left": 0}