{"hand_pts": [[225.4374542236328, 224.61618041992188, 1.0], [255.21847534179688, 205.57469177246094, 1.0], [294.7796325683594, 203.5136260986328, 1.0], [262.1443786621094, 206.42218017578125, 1.0], [212.8578338623047, 209.5105438232422, 1.0], [224.74693298339844, 144.48184204101562, 1.0], [230.85000610351562, 168.12623596191406, 1.0], [238.2056884765625, 199.8314208984375, 1.0], [243.95225524902344, 228.70057678222656, 1.0], [188.25758361816406, 156.74951171875, 1.0], [162.7174835205078, 168.84690856933594, 1.0], [171.1088409423828, 200.42027282714844, 1.0], [196.1707763671875, 220.32220458984375, 1.0], [162.2771759033203, 171.70755004882812, 1.0], [129.46002197265625, 144.43820190429688, 1.0], [132.45973205566406, 156.74920654296875, 1.0], [142.43121337890625, 174.32594299316406, 1.0], [141.9884490966797, 190.7227783203125, 1.0], [108.79408264160156, 177.81871032714844, 1.0], [91.23532104492188, 172.4997100830078, 1.0], [112.76432800292969, 182.8370819091797, 1.0]], "is_left": 0}