{"hand_pts": [[325.8663330078125, 179.0334014892578, 1.0], [247.09909057617188, 175.58932495117188, 1.0], [183.1941375732422, 187.3794403076172, 1.0], [154.24464416503906, 198.5470428466797, 1.0], [154.7662811279297, 203.56138610839844, 1.0], [201.06610107421875, 132.89349365234375, 1.0], [130.72113037109375, 148.63134765625, 1.0], [115.0024642944336, 179.01007080078125, 1.0], [132.423095703125, 204.5673370361328, 1.0], [228.32147216796875, 143.9304962158203, 1.0], [165.33450317382812, 181.95953369140625, 1.0], [161.8493194580078, 212.89842224121094, 1.0], [194.07704162597656, 208.01773071289062, 1.0], [247.96107482910156, 157.8832244873047, 1.0], [185.2861328125, 150.35145568847656, 1.0], [163.82415771484375, 177.39712524414062, 1.0], [152.68414306640625, 203.63670349121094, 1.0], [270.2362060546875, 174.2134552001953, 1.0], [228.10836791992188, 188.56671142578125, 1.0], [206.42877197265625, 208.46304321289062, 1.0], [201.70030212402344, 223.4569091796875, 1.0]], "is_left": 0}