{"hand_pts": [[92.86304473876953, 113.69186401367188, 1.0], [155.9180145263672, 144.79734802246094, 1.0], [192.4477996826172, 172.71473693847656, 1.0], [199.87547302246094, 223.59219360351562, 1.0], [177.10755920410156, 248.73663330078125, 1.0], [252.31842041015625, 102.93000793457031, 1.0], [292.5589904785156, 149.56658935546875, 1.0], [277.89239501953125, 198.59152221679688, 1.0], [242.15589904785156, 238.95989990234375, 1.0], [224.9270782470703, 100.59821319580078, 1.0], [212.5437469482422, 187.66983032226562, 1.0], [172.4011688232422, 230.62783813476562, 1.0], [145.97254943847656, 215.68519592285156, 1.0], [197.163818359375, 107.20588684082031, 1.0], [172.35353088378906, 188.63177490234375, 1.0], [134.6949005126953, 213.82958984375, 1.0], [112.60576629638672, 207.30157470703125, 1.0], [162.4124298095703, 116.99069213867188, 1.0], [139.09759521484375, 172.75767517089844, 1.0], [112.56563568115234, 204.80799865722656, 1.0], [109.61065673828125, 185.97410583496094, 1.0]], "is_left": 0}