{"hand_pts": [[153.71942138671875, 76.16110229492188, 1.0], [193.0619659423828, 137.0579071044922, 1.0], [231.10855102539062, 187.6734161376953, 1.0], [266.15283203125, 229.13316345214844, 1.0], [297.4203796386719, 263.8724365234375, 1.0], [136.14476013183594, 201.5803985595703, 1.0], [131.7050018310547, 256.1741638183594, 1.0], [156.76416015625, 279.4648742675781, 1.0], [206.0518035888672, 270.6246643066406, 1.0], [126.0711898803711, 171.86399841308594, 1.0], [110.30547332763672, 215.568359375, 1.0], [154.56488037109375, 229.439453125, 1.0], [190.6142578125, 244.75791931152344, 1.0], [127.55010986328125, 145.3837890625, 1.0], [176.0248260498047, 149.86297607421875, 1.0], [217.27037048339844, 147.22984313964844, 1.0], [269.5501403808594, 136.74708557128906, 1.0], [133.76048278808594, 115.13805389404297, 1.0], [177.59979248046875, 100.97466278076172, 1.0], [211.72769165039062, 91.93919372558594, 1.0], [186.17111206054688, 101.983642578125, 1.0]], "is_left": 0}