{"hand_pts": [[345.9423828125, 186.46800231933594, 1.0], [292.875, 226.06646728515625, 1.0], [260.4204406738281, 272.3480529785156, 1.0], [207.09190368652344, 266.7304992675781, 1.0], [179.958251953125, 231.93798828125, 1.0], [235.6149444580078, 179.42568969726562, 1.0], [171.64410400390625, 199.01687622070312, 1.0], [139.07229614257812, 223.36578369140625, 1.0], [113.84432220458984, 247.3851318359375, 1.0], [234.2449493408203, 146.30946350097656, 1.0], [155.3347625732422, 146.77392578125, 1.0], [114.1074447631836, 171.79908752441406, 1.0], [102.03522491455078, 206.86061096191406, 1.0], [232.45242309570312, 126.08781433105469, 1.0], [156.27723693847656, 132.01673889160156, 1.0], [141.71304321289062, 165.28717041015625, 1.0], [167.9370574951172, 190.62831115722656, 1.0], [236.68934631347656, 112.17025756835938, 1.0], [190.7523193359375, 119.89097595214844, 1.0], [181.2701416015625, 147.02859497070312, 1.0], [199.97808837890625, 176.83392333984375, 1.0]], "is_left": 0}