{"hand_pts": [[220.03164672851562, 158.8348846435547, 1.0], [234.0179443359375, 130.67681884765625, 1.0], [243.96652221679688, 79.25595092773438, 1.0], [250.4684600830078, 103.78401947021484, 1.0], [244.42913818359375, 159.06446838378906, 1.0], [155.87916564941406, 114.7380599975586, 1.0], [117.32279968261719, 112.99463653564453, 1.0], [146.51593017578125, 141.30001831054688, 1.0], [182.8338623046875, 162.34571838378906, 1.0], [138.16847229003906, 154.3023681640625, 1.0], [174.63070678710938, 190.48153686523438, 1.0], [219.9936981201172, 196.66909790039062, 1.0], [232.6277313232422, 181.4459686279297, 1.0], [132.01937866210938, 188.75381469726562, 1.0], [126.60442352294922, 237.3619842529297, 1.0], [169.72801208496094, 239.39793395996094, 1.0], [209.06484985351562, 234.68701171875, 1.0], [134.00010681152344, 221.3629150390625, 1.0], [149.90304565429688, 263.45477294921875, 1.0], [183.10675048828125, 277.7029724121094, 1.0], [212.81015014648438, 258.4077453613281, 1.0]], "is_left": 0,"label":5}