{"hand_pts": [[114.31169891357422, 176.35020446777344, 1.0], [138.910400390625, 133.4999542236328, 1.0], [158.58200073242188, 82.87440490722656, 1.0], [171.58229064941406, 69.71424865722656, 1.0], [170.37062072753906, 101.44833374023438, 1.0], [222.2645721435547, 172.75485229492188, 1.0], [231.8068389892578, 165.6884307861328, 1.0], [217.39346313476562, 155.28204345703125, 1.0], [187.1483154296875, 142.3753662109375, 1.0], [212.5728302001953, 212.08294677734375, 1.0], [224.57505798339844, 209.683349609375, 1.0], [192.50790405273438, 183.9696044921875, 1.0], [154.05606079101562, 155.7980499267578, 1.0], [197.80667114257812, 238.68768310546875, 1.0], [202.6623992919922, 245.1302947998047, 1.0], [178.8417205810547, 227.4840087890625, 1.0], [145.48695373535156, 198.6884307861328, 1.0], [176.56536865234375, 259.3498229980469, 1.0], [178.4278106689453, 267.9541320800781, 1.0], [157.66319274902344, 245.8643341064453, 1.0], [132.87669372558594, 213.48312377929688, 1.0]], "is_left": 0}