{"hand_pts": [[191.1810760498047, 296.56298828125, 1.0], [230.47439575195312, 231.76620483398438, 1.0], [269.2903747558594, 177.308837890625, 1.0], [284.48779296875, 134.60055541992188, 1.0], [266.7903747558594, 126.35990142822266, 1.0], [157.383056640625, 153.94918823242188, 1.0], [164.0884246826172, 100.973876953125, 1.0], [201.3680419921875, 108.57281494140625, 1.0], [237.94790649414062, 126.92520904541016, 1.0], [123.4590835571289, 182.39170837402344, 1.0], [140.13632202148438, 147.50726318359375, 1.0], [192.20489501953125, 162.3592987060547, 1.0], [241.9586181640625, 186.1760711669922, 1.0], [105.08332061767578, 209.00904846191406, 1.0], [130.39613342285156, 193.00669860839844, 1.0], [177.93370056152344, 216.11538696289062, 1.0], [209.9430389404297, 239.3040008544922, 1.0], [95.27525329589844, 241.1290740966797, 1.0], [113.94889831542969, 245.2011260986328, 1.0], [155.55581665039062, 259.57666015625, 1.0], [171.14833068847656, 264.8952331542969, 1.0]], "is_left": 0,"label":5}