{"hand_pts": [[159.7760009765625, 278.55914306640625, 1.0], [200.63406372070312, 282.8186340332031, 1.0], [261.1883850097656, 280.52001953125, 1.0], [294.0002746582031, 266.14208984375, 1.0], [298.0904541015625, 244.29507446289062, 1.0], [222.66322326660156, 193.63583374023438, 1.0], [240.88436889648438, 165.25111389160156, 1.0], [233.33346557617188, 175.8374786376953, 1.0], [222.35604858398438, 189.2002716064453, 1.0], [181.0919647216797, 178.29446411132812, 1.0], [194.14280700683594, 125.54814910888672, 1.0], [197.6445770263672, 112.05806732177734, 1.0], [192.50836181640625, 134.84957885742188, 1.0], [145.92987060546875, 174.3287353515625, 1.0], [128.0218048095703, 137.3690948486328, 1.0], [115.51802825927734, 145.6658172607422, 1.0], [111.02671813964844, 184.19654846191406, 1.0], [112.1419906616211, 179.21929931640625, 1.0], [99.76815032958984, 159.9503173828125, 1.0], [96.70077514648438, 179.226318359375, 1.0], [101.07183837890625, 214.8060760498047, 1.0]], "is_left": 0}