{"hand_pts": [[252.12649536132812, 299.5950012207031, 1.0], [216.61827087402344, 229.62965393066406, 1.0], [223.00634765625, 171.66458129882812, 1.0], [206.16534423828125, 121.60696411132812, 1.0], [171.7012939453125, 95.0044174194336, 1.0], [237.0070343017578, 187.1798553466797, 1.0], [191.68646240234375, 133.08114624023438, 1.0], [148.61253356933594, 120.29788208007812, 1.0], [106.25474548339844, 104.57587432861328, 1.0], [236.73423767089844, 221.59552001953125, 1.0], [166.94021606445312, 169.68601989746094, 1.0], [119.8143539428711, 144.62869262695312, 1.0], [77.98789978027344, 129.7745361328125, 1.0], [229.98936462402344, 248.80703735351562, 1.0], [220.40597534179688, 224.7613983154297, 1.0], [178.6077880859375, 204.37539672851562, 1.0], [142.97885131835938, 192.24981689453125, 1.0], [222.34068298339844, 277.6774597167969, 1.0], [208.75408935546875, 258.9672546386719, 1.0], [191.29940795898438, 242.25094604492188, 1.0], [158.7858428955078, 222.49241638183594, 1.0]], "is_left": 0}