{"hand_pts": [[291.6855163574219, 143.58006286621094, 1.0], [237.2032012939453, 194.00180053710938, 1.0], [190.4981689453125, 239.4819793701172, 1.0], [148.12344360351562, 273.61572265625, 1.0], [110.30374145507812, 299.4199523925781, 1.0], [128.20249938964844, 162.9417266845703, 1.0], [132.3306884765625, 201.53164672851562, 1.0], [141.8365478515625, 226.374267578125, 1.0], [175.38479614257812, 250.5783233642578, 1.0], [151.67056274414062, 132.12351989746094, 1.0], [165.08090209960938, 189.07286071777344, 1.0], [212.9663543701172, 204.13632202148438, 1.0], [224.453369140625, 184.18984985351562, 1.0], [177.70648193359375, 113.8943862915039, 1.0], [187.64549255371094, 155.20384216308594, 1.0], [226.10231018066406, 185.80030822753906, 1.0], [245.37620544433594, 184.68553161621094, 1.0], [211.27684020996094, 100.31708526611328, 1.0], [194.8404083251953, 88.91950225830078, 1.0], [205.55880737304688, 121.52156829833984, 1.0], [219.66539001464844, 153.1905059814453, 1.0]], "is_left": 0}