{"hand_pts": [[146.6355743408203, 339.171142578125, 1.0], [192.7955780029297, 284.232177734375, 1.0], [255.41973876953125, 262.18426513671875, 1.0], [262.4612121582031, 214.14280700683594, 1.0], [248.85980224609375, 168.6407470703125, 1.0], [232.2320556640625, 215.81787109375, 1.0], [279.86334228515625, 171.94842529296875, 1.0], [260.74871826171875, 141.33583068847656, 1.0], [244.32000732421875, 108.9956283569336, 1.0], [191.80035400390625, 214.5963897705078, 1.0], [181.984619140625, 157.30015563964844, 1.0], [169.63487243652344, 194.1988983154297, 1.0], [156.14585876464844, 222.8694305419922, 1.0], [156.08375549316406, 213.935302734375, 1.0], [151.0470428466797, 141.45907592773438, 1.0], [141.92276000976562, 110.8688735961914, 1.0], [131.6847686767578, 95.3686294555664, 1.0], [119.70925903320312, 220.18699645996094, 1.0], [88.74039459228516, 176.09869384765625, 1.0], [84.33068084716797, 179.29147338867188, 1.0], [105.98037719726562, 211.82183837890625, 1.0]], "is_left": 0,"label":4}