{"hand_pts": [[351.3612976074219, 224.4539031982422, 1.0], [284.0424499511719, 251.766357421875, 1.0], [227.1225128173828, 275.5833740234375, 1.0], [189.63308715820312, 249.19488525390625, 1.0], [164.88064575195312, 217.116943359375, 1.0], [227.87777709960938, 250.7030487060547, 1.0], [159.0015411376953, 237.06394958496094, 1.0], [131.1855010986328, 221.62103271484375, 1.0], [120.94020080566406, 205.72775268554688, 1.0], [240.4833526611328, 209.69769287109375, 1.0], [156.52296447753906, 203.89051818847656, 1.0], [129.83128356933594, 198.6922149658203, 1.0], [110.71575927734375, 194.48988342285156, 1.0], [249.4440155029297, 176.26278686523438, 1.0], [177.78025817871094, 136.68080139160156, 1.0], [148.81790161132812, 121.9005355834961, 1.0], [137.87620544433594, 119.53130340576172, 1.0], [263.2256774902344, 146.91358947753906, 1.0], [223.3796844482422, 107.5556869506836, 1.0], [193.66647338867188, 84.80625915527344, 1.0], [166.71043395996094, 78.04457092285156, 1.0]], "is_left": 0,"label":4}