{"hand_pts": [[256.58203125, 215.79879760742188, 1.0], [198.6055145263672, 167.84547424316406, 1.0], [145.57472229003906, 118.5198974609375, 1.0], [107.36055755615234, 111.87025451660156, 1.0], [110.83651733398438, 148.87240600585938, 1.0], [241.40890502929688, 129.58676147460938, 1.0], [189.11830139160156, 112.94552612304688, 1.0], [138.12631225585938, 125.12071990966797, 1.0], [93.027099609375, 146.7939910888672, 1.0], [263.5617980957031, 169.133544921875, 1.0], [232.4062042236328, 161.81626892089844, 1.0], [173.0907745361328, 175.14588928222656, 1.0], [125.71578216552734, 188.44741821289062, 1.0], [272.2293701171875, 203.7083282470703, 1.0], [210.4060821533203, 232.7010498046875, 1.0], [162.5051727294922, 249.2749481201172, 1.0], [122.39469909667969, 260.3987731933594, 1.0], [276.531005859375, 238.86695861816406, 1.0], [257.5807189941406, 250.15185546875, 1.0], [212.9646759033203, 252.1932373046875, 1.0], [189.8219451904297, 244.01583862304688, 1.0]], "is_left": 0}