{"hand_pts": [[16.526077270507812, 217.4624481201172, 1.0], [96.13365173339844, 208.1922149658203, 1.0], [157.56378173828125, 218.69265747070312, 1.0], [213.98861694335938, 217.86996459960938, 1.0], [240.9071502685547, 191.01870727539062, 1.0], [185.44920349121094, 231.87738037109375, 1.0], [233.73948669433594, 199.611328125, 1.0], [213.92727661132812, 171.17971801757812, 1.0], [194.9445343017578, 142.7552490234375, 1.0], [159.56259155273438, 222.31785583496094, 1.0], [210.24961853027344, 179.4400177001953, 1.0], [207.86602783203125, 148.3804168701172, 1.0], [204.216552734375, 119.17646789550781, 1.0], [135.89266967773438, 209.93429565429688, 1.0], [192.71636962890625, 209.74661254882812, 1.0], [221.6461944580078, 188.7621307373047, 1.0], [246.73312377929688, 166.6212615966797, 1.0], [105.60562133789062, 196.5907440185547, 1.0], [127.53321075439453, 169.0581512451172, 1.0], [139.1181182861328, 145.17979431152344, 1.0], [150.900390625, 119.63855743408203, 1.0]], "is_left": 0}