{"hand_pts": [[10.920697212219238, 207.76272583007812, 1.0], [59.305660247802734, 179.71852111816406, 1.0], [91.79740905761719, 162.55381774902344, 1.0], [139.62539672851562, 156.47230529785156, 1.0], [178.3912353515625, 166.12252807617188, 1.0], [142.828369140625, 140.44786071777344, 1.0], [201.76895141601562, 120.19493865966797, 1.0], [216.551025390625, 140.64059448242188, 1.0], [237.08810424804688, 157.2965545654297, 1.0], [150.2401885986328, 165.59854125976562, 1.0], [223.10958862304688, 146.32839965820312, 1.0], [247.95111083984375, 156.49765014648438, 1.0], [236.25531005859375, 175.01437377929688, 1.0], [153.92311096191406, 189.58828735351562, 1.0], [194.78643798828125, 217.38621520996094, 1.0], [196.66839599609375, 236.12664794921875, 1.0], [180.83941650390625, 251.73171997070312, 1.0], [148.9434051513672, 215.17369079589844, 1.0], [196.21336364746094, 228.61610412597656, 1.0], [210.2327880859375, 237.54766845703125, 1.0], [212.1608428955078, 242.39810180664062, 1.0]], "is_left": 0,"label":4}