{"hand_pts": [[101.00801086425781, 296.918701171875, 1.0], [83.1660385131836, 257.92120361328125, 1.0], [53.98385238647461, 250.2744903564453, 1.0], [75.70069122314453, 228.82215881347656, 1.0], [104.78221893310547, 207.33261108398438, 1.0], [138.48345947265625, 158.62709045410156, 1.0], [161.67115783691406, 153.0977783203125, 1.0], [167.36175537109375, 170.88401794433594, 1.0], [165.33987426757812, 200.97738647460938, 1.0], [181.7394256591797, 162.45785522460938, 1.0], [235.32733154296875, 82.51551055908203, 1.0], [232.12765502929688, 95.4808578491211, 1.0], [216.63011169433594, 123.70381927490234, 1.0], [213.38330078125, 172.42027282714844, 1.0], [244.8279571533203, 159.6566619873047, 1.0], [229.7863311767578, 188.95382690429688, 1.0], [198.92562866210938, 227.08258056640625, 1.0], [236.60464477539062, 191.6185302734375, 1.0], [245.50820922851562, 206.774658203125, 1.0], [248.38787841796875, 220.1563262939453, 1.0], [221.9705352783203, 251.00274658203125, 1.0]], "is_left": 0}