{"hand_pts": [[93.38057708740234, 334.4923095703125, 1.0], [165.05479431152344, 295.14453125, 1.0], [226.15914916992188, 272.97552490234375, 1.0], [268.1728820800781, 231.4165496826172, 1.0], [246.18008422851562, 184.369873046875, 1.0], [163.73086547851562, 218.04730224609375, 1.0], [205.4088134765625, 152.60426330566406, 1.0], [233.83372497558594, 139.5089874267578, 1.0], [230.0951385498047, 165.17958068847656, 1.0], [129.28456115722656, 204.14073181152344, 1.0], [201.46250915527344, 139.33436584472656, 1.0], [220.53598022460938, 168.05198669433594, 1.0], [223.5323028564453, 207.63153076171875, 1.0], [106.5588150024414, 194.588134765625, 1.0], [146.939208984375, 113.82816314697266, 1.0], [178.06732177734375, 122.16439819335938, 1.0], [206.51272583007812, 134.6665496826172, 1.0], [85.50341033935547, 193.52545166015625, 1.0], [125.10832977294922, 162.3924560546875, 1.0], [137.983154296875, 193.02247619628906, 1.0], [151.4263153076172, 227.36578369140625, 1.0]], "is_left": 0}