{"hand_pts": [[333.9064025878906, 162.2602081298828, 1.0], [301.0112609863281, 203.2688446044922, 1.0], [276.46002197265625, 240.82546997070312, 1.0], [243.27122497558594, 265.2493591308594, 1.0], [207.13363647460938, 279.10589599609375, 1.0], [225.0518798828125, 182.73423767089844, 1.0], [174.72227478027344, 192.9486846923828, 1.0], [142.49977111816406, 204.1502227783203, 1.0], [109.94279479980469, 208.78529357910156, 1.0], [222.8566131591797, 162.76780700683594, 1.0], [160.9462890625, 166.33567810058594, 1.0], [124.05677032470703, 177.27601623535156, 1.0], [87.9154052734375, 181.93679809570312, 1.0], [224.7760009765625, 152.1537628173828, 1.0], [165.21328735351562, 148.59716796875, 1.0], [134.0637664794922, 160.87913513183594, 1.0], [102.75865936279297, 170.72596740722656, 1.0], [233.7493133544922, 144.44679260253906, 1.0], [194.78707885742188, 146.6967010498047, 1.0], [169.54722595214844, 153.89613342285156, 1.0], [146.00265502929688, 168.0070343017578, 1.0]], "is_left": 0}