{"hand_pts": [[179.9400634765625, 292.06341552734375, 1.0], [167.9227294921875, 286.72967529296875, 1.0], [174.4386749267578, 307.9403381347656, 1.0], [165.43338012695312, 264.51763916015625, 1.0], [154.7965850830078, 218.56610107421875, 1.0], [254.83201599121094, 233.22088623046875, 1.0], [232.82168579101562, 186.5695343017578, 1.0], [185.9195556640625, 168.18287658691406, 1.0], [148.63096618652344, 184.67774963378906, 1.0], [258.81048583984375, 202.79978942871094, 1.0], [184.51988220214844, 172.0554656982422, 1.0], [131.31094360351562, 194.38453674316406, 1.0], [124.4840316772461, 230.2030029296875, 1.0], [251.7913360595703, 180.01007080078125, 1.0], [192.980712890625, 126.7746353149414, 1.0], [141.69090270996094, 114.58100128173828, 1.0], [107.2610092163086, 145.30770874023438, 1.0], [237.48443603515625, 164.71597290039062, 1.0], [229.4351806640625, 121.56920623779297, 1.0], [199.4738006591797, 106.03270721435547, 1.0], [158.5897216796875, 106.65625, 1.0]], "is_left": 0,"label":5}