{"hand_pts": [[86.30256652832031, 65.10509490966797, 1.0], [91.59463500976562, 130.2532196044922, 1.0], [94.57661437988281, 186.0742645263672, 1.0], [107.48531341552734, 233.33935546875, 1.0], [122.5340576171875, 273.9954833984375, 1.0], [176.81690979003906, 170.84304809570312, 1.0], [212.16151428222656, 221.0828857421875, 1.0], [203.86676025390625, 244.90591430664062, 1.0], [201.75552368164062, 270.7216796875, 1.0], [187.9181365966797, 141.1773681640625, 1.0], [228.8325958251953, 194.7279815673828, 1.0], [212.16001892089844, 223.73797607421875, 1.0], [171.97996520996094, 232.54989624023438, 1.0], [189.5729217529297, 117.64110565185547, 1.0], [250.788818359375, 150.3231964111328, 1.0], [237.0289764404297, 176.16140747070312, 1.0], [214.18048095703125, 198.71250915527344, 1.0], [182.60446166992188, 91.83028411865234, 1.0], [209.97235107421875, 117.33467864990234, 1.0], [193.33815002441406, 139.19384765625, 1.0], [158.33139038085938, 150.1214141845703, 1.0]], "is_left": 0}