{"hand_pts": [[181.1035614013672, 213.6378631591797, 1.0], [136.34649658203125, 206.1350860595703, 1.0], [77.32447052001953, 198.90834045410156, 1.0], [68.87381744384766, 206.5072021484375, 1.0], [99.44139099121094, 219.7658233642578, 1.0], [148.04627990722656, 148.17636108398438, 1.0], [138.0333709716797, 150.56028747558594, 1.0], [137.1640167236328, 175.04473876953125, 1.0], [141.5031280517578, 203.54095458984375, 1.0], [191.59996032714844, 151.3977508544922, 1.0], [198.88821411132812, 166.19886779785156, 1.0], [192.3924102783203, 196.26121520996094, 1.0], [181.22166442871094, 224.7177734375, 1.0], [224.07562255859375, 159.3823699951172, 1.0], [248.8212432861328, 156.56317138671875, 1.0], [239.5116424560547, 182.60015869140625, 1.0], [219.73617553710938, 201.157958984375, 1.0], [252.09677124023438, 171.6667022705078, 1.0], [271.6997985839844, 173.17398071289062, 1.0], [269.40814208984375, 187.4847869873047, 1.0], [248.862548828125, 206.70921325683594, 1.0]], "is_left": 0}