{"hand_pts": [[53.82511520385742, 214.7793731689453, 1.0], [121.56967163085938, 229.7190399169922, 1.0], [180.26832580566406, 252.86944580078125, 1.0], [224.97314453125, 255.18540954589844, 1.0], [243.6510467529297, 239.25686645507812, 1.0], [198.22817993164062, 208.02548217773438, 1.0], [258.56341552734375, 205.1807098388672, 1.0], [258.1962585449219, 200.1703338623047, 1.0], [222.11273193359375, 199.3839111328125, 1.0], [170.8948974609375, 185.76687622070312, 1.0], [205.54957580566406, 162.05224609375, 1.0], [191.15467834472656, 167.66439819335938, 1.0], [168.2967529296875, 180.9750213623047, 1.0], [144.8693084716797, 168.8563232421875, 1.0], [188.2268829345703, 144.75244140625, 1.0], [190.9190216064453, 146.44601440429688, 1.0], [171.62132263183594, 162.4342498779297, 1.0], [112.67098999023438, 154.93531799316406, 1.0], [129.3104248046875, 131.419921875, 1.0], [138.6953125, 134.18963623046875, 1.0], [134.34300231933594, 153.9673614501953, 1.0]], "is_left": 0}