{"hand_pts": [[311.2645568847656, 263.93377685546875, 1.0], [294.0017395019531, 208.38995361328125, 1.0], [304.43841552734375, 163.18283081054688, 1.0], [270.2102355957031, 133.20896911621094, 1.0], [226.8203125, 137.69915771484375, 1.0], [211.45472717285156, 185.812255859375, 1.0], [171.0194549560547, 149.04933166503906, 1.0], [175.0179901123047, 139.6194610595703, 1.0], [197.36837768554688, 146.4398651123047, 1.0], [187.47164916992188, 209.95550537109375, 1.0], [132.1349639892578, 172.5801544189453, 1.0], [145.84927368164062, 159.57574462890625, 1.0], [183.85690307617188, 161.64382934570312, 1.0], [171.9980926513672, 227.7860870361328, 1.0], [114.8459243774414, 198.79037475585938, 1.0], [130.5050048828125, 188.65830993652344, 1.0], [170.8155059814453, 190.57449340820312, 1.0], [165.65142822265625, 246.47467041015625, 1.0], [128.0902862548828, 233.67218017578125, 1.0], [139.5212860107422, 222.85499572753906, 1.0], [178.40589904785156, 219.33766174316406, 1.0]], "is_left": 0}