{"hand_pts": [[340.1339111328125, 111.8353271484375, 1.0], [296.51141357421875, 132.60316467285156, 1.0], [271.1644592285156, 148.9641571044922, 1.0], [217.05615234375, 177.4174041748047, 1.0], [192.586669921875, 188.5244140625, 1.0], [221.22674560546875, 210.57955932617188, 1.0], [168.8780517578125, 207.5201873779297, 1.0], [184.91619873046875, 174.17726135253906, 1.0], [220.82183837890625, 154.08712768554688, 1.0], [206.6556854248047, 210.2700958251953, 1.0], [141.51458740234375, 239.81277465820312, 1.0], [114.93814849853516, 233.12924194335938, 1.0], [114.25241088867188, 206.3108367919922, 1.0], [196.22837829589844, 203.86732482910156, 1.0], [137.1446075439453, 202.85504150390625, 1.0], [131.98582458496094, 178.6610107421875, 1.0], [136.91195678710938, 150.93760681152344, 1.0], [193.85057067871094, 190.61280822753906, 1.0], [163.50656127929688, 172.15139770507812, 1.0], [187.387939453125, 145.870361328125, 1.0], [227.3475799560547, 130.1405487060547, 1.0]], "is_left": 0,"label":3}