{"hand_pts": [[82.9678955078125, 98.29457092285156, 1.0], [147.73939514160156, 107.63780975341797, 1.0], [187.39163208007812, 80.9285659790039, 1.0], [236.72198486328125, 100.65896606445312, 1.0], [255.84303283691406, 154.5601043701172, 1.0], [151.6148223876953, 122.95746612548828, 1.0], [209.6007843017578, 158.3960418701172, 1.0], [238.93527221679688, 183.835205078125, 1.0], [234.9622802734375, 188.55540466308594, 1.0], [129.35853576660156, 149.47579956054688, 1.0], [203.10459899902344, 212.6676483154297, 1.0], [205.11866760253906, 201.37828063964844, 1.0], [171.72930908203125, 164.48733520507812, 1.0], [116.96810913085938, 173.0725555419922, 1.0], [164.45887756347656, 236.906494140625, 1.0], [203.10696411132812, 263.9471130371094, 1.0], [233.64329528808594, 275.42730712890625, 1.0], [105.16979217529297, 192.35752868652344, 1.0], [140.7919158935547, 240.3325958251953, 1.0], [159.23681640625, 246.3096466064453, 1.0], [148.87612915039062, 210.9459228515625, 1.0]], "is_left": 0}