{"hand_pts": [[344.75811767578125, 194.60263061523438, 1.0], [291.685546875, 186.6519317626953, 1.0], [254.79957580566406, 179.82875061035156, 1.0], [213.27764892578125, 167.1775360107422, 1.0], [178.25990295410156, 153.93077087402344, 1.0], [221.44583129882812, 219.0491485595703, 1.0], [164.92239379882812, 219.69692993164062, 1.0], [131.23928833007812, 208.53634643554688, 1.0], [100.05119323730469, 195.0274200439453, 1.0], [230.2552947998047, 210.50120544433594, 1.0], [161.9058837890625, 203.1739501953125, 1.0], [126.22904205322266, 183.6038360595703, 1.0], [95.43523406982422, 162.68820190429688, 1.0], [239.70172119140625, 197.74465942382812, 1.0], [174.9191131591797, 189.53448486328125, 1.0], [146.4531707763672, 167.10748291015625, 1.0], [127.1926040649414, 140.7141571044922, 1.0], [255.75262451171875, 182.92295837402344, 1.0], [216.2298126220703, 173.37672424316406, 1.0], [188.67726135253906, 159.04954528808594, 1.0], [162.14324951171875, 139.85711669921875, 1.0]], "is_left": 0}