{"hand_pts": [[54.839786529541016, 159.21324157714844, 1.0], [89.21044921875, 208.01895141601562, 1.0], [95.11638641357422, 255.85897827148438, 1.0], [143.5887908935547, 269.389404296875, 1.0], [188.878173828125, 254.88487243652344, 1.0], [129.44215393066406, 184.9478302001953, 1.0], [172.32073974609375, 227.05267333984375, 1.0], [173.30186462402344, 244.63296508789062, 1.0], [156.00148010253906, 244.4003143310547, 1.0], [142.2047119140625, 151.53903198242188, 1.0], [214.58554077148438, 157.98651123046875, 1.0], [256.2093200683594, 176.61404418945312, 1.0], [284.767333984375, 201.4075469970703, 1.0], [154.0227813720703, 128.74110412597656, 1.0], [226.78628540039062, 130.1646728515625, 1.0], [224.0341339111328, 155.01336669921875, 1.0], [188.47984313964844, 167.16282653808594, 1.0], [160.85594177246094, 109.47978210449219, 1.0], [205.5784454345703, 110.20220184326172, 1.0], [227.30551147460938, 133.7084503173828, 1.0], [219.387451171875, 159.97340393066406, 1.0]], "is_left": 0}