{"hand_pts": [[294.25933837890625, 195.9682159423828, 1.0], [271.9548645019531, 165.34893798828125, 1.0], [270.3021545410156, 130.0940399169922, 1.0], [256.98968505859375, 100.56902313232422, 1.0], [221.048095703125, 81.16941833496094, 1.0], [245.18434143066406, 194.9272003173828, 1.0], [202.45835876464844, 169.007568359375, 1.0], [172.9759521484375, 150.22091674804688, 1.0], [143.7173309326172, 127.54989624023438, 1.0], [225.98358154296875, 214.01316833496094, 1.0], [187.28221130371094, 240.07254028320312, 1.0], [153.8007049560547, 245.67864990234375, 1.0], [115.67742919921875, 234.74378967285156, 1.0], [208.1775665283203, 224.7982940673828, 1.0], [146.24620056152344, 188.07420349121094, 1.0], [150.84466552734375, 166.83387756347656, 1.0], [158.10646057128906, 146.88902282714844, 1.0], [194.58799743652344, 232.1092071533203, 1.0], [142.5544891357422, 235.4482421875, 1.0], [112.28264617919922, 218.3916015625, 1.0], [82.2589111328125, 198.2964324951172, 1.0]], "is_left": 0}