{"hand_pts": [[32.89728927612305, 133.0937957763672, 1.0], [67.87501525878906, 182.7023162841797, 1.0], [78.27477264404297, 212.06491088867188, 1.0], [96.69357299804688, 241.1705780029297, 1.0], [118.38053131103516, 268.8974304199219, 1.0], [149.82730102539062, 169.62841796875, 1.0], [202.92787170410156, 200.46994018554688, 1.0], [217.4649200439453, 227.60986328125, 1.0], [208.65467834472656, 246.58657836914062, 1.0], [162.06393432617188, 145.9716339111328, 1.0], [226.58694458007812, 178.82115173339844, 1.0], [242.09617614746094, 214.28245544433594, 1.0], [210.8758087158203, 228.4574737548828, 1.0], [168.86253356933594, 131.5741729736328, 1.0], [229.5561065673828, 157.99269104003906, 1.0], [219.15127563476562, 184.26058959960938, 1.0], [186.40867614746094, 201.5604705810547, 1.0], [167.08856201171875, 119.29479217529297, 1.0], [216.2276611328125, 111.43256378173828, 1.0], [247.7033233642578, 123.24311065673828, 1.0], [265.57037353515625, 150.05953979492188, 1.0]], "is_left": 0}