{"hand_pts": [[168.11029052734375, 82.99530029296875, 1.0], [219.82476806640625, 138.86029052734375, 1.0], [252.04122924804688, 205.3280029296875, 1.0], [254.2630157470703, 245.81350708007812, 1.0], [253.2963409423828, 278.8544921875, 1.0], [171.35687255859375, 225.6212615966797, 1.0], [217.9710235595703, 222.58822631835938, 1.0], [248.14048767089844, 183.53598022460938, 1.0], [244.23388671875, 152.04312133789062, 1.0], [137.6259307861328, 198.05960083007812, 1.0], [125.81655883789062, 268.4277038574219, 1.0], [166.38392639160156, 266.3326110839844, 1.0], [198.32089233398438, 273.3685607910156, 1.0], [118.2839584350586, 170.36911010742188, 1.0], [150.89198303222656, 143.48153686523438, 1.0], [182.7940216064453, 113.63177490234375, 1.0], [217.72451782226562, 82.19439697265625, 1.0], [105.0092544555664, 136.8986053466797, 1.0], [113.34612274169922, 126.5087661743164, 1.0], [149.68902587890625, 109.26512908935547, 1.0], [163.6510467529297, 109.66815948486328, 1.0]], "is_left": 0}