{"hand_pts": [[320.2742004394531, 114.24937438964844, 1.0], [293.01385498046875, 179.8083953857422, 1.0], [277.281982421875, 231.7096405029297, 1.0], [237.23056030273438, 258.5155334472656, 1.0], [205.13551330566406, 227.69308471679688, 1.0], [242.61465454101562, 198.01063537597656, 1.0], [190.73324584960938, 234.5544891357422, 1.0], [171.85418701171875, 245.77554321289062, 1.0], [178.9324951171875, 237.59506225585938, 1.0], [225.2710723876953, 158.5377197265625, 1.0], [159.08575439453125, 197.3282012939453, 1.0], [127.67095947265625, 222.24517822265625, 1.0], [95.93683624267578, 245.17764282226562, 1.0], [211.43701171875, 128.68777465820312, 1.0], [151.9547119140625, 134.03688049316406, 1.0], [132.3834228515625, 157.98939514160156, 1.0], [134.19091796875, 177.30458068847656, 1.0], [204.29974365234375, 99.7987289428711, 1.0], [153.64852905273438, 99.59053802490234, 1.0], [132.4888153076172, 115.92315673828125, 1.0], [161.2074432373047, 131.8423614501953, 1.0]], "is_left": 0}