{"hand_pts": [[320.21270751953125, 327.4340515136719, 1.0], [295.0421142578125, 270.4409484863281, 1.0], [300.83770751953125, 227.0469512939453, 1.0], [252.3271942138672, 193.8920440673828, 1.0], [195.318359375, 188.13648986816406, 1.0], [263.8354187011719, 161.38670349121094, 1.0], [211.65267944335938, 106.79672241210938, 1.0], [173.51986694335938, 115.67155456542969, 1.0], [151.5891571044922, 151.6477508544922, 1.0], [241.97727966308594, 178.28126525878906, 1.0], [168.4715576171875, 127.44004821777344, 1.0], [134.53677368164062, 142.29945373535156, 1.0], [120.30099487304688, 175.23989868164062, 1.0], [222.16006469726562, 198.17372131347656, 1.0], [142.479248046875, 164.80406188964844, 1.0], [120.15187072753906, 189.6735382080078, 1.0], [124.49105834960938, 225.75413513183594, 1.0], [207.5292205810547, 226.6504669189453, 1.0], [150.1811981201172, 213.64732360839844, 1.0], [125.33232879638672, 225.37391662597656, 1.0], [133.05227661132812, 250.1089630126953, 1.0]], "is_left": 0}