{"hand_pts": [[140.11630249023438, 268.56256103515625, 1.0], [169.02833557128906, 272.2743835449219, 1.0], [200.30294799804688, 297.859375, 1.0], [235.04306030273438, 277.5953369140625, 1.0], [246.1255645751953, 230.88345336914062, 1.0], [116.57910919189453, 212.3988037109375, 1.0], [168.13990783691406, 188.24746704101562, 1.0], [213.5369110107422, 192.57989501953125, 1.0], [245.12960815429688, 207.25872802734375, 1.0], [109.86414337158203, 180.0626220703125, 1.0], [174.7655487060547, 156.42352294921875, 1.0], [215.99085998535156, 183.96804809570312, 1.0], [221.0848388671875, 216.3701171875, 1.0], [113.00239562988281, 157.11709594726562, 1.0], [127.92176818847656, 100.24722290039062, 1.0], [173.0614776611328, 99.34322357177734, 1.0], [206.83786010742188, 129.1047821044922, 1.0], [120.63270568847656, 141.93092346191406, 1.0], [172.3822784423828, 125.08927154541016, 1.0], [205.2466278076172, 144.6788787841797, 1.0], [223.92884826660156, 178.1361541748047, 1.0]], "is_left": 0}