{"hand_pts": [[128.14244079589844, 227.18887329101562, 1.0], [178.0809783935547, 194.167236328125, 1.0], [211.69903564453125, 160.5846710205078, 1.0], [212.218994140625, 154.35601806640625, 1.0], [199.74827575683594, 161.6230926513672, 1.0], [230.2063751220703, 217.00770568847656, 1.0], [262.1114807128906, 215.4121551513672, 1.0], [257.7795715332031, 190.7901153564453, 1.0], [256.5011291503906, 170.3437957763672, 1.0], [197.4493865966797, 225.9540557861328, 1.0], [201.6894073486328, 191.49876403808594, 1.0], [185.78346252441406, 155.33058166503906, 1.0], [168.66574096679688, 136.8306884765625, 1.0], [167.46177673339844, 227.8712158203125, 1.0], [188.33319091796875, 201.71533203125, 1.0], [192.99771118164062, 176.76779174804688, 1.0], [189.8716278076172, 146.1243133544922, 1.0], [134.72169494628906, 227.7949981689453, 1.0], [100.18489074707031, 198.3134002685547, 1.0], [76.04359436035156, 174.02838134765625, 1.0], [57.24406051635742, 149.6809539794922, 1.0]], "is_left": 0}