{"hand_pts": [[115.83349609375, 269.3054504394531, 1.0], [181.62669372558594, 258.59381103515625, 1.0], [240.95831298828125, 266.0329284667969, 1.0], [273.6364440917969, 240.83250427246094, 1.0], [280.2490234375, 202.502197265625, 1.0], [178.18344116210938, 253.05030822753906, 1.0], [209.63201904296875, 229.86862182617188, 1.0], [234.2064208984375, 198.6910400390625, 1.0], [256.078857421875, 165.26470947265625, 1.0], [140.59754943847656, 229.37127685546875, 1.0], [172.57052612304688, 191.33761596679688, 1.0], [204.95411682128906, 158.12338256835938, 1.0], [235.9892578125, 128.74942016601562, 1.0], [114.37223052978516, 206.78762817382812, 1.0], [137.03428649902344, 160.7442169189453, 1.0], [164.366455078125, 129.06031799316406, 1.0], [192.76182556152344, 104.14747619628906, 1.0], [90.36901092529297, 186.8941192626953, 1.0], [99.00525665283203, 146.024658203125, 1.0], [119.85517883300781, 118.30452728271484, 1.0], [149.02395629882812, 99.71759033203125, 1.0]], "is_left": 0,"label":5}