{"hand_pts": [[329.0497741699219, 136.48147583007812, 1.0], [300.73681640625, 189.0143280029297, 1.0], [284.57366943359375, 226.6763458251953, 1.0], [238.30613708496094, 230.28443908691406, 1.0], [193.95150756835938, 227.19557189941406, 1.0], [224.02256774902344, 234.74720764160156, 1.0], [178.5419921875, 248.84996032714844, 1.0], [193.87747192382812, 223.0143280029297, 1.0], [200.50582885742188, 200.36866760253906, 1.0], [209.18736267089844, 197.86045837402344, 1.0], [139.3270721435547, 209.961181640625, 1.0], [122.33773040771484, 204.59922790527344, 1.0], [105.39078521728516, 200.14064025878906, 1.0], [200.47048950195312, 164.75367736816406, 1.0], [130.74110412597656, 171.47573852539062, 1.0], [145.83645629882812, 164.1482696533203, 1.0], [171.16770935058594, 158.02691650390625, 1.0], [200.19227600097656, 129.62850952148438, 1.0], [166.08900451660156, 108.26056671142578, 1.0], [151.91790771484375, 93.91349792480469, 1.0], [170.28492736816406, 91.59603118896484, 1.0]], "is_left": 0}