{"hand_pts": [[278.86370849609375, 340.88427734375, 1.0], [277.8769226074219, 267.53997802734375, 1.0], [297.14739990234375, 216.37930297851562, 1.0], [302.833984375, 164.91893005371094, 1.0], [288.294189453125, 119.14420318603516, 1.0], [192.78306579589844, 219.3390655517578, 1.0], [214.2745819091797, 159.13035583496094, 1.0], [250.16162109375, 150.12213134765625, 1.0], [281.5080261230469, 171.10916137695312, 1.0], [173.3548126220703, 235.04275512695312, 1.0], [117.44458770751953, 179.07151794433594, 1.0], [120.0290756225586, 132.63204956054688, 1.0], [147.97886657714844, 106.5765609741211, 1.0], [164.3111114501953, 246.1339569091797, 1.0], [121.11216735839844, 179.80096435546875, 1.0], [109.57532501220703, 137.77488708496094, 1.0], [130.69775390625, 106.14892578125, 1.0], [164.05007934570312, 261.6176452636719, 1.0], [122.85421752929688, 234.27276611328125, 1.0], [96.72631072998047, 212.1211700439453, 1.0], [117.08223724365234, 181.2795867919922, 1.0]], "is_left": 0}