{"hand_pts": [[163.56393432617188, 102.73473358154297, 1.0], [122.398681640625, 138.75636291503906, 1.0], [85.93920135498047, 182.89056396484375, 1.0], [63.29307174682617, 216.4994354248047, 1.0], [81.33679962158203, 209.45716857910156, 1.0], [174.41358947753906, 200.22711181640625, 1.0], [184.30958557128906, 252.43544006347656, 1.0], [165.16636657714844, 238.18153381347656, 1.0], [146.6781463623047, 217.32562255859375, 1.0], [208.0685577392578, 177.5768280029297, 1.0], [188.7327880859375, 194.70123291015625, 1.0], [146.14913940429688, 170.28912353515625, 1.0], [115.34395599365234, 142.83714294433594, 1.0], [228.1982879638672, 154.88795471191406, 1.0], [265.1841735839844, 189.18861389160156, 1.0], [249.65301513671875, 190.7987823486328, 1.0], [240.34259033203125, 195.51939392089844, 1.0], [241.65008544921875, 128.4478759765625, 1.0], [258.19287109375, 145.21165466308594, 1.0], [256.44598388671875, 152.89724731445312, 1.0], [251.20751953125, 161.8261260986328, 1.0]], "is_left": 0}