{"hand_pts": [[219.6309814453125, 200.21591186523438, 1.0], [189.59922790527344, 153.4336700439453, 1.0], [151.5220947265625, 122.05731964111328, 1.0], [158.07168579101562, 86.7019271850586, 1.0], [193.27447509765625, 93.15968322753906, 1.0], [148.45828247070312, 201.79806518554688, 1.0], [156.7916259765625, 154.574462890625, 1.0], [181.4669189453125, 122.28682708740234, 1.0], [203.66302490234375, 102.55834197998047, 1.0], [172.2421112060547, 230.5249786376953, 1.0], [172.7495574951172, 175.30296325683594, 1.0], [183.95301818847656, 124.05268096923828, 1.0], [191.64959716796875, 80.28083038330078, 1.0], [195.199462890625, 245.3710174560547, 1.0], [167.0056915283203, 265.1166076660156, 1.0], [156.09576416015625, 254.5283203125, 1.0], [163.67874145507812, 205.03738403320312, 1.0], [220.2748565673828, 254.03610229492188, 1.0], [225.85792541503906, 273.829345703125, 1.0], [230.38751220703125, 277.25830078125, 1.0], [232.4026641845703, 247.64134216308594, 1.0]], "is_left": 0}