{"hand_pts": [[166.24525451660156, 107.31816101074219, 1.0], [173.81085205078125, 173.06695556640625, 1.0], [172.51820373535156, 231.61448669433594, 1.0], [182.0641632080078, 269.37158203125, 1.0], [196.2893524169922, 286.83599853515625, 1.0], [130.4998016357422, 184.5849609375, 1.0], [140.49734497070312, 217.5067596435547, 1.0], [165.386474609375, 237.9192657470703, 1.0], [194.03057861328125, 255.3057098388672, 1.0], [139.78573608398438, 147.07565307617188, 1.0], [166.07054138183594, 179.19850158691406, 1.0], [207.09780883789062, 201.75131225585938, 1.0], [245.6792449951172, 220.91342163085938, 1.0], [153.89520263671875, 119.410888671875, 1.0], [164.29104614257812, 138.60931396484375, 1.0], [194.63526916503906, 160.33831787109375, 1.0], [228.31182861328125, 182.2681121826172, 1.0], [170.63339233398438, 92.80355072021484, 1.0], [194.01341247558594, 101.57562255859375, 1.0], [221.94488525390625, 119.27033996582031, 1.0], [250.5533447265625, 141.7344970703125, 1.0]], "is_left": 0}