{"hand_pts": [[330.7342529296875, 196.2142333984375, 1.0], [308.6700744628906, 153.67236328125, 1.0], [299.15948486328125, 113.84559631347656, 1.0], [260.4549255371094, 104.9366455078125, 1.0], [216.5493927001953, 118.6402816772461, 1.0], [230.88577270507812, 180.98712158203125, 1.0], [187.1787872314453, 169.6661834716797, 1.0], [165.5482177734375, 154.29190063476562, 1.0], [144.90060424804688, 139.84188842773438, 1.0], [216.08123779296875, 208.09828186035156, 1.0], [163.60836791992188, 195.65980529785156, 1.0], [139.46336364746094, 177.27728271484375, 1.0], [117.86666870117188, 159.2942657470703, 1.0], [207.82777404785156, 225.18309020996094, 1.0], [152.4368438720703, 220.24790954589844, 1.0], [130.04238891601562, 205.4119110107422, 1.0], [114.12071228027344, 186.14418029785156, 1.0], [207.4571533203125, 238.67691040039062, 1.0], [165.24620056152344, 244.6600799560547, 1.0], [141.2123565673828, 239.47332763671875, 1.0], [127.80854797363281, 221.377685546875, 1.0]], "is_left": 0}