{"hand_pts": [[23.56539535522461, 137.30577087402344, 1.0], [95.23591613769531, 130.19932556152344, 1.0], [142.07611083984375, 101.86247253417969, 1.0], [192.00648498535156, 114.73931884765625, 1.0], [210.38522338867188, 151.24769592285156, 1.0], [164.97987365722656, 137.95066833496094, 1.0], [227.5371551513672, 156.31124877929688, 1.0], [256.6316223144531, 175.53399658203125, 1.0], [256.8139953613281, 192.0369415283203, 1.0], [147.6310577392578, 163.57431030273438, 1.0], [216.4398651123047, 194.50865173339844, 1.0], [241.61700439453125, 210.3106231689453, 1.0], [263.99078369140625, 224.46568298339844, 1.0], [132.64097595214844, 185.57687377929688, 1.0], [199.9568328857422, 215.8257293701172, 1.0], [203.66197204589844, 221.93435668945312, 1.0], [191.278076171875, 219.0667266845703, 1.0], [111.76473999023438, 204.81285095214844, 1.0], [142.01780700683594, 231.38916015625, 1.0], [142.80526733398438, 234.04547119140625, 1.0], [132.09756469726562, 225.1200714111328, 1.0]], "is_left": 0}