{"hand_pts": [[36.91437911987305, 143.16763305664062, 1.0], [107.50995635986328, 128.7650909423828, 1.0], [159.0716094970703, 99.9451675415039, 1.0], [209.99278259277344, 101.9396743774414, 1.0], [251.43710327148438, 122.56367492675781, 1.0], [177.53594970703125, 132.94479370117188, 1.0], [242.27484130859375, 146.1161651611328, 1.0], [268.13134765625, 164.84494018554688, 1.0], [253.026611328125, 181.67298889160156, 1.0], [156.12680053710938, 165.96592712402344, 1.0], [212.2518310546875, 204.67916870117188, 1.0], [196.2874755859375, 208.2040557861328, 1.0], [172.1840362548828, 204.17306518554688, 1.0], [137.89224243164062, 193.89022827148438, 1.0], [201.88719177246094, 220.43023681640625, 1.0], [208.11285400390625, 228.75318908691406, 1.0], [202.20364379882812, 230.0094757080078, 1.0], [114.38639068603516, 218.48390197753906, 1.0], [132.1188507080078, 252.04638671875, 1.0], [119.81452941894531, 244.37362670898438, 1.0], [100.14456939697266, 218.07537841796875, 1.0]], "is_left": 0}