{"hand_pts": [[137.0682830810547, 123.80716705322266, 1.0], [160.699951171875, 185.28204345703125, 1.0], [186.39588928222656, 243.76702880859375, 1.0], [221.47406005859375, 279.6114501953125, 1.0], [254.470947265625, 272.209228515625, 1.0], [112.68390655517578, 189.6498565673828, 1.0], [126.0783920288086, 224.12571716308594, 1.0], [167.7178497314453, 243.4315948486328, 1.0], [208.68734741210938, 260.6490173339844, 1.0], [120.03150177001953, 149.9727783203125, 1.0], [146.03282165527344, 181.25978088378906, 1.0], [190.57337951660156, 206.30259704589844, 1.0], [242.99143981933594, 228.20640563964844, 1.0], [134.76824951171875, 120.43789672851562, 1.0], [168.14276123046875, 142.15016174316406, 1.0], [217.31141662597656, 162.2943572998047, 1.0], [265.3052978515625, 181.3660888671875, 1.0], [152.40811157226562, 92.71479034423828, 1.0], [176.7613525390625, 89.6221694946289, 1.0], [206.44163513183594, 96.0016098022461, 1.0], [246.60426330566406, 118.11946105957031, 1.0]], "is_left": 0}