{"hand_pts": [[155.4610137939453, 151.79115295410156, 1.0], [167.6024627685547, 118.09988403320312, 1.0], [182.2913818359375, 87.0967788696289, 1.0], [196.20664978027344, 73.61992645263672, 1.0], [205.94265747070312, 97.11795806884766, 1.0], [134.49513244628906, 147.55194091796875, 1.0], [165.84564208984375, 138.30279541015625, 1.0], [201.7720947265625, 131.65859985351562, 1.0], [235.49551391601562, 126.98526000976562, 1.0], [143.29312133789062, 187.35145568847656, 1.0], [147.83566284179688, 193.04928588867188, 1.0], [166.5999298095703, 189.7906494140625, 1.0], [175.65640258789062, 190.55340576171875, 1.0], [156.35850524902344, 216.13136291503906, 1.0], [187.0658416748047, 255.03749084472656, 1.0], [221.62449645996094, 260.7536926269531, 1.0], [256.6669921875, 253.3244171142578, 1.0], [170.98326110839844, 239.14886474609375, 1.0], [179.01817321777344, 274.5460510253906, 1.0], [202.5581817626953, 265.6827087402344, 1.0], [203.1691131591797, 234.94839477539062, 1.0]], "is_left": 0}