{"hand_pts": [[70.19454193115234, 314.4020690917969, 1.0], [94.21522521972656, 260.910888671875, 1.0], [80.60870361328125, 220.71820068359375, 1.0], [101.03141021728516, 174.6871337890625, 1.0], [124.21351623535156, 149.15773010253906, 1.0], [209.00653076171875, 234.33279418945312, 1.0], [269.4302062988281, 195.93067932128906, 1.0], [267.40972900390625, 153.29244995117188, 1.0], [266.28472900390625, 112.3268814086914, 1.0], [212.25247192382812, 236.44093322753906, 1.0], [183.62396240234375, 161.18829345703125, 1.0], [127.8511962890625, 153.04891967773438, 1.0], [102.0941390991211, 192.76075744628906, 1.0], [206.1755828857422, 234.54708862304688, 1.0], [267.7413024902344, 182.33082580566406, 1.0], [227.4440155029297, 159.64682006835938, 1.0], [180.1400604248047, 157.86300659179688, 1.0], [190.00021362304688, 235.71719360351562, 1.0], [210.61795043945312, 188.602294921875, 1.0], [199.16403198242188, 155.90452575683594, 1.0], [160.5783233642578, 162.60475158691406, 1.0]], "is_left": 0,"label":2}