{"hand_pts": [[285.2106018066406, 131.69546508789062, 1.0], [234.45510864257812, 106.92892456054688, 1.0], [223.14755249023438, 66.2774658203125, 1.0], [195.56312561035156, 47.281166076660156, 1.0], [154.6376953125, 72.00337982177734, 1.0], [222.3480682373047, 140.19651794433594, 1.0], [197.5204315185547, 168.78343200683594, 1.0], [165.42518615722656, 188.5753936767578, 1.0], [135.2845458984375, 193.40357971191406, 1.0], [228.9873809814453, 178.1571044921875, 1.0], [180.0856170654297, 215.86581420898438, 1.0], [141.71217346191406, 233.7879638671875, 1.0], [104.35897827148438, 248.7389678955078, 1.0], [230.15345764160156, 206.47259521484375, 1.0], [175.70950317382812, 245.86891174316406, 1.0], [148.44601440429688, 234.53652954101562, 1.0], [134.66244506835938, 214.28964233398438, 1.0], [232.73841857910156, 229.1698455810547, 1.0], [191.38038635253906, 251.07943725585938, 1.0], [181.73631286621094, 235.53948974609375, 1.0], [201.26280212402344, 203.978759765625, 1.0]], "is_left": 0,"label":5}