{"hand_pts": [[61.393638610839844, 291.8106994628906, 1.0], [124.58072662353516, 283.694580078125, 1.0], [177.35748291015625, 281.9390563964844, 1.0], [220.5064239501953, 267.4674377441406, 1.0], [256.3232727050781, 247.1665802001953, 1.0], [168.39614868164062, 225.6792755126953, 1.0], [215.58265686035156, 198.79989624023438, 1.0], [245.82615661621094, 180.5197296142578, 1.0], [273.8828430175781, 162.41412353515625, 1.0], [140.65228271484375, 207.1605224609375, 1.0], [190.67294311523438, 168.0939178466797, 1.0], [224.39840698242188, 146.3133544921875, 1.0], [253.9500274658203, 125.2099838256836, 1.0], [118.00559997558594, 195.2099609375, 1.0], [161.2949981689453, 151.6035614013672, 1.0], [189.04534912109375, 131.35055541992188, 1.0], [216.04946899414062, 112.80708312988281, 1.0], [92.70679473876953, 189.8390350341797, 1.0], [117.07653045654297, 156.2059783935547, 1.0], [136.2968292236328, 134.87449645996094, 1.0], [159.93023681640625, 116.5447998046875, 1.0]], "is_left": 0}