{"hand_pts": [[58.650489807128906, 199.3071746826172, 1.0], [120.32234954833984, 167.73861694335938, 1.0], [171.15597534179688, 140.31936645507812, 1.0], [208.0732421875, 121.85626983642578, 1.0], [225.48582458496094, 114.99408721923828, 1.0], [188.89158630371094, 212.3345184326172, 1.0], [238.67918395996094, 202.75732421875, 1.0], [255.9726104736328, 178.91082763671875, 1.0], [263.9228820800781, 150.451171875, 1.0], [158.73602294921875, 224.37721252441406, 1.0], [210.21075439453125, 215.65086364746094, 1.0], [227.15472412109375, 184.43153381347656, 1.0], [234.72015380859375, 148.01136779785156, 1.0], [131.32318115234375, 226.82699584960938, 1.0], [173.5542449951172, 221.93389892578125, 1.0], [185.24725341796875, 192.86204528808594, 1.0], [189.89381408691406, 157.84292602539062, 1.0], [99.74176025390625, 225.1581573486328, 1.0], [116.78006744384766, 216.23789978027344, 1.0], [125.04148864746094, 192.6874542236328, 1.0], [130.2852020263672, 159.92909240722656, 1.0]], "is_left": 0}