{"hand_pts": [[208.45863342285156, 36.19992446899414, 1.0], [200.74989318847656, 75.4466781616211, 1.0], [221.71121215820312, 90.8592300415039, 1.0], [232.04124450683594, 114.54204559326172, 1.0], [236.2169647216797, 142.4892120361328, 1.0], [262.94158935546875, 170.89102172851562, 1.0], [269.2227783203125, 236.2798614501953, 1.0], [227.32122802734375, 256.3271484375, 1.0], [176.2122802734375, 244.3780517578125, 1.0], [251.9256591796875, 181.92530822753906, 1.0], [167.2157440185547, 213.39471435546875, 1.0], [110.99052429199219, 187.4175567626953, 1.0], [74.98970794677734, 145.6070556640625, 1.0], [233.68997192382812, 186.5614013671875, 1.0], [173.9958953857422, 246.1157684326172, 1.0], [128.03558349609375, 268.82623291015625, 1.0], [81.01499938964844, 248.2078857421875, 1.0], [210.89566040039062, 181.3632049560547, 1.0], [145.3522186279297, 193.6090545654297, 1.0], [127.4858627319336, 157.4514617919922, 1.0], [151.1864776611328, 123.31110382080078, 1.0]], "is_left": 0}