{"hand_pts": [[117.58731079101562, 261.3307189941406, 1.0], [102.33763122558594, 257.7004089355469, 1.0], [77.47884368896484, 269.17974853515625, 1.0], [83.4282455444336, 270.3849182128906, 1.0], [118.5846176147461, 260.5107727050781, 1.0], [129.6324462890625, 171.85256958007812, 1.0], [131.13160705566406, 133.3444366455078, 1.0], [138.7387237548828, 119.61820983886719, 1.0], [149.73912048339844, 112.43771362304688, 1.0], [167.36512756347656, 164.35325622558594, 1.0], [203.9867706298828, 146.8751983642578, 1.0], [215.3979949951172, 176.16807556152344, 1.0], [213.17022705078125, 218.4552764892578, 1.0], [197.5052947998047, 166.4355010986328, 1.0], [234.34681701660156, 151.83840942382812, 1.0], [245.68875122070312, 173.74830627441406, 1.0], [242.36917114257812, 211.2586212158203, 1.0], [222.43814086914062, 176.58265686035156, 1.0], [256.82940673828125, 165.5018768310547, 1.0], [276.9813537597656, 166.9928741455078, 1.0], [279.1915283203125, 191.14649963378906, 1.0]], "is_left": 0}