{"hand_pts": [[68.45979309082031, 79.2686996459961, 1.0], [66.12569427490234, 126.11287689208984, 1.0], [60.34015655517578, 115.68731689453125, 1.0], [94.07156372070312, 157.00897216796875, 1.0], [124.27017211914062, 195.16915893554688, 1.0], [146.40235900878906, 131.3590850830078, 1.0], [167.5255584716797, 191.10870361328125, 1.0], [168.6251678466797, 235.56373596191406, 1.0], [175.90113830566406, 276.3923034667969, 1.0], [171.51165771484375, 131.7596893310547, 1.0], [219.59202575683594, 164.9461212158203, 1.0], [221.92971801757812, 211.1787567138672, 1.0], [210.49098205566406, 255.93438720703125, 1.0], [185.7247314453125, 137.35354614257812, 1.0], [252.2286834716797, 172.9138946533203, 1.0], [253.25201416015625, 218.27810668945312, 1.0], [216.8108367919922, 239.78106689453125, 1.0], [191.0594482421875, 141.5694122314453, 1.0], [236.22772216796875, 164.10350036621094, 1.0], [249.7272491455078, 195.96202087402344, 1.0], [216.55181884765625, 214.4440155029297, 1.0]], "is_left": 0}