{"hand_pts": [[245.18247985839844, 279.8253173828125, 1.0], [204.77708435058594, 205.2246551513672, 1.0], [186.88198852539062, 131.7679443359375, 1.0], [144.52247619628906, 104.19641876220703, 1.0], [113.15423583984375, 126.62142944335938, 1.0], [239.6276092529297, 141.76173400878906, 1.0], [193.91610717773438, 116.37495422363281, 1.0], [152.2136993408203, 129.9208984375, 1.0], [131.49777221679688, 160.86630249023438, 1.0], [250.1199188232422, 183.797607421875, 1.0], [197.61634826660156, 158.6061553955078, 1.0], [156.4025421142578, 174.12147521972656, 1.0], [154.5287628173828, 193.83799743652344, 1.0], [251.08392333984375, 219.0199737548828, 1.0], [206.91416931152344, 200.7849884033203, 1.0], [169.44308471679688, 210.73631286621094, 1.0], [152.0078582763672, 223.19290161132812, 1.0], [249.1189422607422, 256.46978759765625, 1.0], [217.13873291015625, 258.0484313964844, 1.0], [182.7423095703125, 259.7555236816406, 1.0], [172.98150634765625, 258.3527526855469, 1.0]], "is_left": 0}