{"hand_pts": [[92.9986572265625, 171.69436645507812, 1.0], [100.50182342529297, 212.9312744140625, 1.0], [85.64230346679688, 241.74525451660156, 1.0], [122.50306701660156, 224.82516479492188, 1.0], [161.19728088378906, 192.78623962402344, 1.0], [195.90005493164062, 239.321533203125, 1.0], [255.74085998535156, 248.8894805908203, 1.0], [274.7064208984375, 242.86813354492188, 1.0], [272.9579162597656, 229.03231811523438, 1.0], [212.7258758544922, 203.46636962890625, 1.0], [202.7738494873047, 204.2991180419922, 1.0], [154.4900665283203, 196.69656372070312, 1.0], [109.67625427246094, 190.09034729003906, 1.0], [218.88340759277344, 172.9423828125, 1.0], [211.96234130859375, 138.46975708007812, 1.0], [186.68478393554688, 119.041259765625, 1.0], [146.21630859375, 124.36559295654297, 1.0], [215.23480224609375, 142.73049926757812, 1.0], [205.31375122070312, 126.0169448852539, 1.0], [180.828369140625, 117.66506958007812, 1.0], [141.60447692871094, 123.13511657714844, 1.0]], "is_left": 0}