{"hand_pts": [[232.776123046875, 168.19998168945312, 1.0], [214.496337890625, 125.52249908447266, 1.0], [228.01693725585938, 82.05316925048828, 1.0], [166.3899383544922, 72.16141510009766, 1.0], [139.0206298828125, 104.83308410644531, 1.0], [260.5312194824219, 174.26828002929688, 1.0], [184.6155242919922, 154.78794860839844, 1.0], [166.13377380371094, 141.43814086914062, 1.0], [205.29962158203125, 150.3167266845703, 1.0], [250.49465942382812, 215.42706298828125, 1.0], [156.6897430419922, 203.7598114013672, 1.0], [146.25204467773438, 177.00648498535156, 1.0], [197.96102905273438, 177.26296997070312, 1.0], [234.07810974121094, 243.1097412109375, 1.0], [143.2188262939453, 242.29541015625, 1.0], [138.74603271484375, 215.8397674560547, 1.0], [189.83905029296875, 213.62257385253906, 1.0], [214.9766387939453, 264.1821594238281, 1.0], [152.64974975585938, 270.9159240722656, 1.0], [144.5734405517578, 241.8538055419922, 1.0], [190.88546752929688, 236.87158203125, 1.0]], "is_left": 0}