{"hand_pts": [[118.1280517578125, 325.23724365234375, 1.0], [165.12332153320312, 260.28619384765625, 1.0], [199.86965942382812, 213.5641326904297, 1.0], [240.04701232910156, 178.08029174804688, 1.0], [272.889892578125, 154.31442260742188, 1.0], [134.690673828125, 172.0331573486328, 1.0], [163.9650421142578, 117.34198760986328, 1.0], [205.42535400390625, 123.6355209350586, 1.0], [244.8095245361328, 125.70303344726562, 1.0], [118.13954162597656, 193.80604553222656, 1.0], [161.9153594970703, 128.58404541015625, 1.0], [206.6454315185547, 104.57398223876953, 1.0], [253.1483917236328, 112.77957916259766, 1.0], [112.13935852050781, 215.2482147216797, 1.0], [177.29153442382812, 217.15084838867188, 1.0], [192.14483642578125, 251.63131713867188, 1.0], [211.42738342285156, 284.9078369140625, 1.0], [109.28055572509766, 243.5543975830078, 1.0], [136.73089599609375, 219.98561096191406, 1.0], [169.14242553710938, 210.8579864501953, 1.0], [204.34092712402344, 199.84234619140625, 1.0]], "is_left": 0}