{"hand_pts": [[31.229841232299805, 203.84739685058594, 1.0], [82.53945922851562, 231.9197235107422, 1.0], [125.57240295410156, 264.6463623046875, 1.0], [175.3316192626953, 270.10443115234375, 1.0], [215.2740936279297, 245.38436889648438, 1.0], [170.21554565429688, 218.76971435546875, 1.0], [234.3252410888672, 226.9739532470703, 1.0], [256.52166748046875, 218.7291717529297, 1.0], [277.02496337890625, 209.07444763183594, 1.0], [160.59713745117188, 182.5907440185547, 1.0], [189.43601989746094, 189.05567932128906, 1.0], [153.00286865234375, 201.1314239501953, 1.0], [118.42659759521484, 212.54464721679688, 1.0], [149.18289184570312, 154.4856414794922, 1.0], [216.5423126220703, 137.54013061523438, 1.0], [231.5184326171875, 135.09165954589844, 1.0], [228.826416015625, 138.54718017578125, 1.0], [130.3946533203125, 130.3641357421875, 1.0], [162.55604553222656, 97.13358306884766, 1.0], [181.9268035888672, 91.69609832763672, 1.0], [168.30490112304688, 116.90572357177734, 1.0]], "is_left": 0}