{"hand_pts": [[56.2825927734375, 191.85482788085938, 1.0], [72.4394760131836, 157.6800994873047, 1.0], [77.52845001220703, 116.16261291503906, 1.0], [127.74993896484375, 126.15180206298828, 1.0], [166.4077911376953, 157.72698974609375, 1.0], [182.8220977783203, 140.95310974121094, 1.0], [235.2057647705078, 144.32174682617188, 1.0], [221.1324005126953, 158.62554931640625, 1.0], [197.4351806640625, 173.59909057617188, 1.0], [202.21511840820312, 171.40225219726562, 1.0], [254.1551513671875, 181.42050170898438, 1.0], [206.01614379882812, 187.33363342285156, 1.0], [158.9685821533203, 183.74771118164062, 1.0], [210.173583984375, 197.0062255859375, 1.0], [206.78761291503906, 223.41928100585938, 1.0], [159.677490234375, 221.64739990234375, 1.0], [129.9735107421875, 209.66322326660156, 1.0], [207.1777801513672, 221.98324584960938, 1.0], [237.18392944335938, 235.7175750732422, 1.0], [226.24522399902344, 240.09169006347656, 1.0], [184.2706298828125, 231.07301330566406, 1.0]], "is_left": 0}