{"hand_pts": [[18.50360870361328, 246.67527770996094, 1.0], [71.08641815185547, 166.98324584960938, 1.0], [82.29114532470703, 89.56071472167969, 1.0], [146.4985809326172, 81.66767120361328, 1.0], [167.84011840820312, 137.51223754882812, 1.0], [154.60110473632812, 135.5658721923828, 1.0], [233.8379364013672, 111.08345031738281, 1.0], [232.1858673095703, 121.90472412109375, 1.0], [188.79725646972656, 143.6214599609375, 1.0], [168.7499237060547, 187.95468139648438, 1.0], [254.48167419433594, 169.96385192871094, 1.0], [224.21836853027344, 173.4975128173828, 1.0], [166.7899932861328, 180.96231079101562, 1.0], [179.11265563964844, 228.90322875976562, 1.0], [255.9934539794922, 223.75291442871094, 1.0], [224.0324249267578, 224.336669921875, 1.0], [172.4319305419922, 223.16122436523438, 1.0], [179.81265258789062, 268.70208740234375, 1.0], [222.33340454101562, 280.0209655761719, 1.0], [191.77151489257812, 272.2413330078125, 1.0], [149.32337951660156, 259.2938537597656, 1.0]], "is_left": 0}