{"hand_pts": [[56.06339645385742, 178.4744110107422, 1.0], [102.53289031982422, 226.1719207763672, 1.0], [115.39601135253906, 274.2080383300781, 1.0], [164.9632110595703, 286.0586242675781, 1.0], [178.8258514404297, 254.53402709960938, 1.0], [152.5093231201172, 174.4165802001953, 1.0], [207.6955108642578, 210.07920837402344, 1.0], [199.14463806152344, 232.6193084716797, 1.0], [166.82009887695312, 234.9451446533203, 1.0], [159.75135803222656, 136.9017333984375, 1.0], [237.53323364257812, 152.81533813476562, 1.0], [237.4455108642578, 193.7672882080078, 1.0], [195.41940307617188, 207.0692901611328, 1.0], [166.7470703125, 113.23634338378906, 1.0], [228.7589569091797, 140.6403350830078, 1.0], [208.20704650878906, 170.8963623046875, 1.0], [166.41116333007812, 172.79319763183594, 1.0], [168.03085327148438, 95.93537139892578, 1.0], [212.82379150390625, 97.26994323730469, 1.0], [204.62245178222656, 132.42654418945312, 1.0], [170.3330078125, 139.6399688720703, 1.0]], "is_left": 0}