{"hand_pts": [[129.0214080810547, 38.748905181884766, 1.0], [193.2263946533203, 94.28173065185547, 1.0], [253.32794189453125, 130.90597534179688, 1.0], [264.2259216308594, 176.92965698242188, 1.0], [234.75648498535156, 201.49595642089844, 1.0], [209.2941436767578, 122.6299819946289, 1.0], [231.900634765625, 175.6010284423828, 1.0], [237.10055541992188, 217.84719848632812, 1.0], [239.1345977783203, 255.5417938232422, 1.0], [166.2788848876953, 120.77678680419922, 1.0], [191.87615966796875, 204.79962158203125, 1.0], [207.7038116455078, 250.5974578857422, 1.0], [214.71932983398438, 260.5239562988281, 1.0], [132.95677185058594, 122.97294616699219, 1.0], [146.41656494140625, 203.46498107910156, 1.0], [155.7906494140625, 227.19464111328125, 1.0], [161.22314453125, 211.2431182861328, 1.0], [100.94002532958984, 121.77701568603516, 1.0], [95.4507827758789, 164.68702697753906, 1.0], [109.57653045654297, 201.6167755126953, 1.0], [132.94932556152344, 213.8291015625, 1.0]], "is_left": 0}