{"hand_pts": [[292.9297180175781, 222.22122192382812, 1.0], [225.48095703125, 205.4306182861328, 1.0], [169.34190368652344, 191.68865966796875, 1.0], [125.75617218017578, 186.2034912109375, 1.0], [93.78742218017578, 185.12420654296875, 1.0], [213.97850036621094, 162.6954345703125, 1.0], [173.2102508544922, 142.11129760742188, 1.0], [139.6379852294922, 140.91397094726562, 1.0], [107.12240600585938, 142.92147827148438, 1.0], [237.1289825439453, 182.00262451171875, 1.0], [198.28517150878906, 158.88046264648438, 1.0], [161.14956665039062, 156.731689453125, 1.0], [124.79183197021484, 157.41770935058594, 1.0], [251.3012237548828, 202.20899963378906, 1.0], [215.77493286132812, 186.66725158691406, 1.0], [179.8256378173828, 192.0225830078125, 1.0], [143.552001953125, 199.5728759765625, 1.0], [265.656494140625, 224.5060272216797, 1.0], [239.70895385742188, 225.8936004638672, 1.0], [213.42845153808594, 231.52867126464844, 1.0], [179.6783905029297, 240.07215881347656, 1.0]], "is_left": 0}