{"hand_pts": [[-1.0294935703277588, 211.3942413330078, 1.0], [59.58572006225586, 180.43325805664062, 1.0], [87.12906646728516, 138.76280212402344, 1.0], [141.7760009765625, 129.87124633789062, 1.0], [189.92893981933594, 153.62359619140625, 1.0], [127.45658874511719, 135.99868774414062, 1.0], [197.55484008789062, 128.2373046875, 1.0], [231.87779235839844, 144.53994750976562, 1.0], [254.72096252441406, 167.67906188964844, 1.0], [129.0043487548828, 164.6938934326172, 1.0], [215.58677673339844, 156.71902465820312, 1.0], [247.36160278320312, 175.45997619628906, 1.0], [245.8134002685547, 197.09500122070312, 1.0], [130.55540466308594, 192.14414978027344, 1.0], [214.90182495117188, 200.80369567871094, 1.0], [244.7771759033203, 218.5032196044922, 1.0], [246.31411743164062, 234.8662109375, 1.0], [124.98855590820312, 221.3457794189453, 1.0], [180.2552490234375, 241.07562255859375, 1.0], [203.07308959960938, 256.06243896484375, 1.0], [193.66262817382812, 260.6397705078125, 1.0]], "is_left": 0}