{"hand_pts": [[56.873409271240234, 269.45758056640625, 1.0], [111.31248474121094, 263.7086486816406, 1.0], [144.14501953125, 278.31219482421875, 1.0], [191.98753356933594, 249.7136993408203, 1.0], [224.85244750976562, 216.95664978027344, 1.0], [128.46771240234375, 210.74234008789062, 1.0], [182.03138732910156, 182.9739990234375, 1.0], [225.15174865722656, 169.81564331054688, 1.0], [257.67059326171875, 169.6424102783203, 1.0], [120.83085632324219, 190.39395141601562, 1.0], [199.83059692382812, 173.87342834472656, 1.0], [242.3531494140625, 178.75152587890625, 1.0], [279.97003173828125, 187.0630340576172, 1.0], [118.71731567382812, 176.28758239746094, 1.0], [193.00425720214844, 152.75521850585938, 1.0], [184.63140869140625, 181.4005889892578, 1.0], [160.1172332763672, 211.6545867919922, 1.0], [114.67078399658203, 168.46047973632812, 1.0], [154.19741821289062, 132.0982666015625, 1.0], [189.20274353027344, 112.59519958496094, 1.0], [228.0415496826172, 92.7547836303711, 1.0]], "is_left": 0}