{"hand_pts": [[240.6511993408203, 291.0338439941406, 1.0], [181.7026824951172, 263.5029602050781, 1.0], [125.5610580444336, 269.5002746582031, 1.0], [93.2870864868164, 247.87515258789062, 1.0], [74.0920639038086, 220.00221252441406, 1.0], [166.33541870117188, 232.8282928466797, 1.0], [151.5142364501953, 192.49668884277344, 1.0], [142.69007873535156, 160.24295043945312, 1.0], [135.85984802246094, 126.80557250976562, 1.0], [204.73773193359375, 221.61770629882812, 1.0], [179.02272033691406, 183.0417022705078, 1.0], [158.93185424804688, 154.8279266357422, 1.0], [136.50511169433594, 123.99006652832031, 1.0], [234.54159545898438, 211.1087646484375, 1.0], [239.73016357421875, 150.1549835205078, 1.0], [240.4724578857422, 124.70950317382812, 1.0], [238.82516479492188, 108.52167510986328, 1.0], [263.39996337890625, 204.8802490234375, 1.0], [257.6472473144531, 167.725830078125, 1.0], [238.88320922851562, 146.37570190429688, 1.0], [224.6723175048828, 158.29428100585938, 1.0]], "is_left": 0}