{"hand_pts": [[252.72103881835938, 61.8533935546875, 1.0], [231.24868774414062, 100.44242095947266, 1.0], [214.89190673828125, 105.03997802734375, 1.0], [176.89405822753906, 121.83590698242188, 1.0], [140.74827575683594, 138.44871520996094, 1.0], [237.8768310546875, 186.24835205078125, 1.0], [230.0183563232422, 243.266845703125, 1.0], [219.37091064453125, 278.05865478515625, 1.0], [204.10154724121094, 308.9554748535156, 1.0], [230.49932861328125, 185.0921173095703, 1.0], [167.60606384277344, 197.83070373535156, 1.0], [145.55667114257812, 165.0318145751953, 1.0], [136.90164184570312, 127.93450927734375, 1.0], [220.243896484375, 179.41012573242188, 1.0], [175.8411865234375, 225.77821350097656, 1.0], [144.42987060546875, 237.92755126953125, 1.0], [125.07972717285156, 215.1915283203125, 1.0], [210.453857421875, 165.7389678955078, 1.0], [171.56114196777344, 182.76968383789062, 1.0], [147.67323303222656, 173.6559295654297, 1.0], [140.17625427246094, 148.4576416015625, 1.0]], "is_left": 0}