{"hand_pts": [[121.92742156982422, 343.0443420410156, 1.0], [157.82701110839844, 268.9085693359375, 1.0], [193.98289489746094, 221.69076538085938, 1.0], [188.6204833984375, 159.88507080078125, 1.0], [162.12535095214844, 117.36221313476562, 1.0], [244.91448974609375, 222.95826721191406, 1.0], [278.0219421386719, 152.7370147705078, 1.0], [233.04232788085938, 130.683349609375, 1.0], [190.12103271484375, 155.2257080078125, 1.0], [219.69247436523438, 236.54705810546875, 1.0], [222.34422302246094, 159.54840087890625, 1.0], [179.51727294921875, 133.1505889892578, 1.0], [143.24478149414062, 134.59426879882812, 1.0], [192.19288635253906, 244.51226806640625, 1.0], [201.4752197265625, 181.24673461914062, 1.0], [168.5101776123047, 155.16552734375, 1.0], [141.260009765625, 153.6097869873047, 1.0], [159.4556884765625, 256.3922119140625, 1.0], [149.52386474609375, 202.96359252929688, 1.0], [126.84518432617188, 197.96266174316406, 1.0], [123.63172912597656, 229.35882568359375, 1.0]], "is_left": 0}