{"hand_pts": [[133.98968505859375, 310.123046875, 1.0], [103.31184387207031, 262.4469299316406, 1.0], [67.6395034790039, 244.04745483398438, 1.0], [112.56149291992188, 216.89114379882812, 1.0], [170.20518493652344, 208.04476928710938, 1.0], [124.3154296875, 190.7109832763672, 1.0], [135.1574249267578, 146.88571166992188, 1.0], [144.82395935058594, 155.5565185546875, 1.0], [154.2559356689453, 171.2462158203125, 1.0], [171.12429809570312, 198.40673828125, 1.0], [182.45291137695312, 145.49151611328125, 1.0], [179.457763671875, 146.0980224609375, 1.0], [170.64895629882812, 165.8571319580078, 1.0], [207.56454467773438, 207.16799926757812, 1.0], [236.999755859375, 150.77001953125, 1.0], [253.40805053710938, 117.89718627929688, 1.0], [253.60035705566406, 105.3100357055664, 1.0], [238.22711181640625, 222.01539611816406, 1.0], [257.9150085449219, 208.7145233154297, 1.0], [259.7118835449219, 210.31675720214844, 1.0], [240.99839782714844, 226.60238647460938, 1.0]], "is_left": 0}