{"hand_pts": [[150.551025390625, 170.0569610595703, 1.0], [194.53440856933594, 141.74212646484375, 1.0], [245.72091674804688, 108.99535369873047, 1.0], [294.8330993652344, 105.72997283935547, 1.0], [328.1634521484375, 130.82974243164062, 1.0], [157.7534942626953, 138.4680938720703, 1.0], [154.0767822265625, 134.18804931640625, 1.0], [190.80123901367188, 154.10580444335938, 1.0], [202.8416290283203, 163.40780639648438, 1.0], [137.60069274902344, 175.50448608398438, 1.0], [124.94178009033203, 170.8220977783203, 1.0], [129.20303344726562, 169.73463439941406, 1.0], [169.3602752685547, 176.7188720703125, 1.0], [128.7138214111328, 206.10069274902344, 1.0], [189.76431274414062, 231.08982849121094, 1.0], [230.83697509765625, 241.56576538085938, 1.0], [250.1627197265625, 232.7498779296875, 1.0], [123.9394302368164, 233.91506958007812, 1.0], [124.31148529052734, 251.28622436523438, 1.0], [142.956298828125, 260.4366455078125, 1.0], [172.7888641357422, 264.64141845703125, 1.0]], "is_left": 0}