{"hand_pts": [[46.51142501831055, 201.89791870117188, 1.0], [100.0868911743164, 244.2604522705078, 1.0], [125.313720703125, 279.9222106933594, 1.0], [161.2667694091797, 277.1203918457031, 1.0], [186.36566162109375, 237.9755096435547, 1.0], [121.4961929321289, 198.70948791503906, 1.0], [184.9632568359375, 207.35887145996094, 1.0], [211.97488403320312, 226.62551879882812, 1.0], [229.66322326660156, 243.07766723632812, 1.0], [125.6849594116211, 161.04820251464844, 1.0], [215.4794921875, 179.67788696289062, 1.0], [239.29754638671875, 210.27584838867188, 1.0], [241.01353454589844, 239.11419677734375, 1.0], [133.62391662597656, 135.87466430664062, 1.0], [187.3470001220703, 99.16641235351562, 1.0], [233.2037353515625, 117.15056610107422, 1.0], [269.03131103515625, 144.89329528808594, 1.0], [138.5431671142578, 116.49516296386719, 1.0], [183.53944396972656, 94.6120834350586, 1.0], [206.3732452392578, 125.50187683105469, 1.0], [183.14878845214844, 151.01939392089844, 1.0]], "is_left": 0}