{"hand_pts": [[25.58948516845703, 234.68350219726562, 1.0], [71.51192474365234, 247.96493530273438, 1.0], [101.66740417480469, 269.0600891113281, 1.0], [138.5316162109375, 273.72979736328125, 1.0], [173.7612762451172, 234.4424591064453, 1.0], [167.2793426513672, 250.3888397216797, 1.0], [221.99461364746094, 241.6422882080078, 1.0], [216.08067321777344, 216.2955322265625, 1.0], [196.8790283203125, 190.47328186035156, 1.0], [164.49505615234375, 216.70960998535156, 1.0], [213.4222412109375, 174.63400268554688, 1.0], [199.72525024414062, 153.30511474609375, 1.0], [156.3694610595703, 157.79986572265625, 1.0], [157.54246520996094, 187.21336364746094, 1.0], [228.40896606445312, 156.44029235839844, 1.0], [254.51849365234375, 132.0368194580078, 1.0], [263.8843994140625, 111.85375213623047, 1.0], [141.9168243408203, 160.36715698242188, 1.0], [177.88070678710938, 122.3089370727539, 1.0], [200.53164672851562, 95.3250961303711, 1.0], [205.14695739746094, 77.66985321044922, 1.0]], "is_left": 0}