{"hand_pts": [[94.07862091064453, 218.5397186279297, 1.0], [168.8999481201172, 209.9053192138672, 1.0], [234.1314239501953, 191.2784881591797, 1.0], [270.26995849609375, 199.53172302246094, 1.0], [248.3506317138672, 221.9864044189453, 1.0], [199.7107391357422, 119.19644927978516, 1.0], [244.09068298339844, 136.40365600585938, 1.0], [248.61846923828125, 182.69017028808594, 1.0], [232.746826171875, 225.50289916992188, 1.0], [159.77891540527344, 121.04436492919922, 1.0], [196.66329956054688, 150.20458984375, 1.0], [204.18238830566406, 203.7134552001953, 1.0], [196.05857849121094, 240.67860412597656, 1.0], [129.25376892089844, 131.47821044921875, 1.0], [158.12013244628906, 151.88075256347656, 1.0], [164.11558532714844, 198.5320281982422, 1.0], [157.42774963378906, 217.83660888671875, 1.0], [98.32952117919922, 149.61083984375, 1.0], [103.79560852050781, 179.70716857910156, 1.0], [111.98580169677734, 215.09268188476562, 1.0], [115.55487060546875, 218.9374542236328, 1.0]], "is_left": 0}