{"hand_pts": [[194.297119140625, 327.2724609375, 1.0], [157.33462524414062, 276.41668701171875, 1.0], [130.21351623535156, 233.3283233642578, 1.0], [113.17076110839844, 193.06048583984375, 1.0], [101.354248046875, 157.50010681152344, 1.0], [196.1240997314453, 208.0710906982422, 1.0], [199.30889892578125, 153.9744415283203, 1.0], [187.49583435058594, 123.02582550048828, 1.0], [181.4099578857422, 92.22146606445312, 1.0], [206.5622100830078, 225.06773376464844, 1.0], [214.70127868652344, 163.36619567871094, 1.0], [203.8104705810547, 127.55171203613281, 1.0], [192.47854614257812, 94.62681579589844, 1.0], [207.3534393310547, 241.57168579101562, 1.0], [214.251708984375, 188.33795166015625, 1.0], [195.3329315185547, 161.97479248046875, 1.0], [172.21864318847656, 138.57907104492188, 1.0], [204.7269744873047, 263.08978271484375, 1.0], [201.57763671875, 232.23846435546875, 1.0], [187.895263671875, 211.8041534423828, 1.0], [167.98846435546875, 190.7345428466797, 1.0]], "is_left": 0}