{"hand_pts": [[231.03834533691406, 283.73040771484375, 1.0], [181.90191650390625, 253.8784942626953, 1.0], [134.58148193359375, 238.87533569335938, 1.0], [96.49173736572266, 217.71945190429688, 1.0], [64.42103576660156, 193.7331085205078, 1.0], [196.97314453125, 199.04547119140625, 1.0], [158.34214782714844, 167.1329803466797, 1.0], [143.73391723632812, 177.3499755859375, 1.0], [133.04769897460938, 189.15017700195312, 1.0], [228.30250549316406, 195.39479064941406, 1.0], [196.47532653808594, 150.44354248046875, 1.0], [173.04185485839844, 163.7099609375, 1.0], [153.46209716796875, 179.94570922851562, 1.0], [248.76097106933594, 194.09176635742188, 1.0], [231.2640380859375, 157.5414581298828, 1.0], [211.46180725097656, 167.94900512695312, 1.0], [192.45704650878906, 180.14320373535156, 1.0], [265.7453308105469, 198.25555419921875, 1.0], [255.75010681152344, 167.94659423828125, 1.0], [233.2917938232422, 163.70797729492188, 1.0], [208.5172119140625, 158.90245056152344, 1.0]], "is_left": 0}