{"hand_pts": [[294.8142395019531, 157.83230590820312, 1.0], [248.28741455078125, 135.5194549560547, 1.0], [227.41505432128906, 93.99055480957031, 1.0], [207.4509735107422, 62.15538024902344, 1.0], [188.3580780029297, 37.30165481567383, 1.0], [186.30593872070312, 183.17466735839844, 1.0], [137.53042602539062, 192.7574462890625, 1.0], [106.59319305419922, 197.13943481445312, 1.0], [78.54167938232422, 199.4742431640625, 1.0], [198.52389526367188, 209.09835815429688, 1.0], [176.6923065185547, 205.6166229248047, 1.0], [173.2904052734375, 192.59368896484375, 1.0], [192.60964965820312, 164.90878295898438, 1.0], [210.59153747558594, 225.1141357421875, 1.0], [160.6190185546875, 234.29708862304688, 1.0], [157.86422729492188, 211.69984436035156, 1.0], [176.343505859375, 185.05323791503906, 1.0], [227.69522094726562, 235.28541564941406, 1.0], [215.75982666015625, 248.63461303710938, 1.0], [211.59190368652344, 246.1282501220703, 1.0], [214.694091796875, 223.61648559570312, 1.0]], "is_left": 0}