{"hand_pts": [[121.90685272216797, 76.45632934570312, 1.0], [100.00196075439453, 131.20693969726562, 1.0], [84.59748840332031, 180.89389038085938, 1.0], [79.37670135498047, 218.40597534179688, 1.0], [80.5837173461914, 241.52166748046875, 1.0], [177.72409057617188, 187.9566650390625, 1.0], [200.7686309814453, 234.95236206054688, 1.0], [204.6577606201172, 260.71710205078125, 1.0], [218.43882751464844, 288.35186767578125, 1.0], [202.85166931152344, 163.75743103027344, 1.0], [239.5732421875, 216.55731201171875, 1.0], [209.7941436767578, 228.90516662597656, 1.0], [189.0358428955078, 246.1426239013672, 1.0], [215.07786560058594, 142.2872314453125, 1.0], [268.6096496582031, 169.094482421875, 1.0], [251.44508361816406, 180.61004638671875, 1.0], [206.51783752441406, 178.10003662109375, 1.0], [219.0146026611328, 117.06575012207031, 1.0], [201.60633850097656, 102.55476379394531, 1.0], [168.5821990966797, 87.5579833984375, 1.0], [130.43353271484375, 75.77745819091797, 1.0]], "is_left": 0}