{"hand_pts": [[334.1255798339844, 114.52559661865234, 1.0], [265.50054931640625, 135.01991271972656, 1.0], [212.5267791748047, 146.06886291503906, 1.0], [165.9335174560547, 166.343994140625, 1.0], [128.47824096679688, 188.8986053466797, 1.0], [213.12313842773438, 142.63223266601562, 1.0], [161.86495971679688, 155.83558654785156, 1.0], [128.64569091796875, 173.265380859375, 1.0], [98.15291595458984, 189.45672607421875, 1.0], [233.2893829345703, 154.763916015625, 1.0], [174.9044952392578, 176.0811767578125, 1.0], [137.5011749267578, 198.9822235107422, 1.0], [103.8160629272461, 220.61419677734375, 1.0], [249.18338012695312, 167.46990966796875, 1.0], [198.1566619873047, 190.66934204101562, 1.0], [166.1554718017578, 213.36048889160156, 1.0], [136.1681671142578, 235.8983154296875, 1.0], [268.8525390625, 178.15618896484375, 1.0], [236.1221160888672, 203.04161071777344, 1.0], [210.80776977539062, 223.93130493164062, 1.0], [183.7771453857422, 245.56735229492188, 1.0]], "is_left": 0}