{"hand_pts": [[281.8720703125, 135.85655212402344, 1.0], [261.73236083984375, 115.92725372314453, 1.0], [277.3633728027344, 74.14399719238281, 1.0], [292.4370422363281, 44.51400375366211, 1.0], [298.8023376464844, 57.5933723449707, 1.0], [166.1067352294922, 163.5604248046875, 1.0], [125.58773803710938, 175.73626708984375, 1.0], [113.84342193603516, 179.7312469482422, 1.0], [113.15432739257812, 181.07901000976562, 1.0], [166.74624633789062, 191.2728729248047, 1.0], [119.09870147705078, 218.83216857910156, 1.0], [109.33709716796875, 224.82456970214844, 1.0], [97.32925415039062, 232.0850067138672, 1.0], [174.4392547607422, 209.41139221191406, 1.0], [165.68028259277344, 231.51251220703125, 1.0], [177.21282958984375, 234.2102508544922, 1.0], [198.0772247314453, 229.85069274902344, 1.0], [190.10865783691406, 221.7298126220703, 1.0], [193.72100830078125, 238.0363006591797, 1.0], [211.7662811279297, 236.6228485107422, 1.0], [242.52642822265625, 220.15499877929688, 1.0]], "is_left": 0}