{"hand_pts": [[33.875980377197266, 218.89840698242188, 1.0], [61.65570831298828, 199.79981994628906, 1.0], [70.71216583251953, 178.3308563232422, 1.0], [110.65147399902344, 166.1033477783203, 1.0], [160.98941040039062, 168.12889099121094, 1.0], [141.3759002685547, 155.075927734375, 1.0], [185.1328125, 144.60740661621094, 1.0], [206.93707275390625, 150.12574768066406, 1.0], [196.50978088378906, 175.80776977539062, 1.0], [161.1357879638672, 170.22702026367188, 1.0], [219.00527954101562, 156.94032287597656, 1.0], [208.50767517089844, 180.31825256347656, 1.0], [174.33099365234375, 200.973388671875, 1.0], [174.03794860839844, 186.7349395751953, 1.0], [230.6333770751953, 197.20559692382812, 1.0], [239.19818115234375, 214.149169921875, 1.0], [252.36338806152344, 228.8628692626953, 1.0], [178.09190368652344, 206.02325439453125, 1.0], [228.92745971679688, 197.0121612548828, 1.0], [229.96646118164062, 204.76734924316406, 1.0], [208.95330810546875, 214.02877807617188, 1.0]], "is_left": 0}