{"hand_pts": [[305.9031982421875, 285.91949462890625, 1.0], [239.87158203125, 235.5261688232422, 1.0], [186.86557006835938, 216.186767578125, 1.0], [158.94696044921875, 167.2154083251953, 1.0], [175.10389709472656, 140.1928253173828, 1.0], [154.47889709472656, 249.460693359375, 1.0], [127.40242004394531, 177.329833984375, 1.0], [114.14409637451172, 130.96725463867188, 1.0], [97.46216583251953, 88.82890319824219, 1.0], [177.3643035888672, 256.2384338378906, 1.0], [123.6121826171875, 183.22958374023438, 1.0], [148.15469360351562, 144.28240966796875, 1.0], [185.3401336669922, 139.61463928222656, 1.0], [200.42161560058594, 254.50238037109375, 1.0], [174.72430419921875, 178.05926513671875, 1.0], [203.09878540039062, 160.54261779785156, 1.0], [217.59625244140625, 197.80569458007812, 1.0], [230.72071838378906, 251.90240478515625, 1.0], [245.11846923828125, 198.69412231445312, 1.0], [265.8829345703125, 167.1859893798828, 1.0], [279.7617492675781, 170.44439697265625, 1.0]], "is_left": 0}