{"hand_pts": [[256.656005859375, 35.776161193847656, 1.0], [271.419189453125, 105.10246276855469, 1.0], [299.5733642578125, 157.52378845214844, 1.0], [282.7356262207031, 204.00767517089844, 1.0], [261.48046875, 243.25074768066406, 1.0], [213.9783172607422, 173.14068603515625, 1.0], [208.93099975585938, 220.4085235595703, 1.0], [206.94052124023438, 247.0930938720703, 1.0], [216.1173858642578, 250.43069458007812, 1.0], [182.78875732421875, 152.4568328857422, 1.0], [124.81907653808594, 204.12989807128906, 1.0], [96.91364288330078, 241.7290802001953, 1.0], [112.81924438476562, 257.798828125, 1.0], [162.26576232910156, 134.80963134765625, 1.0], [148.70692443847656, 182.53099060058594, 1.0], [177.7752227783203, 167.53530883789062, 1.0], [205.78399658203125, 153.1429901123047, 1.0], [149.18496704101562, 112.01429748535156, 1.0], [118.79672241210938, 138.33489990234375, 1.0], [118.03150939941406, 154.3700408935547, 1.0], [141.5099639892578, 161.68853759765625, 1.0]], "is_left": 0}