{"hand_pts": [[163.55789184570312, 242.22064208984375, 1.0], [128.28805541992188, 243.3416290283203, 1.0], [77.13449096679688, 244.9378662109375, 1.0], [75.81607055664062, 202.7467803955078, 1.0], [119.1884994506836, 181.39828491210938, 1.0], [189.86634826660156, 249.16529846191406, 1.0], [174.32052612304688, 227.26649475097656, 1.0], [139.92333984375, 196.9132537841797, 1.0], [124.6534194946289, 187.91046142578125, 1.0], [219.1431121826172, 222.62179565429688, 1.0], [230.9508514404297, 212.9632568359375, 1.0], [190.73788452148438, 184.11459350585938, 1.0], [149.93121337890625, 164.69070434570312, 1.0], [234.81309509277344, 197.82798767089844, 1.0], [270.59246826171875, 158.23431396484375, 1.0], [232.7718048095703, 132.98760986328125, 1.0], [198.07972717285156, 106.66265106201172, 1.0], [243.18710327148438, 175.13250732421875, 1.0], [254.64248657226562, 151.19692993164062, 1.0], [226.8200225830078, 133.33192443847656, 1.0], [187.0932159423828, 125.4848861694336, 1.0]], "is_left": 0}