{"hand_pts": [[305.3669738769531, 80.81141662597656, 1.0], [291.68133544921875, 123.02069091796875, 1.0], [311.8616943359375, 154.30047607421875, 1.0], [266.15740966796875, 171.97247314453125, 1.0], [210.2187957763672, 162.1055145263672, 1.0], [251.8191375732422, 229.2735137939453, 1.0], [197.13153076171875, 259.2554016113281, 1.0], [166.01698303222656, 240.64108276367188, 1.0], [152.0750274658203, 201.28952026367188, 1.0], [221.18894958496094, 219.7694549560547, 1.0], [145.59603881835938, 234.8463134765625, 1.0], [139.83572387695312, 190.87939453125, 1.0], [160.47364807128906, 145.31301879882812, 1.0], [195.60726928710938, 204.63375854492188, 1.0], [122.61083984375, 207.16639709472656, 1.0], [132.32110595703125, 164.3738250732422, 1.0], [166.52903747558594, 129.1975860595703, 1.0], [176.39218139648438, 180.55758666992188, 1.0], [121.20167541503906, 176.37844848632812, 1.0], [120.93927764892578, 147.336669921875, 1.0], [151.39285278320312, 119.78651428222656, 1.0]], "is_left": 0}