{"hand_pts": [[306.5794372558594, 160.78099060058594, 1.0], [254.63601684570312, 214.0416717529297, 1.0], [201.73829650878906, 240.71380615234375, 1.0], [165.32614135742188, 235.22828674316406, 1.0], [175.94566345214844, 211.36949157714844, 1.0], [175.2845916748047, 165.71315002441406, 1.0], [131.92518615722656, 175.21694946289062, 1.0], [143.06748962402344, 210.6912384033203, 1.0], [171.41363525390625, 240.77183532714844, 1.0], [195.2340545654297, 137.21664428710938, 1.0], [180.7972412109375, 210.83509826660156, 1.0], [199.8701629638672, 262.46575927734375, 1.0], [220.3350830078125, 311.573974609375, 1.0], [214.73193359375, 122.79732513427734, 1.0], [159.21783447265625, 119.75066375732422, 1.0], [143.98597717285156, 149.09332275390625, 1.0], [136.62710571289062, 184.62490844726562, 1.0], [239.17454528808594, 113.76020812988281, 1.0], [209.51651000976562, 100.03665924072266, 1.0], [204.50486755371094, 133.2223663330078, 1.0], [202.89686584472656, 171.90554809570312, 1.0]], "is_left": 0}