{"hand_pts": [[282.7367858886719, 225.75733947753906, 1.0], [219.3236846923828, 220.87225341796875, 1.0], [163.18849182128906, 222.99742126464844, 1.0], [115.23658752441406, 215.3188934326172, 1.0], [90.58883666992188, 196.95657348632812, 1.0], [221.0139617919922, 223.03515625, 1.0], [170.22518920898438, 212.3575897216797, 1.0], [126.91887664794922, 197.2278289794922, 1.0], [83.89397430419922, 181.4634246826172, 1.0], [247.2435760498047, 209.55076599121094, 1.0], [203.1453857421875, 189.41387939453125, 1.0], [153.45767211914062, 167.00465393066406, 1.0], [105.35676574707031, 145.23744201660156, 1.0], [262.49505615234375, 196.45867919921875, 1.0], [217.1356658935547, 168.53094482421875, 1.0], [172.7649383544922, 147.38294982910156, 1.0], [130.0669708251953, 128.9519500732422, 1.0], [276.2479553222656, 184.76901245117188, 1.0], [262.7761535644531, 166.2672882080078, 1.0], [231.84515380859375, 149.23895263671875, 1.0], [191.11700439453125, 134.53001403808594, 1.0]], "is_left": 0}