{"hand_pts": [[216.29078674316406, 135.51393127441406, 1.0], [244.2587432861328, 177.0048065185547, 1.0], [291.2298278808594, 201.0080108642578, 1.0], [297.0166015625, 226.82406616210938, 1.0], [266.6192626953125, 243.69947814941406, 1.0], [232.4254913330078, 141.8924560546875, 1.0], [224.4407501220703, 165.71685791015625, 1.0], [212.44911193847656, 201.651611328125, 1.0], [198.52052307128906, 240.23880004882812, 1.0], [193.1893768310547, 128.30125427246094, 1.0], [178.22267150878906, 171.27955627441406, 1.0], [175.50125122070312, 221.67947387695312, 1.0], [180.40011596679688, 261.464599609375, 1.0], [162.05726623535156, 124.92305755615234, 1.0], [128.69142150878906, 143.35055541992188, 1.0], [118.17598724365234, 183.33506774902344, 1.0], [123.28197479248047, 225.7049102783203, 1.0], [135.13955688476562, 124.93714904785156, 1.0], [103.430908203125, 140.9501495361328, 1.0], [94.78020477294922, 173.28318786621094, 1.0], [109.91535949707031, 208.74160766601562, 1.0]], "is_left": 0}