{"hand_pts": [[270.2179870605469, 185.68096923828125, 1.0], [280.60198974609375, 170.2491912841797, 1.0], [309.09503173828125, 163.66183471679688, 1.0], [272.8017272949219, 157.1311492919922, 1.0], [220.16064453125, 154.79513549804688, 1.0], [227.54531860351562, 244.25564575195312, 1.0], [206.3310546875, 215.5222930908203, 1.0], [211.2383270263672, 166.2785186767578, 1.0], [220.71620178222656, 127.63300323486328, 1.0], [190.5349884033203, 247.81436157226562, 1.0], [149.1046600341797, 224.204345703125, 1.0], [167.4159393310547, 170.02854919433594, 1.0], [188.5771026611328, 121.9173355102539, 1.0], [163.35301208496094, 241.22474670410156, 1.0], [127.61625671386719, 203.40826416015625, 1.0], [119.78653717041016, 164.05638122558594, 1.0], [147.5507049560547, 126.46439361572266, 1.0], [143.56097412109375, 228.42823791503906, 1.0], [103.41409301757812, 219.09957885742188, 1.0], [113.57733154296875, 181.1902313232422, 1.0], [133.31410217285156, 142.3052215576172, 1.0]], "is_left": 0}