{"hand_pts": [[143.77886962890625, 63.481876373291016, 1.0], [151.3167266845703, 136.37583923339844, 1.0], [135.62432861328125, 194.61961364746094, 1.0], [166.65614318847656, 226.09666442871094, 1.0], [199.25411987304688, 244.207763671875, 1.0], [123.53528594970703, 189.8417205810547, 1.0], [110.90479278564453, 235.86712646484375, 1.0], [143.83428955078125, 257.7610168457031, 1.0], [172.53224182128906, 280.9556579589844, 1.0], [137.41647338867188, 162.32876586914062, 1.0], [198.80557250976562, 201.02288818359375, 1.0], [237.852783203125, 204.3721466064453, 1.0], [232.69097900390625, 182.2034912109375, 1.0], [154.0322265625, 140.36178588867188, 1.0], [200.84347534179688, 194.15826416015625, 1.0], [221.42059326171875, 188.1065216064453, 1.0], [227.51885986328125, 168.8913116455078, 1.0], [171.5438232421875, 115.00210571289062, 1.0], [220.16043090820312, 115.17326354980469, 1.0], [227.0598907470703, 106.8412094116211, 1.0], [222.5641632080078, 99.69509887695312, 1.0]], "is_left": 0}