{"hand_pts": [[129.2408905029297, 220.16928100585938, 1.0], [154.29478454589844, 241.97866821289062, 1.0], [188.70310974121094, 270.2772521972656, 1.0], [208.6102294921875, 287.4174499511719, 1.0], [214.47128295898438, 293.0965881347656, 1.0], [223.15032958984375, 195.41329956054688, 1.0], [215.2696533203125, 186.8216552734375, 1.0], [191.0863494873047, 190.53994750976562, 1.0], [157.84860229492188, 205.94163513183594, 1.0], [209.19985961914062, 163.75277709960938, 1.0], [191.7286376953125, 181.8392791748047, 1.0], [158.15676879882812, 210.6470184326172, 1.0], [137.818115234375, 228.808349609375, 1.0], [192.1957550048828, 142.5157928466797, 1.0], [175.6169891357422, 137.23463439941406, 1.0], [147.79281616210938, 164.28173828125, 1.0], [155.47288513183594, 172.1021728515625, 1.0], [170.20956420898438, 127.81034851074219, 1.0], [188.8676300048828, 98.01010131835938, 1.0], [195.68161010742188, 85.78218841552734, 1.0], [196.92062377929688, 84.60957336425781, 1.0]], "is_left": 0}