{"hand_pts": [[231.83157348632812, 243.7804718017578, 1.0], [254.06814575195312, 224.60806274414062, 1.0], [287.64349365234375, 214.77557373046875, 1.0], [257.44891357421875, 216.0137176513672, 1.0], [216.48968505859375, 220.66085815429688, 1.0], [216.22601318359375, 146.48561096191406, 1.0], [222.37916564941406, 131.52716064453125, 1.0], [229.1524658203125, 152.1800537109375, 1.0], [233.77322387695312, 193.5767059326172, 1.0], [181.87640380859375, 157.8046112060547, 1.0], [193.63938903808594, 182.86257934570312, 1.0], [217.9541473388672, 223.5684356689453, 1.0], [240.37416076660156, 259.2468566894531, 1.0], [157.354736328125, 174.04953002929688, 1.0], [128.20556640625, 127.9249496459961, 1.0], [116.98091125488281, 115.85823822021484, 1.0], [122.24964141845703, 131.9662628173828, 1.0], [138.8955078125, 196.0924530029297, 1.0], [103.77391815185547, 198.4050750732422, 1.0], [87.7020034790039, 208.82704162597656, 1.0], [89.9075927734375, 228.6903533935547, 1.0]], "is_left": 0}