{"hand_pts": [[322.06378173828125, 115.5474624633789, 1.0], [259.205078125, 102.9968032836914, 1.0], [209.50982666015625, 83.86653900146484, 1.0], [169.18014526367188, 91.06946563720703, 1.0], [145.54981994628906, 112.68570709228516, 1.0], [200.1880340576172, 172.53453063964844, 1.0], [147.42999267578125, 189.2116241455078, 1.0], [120.65523529052734, 186.67478942871094, 1.0], [102.24021911621094, 177.09877014160156, 1.0], [224.5188446044922, 193.43946838378906, 1.0], [164.6126708984375, 218.55589294433594, 1.0], [134.76821899414062, 209.91268920898438, 1.0], [110.35453033447266, 195.82066345214844, 1.0], [245.46951293945312, 203.683837890625, 1.0], [197.31997680664062, 239.25103759765625, 1.0], [174.63955688476562, 231.48153686523438, 1.0], [159.02195739746094, 211.29920959472656, 1.0], [270.51690673828125, 206.46279907226562, 1.0], [245.65518188476562, 220.68601989746094, 1.0], [230.8772430419922, 209.62289428710938, 1.0], [221.61090087890625, 182.19561767578125, 1.0]], "is_left": 0}