{"hand_pts": [[292.3879089355469, 132.9374542236328, 1.0], [288.411376953125, 161.57858276367188, 1.0], [305.4156494140625, 187.92942810058594, 1.0], [279.9627380371094, 194.61077880859375, 1.0], [243.54954528808594, 190.78955078125, 1.0], [230.7328338623047, 221.644775390625, 1.0], [202.28622436523438, 206.12887573242188, 1.0], [192.0023193359375, 186.07423400878906, 1.0], [193.17234802246094, 158.67880249023438, 1.0], [201.45932006835938, 206.15704345703125, 1.0], [162.23866271972656, 219.9322509765625, 1.0], [173.7404327392578, 194.401123046875, 1.0], [178.12876892089844, 174.84451293945312, 1.0], [180.0377197265625, 188.26052856445312, 1.0], [128.86912536621094, 201.42335510253906, 1.0], [112.23331451416016, 195.8734893798828, 1.0], [102.42630767822266, 186.58929443359375, 1.0], [166.12728881835938, 165.6381072998047, 1.0], [129.25120544433594, 154.03221130371094, 1.0], [126.02491760253906, 137.6713104248047, 1.0], [127.05017852783203, 121.31248474121094, 1.0]], "is_left": 0}