{"hand_pts": [[109.14310455322266, 193.09994506835938, 1.0], [172.03067016601562, 163.04811096191406, 1.0], [234.84957885742188, 135.0064239501953, 1.0], [255.2627410888672, 157.8620147705078, 1.0], [268.33245849609375, 182.6656036376953, 1.0], [143.65133666992188, 112.1318588256836, 1.0], [198.775390625, 117.55039978027344, 1.0], [239.472412109375, 133.16160583496094, 1.0], [273.35455322265625, 167.03207397460938, 1.0], [110.38453674316406, 144.33303833007812, 1.0], [190.80123901367188, 169.7583465576172, 1.0], [216.00875854492188, 192.4866180419922, 1.0], [191.91468811035156, 190.5977020263672, 1.0], [90.9102554321289, 175.5970916748047, 1.0], [154.8001251220703, 198.02870178222656, 1.0], [195.4261474609375, 221.93759155273438, 1.0], [195.07162475585938, 226.11720275878906, 1.0], [75.68989562988281, 208.7130889892578, 1.0], [113.89347076416016, 238.17507934570312, 1.0], [145.59532165527344, 260.35382080078125, 1.0], [184.3458251953125, 278.2033996582031, 1.0]], "is_left": 0}