{"hand_pts": [[107.26760864257812, 316.8997497558594, 1.0], [149.0823516845703, 294.1963195800781, 1.0], [175.09866333007812, 295.7822570800781, 1.0], [209.0779266357422, 277.4205627441406, 1.0], [242.53773498535156, 254.27850341796875, 1.0], [119.62127685546875, 218.79200744628906, 1.0], [169.15074157714844, 180.65802001953125, 1.0], [206.69371032714844, 159.48329162597656, 1.0], [249.6342010498047, 158.9015350341797, 1.0], [110.9107437133789, 199.99734497070312, 1.0], [168.92689514160156, 141.37850952148438, 1.0], [219.1892852783203, 147.19970703125, 1.0], [264.4512939453125, 158.23838806152344, 1.0], [111.22827911376953, 187.88490295410156, 1.0], [164.11392211914062, 129.491455078125, 1.0], [204.41534423828125, 105.1943359375, 1.0], [249.76821899414062, 100.48210906982422, 1.0], [113.99168395996094, 184.194580078125, 1.0], [160.14573669433594, 153.7977294921875, 1.0], [197.47525024414062, 155.8655548095703, 1.0], [214.1958465576172, 187.9998779296875, 1.0]], "is_left": 0}