{"hand_pts": [[161.10769653320312, 328.02484130859375, 1.0], [167.40054321289062, 305.6744689941406, 1.0], [169.74871826171875, 309.5084533691406, 1.0], [195.33010864257812, 276.99017333984375, 1.0], [222.92999267578125, 238.5271759033203, 1.0], [122.28453063964844, 215.25534057617188, 1.0], [133.0000762939453, 172.14454650878906, 1.0], [173.24085998535156, 174.27113342285156, 1.0], [214.29544067382812, 188.2931365966797, 1.0], [134.17713928222656, 198.10801696777344, 1.0], [170.65670776367188, 152.586669921875, 1.0], [210.03370666503906, 152.83265686035156, 1.0], [248.54002380371094, 174.1514129638672, 1.0], [150.90896606445312, 189.38723754882812, 1.0], [152.72137451171875, 117.14290618896484, 1.0], [189.1159210205078, 118.75703430175781, 1.0], [224.48324584960938, 123.7232666015625, 1.0], [170.30149841308594, 190.30813598632812, 1.0], [182.83026123046875, 140.0960693359375, 1.0], [209.08851623535156, 135.4233856201172, 1.0], [231.73605346679688, 154.3406219482422, 1.0]], "is_left": 0}