{"hand_pts": [[13.026152610778809, 248.57347106933594, 1.0], [78.41314697265625, 195.39813232421875, 1.0], [113.51844024658203, 134.28652954101562, 1.0], [160.1732177734375, 91.31002807617188, 1.0], [197.8043975830078, 107.03096771240234, 1.0], [137.8947296142578, 140.81910705566406, 1.0], [197.406982421875, 124.39732360839844, 1.0], [227.06153869628906, 124.55244445800781, 1.0], [239.12255859375, 138.94740295410156, 1.0], [137.52987670898438, 178.985595703125, 1.0], [228.13148498535156, 165.27896118164062, 1.0], [218.70938110351562, 187.3679656982422, 1.0], [182.67251586914062, 207.99371337890625, 1.0], [138.96405029296875, 213.37448120117188, 1.0], [228.6644287109375, 195.94122314453125, 1.0], [237.02371215820312, 211.10357666015625, 1.0], [246.95445251464844, 225.3957977294922, 1.0], [134.03546142578125, 249.92852783203125, 1.0], [188.53338623046875, 274.0600891113281, 1.0], [197.36474609375, 275.4953308105469, 1.0], [184.78199768066406, 265.7554016113281, 1.0]], "is_left": 0}