{"hand_pts": [[253.39938354492188, 305.107666015625, 1.0], [218.87503051757812, 238.5230255126953, 1.0], [193.87094116210938, 193.98548889160156, 1.0], [145.65589904785156, 169.32757568359375, 1.0], [118.87244415283203, 191.95407104492188, 1.0], [242.27439880371094, 162.1387939453125, 1.0], [209.4471435546875, 113.09004974365234, 1.0], [170.80990600585938, 98.30599975585938, 1.0], [128.27886962890625, 101.54210662841797, 1.0], [242.39842224121094, 191.44448852539062, 1.0], [177.2290802001953, 154.89468383789062, 1.0], [153.8790740966797, 184.414306640625, 1.0], [158.11138916015625, 215.6112060546875, 1.0], [235.77145385742188, 217.95932006835938, 1.0], [233.10069274902344, 164.95645141601562, 1.0], [191.07461547851562, 155.35733032226562, 1.0], [155.558349609375, 163.3184356689453, 1.0], [227.9509735107422, 249.24618530273438, 1.0], [192.0936279296875, 244.68824768066406, 1.0], [160.67611694335938, 247.8087921142578, 1.0], [160.94107055664062, 251.56396484375, 1.0]], "is_left": 0}