{"hand_pts": [[33.1978759765625, 278.0963439941406, 1.0], [77.25297546386719, 213.14431762695312, 1.0], [115.37903594970703, 149.20555114746094, 1.0], [163.3857879638672, 100.15656280517578, 1.0], [188.52423095703125, 121.96134185791016, 1.0], [191.69627380371094, 162.41793823242188, 1.0], [262.94793701171875, 120.8726577758789, 1.0], [248.986572265625, 124.3161849975586, 1.0], [203.37594604492188, 147.730712890625, 1.0], [183.35755920410156, 202.62648010253906, 1.0], [171.1396026611328, 187.33387756347656, 1.0], [140.48875427246094, 187.83213806152344, 1.0], [114.2336196899414, 187.77609252929688, 1.0], [169.51995849609375, 235.1305694580078, 1.0], [251.7066650390625, 197.90936279296875, 1.0], [245.35934448242188, 185.9384307861328, 1.0], [198.109375, 197.9348907470703, 1.0], [146.48956298828125, 268.1959228515625, 1.0], [176.30039978027344, 251.7782745361328, 1.0], [193.61083984375, 240.5152587890625, 1.0], [193.1816864013672, 227.28871154785156, 1.0]], "is_left": 0}