{"hand_pts": [[292.44195556640625, 101.5769271850586, 1.0], [244.89456176757812, 97.52033996582031, 1.0], [221.36178588867188, 86.32215118408203, 1.0], [204.01556396484375, 128.1934814453125, 1.0], [196.0135955810547, 175.1621551513672, 1.0], [163.6300811767578, 127.99614715576172, 1.0], [127.21815490722656, 154.2378692626953, 1.0], [122.08328247070312, 173.1526641845703, 1.0], [139.02821350097656, 188.17369079589844, 1.0], [182.3650665283203, 158.95989990234375, 1.0], [125.15936279296875, 194.27767944335938, 1.0], [97.9006576538086, 216.2503204345703, 1.0], [72.80530548095703, 236.87205505371094, 1.0], [202.0252227783203, 183.43946838378906, 1.0], [186.8354949951172, 227.52764892578125, 1.0], [209.66046142578125, 227.1815643310547, 1.0], [237.9827880859375, 208.27932739257812, 1.0], [227.50904846191406, 202.4672088623047, 1.0], [230.9121856689453, 239.11077880859375, 1.0], [248.7586669921875, 235.65025329589844, 1.0], [261.29766845703125, 203.56329345703125, 1.0]], "is_left": 0}