{"hand_pts": [[79.68533325195312, 118.72333526611328, 1.0], [148.17039489746094, 131.84255981445312, 1.0], [207.07350158691406, 127.0978775024414, 1.0], [248.3590087890625, 134.8278350830078, 1.0], [277.4073181152344, 146.0052947998047, 1.0], [174.85850524902344, 209.9180145263672, 1.0], [226.79507446289062, 200.3668212890625, 1.0], [237.1032257080078, 170.6192169189453, 1.0], [247.99322509765625, 143.48280334472656, 1.0], [142.6053009033203, 216.76475524902344, 1.0], [192.92864990234375, 224.72804260253906, 1.0], [222.8874053955078, 219.07432556152344, 1.0], [227.63726806640625, 183.4886474609375, 1.0], [118.54007720947266, 216.20352172851562, 1.0], [162.2842559814453, 222.49322509765625, 1.0], [179.42169189453125, 197.12088012695312, 1.0], [171.46514892578125, 167.15589904785156, 1.0], [93.83118438720703, 208.27186584472656, 1.0], [120.64424896240234, 210.43441772460938, 1.0], [128.60821533203125, 182.61636352539062, 1.0], [126.92794036865234, 156.3265838623047, 1.0]], "is_left": 0}