{"hand_pts": [[34.13602066040039, 192.51597595214844, 1.0], [73.821044921875, 166.40476989746094, 1.0], [96.52338409423828, 143.54867553710938, 1.0], [133.47781372070312, 127.83588409423828, 1.0], [180.76622009277344, 127.19316101074219, 1.0], [140.12042236328125, 209.2949981689453, 1.0], [190.8084716796875, 201.69483947753906, 1.0], [224.917236328125, 194.8623504638672, 1.0], [258.70721435546875, 178.7485809326172, 1.0], [147.99473571777344, 221.21495056152344, 1.0], [221.2973175048828, 230.33389282226562, 1.0], [262.9527282714844, 208.33128356933594, 1.0], [268.96722412109375, 170.25582885742188, 1.0], [153.1584014892578, 224.19309997558594, 1.0], [219.81015014648438, 196.0423126220703, 1.0], [252.41412353515625, 171.23130798339844, 1.0], [252.33251953125, 136.5052947998047, 1.0], [151.1775360107422, 222.99154663085938, 1.0], [179.1987762451172, 190.6181182861328, 1.0], [154.20982360839844, 173.518310546875, 1.0], [121.77324676513672, 166.53407287597656, 1.0]], "is_left": 0}