{"hand_pts": [[58.95399856567383, 248.00120544433594, 1.0], [114.08489227294922, 257.7553405761719, 1.0], [142.28436279296875, 281.7237854003906, 1.0], [192.38624572753906, 297.6351318359375, 1.0], [211.46893310546875, 290.1878662109375, 1.0], [142.62481689453125, 182.8467559814453, 1.0], [168.45005798339844, 147.52821350097656, 1.0], [209.0893096923828, 151.43711853027344, 1.0], [232.1327667236328, 175.12460327148438, 1.0], [138.069580078125, 163.57460021972656, 1.0], [176.89630126953125, 111.2632064819336, 1.0], [215.51397705078125, 95.5270004272461, 1.0], [258.29144287109375, 106.78595733642578, 1.0], [137.5810546875, 155.1425018310547, 1.0], [205.57826232910156, 190.47830200195312, 1.0], [206.0176544189453, 229.3687744140625, 1.0], [184.5613250732422, 258.5494079589844, 1.0], [133.96810913085938, 154.56788635253906, 1.0], [172.24740600585938, 130.50997924804688, 1.0], [206.16397094726562, 138.74966430664062, 1.0], [228.21505737304688, 169.68026733398438, 1.0]], "is_left": 0}