{"hand_pts": [[26.659032821655273, 255.74887084960938, 1.0], [69.61892700195312, 193.2073974609375, 1.0], [85.26640319824219, 155.62513732910156, 1.0], [124.60933685302734, 135.031982421875, 1.0], [172.62255859375, 125.68580627441406, 1.0], [118.2479019165039, 146.14047241210938, 1.0], [174.86390686035156, 117.40090942382812, 1.0], [215.76759338378906, 124.80944061279297, 1.0], [259.0664978027344, 129.68212890625, 1.0], [133.8038330078125, 184.14981079101562, 1.0], [198.42739868164062, 133.48651123046875, 1.0], [234.458251953125, 128.1205291748047, 1.0], [226.04397583007812, 147.75892639160156, 1.0], [148.15869140625, 216.27603149414062, 1.0], [225.95985412597656, 235.98333740234375, 1.0], [235.45167541503906, 252.536865234375, 1.0], [203.58023071289062, 260.3835754394531, 1.0], [156.04689025878906, 250.00779724121094, 1.0], [215.2537384033203, 250.4727325439453, 1.0], [243.97149658203125, 251.06492614746094, 1.0], [224.13624572753906, 249.32566833496094, 1.0]], "is_left": 0}