{"hand_pts": [[59.52756881713867, 268.65252685546875, 1.0], [130.3031768798828, 273.7022399902344, 1.0], [182.50048828125, 301.73394775390625, 1.0], [220.7288055419922, 280.0553283691406, 1.0], [211.9928436279297, 239.02182006835938, 1.0], [195.7629852294922, 207.31959533691406, 1.0], [245.55203247070312, 186.2285614013672, 1.0], [237.0574188232422, 198.5391082763672, 1.0], [203.78892517089844, 219.9446258544922, 1.0], [172.24229431152344, 174.49945068359375, 1.0], [223.226318359375, 138.12161254882812, 1.0], [212.44920349121094, 164.3990020751953, 1.0], [181.5479278564453, 203.16847229003906, 1.0], [152.4279327392578, 151.98455810546875, 1.0], [195.37890625, 106.67018127441406, 1.0], [189.06475830078125, 129.17330932617188, 1.0], [166.62110900878906, 169.1240692138672, 1.0], [127.7547378540039, 137.9164276123047, 1.0], [144.29200744628906, 107.89653778076172, 1.0], [142.08193969726562, 127.68575286865234, 1.0], [129.6259002685547, 167.163818359375, 1.0]], "is_left": 0}