{"hand_pts": [[239.35743713378906, 189.60076904296875, 1.0], [211.96182250976562, 143.46083068847656, 1.0], [217.2872772216797, 94.45831298828125, 1.0], [199.24134826660156, 70.02278900146484, 1.0], [164.23294067382812, 99.49960327148438, 1.0], [249.38592529296875, 163.81968688964844, 1.0], [198.75363159179688, 162.4285125732422, 1.0], [154.2062530517578, 156.71595764160156, 1.0], [125.25404357910156, 152.59947204589844, 1.0], [245.4048614501953, 203.61253356933594, 1.0], [223.22509765625, 204.16140747070312, 1.0], [184.7061004638672, 193.9105987548828, 1.0], [136.17300415039062, 175.48297119140625, 1.0], [234.37411499023438, 232.4506378173828, 1.0], [166.16957092285156, 222.20201110839844, 1.0], [137.12686157226562, 204.04624938964844, 1.0], [165.37937927246094, 200.79946899414062, 1.0], [221.09901428222656, 257.06658935546875, 1.0], [172.9268798828125, 272.4801940917969, 1.0], [139.99301147460938, 254.58604431152344, 1.0], [158.1407012939453, 231.99380493164062, 1.0]], "is_left": 0}