{"hand_pts": [[326.6382141113281, 177.06314086914062, 1.0], [279.57061767578125, 227.9627685546875, 1.0], [248.75013732910156, 275.2234191894531, 1.0], [200.081298828125, 257.3583068847656, 1.0], [156.94082641601562, 229.42861938476562, 1.0], [228.99302673339844, 178.41993713378906, 1.0], [178.03858947753906, 234.2887725830078, 1.0], [174.5286102294922, 267.81475830078125, 1.0], [199.7069091796875, 270.6155090332031, 1.0], [221.96844482421875, 137.71495056152344, 1.0], [154.05340576171875, 174.28665161132812, 1.0], [169.81414794921875, 206.94911193847656, 1.0], [205.74916076660156, 227.8326873779297, 1.0], [215.05433654785156, 112.31463623046875, 1.0], [135.67794799804688, 123.48595428466797, 1.0], [142.4886474609375, 161.55859375, 1.0], [170.5370635986328, 190.081298828125, 1.0], [214.0905303955078, 94.00250244140625, 1.0], [161.97702026367188, 80.21650695800781, 1.0], [129.03390502929688, 93.34835052490234, 1.0], [124.20037841796875, 135.0782012939453, 1.0]], "is_left": 0}