{"hand_pts": [[180.94996643066406, 58.58876037597656, 1.0], [149.09426879882812, 121.1802749633789, 1.0], [98.42411041259766, 135.48553466796875, 1.0], [65.30924987792969, 159.0924530029297, 1.0], [92.90750885009766, 189.89549255371094, 1.0], [146.8041229248047, 145.00991821289062, 1.0], [134.08404541015625, 205.90122985839844, 1.0], [130.11953735351562, 242.97897338867188, 1.0], [135.3224334716797, 260.8241882324219, 1.0], [181.04598999023438, 132.2906951904297, 1.0], [197.34791564941406, 204.1488494873047, 1.0], [203.78201293945312, 238.33712768554688, 1.0], [211.0577392578125, 274.12689208984375, 1.0], [209.26246643066406, 125.45413970947266, 1.0], [233.53256225585938, 178.237060546875, 1.0], [243.2437744140625, 215.67625427246094, 1.0], [239.1865234375, 234.41802978515625, 1.0], [235.65599060058594, 116.47389221191406, 1.0], [265.4232177734375, 153.54966735839844, 1.0], [272.2552795410156, 178.08071899414062, 1.0], [251.87574768066406, 174.16835021972656, 1.0]], "is_left": 0}