{"hand_pts": [[57.393402099609375, 168.95159912109375, 1.0], [81.76712036132812, 175.4394989013672, 1.0], [80.87066650390625, 157.66322326660156, 1.0], [116.84044647216797, 185.2386474609375, 1.0], [146.0522918701172, 218.93804931640625, 1.0], [152.43838500976562, 142.86753845214844, 1.0], [190.75152587890625, 142.0774383544922, 1.0], [214.44485473632812, 149.36187744140625, 1.0], [236.83187866210938, 158.27032470703125, 1.0], [170.40330505371094, 154.13400268554688, 1.0], [191.43203735351562, 206.96841430664062, 1.0], [163.91217041015625, 231.02664184570312, 1.0], [127.63268280029297, 224.73785400390625, 1.0], [182.13232421875, 168.99549865722656, 1.0], [244.3792266845703, 162.76039123535156, 1.0], [270.93463134765625, 181.6123504638672, 1.0], [260.4172668457031, 206.92950439453125, 1.0], [186.01622009277344, 185.5896759033203, 1.0], [230.18980407714844, 196.88265991210938, 1.0], [227.07786560058594, 217.86033630371094, 1.0], [194.39675903320312, 217.39007568359375, 1.0]], "is_left": 0}