{"hand_pts": [[278.2950744628906, 100.42729949951172, 1.0], [266.4312744140625, 175.41307067871094, 1.0], [271.2284851074219, 243.86048889160156, 1.0], [219.37989807128906, 259.88421630859375, 1.0], [167.7572784423828, 261.961181640625, 1.0], [273.7121276855469, 194.90106201171875, 1.0], [244.52694702148438, 217.3952178955078, 1.0], [200.66600036621094, 228.37677001953125, 1.0], [200.84982299804688, 218.15719604492188, 1.0], [250.0549774169922, 153.1495819091797, 1.0], [183.77243041992188, 209.2135772705078, 1.0], [146.01535034179688, 238.41030883789062, 1.0], [109.71772003173828, 266.6783142089844, 1.0], [225.90628051757812, 122.08763122558594, 1.0], [156.3418731689453, 145.1053924560547, 1.0], [113.468994140625, 165.95680236816406, 1.0], [93.7076644897461, 183.8550567626953, 1.0], [203.58782958984375, 91.69374084472656, 1.0], [163.1090087890625, 82.77604675292969, 1.0], [127.3957748413086, 96.26538848876953, 1.0], [90.78950500488281, 114.03325653076172, 1.0]], "is_left": 0}