{"hand_pts": [[312.8447570800781, 122.72924041748047, 1.0], [277.44036865234375, 98.16242980957031, 1.0], [250.63072204589844, 67.16719818115234, 1.0], [223.1591796875, 68.23387908935547, 1.0], [199.33131408691406, 88.52812194824219, 1.0], [186.93594360351562, 139.9293670654297, 1.0], [134.6396026611328, 149.4856414794922, 1.0], [116.74690246582031, 156.16775512695312, 1.0], [102.75397491455078, 163.75363159179688, 1.0], [201.90126037597656, 177.79808044433594, 1.0], [145.7928466796875, 200.37059020996094, 1.0], [134.6326141357422, 204.58714294433594, 1.0], [128.71974182128906, 206.5360565185547, 1.0], [220.7882080078125, 205.11012268066406, 1.0], [171.00491333007812, 237.5089874267578, 1.0], [163.0050811767578, 245.4578094482422, 1.0], [162.7459259033203, 248.16610717773438, 1.0], [246.64910888671875, 225.95199584960938, 1.0], [222.83351135253906, 255.41238403320312, 1.0], [216.03790283203125, 266.6024169921875, 1.0], [216.89378356933594, 267.04541015625, 1.0]], "is_left": 0}