{"hand_pts": [[246.19131469726562, 312.0873718261719, 1.0], [172.64903259277344, 288.5564270019531, 1.0], [108.01345825195312, 282.6492004394531, 1.0], [80.1208724975586, 253.35232543945312, 1.0], [120.31698608398438, 219.79762268066406, 1.0], [163.2227020263672, 196.98016357421875, 1.0], [138.6219024658203, 139.9384002685547, 1.0], [128.03858947753906, 150.1224822998047, 1.0], [132.7116241455078, 181.3468780517578, 1.0], [208.5568084716797, 189.53143310546875, 1.0], [191.05381774902344, 124.64036560058594, 1.0], [168.34323120117188, 150.90003967285156, 1.0], [147.29322814941406, 175.16751098632812, 1.0], [241.41250610351562, 189.53045654296875, 1.0], [223.0886688232422, 152.92037963867188, 1.0], [206.9243927001953, 148.03207397460938, 1.0], [190.22586059570312, 146.757080078125, 1.0], [271.9488220214844, 198.16343688964844, 1.0], [269.4549560546875, 179.60800170898438, 1.0], [263.2545166015625, 173.8372802734375, 1.0], [254.0739288330078, 168.498291015625, 1.0]], "is_left": 0}