{"hand_pts": [[121.11638641357422, 96.41930389404297, 1.0], [167.5696563720703, 167.79652404785156, 1.0], [201.59825134277344, 233.571044921875, 1.0], [236.08993530273438, 260.482421875, 1.0], [230.92848205566406, 217.76580810546875, 1.0], [127.16759490966797, 233.516357421875, 1.0], [159.706787109375, 277.09136962890625, 1.0], [207.2191619873047, 269.8151550292969, 1.0], [252.6361083984375, 258.85931396484375, 1.0], [113.1747055053711, 192.2043914794922, 1.0], [200.63314819335938, 189.83132934570312, 1.0], [244.9601593017578, 167.91778564453125, 1.0], [238.26963806152344, 148.16537475585938, 1.0], [110.35548400878906, 156.1027374267578, 1.0], [191.21218872070312, 155.91989135742188, 1.0], [201.52606201171875, 135.8865203857422, 1.0], [184.54209899902344, 123.24620056152344, 1.0], [111.20577239990234, 116.89634704589844, 1.0], [121.5794448852539, 114.28083038330078, 1.0], [161.50680541992188, 119.89762878417969, 1.0], [180.38844299316406, 127.2582015991211, 1.0]], "is_left": 0}