{"hand_pts": [[60.49394607543945, 109.14620971679688, 1.0], [115.5651626586914, 160.02325439453125, 1.0], [130.7609405517578, 221.1193084716797, 1.0], [155.77110290527344, 270.06793212890625, 1.0], [197.47105407714844, 259.3849792480469, 1.0], [143.5926513671875, 212.41468811035156, 1.0], [186.47288513183594, 233.20790100097656, 1.0], [226.71456909179688, 231.63381958007812, 1.0], [265.6356201171875, 219.7811737060547, 1.0], [140.59991455078125, 179.27392578125, 1.0], [179.43260192871094, 201.87966918945312, 1.0], [212.9275360107422, 213.42410278320312, 1.0], [255.29457092285156, 211.81797790527344, 1.0], [141.6034393310547, 149.74197387695312, 1.0], [171.4667510986328, 179.1282196044922, 1.0], [208.20693969726562, 175.7949981689453, 1.0], [246.6171875, 174.18214416503906, 1.0], [139.54588317871094, 117.9278793334961, 1.0], [181.79734802246094, 88.03459167480469, 1.0], [197.93873596191406, 68.93186950683594, 1.0], [181.29388427734375, 72.70303344726562, 1.0]], "is_left": 0}