{"hand_pts": [[30.406646728515625, 105.99694061279297, 1.0], [102.73619079589844, 94.33782196044922, 1.0], [161.29489135742188, 81.34577178955078, 1.0], [200.4966583251953, 118.08949279785156, 1.0], [229.19741821289062, 154.99227905273438, 1.0], [180.14544677734375, 166.00714111328125, 1.0], [232.77821350097656, 195.816162109375, 1.0], [235.5843505859375, 184.3517608642578, 1.0], [227.500732421875, 167.1540069580078, 1.0], [156.0572967529297, 192.43988037109375, 1.0], [208.2066650390625, 186.92434692382812, 1.0], [224.9116973876953, 166.82708740234375, 1.0], [217.16213989257812, 132.9132537841797, 1.0], [134.5443572998047, 207.5045623779297, 1.0], [194.9915008544922, 259.1315612792969, 1.0], [228.85528564453125, 267.756103515625, 1.0], [260.0990295410156, 272.768310546875, 1.0], [107.40538024902344, 214.45068359375, 1.0], [121.0185546875, 222.87799072265625, 1.0], [115.70684814453125, 196.51943969726562, 1.0], [102.47560119628906, 163.47622680664062, 1.0]], "is_left": 0}