{"hand_pts": [[207.6704559326172, 301.63568115234375, 1.0], [201.78005981445312, 228.9656982421875, 1.0], [224.0240020751953, 170.62445068359375, 1.0], [230.95016479492188, 116.830322265625, 1.0], [190.0459442138672, 100.42213439941406, 1.0], [230.93287658691406, 194.15292358398438, 1.0], [227.1713104248047, 152.4944610595703, 1.0], [203.05352783203125, 125.58907318115234, 1.0], [170.2808837890625, 105.10940551757812, 1.0], [215.51690673828125, 226.36172485351562, 1.0], [208.45335388183594, 170.28533935546875, 1.0], [176.39292907714844, 135.92544555664062, 1.0], [142.80746459960938, 119.06033325195312, 1.0], [197.63595581054688, 250.50738525390625, 1.0], [182.35089111328125, 212.4265899658203, 1.0], [150.69224548339844, 191.9954071044922, 1.0], [142.16407775878906, 196.6677703857422, 1.0], [178.9370880126953, 275.96826171875, 1.0], [146.51541137695312, 254.6939239501953, 1.0], [118.51139068603516, 235.4377899169922, 1.0], [101.10223388671875, 219.8406524658203, 1.0]], "is_left": 0}