{"hand_pts": [[129.21974182128906, 316.9591064453125, 1.0], [109.84219360351562, 269.0171203613281, 1.0], [70.15857696533203, 243.99432373046875, 1.0], [86.70616149902344, 216.2562713623047, 1.0], [141.15179443359375, 214.56341552734375, 1.0], [120.24315643310547, 156.13119506835938, 1.0], [146.05349731445312, 107.3194808959961, 1.0], [167.3203582763672, 125.55663299560547, 1.0], [178.06735229492188, 168.2675018310547, 1.0], [159.32057189941406, 159.93869018554688, 1.0], [200.4823760986328, 125.42915344238281, 1.0], [210.1443634033203, 158.32435607910156, 1.0], [199.58033752441406, 207.7758331298828, 1.0], [191.75576782226562, 169.7842254638672, 1.0], [250.11036682128906, 145.1370391845703, 1.0], [249.66746520996094, 185.86512756347656, 1.0], [230.50149536132812, 228.84500122070312, 1.0], [220.13327026367188, 189.7907257080078, 1.0], [260.4166259765625, 183.9312286376953, 1.0], [249.45950317382812, 216.88232421875, 1.0], [215.50279235839844, 233.8383026123047, 1.0]], "is_left": 0}