{"hand_pts": [[273.8996887207031, 47.33307647705078, 1.0], [206.08157348632812, 68.697265625, 1.0], [151.43673706054688, 76.45780944824219, 1.0], [148.37301635742188, 127.02739715576172, 1.0], [158.55747985839844, 172.3131561279297, 1.0], [179.48043823242188, 162.4991912841797, 1.0], [143.93106079101562, 208.8712921142578, 1.0], [116.65496826171875, 237.59576416015625, 1.0], [92.40013122558594, 259.4156494140625, 1.0], [210.64772033691406, 179.6834716796875, 1.0], [179.16188049316406, 205.04156494140625, 1.0], [160.34771728515625, 210.51068115234375, 1.0], [142.80059814453125, 214.42098999023438, 1.0], [233.83782958984375, 188.15928649902344, 1.0], [200.9945831298828, 230.78457641601562, 1.0], [185.05386352539062, 218.22265625, 1.0], [187.39883422851562, 177.17276000976562, 1.0], [257.889892578125, 186.85694885253906, 1.0], [250.34144592285156, 190.40234375, 1.0], [245.65611267089844, 180.23672485351562, 1.0], [243.3667449951172, 143.59010314941406, 1.0]], "is_left": 0}