{"hand_pts": [[49.790279388427734, 234.86611938476562, 1.0], [69.16348266601562, 176.67359924316406, 1.0], [84.87835693359375, 131.240966796875, 1.0], [130.4250946044922, 118.46007537841797, 1.0], [165.93214416503906, 129.86354064941406, 1.0], [167.6145782470703, 170.1226043701172, 1.0], [193.51535034179688, 129.7051544189453, 1.0], [189.5249481201172, 108.17603302001953, 1.0], [160.28497314453125, 106.42295837402344, 1.0], [180.1619873046875, 207.4140625, 1.0], [254.76402282714844, 196.2282257080078, 1.0], [252.50186157226562, 176.34124755859375, 1.0], [249.51492309570312, 158.02029418945312, 1.0], [183.51947021484375, 234.90557861328125, 1.0], [254.62411499023438, 232.3235626220703, 1.0], [242.10595703125, 213.38157653808594, 1.0], [201.30404663085938, 203.21934509277344, 1.0], [177.31053161621094, 260.5333557128906, 1.0], [175.21241760253906, 254.9744110107422, 1.0], [162.74012756347656, 248.5294647216797, 1.0], [128.2018585205078, 235.98675537109375, 1.0]], "is_left": 0}