{"hand_pts": [[208.06446838378906, 51.4180908203125, 1.0], [213.739013671875, 113.583740234375, 1.0], [224.89552307128906, 163.26318359375, 1.0], [222.51199340820312, 211.11868286132812, 1.0], [209.8453369140625, 253.31906127929688, 1.0], [229.62684631347656, 151.06227111816406, 1.0], [219.83438110351562, 208.90670776367188, 1.0], [197.71263122558594, 240.83567810058594, 1.0], [172.72776794433594, 262.9358825683594, 1.0], [209.23329162597656, 127.97197723388672, 1.0], [203.49710083007812, 186.0829620361328, 1.0], [185.84408569335938, 230.12179565429688, 1.0], [166.4800262451172, 270.3594055175781, 1.0], [189.56236267089844, 111.0949935913086, 1.0], [164.25418090820312, 164.41510009765625, 1.0], [142.01846313476562, 197.0007781982422, 1.0], [124.01731872558594, 219.07818603515625, 1.0], [170.6312255859375, 92.02295684814453, 1.0], [154.98739624023438, 122.64974975585938, 1.0], [140.4827117919922, 151.06288146972656, 1.0], [125.75483703613281, 183.69522094726562, 1.0]], "is_left": 0}