{"hand_pts": [[85.72859954833984, 307.2958068847656, 1.0], [155.22962951660156, 284.4264831542969, 1.0], [215.96192932128906, 284.8678283691406, 1.0], [255.97662353515625, 263.5120849609375, 1.0], [267.8351745605469, 229.18222045898438, 1.0], [199.7572021484375, 208.0264434814453, 1.0], [248.23648071289062, 163.7515106201172, 1.0], [254.81954956054688, 159.0417022705078, 1.0], [230.3261260986328, 181.7390899658203, 1.0], [160.57241821289062, 195.3896026611328, 1.0], [189.73707580566406, 139.99571228027344, 1.0], [208.057861328125, 110.5782699584961, 1.0], [222.74191284179688, 94.14710998535156, 1.0], [128.79261779785156, 189.0229034423828, 1.0], [165.33401489257812, 156.64247131347656, 1.0], [160.06727600097656, 185.6952362060547, 1.0], [147.11326599121094, 221.21551513671875, 1.0], [95.61308288574219, 190.6940460205078, 1.0], [105.7118911743164, 149.8287353515625, 1.0], [119.04537200927734, 138.40145874023438, 1.0], [135.22238159179688, 142.6913604736328, 1.0]], "is_left": 0}