{"hand_pts": [[323.29541015625, 245.20252990722656, 1.0], [255.91500854492188, 259.0671081542969, 1.0], [218.4238739013672, 287.5464782714844, 1.0], [185.23233032226562, 257.7691345214844, 1.0], [171.23583984375, 215.88882446289062, 1.0], [205.40110778808594, 228.46751403808594, 1.0], [146.39881896972656, 207.93479919433594, 1.0], [144.0189666748047, 206.18064880371094, 1.0], [145.3791961669922, 204.54873657226562, 1.0], [222.97474670410156, 197.07015991210938, 1.0], [158.08465576171875, 162.25790405273438, 1.0], [125.15645599365234, 150.66067504882812, 1.0], [94.74762725830078, 139.9386749267578, 1.0], [236.12196350097656, 173.3297576904297, 1.0], [182.2608642578125, 144.8368377685547, 1.0], [178.53570556640625, 152.66407775878906, 1.0], [183.19503784179688, 166.57113647460938, 1.0], [253.26324462890625, 154.87716674804688, 1.0], [216.2925262451172, 124.70574188232422, 1.0], [189.5036163330078, 123.83131408691406, 1.0], [165.5952911376953, 130.81573486328125, 1.0]], "is_left": 0}