{"hand_pts": [[88.86248016357422, 269.7604064941406, 1.0], [85.50347137451172, 217.49183654785156, 1.0], [55.8213996887207, 177.6946563720703, 1.0], [70.83613586425781, 130.9785614013672, 1.0], [110.43959045410156, 112.48455047607422, 1.0], [137.00604248046875, 221.92050170898438, 1.0], [180.02760314941406, 187.59046936035156, 1.0], [181.85020446777344, 159.8113250732422, 1.0], [166.40545654296875, 154.8165283203125, 1.0], [169.46324157714844, 239.01429748535156, 1.0], [220.19381713867188, 180.86825561523438, 1.0], [214.44627380371094, 147.07101440429688, 1.0], [192.934814453125, 128.305419921875, 1.0], [193.15509033203125, 247.46913146972656, 1.0], [247.707275390625, 212.4281463623047, 1.0], [255.97476196289062, 173.63238525390625, 1.0], [225.50180053710938, 165.27020263671875, 1.0], [209.3320770263672, 254.97869873046875, 1.0], [249.31349182128906, 235.3014678955078, 1.0], [252.18714904785156, 202.7583465576172, 1.0], [237.80128479003906, 172.77000427246094, 1.0]], "is_left": 0}