{"hand_pts": [[128.40162658691406, 96.80985260009766, 1.0], [107.04805755615234, 105.6731948852539, 1.0], [73.67953491210938, 97.86371612548828, 1.0], [97.22663879394531, 117.85730743408203, 1.0], [147.6237335205078, 145.8524932861328, 1.0], [112.67919158935547, 203.7885284423828, 1.0], [131.8342742919922, 216.03199768066406, 1.0], [151.3069610595703, 190.81361389160156, 1.0], [165.17259216308594, 151.59417724609375, 1.0], [152.52493286132812, 217.29544067382812, 1.0], [197.92877197265625, 220.64540100097656, 1.0], [209.0763702392578, 176.30157470703125, 1.0], [193.62054443359375, 132.64463806152344, 1.0], [185.5102996826172, 220.41067504882812, 1.0], [231.70619201660156, 253.4125518798828, 1.0], [253.10000610351562, 238.02052307128906, 1.0], [257.35784912109375, 200.1868133544922, 1.0], [214.56092834472656, 213.99850463867188, 1.0], [255.9893035888672, 213.88458251953125, 1.0], [273.2029724121094, 192.35450744628906, 1.0], [256.72125244140625, 154.15577697753906, 1.0]], "is_left": 0}