{"hand_pts": [[215.249755859375, 177.76133728027344, 1.0], [176.118896484375, 140.56915283203125, 1.0], [127.09976959228516, 99.87184143066406, 1.0], [106.7986831665039, 73.64414978027344, 1.0], [138.6183319091797, 85.06085968017578, 1.0], [128.66641235351562, 205.1676483154297, 1.0], [111.7174301147461, 200.27395629882812, 1.0], [121.90645599365234, 176.97323608398438, 1.0], [125.12140655517578, 162.8235321044922, 1.0], [163.3124542236328, 234.2593231201172, 1.0], [155.76597595214844, 233.4530029296875, 1.0], [179.30743408203125, 183.63314819335938, 1.0], [198.33819580078125, 144.57676696777344, 1.0], [195.22357177734375, 249.290283203125, 1.0], [237.6631317138672, 210.6623077392578, 1.0], [248.0911102294922, 178.53472900390625, 1.0], [259.10552978515625, 146.78150939941406, 1.0], [228.63156127929688, 256.90106201171875, 1.0], [253.38450622558594, 254.37899780273438, 1.0], [272.0245056152344, 242.9500274658203, 1.0], [272.89935302734375, 201.51365661621094, 1.0]], "is_left": 0}