{"hand_pts": [[179.61135864257812, 237.13575744628906, 1.0], [226.56546020507812, 206.41403198242188, 1.0], [269.61993408203125, 169.63999938964844, 1.0], [296.2784118652344, 142.2440185546875, 1.0], [271.276611328125, 153.2582244873047, 1.0], [170.71817016601562, 150.17129516601562, 1.0], [200.44309997558594, 153.3312225341797, 1.0], [234.98001098632812, 180.93081665039062, 1.0], [242.2741241455078, 201.68124389648438, 1.0], [137.03256225585938, 169.94229125976562, 1.0], [126.16848754882812, 140.5482940673828, 1.0], [173.04364013671875, 159.34378051757812, 1.0], [217.39022827148438, 176.69137573242188, 1.0], [118.04959869384766, 190.03138732910156, 1.0], [107.95964813232422, 184.05027770996094, 1.0], [146.6016845703125, 200.64389038085938, 1.0], [183.22064208984375, 216.5228271484375, 1.0], [105.95478057861328, 213.53659057617188, 1.0], [116.8057632446289, 219.42832946777344, 1.0], [154.66432189941406, 232.6063690185547, 1.0], [186.98434448242188, 240.9442596435547, 1.0]], "is_left": 0}