{"hand_pts": [[222.22540283203125, 344.18145751953125, 1.0], [185.08584594726562, 302.3337097167969, 1.0], [156.26333618164062, 271.5109558105469, 1.0], [138.31163024902344, 227.47125244140625, 1.0], [156.7633819580078, 200.44064331054688, 1.0], [222.49136352539062, 219.90692138671875, 1.0], [193.50111389160156, 162.29908752441406, 1.0], [162.7081298828125, 133.0274658203125, 1.0], [130.03631591796875, 108.891357421875, 1.0], [233.81932067871094, 216.2803192138672, 1.0], [225.39100646972656, 145.13356018066406, 1.0], [179.8732147216797, 146.22169494628906, 1.0], [158.5579071044922, 179.8076934814453, 1.0], [235.4470672607422, 216.14369201660156, 1.0], [209.4349365234375, 153.76889038085938, 1.0], [170.20359802246094, 155.67221069335938, 1.0], [134.8735809326172, 167.9705352783203, 1.0], [233.7289581298828, 223.88778686523438, 1.0], [210.73297119140625, 186.09017944335938, 1.0], [186.37149047851562, 165.1447296142578, 1.0], [153.95616149902344, 151.1131134033203, 1.0]], "is_left": 0}