{"hand_pts": [[308.6622009277344, 134.1549835205078, 1.0], [240.94541931152344, 148.6090545654297, 1.0], [186.80194091796875, 158.44590759277344, 1.0], [141.82005310058594, 162.7254638671875, 1.0], [116.38150787353516, 162.1050567626953, 1.0], [214.7759552001953, 215.16207885742188, 1.0], [162.19700622558594, 231.1160888671875, 1.0], [128.07424926757812, 215.89878845214844, 1.0], [100.51885223388672, 191.3386993408203, 1.0], [240.5067596435547, 204.52980041503906, 1.0], [185.26385498046875, 222.57574462890625, 1.0], [145.0799560546875, 206.54669189453125, 1.0], [111.69129180908203, 180.3326416015625, 1.0], [258.6116027832031, 189.22219848632812, 1.0], [211.02325439453125, 203.65008544921875, 1.0], [176.70066833496094, 185.17098999023438, 1.0], [149.10374450683594, 157.42681884765625, 1.0], [278.03753662109375, 168.8550262451172, 1.0], [249.8673858642578, 165.6566619873047, 1.0], [222.9964599609375, 150.76974487304688, 1.0], [194.9993133544922, 129.11080932617188, 1.0]], "is_left": 0}