{"hand_pts": [[209.21852111816406, 81.14798736572266, 1.0], [204.0325469970703, 98.35492706298828, 1.0], [212.76092529296875, 109.44200897216797, 1.0], [217.94187927246094, 127.05801391601562, 1.0], [211.70428466796875, 161.9040985107422, 1.0], [243.5462188720703, 169.2306671142578, 1.0], [266.2742004394531, 209.5998077392578, 1.0], [276.2954406738281, 235.05682373046875, 1.0], [285.92669677734375, 259.5036315917969, 1.0], [230.48480224609375, 180.99160766601562, 1.0], [169.79347229003906, 204.40988159179688, 1.0], [123.46414947509766, 197.9757537841797, 1.0], [79.9146728515625, 186.3112030029297, 1.0], [213.1668701171875, 186.33346557617188, 1.0], [140.55728149414062, 195.3964385986328, 1.0], [106.15654754638672, 169.35923767089844, 1.0], [68.260986328125, 146.93292236328125, 1.0], [193.37086486816406, 184.36398315429688, 1.0], [162.93211364746094, 213.10557556152344, 1.0], [134.7476806640625, 225.91981506347656, 1.0], [109.31898498535156, 209.50344848632812, 1.0]], "is_left": 0}