{"hand_pts": [[232.28956604003906, 175.8758544921875, 1.0], [265.1730041503906, 182.1849365234375, 1.0], [298.5946044921875, 209.941650390625, 1.0], [281.4075622558594, 198.3470458984375, 1.0], [248.7415313720703, 173.67820739746094, 1.0], [217.7771759033203, 220.3595428466797, 1.0], [217.72755432128906, 193.95533752441406, 1.0], [232.082275390625, 171.91554260253906, 1.0], [243.41590881347656, 159.391845703125, 1.0], [177.0120086669922, 208.6846466064453, 1.0], [139.59683227539062, 232.45570373535156, 1.0], [126.78958892822266, 234.4546356201172, 1.0], [113.09256744384766, 238.41436767578125, 1.0], [148.2269744873047, 194.23094177246094, 1.0], [141.89324951171875, 155.50164794921875, 1.0], [153.8872528076172, 128.64393615722656, 1.0], [182.01968383789062, 111.58914947509766, 1.0], [126.12026977539062, 177.21522521972656, 1.0], [105.51606750488281, 175.5544891357422, 1.0], [126.51348114013672, 160.30433654785156, 1.0], [154.7136993408203, 145.21522521972656, 1.0]], "is_left": 0,"label":1}