{"hand_pts": [[323.9149475097656, 146.0435028076172, 1.0], [293.0116882324219, 126.03807830810547, 1.0], [274.2453918457031, 104.09801483154297, 1.0], [244.5001678466797, 97.7462387084961, 1.0], [212.26466369628906, 98.65565490722656, 1.0], [228.35350036621094, 178.27862548828125, 1.0], [176.26502990722656, 189.02340698242188, 1.0], [173.70814514160156, 171.78775024414062, 1.0], [202.208740234375, 159.34449768066406, 1.0], [212.29441833496094, 203.2478485107422, 1.0], [145.610595703125, 227.99368286132812, 1.0], [119.66729736328125, 218.48770141601562, 1.0], [100.12147521972656, 205.65054321289062, 1.0], [200.69244384765625, 218.46990966796875, 1.0], [144.8386993408203, 219.3467254638672, 1.0], [121.23910522460938, 211.1210479736328, 1.0], [137.29249572753906, 184.0838623046875, 1.0], [196.00132751464844, 227.96795654296875, 1.0], [156.21923828125, 232.7047882080078, 1.0], [172.16712951660156, 207.9141082763672, 1.0], [203.79556274414062, 200.7153778076172, 1.0]], "is_left": 0}