{"hand_pts": [[37.994937896728516, 241.28445434570312, 1.0], [72.30667114257812, 185.32769775390625, 1.0], [89.67645263671875, 129.84286499023438, 1.0], [113.1980972290039, 87.614990234375, 1.0], [137.08938598632812, 61.16117858886719, 1.0], [154.89276123046875, 170.07260131835938, 1.0], [187.031982421875, 129.03707885742188, 1.0], [204.62925720214844, 104.60711669921875, 1.0], [210.80079650878906, 86.98493957519531, 1.0], [160.9997100830078, 205.6977996826172, 1.0], [224.7191162109375, 197.50582885742188, 1.0], [237.345947265625, 186.80841064453125, 1.0], [248.7375030517578, 176.89474487304688, 1.0], [161.98248291015625, 232.84548950195312, 1.0], [226.1712646484375, 230.2857208251953, 1.0], [240.30917358398438, 218.8935089111328, 1.0], [210.45042419433594, 206.74827575683594, 1.0], [154.7841033935547, 258.9444885253906, 1.0], [193.97377014160156, 270.9896545410156, 1.0], [217.8114013671875, 273.2464904785156, 1.0], [230.21726989746094, 261.0483093261719, 1.0]], "is_left": 0}