{"hand_pts": [[217.48609924316406, 284.1234436035156, 1.0], [221.2554473876953, 216.45701599121094, 1.0], [222.84007263183594, 161.20008850097656, 1.0], [227.74041748046875, 142.78977966308594, 1.0], [231.3555145263672, 150.1705780029297, 1.0], [158.7711944580078, 186.34022521972656, 1.0], [142.74984741210938, 137.9867401123047, 1.0], [151.89231872558594, 107.08924865722656, 1.0], [157.82273864746094, 77.3564682006836, 1.0], [158.41529846191406, 219.07449340820312, 1.0], [141.64918518066406, 173.32411193847656, 1.0], [163.99681091308594, 141.58474731445312, 1.0], [184.9590301513672, 111.61692810058594, 1.0], [165.32223510742188, 243.8834991455078, 1.0], [168.83517456054688, 219.20668029785156, 1.0], [203.14707946777344, 202.24098205566406, 1.0], [228.20252990722656, 199.3487091064453, 1.0], [177.48658752441406, 269.6153259277344, 1.0], [177.35174560546875, 262.39300537109375, 1.0], [194.7398681640625, 245.4796905517578, 1.0], [218.76954650878906, 227.6115264892578, 1.0]], "is_left": 0,"label":4}