{"hand_pts": [[38.17009353637695, 170.1070098876953, 1.0], [97.17107391357422, 212.27232360839844, 1.0], [143.6823272705078, 249.81256103515625, 1.0], [192.36029052734375, 252.90672302246094, 1.0], [230.69427490234375, 241.8649444580078, 1.0], [132.3267822265625, 229.84902954101562, 1.0], [195.50363159179688, 231.14027404785156, 1.0], [240.56106567382812, 224.9886474609375, 1.0], [271.3204345703125, 209.97796630859375, 1.0], [128.57699584960938, 192.54238891601562, 1.0], [210.41098022460938, 196.3233184814453, 1.0], [205.9502410888672, 191.5906219482422, 1.0], [191.4024200439453, 187.26394653320312, 1.0], [128.685546875, 161.52349853515625, 1.0], [205.01779174804688, 134.67176818847656, 1.0], [213.5635223388672, 128.06576538085938, 1.0], [204.99136352539062, 128.70419311523438, 1.0], [125.04440307617188, 131.43914794921875, 1.0], [167.34841918945312, 115.40472412109375, 1.0], [190.88479614257812, 120.93952178955078, 1.0], [168.53793334960938, 135.31846618652344, 1.0]], "is_left": 0}