{"hand_pts": [[314.59637451171875, 227.94021606445312, 1.0], [287.6464538574219, 186.14178466796875, 1.0], [272.4271545410156, 143.032958984375, 1.0], [233.59519958496094, 149.3345947265625, 1.0], [234.4062957763672, 186.08995056152344, 1.0], [208.56967163085938, 158.926025390625, 1.0], [156.98602294921875, 127.79177856445312, 1.0], [131.31605529785156, 118.26805114746094, 1.0], [119.64470672607422, 119.77063751220703, 1.0], [202.86294555664062, 188.79812622070312, 1.0], [144.85601806640625, 157.8370361328125, 1.0], [114.77403259277344, 139.4069366455078, 1.0], [83.6711196899414, 121.19076538085938, 1.0], [202.58352661132812, 213.640380859375, 1.0], [151.8651123046875, 219.1035614013672, 1.0], [156.48851013183594, 222.50555419921875, 1.0], [167.84507751464844, 224.85794067382812, 1.0], [210.05531311035156, 238.70518493652344, 1.0], [207.4409942626953, 250.019775390625, 1.0], [209.06845092773438, 258.0718078613281, 1.0], [235.9416046142578, 258.4739685058594, 1.0]], "is_left": 0}