{"hand_pts": [[106.23001098632812, 46.44093322753906, 1.0], [106.80352783203125, 113.08024597167969, 1.0], [82.38277435302734, 159.6219024658203, 1.0], [100.98766326904297, 207.11163330078125, 1.0], [149.8746337890625, 205.3384552001953, 1.0], [133.37261962890625, 160.6005859375, 1.0], [143.24021911621094, 214.3428955078125, 1.0], [162.83145141601562, 249.5350799560547, 1.0], [185.80239868164062, 277.249755859375, 1.0], [163.0110626220703, 140.71530151367188, 1.0], [195.0428009033203, 207.4514617919922, 1.0], [202.5320281982422, 217.31175231933594, 1.0], [214.23399353027344, 235.09149169921875, 1.0], [187.412353515625, 125.64485931396484, 1.0], [219.2991485595703, 178.60569763183594, 1.0], [232.75912475585938, 200.57833862304688, 1.0], [230.8516387939453, 200.8184356689453, 1.0], [206.9479217529297, 107.1519775390625, 1.0], [244.0706329345703, 125.11517333984375, 1.0], [260.8971862792969, 152.9814910888672, 1.0], [240.4491424560547, 155.74688720703125, 1.0]], "is_left": 0}