{"hand_pts": [[123.24535369873047, 48.63941192626953, 1.0], [178.14964294433594, 79.47024536132812, 1.0], [220.98123168945312, 86.01600646972656, 1.0], [257.6822814941406, 112.92124938964844, 1.0], [266.5821533203125, 154.27694702148438, 1.0], [179.000244140625, 160.59922790527344, 1.0], [218.2245330810547, 187.2587890625, 1.0], [215.9566650390625, 157.17042541503906, 1.0], [216.2665557861328, 131.77847290039062, 1.0], [150.07723999023438, 173.9642791748047, 1.0], [195.2478790283203, 205.65283203125, 1.0], [222.47596740722656, 211.0289306640625, 1.0], [246.519287109375, 209.26315307617188, 1.0], [130.66470336914062, 181.1902313232422, 1.0], [152.5927276611328, 217.58880615234375, 1.0], [166.32688903808594, 223.21290588378906, 1.0], [178.6297149658203, 233.1452178955078, 1.0], [113.01686096191406, 179.85568237304688, 1.0], [109.7016372680664, 227.44358825683594, 1.0], [117.2545394897461, 258.7496643066406, 1.0], [143.19305419921875, 269.68878173828125, 1.0]], "is_left": 0}