{"hand_pts": [[160.16539001464844, 220.84542846679688, 1.0], [146.52374267578125, 237.4837188720703, 1.0], [164.09048461914062, 280.5812683105469, 1.0], [180.3378143310547, 304.43450927734375, 1.0], [193.97242736816406, 300.524169921875, 1.0], [224.95115661621094, 235.1820068359375, 1.0], [213.15371704101562, 224.75779724121094, 1.0], [157.06307983398438, 204.0174102783203, 1.0], [101.30667114257812, 181.8813934326172, 1.0], [225.44668579101562, 200.88099670410156, 1.0], [279.56353759765625, 189.2674102783203, 1.0], [258.05450439453125, 169.1705780029297, 1.0], [204.74070739746094, 154.1609649658203, 1.0], [215.87335205078125, 171.5330047607422, 1.0], [188.90924072265625, 115.26004028320312, 1.0], [135.0322265625, 108.65918731689453, 1.0], [89.13524627685547, 112.9676742553711, 1.0], [199.83604431152344, 145.08428955078125, 1.0], [192.33558654785156, 110.21896362304688, 1.0], [151.74371337890625, 105.52641296386719, 1.0], [110.09638977050781, 109.63117218017578, 1.0]], "is_left": 0}