{"hand_pts": [[120.63858795166016, 82.95286560058594, 1.0], [150.18936157226562, 108.2520751953125, 1.0], [184.50682067871094, 114.15445709228516, 1.0], [217.78916931152344, 135.06260681152344, 1.0], [246.7440643310547, 158.89549255371094, 1.0], [138.5332489013672, 183.70668029785156, 1.0], [179.80088806152344, 199.0948028564453, 1.0], [211.84457397460938, 193.9534912109375, 1.0], [232.0546875, 167.1428985595703, 1.0], [137.7567138671875, 186.27743530273438, 1.0], [140.8313446044922, 244.73146057128906, 1.0], [150.43222045898438, 278.1786804199219, 1.0], [165.25933837890625, 306.70233154296875, 1.0], [141.96495056152344, 183.8347625732422, 1.0], [194.26918029785156, 206.70877075195312, 1.0], [222.77003479003906, 186.399658203125, 1.0], [229.4851531982422, 155.70413208007812, 1.0], [146.57656860351562, 174.42942810058594, 1.0], [184.98582458496094, 182.4446563720703, 1.0], [200.61309814453125, 160.60169982910156, 1.0], [192.4900665283203, 136.45423889160156, 1.0]], "is_left": 0}