{"hand_pts": [[162.5844268798828, 259.1629943847656, 1.0], [124.56343078613281, 218.35903930664062, 1.0], [71.76480865478516, 199.1516876220703, 1.0], [84.47061920166016, 154.26844787597656, 1.0], [131.37074279785156, 137.50726318359375, 1.0], [148.75189208984375, 238.61102294921875, 1.0], [151.79295349121094, 182.83624267578125, 1.0], [149.91824340820312, 147.53530883789062, 1.0], [147.64047241210938, 138.9341583251953, 1.0], [191.12802124023438, 245.98031616210938, 1.0], [204.32379150390625, 171.63711547851562, 1.0], [186.04159545898438, 157.96478271484375, 1.0], [167.4064178466797, 182.0756072998047, 1.0], [222.34677124023438, 245.35565185546875, 1.0], [248.40074157714844, 179.46441650390625, 1.0], [233.7325439453125, 154.67376708984375, 1.0], [208.0175323486328, 163.2962646484375, 1.0], [248.1234130859375, 243.2004852294922, 1.0], [272.33184814453125, 200.92909240722656, 1.0], [257.8069152832031, 176.813232421875, 1.0], [228.06089782714844, 192.30764770507812, 1.0]], "is_left": 0}