{"hand_pts": [[283.2486572265625, 132.82972717285156, 1.0], [213.948974609375, 164.24163818359375, 1.0], [171.47955322265625, 208.43394470214844, 1.0], [130.8633270263672, 235.34237670898438, 1.0], [125.69049072265625, 220.12596130371094, 1.0], [224.3789825439453, 218.48008728027344, 1.0], [182.96954345703125, 253.83070373535156, 1.0], [137.38490295410156, 233.60183715820312, 1.0], [137.6941375732422, 200.64910888671875, 1.0], [253.13572692871094, 195.28460693359375, 1.0], [184.67218017578125, 223.92401123046875, 1.0], [122.3008804321289, 217.31236267089844, 1.0], [101.78121185302734, 188.79449462890625, 1.0], [269.2445373535156, 172.3791046142578, 1.0], [198.11888122558594, 148.21270751953125, 1.0], [162.15187072753906, 123.29400634765625, 1.0], [178.46482849121094, 122.7340087890625, 1.0], [283.1091003417969, 146.4803466796875, 1.0], [247.6454620361328, 139.5353240966797, 1.0], [212.4293212890625, 130.6397705078125, 1.0], [169.42330932617188, 118.71268463134766, 1.0]], "is_left": 0}