{"hand_pts": [[221.19232177734375, 199.21847534179688, 1.0], [164.3814697265625, 200.92018127441406, 1.0], [111.39889526367188, 195.64401245117188, 1.0], [76.73162841796875, 198.55564880371094, 1.0], [61.16428756713867, 206.82525634765625, 1.0], [164.7163848876953, 149.67791748046875, 1.0], [144.4462432861328, 165.01010131835938, 1.0], [141.8429718017578, 194.73402404785156, 1.0], [143.27584838867188, 222.2852020263672, 1.0], [204.46092224121094, 150.32754516601562, 1.0], [208.76951599121094, 127.72926330566406, 1.0], [193.6563262939453, 152.95489501953125, 1.0], [178.655517578125, 181.69961547851562, 1.0], [234.54739379882812, 156.80902099609375, 1.0], [229.147705078125, 185.70680236816406, 1.0], [221.86585998535156, 211.63558959960938, 1.0], [209.8074493408203, 238.82994079589844, 1.0], [262.54083251953125, 167.56358337402344, 1.0], [264.8621520996094, 173.13900756835938, 1.0], [248.79208374023438, 194.1119842529297, 1.0], [227.75860595703125, 215.2872314453125, 1.0]], "is_left": 0,"label":1}