{"hand_pts": [[65.10894012451172, 145.96221923828125, 1.0], [125.12838745117188, 126.02709197998047, 1.0], [166.83261108398438, 88.3249740600586, 1.0], [219.28038024902344, 89.21122741699219, 1.0], [259.6900939941406, 117.45647430419922, 1.0], [128.31961059570312, 145.38021850585938, 1.0], [179.43353271484375, 151.82395935058594, 1.0], [223.59912109375, 161.00836181640625, 1.0], [262.9222717285156, 170.9195098876953, 1.0], [113.82754516601562, 179.3324737548828, 1.0], [181.40806579589844, 196.35316467285156, 1.0], [228.0376739501953, 196.17800903320312, 1.0], [265.1806335449219, 193.01589965820312, 1.0], [107.84812927246094, 205.7451171875, 1.0], [175.0513916015625, 233.274169921875, 1.0], [207.9149627685547, 228.41354370117188, 1.0], [204.10574340820312, 209.7592010498047, 1.0], [101.74983215332031, 227.58740234375, 1.0], [135.91627502441406, 256.0872497558594, 1.0], [173.01889038085938, 262.3282470703125, 1.0], [194.01783752441406, 243.5301055908203, 1.0]], "is_left": 0}