{"hand_pts": [[115.91814422607422, 208.83969116210938, 1.0], [179.15606689453125, 243.68397521972656, 1.0], [231.41358947753906, 273.3194885253906, 1.0], [251.47601318359375, 265.98870849609375, 1.0], [260.7757568359375, 251.5088653564453, 1.0], [153.1553497314453, 254.96498107910156, 1.0], [194.616943359375, 240.65994262695312, 1.0], [230.29098510742188, 216.7575225830078, 1.0], [224.807861328125, 210.99957275390625, 1.0], [127.27008056640625, 211.9449005126953, 1.0], [142.509521484375, 207.0428009033203, 1.0], [160.5357208251953, 202.51913452148438, 1.0], [195.30526733398438, 193.30206298828125, 1.0], [113.47698211669922, 174.83213806152344, 1.0], [178.27056884765625, 127.59252166748047, 1.0], [216.66876220703125, 109.9544906616211, 1.0], [252.6263427734375, 95.89156341552734, 1.0], [102.6431884765625, 139.2958984375, 1.0], [126.56317138671875, 101.5906753540039, 1.0], [162.0546112060547, 85.0148696899414, 1.0], [200.7879638671875, 70.17839050292969, 1.0]], "is_left": 0}