{"hand_pts": [[339.0047302246094, 223.61367797851562, 1.0], [270.5501708984375, 231.2568817138672, 1.0], [234.6952667236328, 236.0804901123047, 1.0], [195.91842651367188, 213.71829223632812, 1.0], [178.51600646972656, 171.85739135742188, 1.0], [207.03721618652344, 240.95440673828125, 1.0], [148.21585083007812, 239.15878295898438, 1.0], [110.63204956054688, 218.63108825683594, 1.0], [102.0868148803711, 188.6932830810547, 1.0], [224.2564239501953, 214.04867553710938, 1.0], [164.5238494873047, 188.06124877929688, 1.0], [127.73683166503906, 158.98638916015625, 1.0], [127.7669448852539, 147.7303466796875, 1.0], [238.39785766601562, 189.15817260742188, 1.0], [172.49859619140625, 182.25732421875, 1.0], [131.94906616210938, 167.67105102539062, 1.0], [104.6217269897461, 150.4398651123047, 1.0], [257.74822998046875, 165.78041076660156, 1.0], [229.41236877441406, 126.17079162597656, 1.0], [239.70736694335938, 128.73886108398438, 1.0], [250.67303466796875, 134.60057067871094, 1.0]], "is_left": 0}