{"hand_pts": [[238.5223388671875, 335.0875244140625, 1.0], [177.89187622070312, 290.5179138183594, 1.0], [115.39909362792969, 274.31219482421875, 1.0], [85.87029266357422, 229.9601287841797, 1.0], [109.73919677734375, 191.6046142578125, 1.0], [155.7101593017578, 219.26658630371094, 1.0], [141.62255859375, 172.6498260498047, 1.0], [153.84103393554688, 188.23187255859375, 1.0], [170.6219024658203, 224.2211456298828, 1.0], [199.50428771972656, 215.431640625, 1.0], [188.1114959716797, 149.82310485839844, 1.0], [176.1470184326172, 113.47476959228516, 1.0], [167.64352416992188, 105.94488525390625, 1.0], [234.258544921875, 213.99827575683594, 1.0], [213.82684326171875, 149.0875244140625, 1.0], [201.87136840820312, 130.23458862304688, 1.0], [196.5617218017578, 136.88941955566406, 1.0], [267.826171875, 219.84251403808594, 1.0], [267.02825927734375, 175.80712890625, 1.0], [250.3695526123047, 159.1982421875, 1.0], [237.22508239746094, 174.1133575439453, 1.0]], "is_left": 0}