{"hand_pts": [[14.493474960327148, 253.1763458251953, 1.0], [63.36504364013672, 214.007080078125, 1.0], [76.1075210571289, 202.843994140625, 1.0], [120.6978759765625, 146.57730102539062, 1.0], [149.31143188476562, 107.23502349853516, 1.0], [167.83486938476562, 263.03411865234375, 1.0], [244.9788055419922, 208.88389587402344, 1.0], [226.0996856689453, 164.19207763671875, 1.0], [176.00682067871094, 163.53689575195312, 1.0], [183.07461547851562, 270.40460205078125, 1.0], [247.15830993652344, 181.57437133789062, 1.0], [219.9201202392578, 130.4352264404297, 1.0], [188.29750061035156, 86.92247772216797, 1.0], [192.0822296142578, 266.96221923828125, 1.0], [235.0659942626953, 175.70730590820312, 1.0], [180.62545776367188, 167.0701141357422, 1.0], [126.63648223876953, 188.10284423828125, 1.0], [189.8755645751953, 259.58770751953125, 1.0], [235.24998474121094, 208.5032196044922, 1.0], [236.0872039794922, 164.6758270263672, 1.0], [203.17347717285156, 135.56690979003906, 1.0]], "is_left": 0}