{"hand_pts": [[332.8310546875, 135.16575622558594, 1.0], [264.86663818359375, 128.55064392089844, 1.0], [218.19630432128906, 111.31527709960938, 1.0], [171.52603149414062, 131.25209045410156, 1.0], [136.71820068359375, 168.52354431152344, 1.0], [205.97848510742188, 107.74561309814453, 1.0], [151.00973510742188, 112.14176177978516, 1.0], [117.78077697753906, 134.2424774169922, 1.0], [96.59479522705078, 169.71922302246094, 1.0], [225.3113555908203, 137.8541717529297, 1.0], [169.00794982910156, 168.4065704345703, 1.0], [143.45814514160156, 206.9161834716797, 1.0], [139.15792846679688, 235.31443786621094, 1.0], [241.04779052734375, 167.06959533691406, 1.0], [188.9282989501953, 219.98602294921875, 1.0], [170.0076141357422, 256.9788818359375, 1.0], [172.64324951171875, 277.62017822265625, 1.0], [261.4034729003906, 195.89285278320312, 1.0], [229.8663787841797, 227.71954345703125, 1.0], [212.48837280273438, 251.3716583251953, 1.0], [206.1633758544922, 262.3857421875, 1.0]], "is_left": 0,"label":5}