{"hand_pts": [[323.51556396484375, 240.66146850585938, 1.0], [285.1761474609375, 190.12220764160156, 1.0], [269.4830627441406, 150.08065795898438, 1.0], [228.24639892578125, 123.8235855102539, 1.0], [190.78021240234375, 120.76031494140625, 1.0], [203.77525329589844, 209.02926635742188, 1.0], [181.11825561523438, 156.03970336914062, 1.0], [212.3062744140625, 146.78855895996094, 1.0], [240.55018615722656, 171.52821350097656, 1.0], [195.7969207763672, 231.21217346191406, 1.0], [131.274658203125, 211.13613891601562, 1.0], [96.70487976074219, 187.08367919921875, 1.0], [86.56807708740234, 149.95831298828125, 1.0], [192.54354858398438, 243.78424072265625, 1.0], [134.6726531982422, 211.62889099121094, 1.0], [151.83555603027344, 181.08583068847656, 1.0], [165.6428985595703, 150.00970458984375, 1.0], [197.5859832763672, 254.03285217285156, 1.0], [163.0411834716797, 225.7819366455078, 1.0], [176.76556396484375, 198.02064514160156, 1.0], [199.05381774902344, 172.21937561035156, 1.0]], "is_left": 0}