{"hand_pts": [[121.4522476196289, 32.051124572753906, 1.0], [173.3118896484375, 72.0512924194336, 1.0], [219.8674774169922, 90.69303894042969, 1.0], [251.00277709960938, 126.87822723388672, 1.0], [267.3949890136719, 167.36956787109375, 1.0], [183.1332550048828, 141.90029907226562, 1.0], [221.29933166503906, 185.2777557373047, 1.0], [239.02825927734375, 196.8023681640625, 1.0], [253.34011840820312, 205.14434814453125, 1.0], [153.1417694091797, 146.5658721923828, 1.0], [175.26927185058594, 213.10227966308594, 1.0], [194.2694091796875, 243.77606201171875, 1.0], [212.1820068359375, 269.9803466796875, 1.0], [131.01019287109375, 148.2496795654297, 1.0], [150.6909637451172, 211.89454650878906, 1.0], [169.6188201904297, 235.43873596191406, 1.0], [188.47923278808594, 249.62109375, 1.0], [109.79414367675781, 142.84503173828125, 1.0], [108.374755859375, 185.50860595703125, 1.0], [124.31385803222656, 205.2097930908203, 1.0], [146.16928100585938, 210.93971252441406, 1.0]], "is_left": 0}