{"hand_pts": [[232.97756958007812, 303.960693359375, 1.0], [207.1305389404297, 226.08616638183594, 1.0], [235.21340942382812, 161.34173583984375, 1.0], [209.68524169921875, 118.55782318115234, 1.0], [164.39263916015625, 117.99623107910156, 1.0], [240.8872528076172, 178.76771545410156, 1.0], [208.49220275878906, 118.88516998291016, 1.0], [160.7489471435547, 110.65592193603516, 1.0], [136.430908203125, 138.9539794921875, 1.0], [232.67578125, 216.72093200683594, 1.0], [217.6534881591797, 169.85977172851562, 1.0], [193.51995849609375, 139.0322723388672, 1.0], [164.29808044433594, 110.61557006835938, 1.0], [218.55184936523438, 246.765380859375, 1.0], [201.25257873535156, 201.45652770996094, 1.0], [156.40756225585938, 184.51548767089844, 1.0], [113.19292449951172, 166.25755310058594, 1.0], [203.025390625, 278.5954284667969, 1.0], [143.3461151123047, 271.0698547363281, 1.0], [113.83521270751953, 271.5787353515625, 1.0], [141.4062042236328, 277.86572265625, 1.0]], "is_left": 0}