{"hand_pts": [[85.8210220336914, 98.67848205566406, 1.0], [141.8172149658203, 155.96009826660156, 1.0], [183.1494903564453, 209.2492218017578, 1.0], [240.2224884033203, 229.88131713867188, 1.0], [254.99468994140625, 191.00119018554688, 1.0], [116.54672241210938, 224.9734649658203, 1.0], [173.2877960205078, 253.2500762939453, 1.0], [221.54461669921875, 247.34677124023438, 1.0], [244.39749145507812, 213.3227081298828, 1.0], [100.51795959472656, 193.9404754638672, 1.0], [183.56668090820312, 189.68148803710938, 1.0], [236.7203369140625, 171.2496337890625, 1.0], [272.7728576660156, 146.32464599609375, 1.0], [95.35655212402344, 165.36785888671875, 1.0], [146.86572265625, 198.21817016601562, 1.0], [190.46371459960938, 207.2185516357422, 1.0], [235.83773803710938, 198.2578582763672, 1.0], [92.59107208251953, 132.88699340820312, 1.0], [147.11289978027344, 121.50342559814453, 1.0], [186.31338500976562, 111.1739730834961, 1.0], [226.27886962890625, 98.41846466064453, 1.0]], "is_left": 0}