{"hand_pts": [[262.0227355957031, 319.2115478515625, 1.0], [267.4437561035156, 245.0811767578125, 1.0], [289.6449890136719, 189.03985595703125, 1.0], [266.1424255371094, 135.53106689453125, 1.0], [216.01382446289062, 111.3441162109375, 1.0], [237.384765625, 216.75038146972656, 1.0], [212.4635467529297, 148.2480926513672, 1.0], [201.61277770996094, 120.47806549072266, 1.0], [201.5665740966797, 124.61480712890625, 1.0], [203.9925079345703, 239.43963623046875, 1.0], [177.19369506835938, 158.74537658691406, 1.0], [190.9706268310547, 156.03651428222656, 1.0], [206.4986114501953, 159.3285675048828, 1.0], [177.09629821777344, 254.15419006347656, 1.0], [121.08770751953125, 190.97389221191406, 1.0], [131.03469848632812, 184.09324645996094, 1.0], [139.50338745117188, 176.15452575683594, 1.0], [155.5468292236328, 270.71771240234375, 1.0], [110.74090576171875, 234.50323486328125, 1.0], [84.82542419433594, 204.78509521484375, 1.0], [106.35629272460938, 193.9917755126953, 1.0]], "is_left": 0}