{"hand_pts": [[53.58711624145508, 109.61868286132812, 1.0], [114.29385375976562, 94.00108337402344, 1.0], [135.9044189453125, 66.8631591796875, 1.0], [177.29891967773438, 92.10985565185547, 1.0], [182.92742919921875, 129.0076141357422, 1.0], [142.89659118652344, 145.48068237304688, 1.0], [203.80078125, 156.08497619628906, 1.0], [243.83082580566406, 161.52822875976562, 1.0], [281.615966796875, 164.86891174316406, 1.0], [129.786376953125, 178.54180908203125, 1.0], [192.2222442626953, 208.86695861816406, 1.0], [237.55181884765625, 216.27969360351562, 1.0], [279.8614196777344, 222.87164306640625, 1.0], [122.39611053466797, 201.2109375, 1.0], [178.8021240234375, 244.50543212890625, 1.0], [198.6268310546875, 224.2543182373047, 1.0], [222.1782684326172, 208.9944610595703, 1.0], [112.6349105834961, 216.67149353027344, 1.0], [150.71543884277344, 245.38363647460938, 1.0], [183.21412658691406, 248.84371948242188, 1.0], [210.239501953125, 232.9080352783203, 1.0]], "is_left": 0}