{"hand_pts": [[46.97544479370117, 208.2373809814453, 1.0], [105.8289794921875, 170.50755310058594, 1.0], [148.71527099609375, 130.94285583496094, 1.0], [195.19537353515625, 116.84344482421875, 1.0], [223.36810302734375, 138.75338745117188, 1.0], [134.0416717529297, 139.79693603515625, 1.0], [192.23191833496094, 128.39132690429688, 1.0], [231.51193237304688, 136.85311889648438, 1.0], [263.2839050292969, 153.67018127441406, 1.0], [122.61964416503906, 176.0611572265625, 1.0], [192.5749053955078, 167.13165283203125, 1.0], [238.42654418945312, 168.0320281982422, 1.0], [270.7518310546875, 176.8807373046875, 1.0], [116.56348419189453, 207.86874389648438, 1.0], [158.4979705810547, 210.11849975585938, 1.0], [198.81005859375, 218.1189727783203, 1.0], [237.3878173828125, 225.91806030273438, 1.0], [107.9861068725586, 239.53741455078125, 1.0], [149.70645141601562, 257.33111572265625, 1.0], [180.6060028076172, 267.52374267578125, 1.0], [210.3654022216797, 274.0058288574219, 1.0]], "is_left": 0}