{"hand_pts": [[192.09783935546875, 159.84378051757812, 1.0], [191.77569580078125, 125.37995147705078, 1.0], [185.23684692382812, 73.9564437866211, 1.0], [214.7906036376953, 73.09327697753906, 1.0], [249.1605987548828, 120.05359649658203, 1.0], [81.69725036621094, 146.03067016601562, 1.0], [133.78460693359375, 148.6450653076172, 1.0], [199.9012451171875, 148.87567138671875, 1.0], [250.46749877929688, 148.6820068359375, 1.0], [84.32551574707031, 187.662353515625, 1.0], [155.40753173828125, 209.34193420410156, 1.0], [227.96612548828125, 200.18931579589844, 1.0], [258.785400390625, 179.5524444580078, 1.0], [98.36347961425781, 219.40550231933594, 1.0], [148.10072326660156, 246.05564880371094, 1.0], [204.8732147216797, 230.0929412841797, 1.0], [201.98558044433594, 207.39346313476562, 1.0], [121.4084701538086, 246.30616760253906, 1.0], [172.96951293945312, 272.84271240234375, 1.0], [225.5925750732422, 265.0771789550781, 1.0], [227.6907958984375, 234.14964294433594, 1.0]], "is_left": 0}