{"hand_pts": [[261.97894287109375, 187.30177307128906, 1.0], [274.1034240722656, 150.2347869873047, 1.0], [304.5831298828125, 122.81311798095703, 1.0], [286.8536682128906, 113.6985092163086, 1.0], [255.21835327148438, 113.32503509521484, 1.0], [251.8975830078125, 213.64126586914062, 1.0], [225.81411743164062, 199.89886474609375, 1.0], [202.1370086669922, 168.13941955566406, 1.0], [181.31434631347656, 127.77294158935547, 1.0], [212.88038635253906, 234.58236694335938, 1.0], [167.60227966308594, 219.4285888671875, 1.0], [141.1729736328125, 196.95294189453125, 1.0], [116.50401306152344, 183.5956573486328, 1.0], [180.7913818359375, 242.51632690429688, 1.0], [136.48016357421875, 236.88107299804688, 1.0], [121.16666412353516, 193.73509216308594, 1.0], [109.3631820678711, 149.7137451171875, 1.0], [153.6846923828125, 244.07395935058594, 1.0], [114.19410705566406, 215.91128540039062, 1.0], [109.50701904296875, 176.0404815673828, 1.0], [120.37400817871094, 135.72470092773438, 1.0]], "is_left": 0}