{"hand_pts": [[71.3443832397461, 291.8384094238281, 1.0], [113.98930358886719, 291.7721862792969, 1.0], [136.43788146972656, 306.1214294433594, 1.0], [170.0982208251953, 288.74896240234375, 1.0], [200.6612548828125, 258.73248291015625, 1.0], [141.0714569091797, 203.13510131835938, 1.0], [180.20082092285156, 180.50062561035156, 1.0], [207.20823669433594, 183.08445739746094, 1.0], [231.0009307861328, 193.23292541503906, 1.0], [139.88182067871094, 179.62232971191406, 1.0], [186.4499969482422, 146.0559844970703, 1.0], [215.54530334472656, 156.32215881347656, 1.0], [239.7421112060547, 175.4444580078125, 1.0], [140.7454833984375, 166.83323669433594, 1.0], [184.65936279296875, 125.12174224853516, 1.0], [212.2091827392578, 126.18190002441406, 1.0], [236.68386840820312, 137.9316864013672, 1.0], [138.82850646972656, 162.6201934814453, 1.0], [171.7421875, 135.94219970703125, 1.0], [193.8968505859375, 143.927001953125, 1.0], [210.07704162597656, 168.92185974121094, 1.0]], "is_left": 0}