{"hand_pts": [[145.30899047851562, 222.18089294433594, 1.0], [173.3199462890625, 171.9789276123047, 1.0], [204.13613891601562, 124.8427505493164, 1.0], [210.62570190429688, 90.01039123535156, 1.0], [205.6011505126953, 67.04407501220703, 1.0], [237.71249389648438, 197.99447631835938, 1.0], [229.9305419921875, 153.36407470703125, 1.0], [206.89468383789062, 124.12369537353516, 1.0], [176.53965759277344, 120.71900939941406, 1.0], [219.06578063964844, 231.2839813232422, 1.0], [212.0123291015625, 192.65260314941406, 1.0], [179.2403106689453, 167.33786010742188, 1.0], [158.93145751953125, 162.2086944580078, 1.0], [198.5340576171875, 252.83387756347656, 1.0], [162.56466674804688, 236.48251342773438, 1.0], [133.6075897216797, 219.880126953125, 1.0], [103.64762115478516, 196.64866638183594, 1.0], [173.82656860351562, 270.2005310058594, 1.0], [176.64654541015625, 263.8287658691406, 1.0], [160.16363525390625, 235.70166015625, 1.0], [150.6543731689453, 224.56338500976562, 1.0]], "is_left": 0}