{"hand_pts": [[122.2962417602539, 198.49790954589844, 1.0], [194.7716064453125, 180.69036865234375, 1.0], [260.4352722167969, 200.38681030273438, 1.0], [260.5241394042969, 176.4709014892578, 1.0], [215.78289794921875, 149.00413513183594, 1.0], [202.4527587890625, 243.4312744140625, 1.0], [241.17849731445312, 260.5133972167969, 1.0], [265.4599609375, 264.7290954589844, 1.0], [286.751220703125, 272.3761901855469, 1.0], [156.16615295410156, 237.71131896972656, 1.0], [197.45741271972656, 220.0079345703125, 1.0], [221.81967163085938, 161.9998321533203, 1.0], [233.6261444091797, 112.1643295288086, 1.0], [121.71590423583984, 223.58981323242188, 1.0], [123.24211883544922, 142.12725830078125, 1.0], [130.6569061279297, 93.93792724609375, 1.0], [138.8896942138672, 105.72066497802734, 1.0], [89.30021667480469, 205.1377716064453, 1.0], [100.22258758544922, 152.87026977539062, 1.0], [115.74403381347656, 127.00182342529297, 1.0], [110.98208618164062, 162.9025115966797, 1.0]], "is_left": 0}