{"hand_pts": [[39.668357849121094, 110.27548217773438, 1.0], [73.10173034667969, 176.5013885498047, 1.0], [98.85779571533203, 233.956787109375, 1.0], [135.7088165283203, 272.6160583496094, 1.0], [183.52301025390625, 281.075927734375, 1.0], [162.4274139404297, 182.73492431640625, 1.0], [221.3482208251953, 207.7431182861328, 1.0], [245.44932556152344, 228.14637756347656, 1.0], [249.74627685546875, 240.7684783935547, 1.0], [173.09747314453125, 144.9463348388672, 1.0], [231.24842834472656, 190.4729461669922, 1.0], [221.89076232910156, 218.61940002441406, 1.0], [220.07472229003906, 247.0047149658203, 1.0], [177.50733947753906, 117.60107421875, 1.0], [228.86476135253906, 131.8096466064453, 1.0], [198.1774139404297, 146.54177856445312, 1.0], [156.56484985351562, 152.78594970703125, 1.0], [172.76824951171875, 91.69039916992188, 1.0], [188.51377868652344, 113.8148193359375, 1.0], [165.434326171875, 130.8582000732422, 1.0], [139.91793823242188, 150.36624145507812, 1.0]], "is_left": 0}