{"hand_pts": [[321.8326416015625, 44.153717041015625, 1.0], [300.7679138183594, 118.46332550048828, 1.0], [296.94500732421875, 173.24697875976562, 1.0], [239.99456787109375, 202.81785583496094, 1.0], [187.6981201171875, 213.95477294921875, 1.0], [229.4451904296875, 181.002197265625, 1.0], [191.71998596191406, 220.8520050048828, 1.0], [194.31692504882812, 215.75241088867188, 1.0], [222.58456420898438, 182.65493774414062, 1.0], [203.87326049804688, 157.3375701904297, 1.0], [163.49586486816406, 220.15298461914062, 1.0], [167.92164611816406, 232.87545776367188, 1.0], [175.91531372070312, 240.43600463867188, 1.0], [185.72140502929688, 137.9564666748047, 1.0], [129.95608520507812, 187.8071746826172, 1.0], [118.56473541259766, 203.72677612304688, 1.0], [144.15853881835938, 193.89907836914062, 1.0], [176.28224182128906, 114.16161346435547, 1.0], [123.7183609008789, 141.16368103027344, 1.0], [125.06289672851562, 154.8981475830078, 1.0], [130.98025512695312, 168.6404571533203, 1.0]], "is_left": 0}