{"hand_pts": [[97.94388580322266, 213.45492553710938, 1.0], [164.9050750732422, 210.3093719482422, 1.0], [216.69017028808594, 233.81277465820312, 1.0], [258.5166320800781, 257.437744140625, 1.0], [289.9925231933594, 280.36517333984375, 1.0], [200.9027099609375, 135.1784210205078, 1.0], [235.277587890625, 150.26361083984375, 1.0], [243.0931396484375, 181.90557861328125, 1.0], [233.37307739257812, 220.2166290283203, 1.0], [164.77493286132812, 133.22616577148438, 1.0], [198.6265106201172, 174.2813262939453, 1.0], [183.39739990234375, 208.42449951171875, 1.0], [162.9127197265625, 211.32359313964844, 1.0], [136.30523681640625, 139.16989135742188, 1.0], [148.9810333251953, 100.23397827148438, 1.0], [168.2578582763672, 112.73127746582031, 1.0], [178.44467163085938, 147.68560791015625, 1.0], [106.8349609375, 151.7745361328125, 1.0], [119.51828002929688, 179.1100616455078, 1.0], [127.12403106689453, 209.04214477539062, 1.0], [134.438232421875, 241.87164306640625, 1.0]], "is_left": 0}