{"hand_pts": [[166.04591369628906, 354.45452880859375, 1.0], [215.8165740966797, 307.9290771484375, 1.0], [266.1311950683594, 278.49407958984375, 1.0], [249.669921875, 219.3797149658203, 1.0], [210.68521118164062, 181.47715759277344, 1.0], [251.0579071044922, 216.33218383789062, 1.0], [267.3369445800781, 160.94732666015625, 1.0], [241.32472229003906, 181.02532958984375, 1.0], [213.41986083984375, 204.8510284423828, 1.0], [207.7898712158203, 207.3938751220703, 1.0], [198.71563720703125, 131.9952850341797, 1.0], [182.8563232421875, 141.16233825683594, 1.0], [171.49349975585938, 175.26495361328125, 1.0], [170.33473205566406, 203.0762176513672, 1.0], [137.4638671875, 153.95074462890625, 1.0], [117.47261047363281, 152.84849548339844, 1.0], [116.67280578613281, 195.40069580078125, 1.0], [132.70986938476562, 208.17137145996094, 1.0], [107.5567855834961, 154.53118896484375, 1.0], [106.66386413574219, 133.96324157714844, 1.0], [119.13932800292969, 136.0946044921875, 1.0]], "is_left": 0}