{"hand_pts": [[65.6483154296875, 42.00223922729492, 1.0], [130.82907104492188, 60.397647857666016, 1.0], [182.9792938232422, 74.26488494873047, 1.0], [211.1034698486328, 117.69728088378906, 1.0], [190.6197509765625, 145.25425720214844, 1.0], [148.7854766845703, 158.89768981933594, 1.0], [182.22073364257812, 214.37188720703125, 1.0], [220.3065643310547, 228.52418518066406, 1.0], [254.3197479248047, 248.50694274902344, 1.0], [129.73501586914062, 167.26385498046875, 1.0], [184.25363159179688, 223.2530975341797, 1.0], [224.50315856933594, 247.8820343017578, 1.0], [267.889404296875, 253.22314453125, 1.0], [118.54718780517578, 166.69735717773438, 1.0], [176.802001953125, 206.61361694335938, 1.0], [215.21820068359375, 192.2655792236328, 1.0], [238.06553649902344, 156.44064331054688, 1.0], [106.3587875366211, 156.84510803222656, 1.0], [133.65875244140625, 194.51344299316406, 1.0], [165.33346557617188, 202.34410095214844, 1.0], [199.7549285888672, 209.42288208007812, 1.0]], "is_left": 0}