{"hand_pts": [[129.3669891357422, 231.9557342529297, 1.0], [118.2987289428711, 254.86056518554688, 1.0], [104.75762176513672, 279.97454833984375, 1.0], [128.1394805908203, 259.4643249511719, 1.0], [164.7418670654297, 215.16053771972656, 1.0], [209.87673950195312, 232.42140197753906, 1.0], [182.1871795654297, 220.44566345214844, 1.0], [160.4879608154297, 211.7628173828125, 1.0], [116.99895477294922, 207.25735473632812, 1.0], [226.61769104003906, 195.08628845214844, 1.0], [287.0920715332031, 157.66488647460938, 1.0], [233.84283447265625, 161.14089965820312, 1.0], [187.20091247558594, 162.1718292236328, 1.0], [230.4036102294922, 166.26416015625, 1.0], [238.71739196777344, 117.77228546142578, 1.0], [186.18692016601562, 134.3375701904297, 1.0], [165.5353546142578, 165.1539306640625, 1.0], [224.7367401123047, 142.726318359375, 1.0], [195.9044647216797, 114.21742248535156, 1.0], [158.99856567382812, 136.01063537597656, 1.0], [132.51527404785156, 165.82879638671875, 1.0]], "is_left": 0}