{"hand_pts": [[329.1742248535156, 88.49467468261719, 1.0], [296.1661376953125, 130.05230712890625, 1.0], [306.21697998046875, 177.8076934814453, 1.0], [246.367919921875, 186.28359985351562, 1.0], [189.68975830078125, 165.0895538330078, 1.0], [255.57830810546875, 239.7571563720703, 1.0], [188.11264038085938, 261.7184143066406, 1.0], [154.25442504882812, 225.99188232421875, 1.0], [139.71768188476562, 177.58026123046875, 1.0], [234.20008850097656, 224.81558227539062, 1.0], [147.80746459960938, 252.02822875976562, 1.0], [135.0010528564453, 202.23397827148438, 1.0], [174.56607055664062, 166.893310546875, 1.0], [214.69894409179688, 204.174072265625, 1.0], [128.43545532226562, 213.76104736328125, 1.0], [119.69754791259766, 170.12261962890625, 1.0], [157.04998779296875, 139.0603790283203, 1.0], [201.1628875732422, 174.63975524902344, 1.0], [139.3754425048828, 149.24671936035156, 1.0], [132.64845275878906, 112.89136505126953, 1.0], [172.6667022705078, 101.51191711425781, 1.0]], "is_left": 0}