{"hand_pts": [[9.403743743896484, 216.2767333984375, 1.0], [69.83723449707031, 163.1743927001953, 1.0], [92.9951400756836, 99.60603332519531, 1.0], [155.2515411376953, 86.42138671875, 1.0], [199.78073120117188, 122.1583023071289, 1.0], [155.93946838378906, 128.3814697265625, 1.0], [229.5010986328125, 127.10880279541016, 1.0], [214.8173370361328, 149.37049865722656, 1.0], [190.2722625732422, 171.75624084472656, 1.0], [161.03846740722656, 169.48011779785156, 1.0], [238.5906982421875, 177.17604064941406, 1.0], [245.4983367919922, 188.30770874023438, 1.0], [215.1673583984375, 197.4293975830078, 1.0], [163.92250061035156, 204.37913513183594, 1.0], [225.84579467773438, 228.69229125976562, 1.0], [204.36521911621094, 239.83096313476562, 1.0], [164.47218322753906, 242.68421936035156, 1.0], [157.8372039794922, 239.45004272460938, 1.0], [207.67527770996094, 260.83831787109375, 1.0], [187.10052490234375, 257.21539306640625, 1.0], [149.4907684326172, 239.9745330810547, 1.0]], "is_left": 0}