{"hand_pts": [[68.52619934082031, 137.00216674804688, 1.0], [75.32730865478516, 190.26504516601562, 1.0], [81.5409164428711, 245.07806396484375, 1.0], [93.15682983398438, 286.0101013183594, 1.0], [113.44160461425781, 273.8365173339844, 1.0], [171.736328125, 198.4892578125, 1.0], [226.70846557617188, 213.2567138671875, 1.0], [237.23313903808594, 221.57679748535156, 1.0], [206.16323852539062, 221.57261657714844, 1.0], [180.7986297607422, 160.72607421875, 1.0], [229.7092742919922, 178.94444274902344, 1.0], [216.59597778320312, 196.1090850830078, 1.0], [204.31263732910156, 212.29080200195312, 1.0], [179.5313720703125, 131.81935119628906, 1.0], [246.4109649658203, 139.30604553222656, 1.0], [252.1883087158203, 153.82493591308594, 1.0], [221.4090118408203, 171.0760040283203, 1.0], [169.0392608642578, 104.62232208251953, 1.0], [207.44728088378906, 103.0688705444336, 1.0], [179.65475463867188, 122.10909271240234, 1.0], [141.22178649902344, 140.1037139892578, 1.0]], "is_left": 0}