{"hand_pts": [[291.6336364746094, 102.5853042602539, 1.0], [264.58599853515625, 105.85311889648438, 1.0], [257.76513671875, 94.15078735351562, 1.0], [225.64862060546875, 97.66956329345703, 1.0], [185.24407958984375, 109.71409606933594, 1.0], [243.32412719726562, 193.0852813720703, 1.0], [223.25685119628906, 246.2376708984375, 1.0], [192.3109130859375, 264.208740234375, 1.0], [168.5387725830078, 289.220947265625, 1.0], [229.18392944335938, 206.5675048828125, 1.0], [165.7493438720703, 176.21192932128906, 1.0], [132.46156311035156, 147.62045288085938, 1.0], [127.6208267211914, 103.82489776611328, 1.0], [215.06822204589844, 209.95875549316406, 1.0], [153.83375549316406, 240.68531799316406, 1.0], [145.8312225341797, 199.8433837890625, 1.0], [143.91993713378906, 159.0778045654297, 1.0], [204.4717254638672, 204.7655029296875, 1.0], [158.31063842773438, 223.2060546875, 1.0], [130.7437744140625, 208.01119995117188, 1.0], [111.6709213256836, 181.7687530517578, 1.0]], "is_left": 0}