{"hand_pts": [[59.04465103149414, 102.46153259277344, 1.0], [110.44044494628906, 146.81935119628906, 1.0], [135.77980041503906, 187.94044494628906, 1.0], [185.55233764648438, 199.0987091064453, 1.0], [230.09315490722656, 204.89566040039062, 1.0], [136.10789489746094, 200.3955078125, 1.0], [161.10459899902344, 243.3678436279297, 1.0], [194.8892364501953, 261.0390930175781, 1.0], [222.06910705566406, 280.771240234375, 1.0], [135.2154541015625, 175.91307067871094, 1.0], [166.81243896484375, 209.46580505371094, 1.0], [206.42344665527344, 203.15773010253906, 1.0], [230.39419555664062, 191.1325225830078, 1.0], [137.96905517578125, 153.3208465576172, 1.0], [210.99472045898438, 161.2894744873047, 1.0], [249.6627960205078, 156.40435791015625, 1.0], [288.34295654296875, 153.0841827392578, 1.0], [137.6720428466797, 127.74334716796875, 1.0], [163.0476531982422, 132.96388244628906, 1.0], [195.50814819335938, 139.1151885986328, 1.0], [221.45570373535156, 145.26724243164062, 1.0]], "is_left": 0}