{"hand_pts": [[166.5230255126953, 105.53903198242188, 1.0], [135.42442321777344, 153.36996459960938, 1.0], [90.35580444335938, 183.51995849609375, 1.0], [73.36526489257812, 224.25030517578125, 1.0], [103.71220397949219, 255.85743713378906, 1.0], [139.9872589111328, 140.06890869140625, 1.0], [135.1549072265625, 200.13479614257812, 1.0], [138.1710968017578, 229.85888671875, 1.0], [144.72679138183594, 232.12008666992188, 1.0], [176.15579223632812, 127.69702911376953, 1.0], [196.86099243164062, 192.47772216796875, 1.0], [194.7099151611328, 219.96971130371094, 1.0], [186.45401000976562, 229.44493103027344, 1.0], [205.12164306640625, 123.63176727294922, 1.0], [228.85183715820312, 132.67568969726562, 1.0], [237.84463500976562, 165.10240173339844, 1.0], [243.84176635742188, 200.30474853515625, 1.0], [231.13079833984375, 120.82342529296875, 1.0], [261.97686767578125, 148.67706298828125, 1.0], [278.5931091308594, 175.88375854492188, 1.0], [281.3381652832031, 210.5428009033203, 1.0]], "is_left": 0}