{"hand_pts": [[253.75143432617188, 319.87725830078125, 1.0], [261.056884765625, 261.3833923339844, 1.0], [278.47412109375, 211.53768920898438, 1.0], [253.05148315429688, 164.52259826660156, 1.0], [210.18832397460938, 152.14431762695312, 1.0], [186.7063446044922, 229.4759063720703, 1.0], [147.98043823242188, 194.89427185058594, 1.0], [155.2882843017578, 155.39439392089844, 1.0], [180.48818969726562, 158.9203338623047, 1.0], [163.3813934326172, 235.1715087890625, 1.0], [141.2694854736328, 161.56353759765625, 1.0], [159.76602172851562, 117.13772583007812, 1.0], [190.38157653808594, 88.62406158447266, 1.0], [150.73922729492188, 236.58518981933594, 1.0], [148.94488525390625, 164.95925903320312, 1.0], [185.9922637939453, 180.61180114746094, 1.0], [222.2467041015625, 193.61019897460938, 1.0], [146.2803192138672, 241.374755859375, 1.0], [143.81991577148438, 196.9668731689453, 1.0], [171.09393310546875, 182.97869873046875, 1.0], [204.90110778808594, 175.57843017578125, 1.0]], "is_left": 0}