{"hand_pts": [[42.7537727355957, 222.29017639160156, 1.0], [63.74272537231445, 226.01075744628906, 1.0], [54.641170501708984, 213.03294372558594, 1.0], [102.84321594238281, 211.60354614257812, 1.0], [135.3931427001953, 220.93020629882812, 1.0], [125.14733123779297, 154.42642211914062, 1.0], [180.97686767578125, 147.6640625, 1.0], [215.1556854248047, 159.7667999267578, 1.0], [245.42225646972656, 178.58114624023438, 1.0], [149.71359252929688, 150.06045532226562, 1.0], [208.47413635253906, 140.1009521484375, 1.0], [235.64044189453125, 158.9939727783203, 1.0], [255.8911590576172, 183.42222595214844, 1.0], [168.5277099609375, 154.5751953125, 1.0], [208.38938903808594, 206.0001678466797, 1.0], [220.11830139160156, 242.28704833984375, 1.0], [231.49510192871094, 277.00653076171875, 1.0], [179.6577606201172, 165.75035095214844, 1.0], [226.75929260253906, 145.521484375, 1.0], [228.9673614501953, 173.58786010742188, 1.0], [206.61355590820312, 205.84413146972656, 1.0]], "is_left": 0}