{"hand_pts": [[74.73876190185547, 167.4270782470703, 1.0], [81.6586685180664, 163.3826141357422, 1.0], [67.44759368896484, 181.20750427246094, 1.0], [91.46574401855469, 156.67813110351562, 1.0], [121.78648376464844, 123.67973327636719, 1.0], [157.5878143310547, 224.73294067382812, 1.0], [192.54779052734375, 247.7265167236328, 1.0], [213.99192810058594, 242.07008361816406, 1.0], [237.61920166015625, 248.37432861328125, 1.0], [183.5624237060547, 219.2467803955078, 1.0], [234.7688446044922, 249.14010620117188, 1.0], [262.6715087890625, 255.75070190429688, 1.0], [257.9178161621094, 217.3441162109375, 1.0], [200.1121063232422, 207.28382873535156, 1.0], [222.89920043945312, 143.5673370361328, 1.0], [195.87203979492188, 105.77827453613281, 1.0], [158.8528594970703, 114.11590576171875, 1.0], [207.75836181640625, 190.90916442871094, 1.0], [222.3901824951172, 151.25277709960938, 1.0], [197.5524139404297, 122.42984771728516, 1.0], [160.06915283203125, 109.69752502441406, 1.0]], "is_left": 0}