{"hand_pts": [[187.47463989257812, 4.016862869262695, 1.0], [239.3041229248047, 66.02092742919922, 1.0], [291.4666748046875, 103.66161346435547, 1.0], [257.7796630859375, 154.86009216308594, 1.0], [209.58935546875, 191.95018005371094, 1.0], [249.7879638671875, 140.72923278808594, 1.0], [242.14816284179688, 209.6914825439453, 1.0], [226.62205505371094, 233.44813537597656, 1.0], [210.4485626220703, 214.7195587158203, 1.0], [198.0935516357422, 138.49493408203125, 1.0], [184.06040954589844, 224.10887145996094, 1.0], [177.97030639648438, 249.3378143310547, 1.0], [180.23605346679688, 233.9080047607422, 1.0], [155.514404296875, 135.97802734375, 1.0], [139.30445861816406, 215.1282958984375, 1.0], [141.54176330566406, 226.3560028076172, 1.0], [149.91334533691406, 214.70692443847656, 1.0], [115.5589828491211, 125.92506408691406, 1.0], [99.31713104248047, 180.06263732910156, 1.0], [103.41450500488281, 196.62811279296875, 1.0], [123.86505126953125, 167.12754821777344, 1.0]], "is_left": 0}