{"hand_pts": [[207.4744110107422, 180.29652404785156, 1.0], [237.61643981933594, 155.0060272216797, 1.0], [273.6659851074219, 114.29647064208984, 1.0], [293.5267028808594, 109.33407592773438, 1.0], [282.9041442871094, 147.79464721679688, 1.0], [171.45407104492188, 125.4277114868164, 1.0], [207.0004119873047, 162.18402099609375, 1.0], [237.23361206054688, 192.09463500976562, 1.0], [264.63031005859375, 215.97142028808594, 1.0], [142.9241485595703, 159.63412475585938, 1.0], [111.56459045410156, 131.3473358154297, 1.0], [142.02801513671875, 150.27406311035156, 1.0], [182.15101623535156, 176.47494506835938, 1.0], [127.75299835205078, 190.80880737304688, 1.0], [139.14962768554688, 221.34486389160156, 1.0], [180.59576416015625, 238.0067138671875, 1.0], [220.40354919433594, 255.9987030029297, 1.0], [120.25775146484375, 221.59603881835938, 1.0], [89.00042724609375, 238.77569580078125, 1.0], [112.43458557128906, 248.2998809814453, 1.0], [152.13230895996094, 243.5890655517578, 1.0]], "is_left": 0}