{"hand_pts": [[239.4799041748047, 29.628665924072266, 1.0], [192.22023010253906, 69.25753021240234, 1.0], [147.49403381347656, 78.3001708984375, 1.0], [125.55766296386719, 131.43890380859375, 1.0], [134.81077575683594, 184.59669494628906, 1.0], [181.04518127441406, 107.92253112792969, 1.0], [152.45062255859375, 170.0006103515625, 1.0], [139.48768615722656, 209.03384399414062, 1.0], [136.16616821289062, 231.86851501464844, 1.0], [208.03890991210938, 119.96311950683594, 1.0], [183.6338653564453, 201.75677490234375, 1.0], [168.13107299804688, 237.58834838867188, 1.0], [161.36920166015625, 239.00071716308594, 1.0], [228.36380004882812, 132.07318115234375, 1.0], [212.634765625, 213.7932586669922, 1.0], [199.5150604248047, 247.55166625976562, 1.0], [190.4086151123047, 246.99771118164062, 1.0], [248.3690643310547, 139.17105102539062, 1.0], [244.9722137451172, 197.78829956054688, 1.0], [233.9314422607422, 225.700439453125, 1.0], [220.92698669433594, 217.31015014648438, 1.0]], "is_left": 0}