{"hand_pts": [[56.793121337890625, 203.81195068359375, 1.0], [66.35099029541016, 180.67091369628906, 1.0], [66.86664581298828, 191.58096313476562, 1.0], [94.58856964111328, 181.19729614257812, 1.0], [129.6718292236328, 159.07069396972656, 1.0], [154.10401916503906, 206.5082244873047, 1.0], [192.40206909179688, 205.21890258789062, 1.0], [214.98309326171875, 196.1977996826172, 1.0], [212.74021911621094, 163.52305603027344, 1.0], [172.0091094970703, 206.93406677246094, 1.0], [239.63018798828125, 212.5938720703125, 1.0], [223.66754150390625, 175.58082580566406, 1.0], [188.6179656982422, 148.15843200683594, 1.0], [180.4283905029297, 201.89108276367188, 1.0], [247.18724060058594, 205.26788330078125, 1.0], [235.46151733398438, 173.68798828125, 1.0], [198.2451171875, 156.3879852294922, 1.0], [179.92562866210938, 195.30189514160156, 1.0], [220.9790496826172, 190.7107391357422, 1.0], [224.32061767578125, 169.031005859375, 1.0], [189.69984436035156, 157.1466827392578, 1.0]], "is_left": 0}