{"hand_pts": [[314.9966125488281, 217.68350219726562, 1.0], [302.90386962890625, 197.61517333984375, 1.0], [313.7403564453125, 174.45895385742188, 1.0], [303.5512390136719, 148.43661499023438, 1.0], [272.7990417480469, 124.85460662841797, 1.0], [217.04449462890625, 236.37777709960938, 1.0], [187.20913696289062, 219.4197998046875, 1.0], [180.20953369140625, 190.09291076660156, 1.0], [175.63621520996094, 159.129150390625, 1.0], [195.5231170654297, 233.28810119628906, 1.0], [141.908447265625, 214.03018188476562, 1.0], [126.70011138916016, 183.31045532226562, 1.0], [135.73692321777344, 144.642333984375, 1.0], [183.38778686523438, 223.75152587890625, 1.0], [127.37408447265625, 203.6024169921875, 1.0], [126.31974792480469, 167.9403076171875, 1.0], [133.67872619628906, 131.9545440673828, 1.0], [180.5088653564453, 211.56472778320312, 1.0], [139.09217834472656, 196.67984008789062, 1.0], [133.07679748535156, 169.9088134765625, 1.0], [138.84451293945312, 140.48141479492188, 1.0]], "is_left": 0,"label":3}