{"hand_pts": [[86.96026611328125, 155.04974365234375, 1.0], [115.01107025146484, 127.523681640625, 1.0], [140.22593688964844, 88.28045654296875, 1.0], [185.87518310546875, 77.1154556274414, 1.0], [231.1226806640625, 101.76358795166016, 1.0], [91.93276977539062, 168.77700805664062, 1.0], [145.8842010498047, 175.37872314453125, 1.0], [198.76361083984375, 168.46156311035156, 1.0], [248.68899536132812, 161.59791564941406, 1.0], [103.66980743408203, 201.78451538085938, 1.0], [142.1695556640625, 227.99505615234375, 1.0], [198.6529083251953, 215.13880920410156, 1.0], [249.7152557373047, 199.06109619140625, 1.0], [120.35831451416016, 223.7415313720703, 1.0], [198.61572265625, 228.46774291992188, 1.0], [242.56533813476562, 208.97145080566406, 1.0], [277.5478820800781, 186.71456909179688, 1.0], [137.05067443847656, 239.39654541015625, 1.0], [197.61203002929688, 246.86341857910156, 1.0], [228.95928955078125, 227.8214111328125, 1.0], [226.5615692138672, 200.16346740722656, 1.0]], "is_left": 0}