{"hand_pts": [[173.64862060546875, 325.83868408203125, 1.0], [155.14036560058594, 264.16168212890625, 1.0], [116.63159942626953, 229.28439331054688, 1.0], [119.65851593017578, 186.34597778320312, 1.0], [131.05027770996094, 148.68223571777344, 1.0], [136.519775390625, 223.86376953125, 1.0], [143.4677276611328, 169.3662109375, 1.0], [153.46971130371094, 132.42111206054688, 1.0], [173.7290496826172, 97.88652801513672, 1.0], [166.27232360839844, 238.02023315429688, 1.0], [181.7818145751953, 165.78179931640625, 1.0], [196.67124938964844, 133.65724182128906, 1.0], [210.63648986816406, 109.59422302246094, 1.0], [193.4673614501953, 247.65150451660156, 1.0], [204.1884307861328, 190.67120361328125, 1.0], [221.09872436523438, 164.5279541015625, 1.0], [235.84657287597656, 145.21807861328125, 1.0], [219.91156005859375, 260.7181396484375, 1.0], [235.44305419921875, 232.91061401367188, 1.0], [248.24209594726562, 203.1848907470703, 1.0], [258.3113708496094, 169.1389617919922, 1.0]], "is_left": 0}