{"hand_pts": [[119.89501190185547, 257.6849365234375, 1.0], [147.14883422851562, 189.525390625, 1.0], [180.07833862304688, 132.05776977539062, 1.0], [208.22604370117188, 93.8935775756836, 1.0], [216.78890991210938, 101.34729766845703, 1.0], [232.47320556640625, 197.85137939453125, 1.0], [240.85870361328125, 150.19924926757812, 1.0], [205.256103515625, 124.20528411865234, 1.0], [168.2414093017578, 102.50157928466797, 1.0], [217.59039306640625, 236.35023498535156, 1.0], [227.36767578125, 183.61231994628906, 1.0], [212.16119384765625, 143.6595458984375, 1.0], [186.0414581298828, 106.19780731201172, 1.0], [198.20156860351562, 262.2986755371094, 1.0], [183.88316345214844, 228.1119842529297, 1.0], [145.54669189453125, 204.69390869140625, 1.0], [109.45011901855469, 184.18138122558594, 1.0], [172.5981903076172, 285.37548828125, 1.0], [156.91246032714844, 276.9645690917969, 1.0], [129.44155883789062, 250.52639770507812, 1.0], [102.90310668945312, 220.9263153076172, 1.0]], "is_left": 0}