{"hand_pts": [[137.24081420898438, 84.49605560302734, 1.0], [160.56915283203125, 155.42919921875, 1.0], [161.37994384765625, 219.61683654785156, 1.0], [186.92312622070312, 244.42189025878906, 1.0], [213.41033935546875, 239.6947021484375, 1.0], [132.4163055419922, 186.62828063964844, 1.0], [161.32986450195312, 232.79910278320312, 1.0], [198.85581970214844, 254.4708251953125, 1.0], [232.23458862304688, 276.3475036621094, 1.0], [140.06077575683594, 148.67218017578125, 1.0], [164.1923370361328, 195.17172241210938, 1.0], [195.45745849609375, 225.18804931640625, 1.0], [226.02232360839844, 252.9368438720703, 1.0], [152.8473358154297, 119.13756561279297, 1.0], [175.9561004638672, 137.76663208007812, 1.0], [212.44635009765625, 155.1768035888672, 1.0], [243.4507598876953, 168.0641632080078, 1.0], [166.82608032226562, 88.95561218261719, 1.0], [168.55892944335938, 101.27790832519531, 1.0], [191.9246063232422, 123.40835571289062, 1.0], [221.1326904296875, 147.86936950683594, 1.0]], "is_left": 0}