{"hand_pts": [[316.37335205078125, 322.56646728515625, 1.0], [258.6557922363281, 280.9874267578125, 1.0], [209.10418701171875, 272.70318603515625, 1.0], [176.485595703125, 235.95066833496094, 1.0], [184.63023376464844, 187.26675415039062, 1.0], [172.89288330078125, 249.5074462890625, 1.0], [110.58641052246094, 209.16966247558594, 1.0], [106.3783187866211, 167.52066040039062, 1.0], [143.5823211669922, 158.33163452148438, 1.0], [195.74290466308594, 241.177490234375, 1.0], [151.60638427734375, 169.8013458251953, 1.0], [145.31878662109375, 130.82723999023438, 1.0], [166.54054260253906, 115.70030212402344, 1.0], [218.855712890625, 231.65464782714844, 1.0], [191.623046875, 155.79876708984375, 1.0], [190.2181396484375, 111.83971405029297, 1.0], [209.95985412597656, 101.73068237304688, 1.0], [248.3422393798828, 226.4424591064453, 1.0], [228.45034790039062, 190.50852966308594, 1.0], [213.9197540283203, 154.47291564941406, 1.0], [196.75938415527344, 116.77777099609375, 1.0]], "is_left": 0}