{"hand_pts": [[311.19415283203125, 243.46380615234375, 1.0], [288.55731201171875, 201.911376953125, 1.0], [284.6449890136719, 161.3990936279297, 1.0], [256.9609069824219, 136.4869842529297, 1.0], [217.33421325683594, 140.2191619873047, 1.0], [216.42648315429688, 166.89649963378906, 1.0], [167.19314575195312, 137.684326171875, 1.0], [139.03858947753906, 127.47246551513672, 1.0], [118.29087829589844, 124.83876037597656, 1.0], [202.6255340576172, 192.71585083007812, 1.0], [166.94728088378906, 173.42648315429688, 1.0], [192.13796997070312, 182.43753051757812, 1.0], [217.44871520996094, 191.60687255859375, 1.0], [194.76898193359375, 214.90603637695312, 1.0], [131.0447998046875, 206.59083557128906, 1.0], [106.01653289794922, 204.16461181640625, 1.0], [95.01069641113281, 202.92315673828125, 1.0], [194.74136352539062, 238.49024963378906, 1.0], [155.64999389648438, 231.85647583007812, 1.0], [153.1903533935547, 228.5452117919922, 1.0], [183.942138671875, 229.66079711914062, 1.0]], "is_left": 0}