{"hand_pts": [[63.5754280090332, 63.436683654785156, 1.0], [103.55894470214844, 82.587890625, 1.0], [94.6300048828125, 98.2308120727539, 1.0], [142.47483825683594, 126.87857818603516, 1.0], [193.16305541992188, 142.0270538330078, 1.0], [120.72632598876953, 178.31570434570312, 1.0], [182.27200317382812, 177.62281799316406, 1.0], [216.0447540283203, 153.72555541992188, 1.0], [242.34913635253906, 123.99639892578125, 1.0], [129.67626953125, 187.55279541015625, 1.0], [186.0258331298828, 251.5321044921875, 1.0], [228.42625427246094, 231.64915466308594, 1.0], [233.03848266601562, 189.8165740966797, 1.0], [140.82044982910156, 188.34385681152344, 1.0], [184.2828369140625, 253.24374389648438, 1.0], [224.21368408203125, 275.8121643066406, 1.0], [265.82110595703125, 282.13348388671875, 1.0], [148.73590087890625, 180.23023986816406, 1.0], [198.8285369873047, 201.04769897460938, 1.0], [209.4528045654297, 172.4415283203125, 1.0], [214.78294372558594, 139.94252014160156, 1.0]], "is_left": 0}