{"hand_pts": [[221.25286865234375, 44.19182205200195, 1.0], [225.6271209716797, 105.24284362792969, 1.0], [237.71099853515625, 140.0663604736328, 1.0], [230.53392028808594, 172.53993225097656, 1.0], [207.46632385253906, 199.4208984375, 1.0], [241.94154357910156, 176.15176391601562, 1.0], [232.87936401367188, 229.3560333251953, 1.0], [210.79013061523438, 256.2529296875, 1.0], [187.2801971435547, 279.6480712890625, 1.0], [220.1425018310547, 159.29931640625, 1.0], [186.87161254882812, 212.80282592773438, 1.0], [162.7529296875, 215.83897399902344, 1.0], [148.4767608642578, 197.60459899902344, 1.0], [198.67703247070312, 143.5249786376953, 1.0], [158.7764129638672, 191.00119018554688, 1.0], [134.15475463867188, 195.186767578125, 1.0], [122.57906341552734, 181.27072143554688, 1.0], [177.6082763671875, 121.92672729492188, 1.0], [146.5037078857422, 149.58323669433594, 1.0], [123.62493133544922, 164.43740844726562, 1.0], [118.18196868896484, 161.67510986328125, 1.0]], "is_left": 0}