{"hand_pts": [[234.75894165039062, 137.16738891601562, 1.0], [246.29051208496094, 125.46267700195312, 1.0], [253.38681030273438, 82.49878692626953, 1.0], [242.09132385253906, 55.025691986083984, 1.0], [197.65679931640625, 78.9063491821289, 1.0], [243.35647583007812, 204.99163818359375, 1.0], [234.6216583251953, 167.69174194335938, 1.0], [225.596923828125, 126.96065521240234, 1.0], [215.43190002441406, 88.0143051147461, 1.0], [210.60398864746094, 223.41021728515625, 1.0], [190.8583221435547, 255.93722534179688, 1.0], [174.26380920410156, 213.32127380371094, 1.0], [184.62290954589844, 186.57508850097656, 1.0], [182.21453857421875, 230.34286499023438, 1.0], [146.36837768554688, 251.96240234375, 1.0], [124.08596801757812, 243.27638244628906, 1.0], [102.68059539794922, 235.61093139648438, 1.0], [156.74246215820312, 229.26913452148438, 1.0], [127.63087463378906, 247.91085815429688, 1.0], [112.16230773925781, 233.56283569335938, 1.0], [113.2632827758789, 198.22389221191406, 1.0]], "is_left": 0}