{"hand_pts": [[77.73593139648438, 141.73191833496094, 1.0], [139.58958435058594, 205.42527770996094, 1.0], [186.68927001953125, 269.6577453613281, 1.0], [231.38430786132812, 275.3558349609375, 1.0], [233.71371459960938, 225.95018005371094, 1.0], [132.68496704101562, 240.7657012939453, 1.0], [192.23828125, 263.2973937988281, 1.0], [234.95169067382812, 250.11489868164062, 1.0], [254.22238159179688, 224.3553466796875, 1.0], [117.33078002929688, 191.24026489257812, 1.0], [164.89682006835938, 201.38453674316406, 1.0], [214.2560272216797, 201.33201599121094, 1.0], [253.1833038330078, 195.0531768798828, 1.0], [111.54434967041016, 150.37486267089844, 1.0], [190.17141723632812, 141.89990234375, 1.0], [210.4232635498047, 134.12538146972656, 1.0], [186.90342712402344, 136.39263916015625, 1.0], [106.49720001220703, 110.09843444824219, 1.0], [134.1879119873047, 87.0850601196289, 1.0], [168.28953552246094, 77.47522735595703, 1.0], [193.9947967529297, 91.2813491821289, 1.0]], "is_left": 0}