{"hand_pts": [[57.253807067871094, 285.88922119140625, 1.0], [72.09786224365234, 214.56105041503906, 1.0], [77.3726806640625, 152.98143005371094, 1.0], [102.79102325439453, 112.64232635498047, 1.0], [134.3768768310547, 91.59901428222656, 1.0], [161.12918090820312, 192.64675903320312, 1.0], [201.51686096191406, 146.6007537841797, 1.0], [213.26353454589844, 116.86328887939453, 1.0], [218.48446655273438, 91.1348876953125, 1.0], [171.7584686279297, 229.4696807861328, 1.0], [224.4742889404297, 184.8134765625, 1.0], [233.1334686279297, 150.63145446777344, 1.0], [230.94137573242188, 119.4175033569336, 1.0], [173.8044891357422, 256.4212341308594, 1.0], [224.35440063476562, 222.82334899902344, 1.0], [229.831298828125, 195.59849548339844, 1.0], [225.88999938964844, 168.66415405273438, 1.0], [167.2235870361328, 283.0231628417969, 1.0], [197.45745849609375, 265.9874267578125, 1.0], [204.0026092529297, 245.87916564941406, 1.0], [199.30758666992188, 220.15576171875, 1.0]], "is_left": 0}