{"hand_pts": [[111.32667541503906, 71.43437194824219, 1.0], [175.80569458007812, 127.50083923339844, 1.0], [244.05145263671875, 146.5706787109375, 1.0], [249.2667694091797, 185.20855712890625, 1.0], [238.3490753173828, 217.5062255859375, 1.0], [219.31651306152344, 136.10479736328125, 1.0], [267.4806213378906, 177.1404266357422, 1.0], [265.7538757324219, 218.37338256835938, 1.0], [256.24847412109375, 254.47637939453125, 1.0], [176.32752990722656, 125.7791519165039, 1.0], [219.92718505859375, 176.27484130859375, 1.0], [227.7032012939453, 224.0811309814453, 1.0], [233.0981903076172, 267.2643737792969, 1.0], [139.75119018554688, 122.37450408935547, 1.0], [151.1258544921875, 198.75823974609375, 1.0], [142.42642211914062, 206.93511962890625, 1.0], [133.17323303222656, 188.75608825683594, 1.0], [101.88716888427734, 118.01226043701172, 1.0], [82.78314208984375, 163.56234741210938, 1.0], [70.35198211669922, 194.68283081054688, 1.0], [64.90077209472656, 219.50436401367188, 1.0]], "is_left": 0}