{"hand_pts": [[15.454183578491211, 198.5548553466797, 1.0], [63.69890213012695, 145.69764709472656, 1.0], [94.19828796386719, 93.90131378173828, 1.0], [143.65451049804688, 106.19914245605469, 1.0], [183.68072509765625, 132.43814086914062, 1.0], [155.7694854736328, 155.59092712402344, 1.0], [193.9502716064453, 130.1486358642578, 1.0], [194.8510284423828, 117.33474731445312, 1.0], [197.6322021484375, 106.39724731445312, 1.0], [156.89752197265625, 196.8422088623047, 1.0], [227.49118041992188, 187.97410583496094, 1.0], [208.5970001220703, 168.9755859375, 1.0], [175.21591186523438, 153.65428161621094, 1.0], [153.82688903808594, 226.6715850830078, 1.0], [227.1208038330078, 255.4508514404297, 1.0], [260.374755859375, 247.74099731445312, 1.0], [253.5022430419922, 220.37094116210938, 1.0], [141.87388610839844, 252.5791015625, 1.0], [185.59671020507812, 259.4739685058594, 1.0], [212.13540649414062, 259.62078857421875, 1.0], [232.31272888183594, 249.83729553222656, 1.0]], "is_left": 0}