{"hand_pts": [[184.4438018798828, 100.6842041015625, 1.0], [141.54493713378906, 102.20339965820312, 1.0], [93.58121490478516, 73.85375213623047, 1.0], [111.95012664794922, 66.0765380859375, 1.0], [162.61642456054688, 82.42460632324219, 1.0], [132.38783264160156, 194.07931518554688, 1.0], [125.7493896484375, 244.87428283691406, 1.0], [132.3415985107422, 250.69541931152344, 1.0], [142.12901306152344, 249.177001953125, 1.0], [173.6337890625, 205.83372497558594, 1.0], [163.51246643066406, 188.74136352539062, 1.0], [159.261962890625, 142.41477966308594, 1.0], [160.131591796875, 108.42153930664062, 1.0], [206.78897094726562, 207.05189514160156, 1.0], [236.92137145996094, 255.54183959960938, 1.0], [246.9412078857422, 246.66915893554688, 1.0], [235.98333740234375, 205.88645935058594, 1.0], [237.5472412109375, 199.4830322265625, 1.0], [263.553466796875, 221.6700897216797, 1.0], [273.1068115234375, 216.78961181640625, 1.0], [277.5845031738281, 205.26551818847656, 1.0]], "is_left": 0}