{"hand_pts": [[23.305830001831055, 173.5037841796875, 1.0], [85.26946258544922, 209.8939666748047, 1.0], [116.3630599975586, 261.94403076171875, 1.0], [167.08180236816406, 263.4808044433594, 1.0], [177.87530517578125, 217.28700256347656, 1.0], [142.9876251220703, 227.28262329101562, 1.0], [205.13038635253906, 225.10426330566406, 1.0], [243.0960693359375, 211.16575622558594, 1.0], [273.99041748046875, 194.52676391601562, 1.0], [137.2400665283203, 192.47023010253906, 1.0], [215.36581420898438, 198.7982635498047, 1.0], [219.43861389160156, 193.2846221923828, 1.0], [230.9987030029297, 188.61758422851562, 1.0], [133.50633239746094, 163.1603240966797, 1.0], [207.8894805908203, 166.95458984375, 1.0], [208.95166015625, 162.14682006835938, 1.0], [168.11581420898438, 162.98025512695312, 1.0], [124.25077819824219, 134.82095336914062, 1.0], [167.11964416503906, 111.09381103515625, 1.0], [199.8080596923828, 96.8902587890625, 1.0], [232.40484619140625, 90.3069839477539, 1.0]], "is_left": 0}