{"hand_pts": [[314.901611328125, 67.24221801757812, 1.0], [255.92018127441406, 78.86199188232422, 1.0], [205.5280303955078, 82.59850311279297, 1.0], [158.58843994140625, 98.56214904785156, 1.0], [142.59878540039062, 140.25167846679688, 1.0], [168.3947296142578, 114.41227722167969, 1.0], [115.60298156738281, 157.42971801757812, 1.0], [130.166259765625, 184.448486328125, 1.0], [146.75094604492188, 210.04441833496094, 1.0], [192.60601806640625, 140.56455993652344, 1.0], [157.63519287109375, 206.49676513671875, 1.0], [148.09364318847656, 243.58370971679688, 1.0], [153.4308319091797, 269.2115783691406, 1.0], [216.5491180419922, 162.11349487304688, 1.0], [193.86590576171875, 227.27554321289062, 1.0], [213.08335876464844, 238.18019104003906, 1.0], [235.0910186767578, 242.2684783935547, 1.0], [246.5695343017578, 177.96774291992188, 1.0], [217.9449005126953, 218.3719482421875, 1.0], [211.91268920898438, 231.9029998779297, 1.0], [212.88873291015625, 232.63291931152344, 1.0]], "is_left": 0}