{"hand_pts": [[274.8453674316406, 320.8591003417969, 1.0], [254.56564331054688, 238.22390747070312, 1.0], [267.3803405761719, 177.8503875732422, 1.0], [216.86488342285156, 130.2493438720703, 1.0], [159.91360473632812, 131.4573516845703, 1.0], [284.4170837402344, 186.73101806640625, 1.0], [221.9351043701172, 128.62643432617188, 1.0], [172.89129638671875, 123.99795532226562, 1.0], [151.9849853515625, 146.98440551757812, 1.0], [265.83428955078125, 216.39244079589844, 1.0], [186.71893310546875, 154.304931640625, 1.0], [137.94305419921875, 144.81423950195312, 1.0], [131.40867614746094, 163.45736694335938, 1.0], [243.31399536132812, 238.75733947753906, 1.0], [161.9200439453125, 189.3696746826172, 1.0], [120.05438232421875, 182.18263244628906, 1.0], [126.3320083618164, 197.89845275878906, 1.0], [220.38307189941406, 264.3330993652344, 1.0], [157.3577880859375, 241.3306427001953, 1.0], [122.96080017089844, 231.86541748046875, 1.0], [135.0799102783203, 237.592041015625, 1.0]], "is_left": 0,"label":5}