{"hand_pts": [[331.91357421875, 129.94483947753906, 1.0], [285.88104248046875, 160.9463653564453, 1.0], [269.38818359375, 194.2316436767578, 1.0], [236.39523315429688, 231.6819610595703, 1.0], [210.9452362060547, 239.66209411621094, 1.0], [200.32940673828125, 123.34444427490234, 1.0], [167.07754516601562, 179.19932556152344, 1.0], [163.2507781982422, 220.6472625732422, 1.0], [157.319580078125, 260.05279541015625, 1.0], [199.08639526367188, 117.36605072021484, 1.0], [133.3876953125, 154.8352813720703, 1.0], [100.2564926147461, 187.51901245117188, 1.0], [116.71043395996094, 226.9278564453125, 1.0], [201.2913055419922, 119.7732162475586, 1.0], [139.07632446289062, 157.41343688964844, 1.0], [136.13429260253906, 198.54940795898438, 1.0], [159.72898864746094, 229.01937866210938, 1.0], [211.5889434814453, 125.18292236328125, 1.0], [184.3133544921875, 165.46441650390625, 1.0], [205.93798828125, 188.2589569091797, 1.0], [237.7691192626953, 190.69790649414062, 1.0]], "is_left": 0,"label":5}