{"hand_pts": [[230.52194213867188, 43.10091018676758, 1.0], [249.49102783203125, 104.15960693359375, 1.0], [272.43743896484375, 153.01925659179688, 1.0], [275.9898681640625, 195.46383666992188, 1.0], [266.0090026855469, 224.50035095214844, 1.0], [182.15704345703125, 165.88414001464844, 1.0], [170.42764282226562, 219.91522216796875, 1.0], [179.7101593017578, 247.01121520996094, 1.0], [193.08668518066406, 268.3954772949219, 1.0], [164.3461456298828, 144.23651123046875, 1.0], [145.8228759765625, 203.69451904296875, 1.0], [161.86666870117188, 232.5792999267578, 1.0], [184.2563934326172, 254.7462615966797, 1.0], [157.5588836669922, 125.4133071899414, 1.0], [137.7472686767578, 176.08932495117188, 1.0], [153.9626922607422, 198.4796142578125, 1.0], [179.07745361328125, 214.68789672851562, 1.0], [157.55535888671875, 102.33283996582031, 1.0], [147.14320373535156, 129.966796875, 1.0], [157.772216796875, 148.08148193359375, 1.0], [182.057373046875, 163.47491455078125, 1.0]], "is_left": 0}