{"hand_pts": [[75.11337280273438, 237.44686889648438, 1.0], [109.71906280517578, 259.01470947265625, 1.0], [127.24978637695312, 296.4542236328125, 1.0], [166.18740844726562, 307.5119323730469, 1.0], [203.37158203125, 315.1363525390625, 1.0], [130.54867553710938, 207.86415100097656, 1.0], [154.5439910888672, 190.2864532470703, 1.0], [190.0765380859375, 195.30674743652344, 1.0], [219.9665069580078, 205.83706665039062, 1.0], [136.9001007080078, 180.88839721679688, 1.0], [165.370849609375, 130.97621154785156, 1.0], [194.29832458496094, 109.30623626708984, 1.0], [225.4666748046875, 129.5022735595703, 1.0], [144.83209228515625, 164.1612091064453, 1.0], [201.48382568359375, 133.2614288330078, 1.0], [238.4420166015625, 126.539794921875, 1.0], [270.9048767089844, 139.556884765625, 1.0], [149.77757263183594, 153.6681671142578, 1.0], [185.363037109375, 137.0596466064453, 1.0], [212.41954040527344, 147.16322326660156, 1.0], [227.5370330810547, 174.090087890625, 1.0]], "is_left": 0}