{"hand_pts": [[263.0116271972656, 324.33575439453125, 1.0], [200.7553253173828, 280.8061828613281, 1.0], [143.41758728027344, 266.4700012207031, 1.0], [106.79535675048828, 233.50135803222656, 1.0], [88.9674301147461, 193.24960327148438, 1.0], [164.2733154296875, 225.89634704589844, 1.0], [125.56349182128906, 172.03466796875, 1.0], [116.98881530761719, 148.14443969726562, 1.0], [112.52330017089844, 127.3244400024414, 1.0], [203.35960388183594, 219.604736328125, 1.0], [157.846923828125, 169.3958282470703, 1.0], [151.56317138671875, 143.5675506591797, 1.0], [149.7259063720703, 125.30384826660156, 1.0], [235.17236328125, 214.2561492919922, 1.0], [231.5512237548828, 142.1467742919922, 1.0], [227.74624633789062, 107.3131332397461, 1.0], [222.25958251953125, 89.88977813720703, 1.0], [267.52752685546875, 215.08206176757812, 1.0], [266.9450988769531, 178.1413116455078, 1.0], [265.5595397949219, 197.02992248535156, 1.0], [263.3103942871094, 232.28208923339844, 1.0]], "is_left": 0}