{"hand_pts": [[34.13994598388672, 231.2127227783203, 1.0], [90.17278289794922, 182.15423583984375, 1.0], [135.27774047851562, 140.4639892578125, 1.0], [179.97511291503906, 142.77459716796875, 1.0], [204.73072814941406, 164.00633239746094, 1.0], [127.40918731689453, 147.93394470214844, 1.0], [185.531005859375, 112.18814849853516, 1.0], [225.42535400390625, 92.06612396240234, 1.0], [262.92474365234375, 93.51480102539062, 1.0], [124.57537841796875, 184.31048583984375, 1.0], [203.13319396972656, 160.97470092773438, 1.0], [250.41456604003906, 153.61395263671875, 1.0], [265.8920593261719, 159.8839874267578, 1.0], [125.06659698486328, 215.2248992919922, 1.0], [201.46038818359375, 230.34706115722656, 1.0], [210.98934936523438, 238.54527282714844, 1.0], [214.15159606933594, 244.8352813720703, 1.0], [121.48231506347656, 246.58877563476562, 1.0], [172.15855407714844, 259.71795654296875, 1.0], [186.65625, 262.0962219238281, 1.0], [168.67796325683594, 254.18919372558594, 1.0]], "is_left": 0}