{"hand_pts": [[15.773195266723633, 135.57041931152344, 1.0], [74.8631820678711, 165.33316040039062, 1.0], [119.85713958740234, 194.09689331054688, 1.0], [167.92724609375, 216.72946166992188, 1.0], [206.2909698486328, 210.13002014160156, 1.0], [181.2339324951172, 128.8447723388672, 1.0], [256.3989562988281, 138.52166748046875, 1.0], [268.014404296875, 178.04574584960938, 1.0], [246.65541076660156, 215.5859375, 1.0], [175.25186157226562, 123.73834228515625, 1.0], [212.01504516601562, 190.76026916503906, 1.0], [191.1025848388672, 236.81422424316406, 1.0], [153.1242218017578, 268.8520202636719, 1.0], [165.5169677734375, 126.87757110595703, 1.0], [215.21739196777344, 181.99473571777344, 1.0], [176.17442321777344, 208.96142578125, 1.0], [141.8402862548828, 187.14999389648438, 1.0], [145.871337890625, 133.04222106933594, 1.0], [179.6531524658203, 160.96739196777344, 1.0], [195.34169006347656, 190.1819305419922, 1.0], [198.04867553710938, 227.56991577148438, 1.0]], "is_left": 0}