{"hand_pts": [[328.86907958984375, 74.2820816040039, 1.0], [275.69232177734375, 120.47608184814453, 1.0], [273.79937744140625, 169.95123291015625, 1.0], [232.26829528808594, 206.7712860107422, 1.0], [185.3180389404297, 208.66148376464844, 1.0], [238.7415771484375, 192.43405151367188, 1.0], [173.70785522460938, 209.00868225097656, 1.0], [147.6539764404297, 191.53700256347656, 1.0], [136.7681121826172, 164.5525665283203, 1.0], [236.82968139648438, 173.78123474121094, 1.0], [171.82742309570312, 224.331298828125, 1.0], [124.18609619140625, 244.24632263183594, 1.0], [91.1116943359375, 235.2707061767578, 1.0], [232.4839324951172, 154.36805725097656, 1.0], [166.698486328125, 190.758056640625, 1.0], [121.91120910644531, 198.64710998535156, 1.0], [115.7730712890625, 180.61801147460938, 1.0], [232.5055389404297, 129.5489959716797, 1.0], [193.42050170898438, 153.29150390625, 1.0], [168.6417236328125, 152.81155395507812, 1.0], [167.1771240234375, 142.541748046875, 1.0]], "is_left": 0}