{"hand_pts": [[201.162109375, 321.2611999511719, 1.0], [218.59378051757812, 236.2817840576172, 1.0], [254.18008422851562, 173.73548889160156, 1.0], [230.87191772460938, 119.87947082519531, 1.0], [180.27313232421875, 115.39136505126953, 1.0], [268.790771484375, 197.6190185546875, 1.0], [240.2976531982422, 133.85293579101562, 1.0], [197.47500610351562, 118.13091278076172, 1.0], [164.4718475341797, 130.4966583251953, 1.0], [239.91258239746094, 228.69009399414062, 1.0], [193.1532440185547, 158.392578125, 1.0], [156.0507049560547, 146.92849731445312, 1.0], [149.3234405517578, 168.86729431152344, 1.0], [210.6956787109375, 250.5194091796875, 1.0], [167.3473663330078, 196.54835510253906, 1.0], [134.98452758789062, 181.30210876464844, 1.0], [134.30084228515625, 192.96287536621094, 1.0], [179.9542236328125, 274.1524963378906, 1.0], [139.71554565429688, 243.11581420898438, 1.0], [114.37126159667969, 224.31521606445312, 1.0], [118.20297241210938, 225.66220092773438, 1.0]], "is_left": 0}