{"hand_pts": [[293.0184631347656, 248.846435546875, 1.0], [219.8321533203125, 242.59432983398438, 1.0], [161.88259887695312, 242.8156280517578, 1.0], [110.6558609008789, 256.868896484375, 1.0], [95.7136459350586, 274.951904296875, 1.0], [196.74432373046875, 160.02328491210938, 1.0], [146.9035186767578, 181.3972625732422, 1.0], [140.4230499267578, 220.01808166503906, 1.0], [153.87815856933594, 253.25074768066406, 1.0], [226.32937622070312, 155.2187957763672, 1.0], [178.9981689453125, 154.77699279785156, 1.0], [148.3661346435547, 176.84547424316406, 1.0], [123.86791229248047, 210.1717071533203, 1.0], [246.8067169189453, 158.96087646484375, 1.0], [218.19625854492188, 101.92845916748047, 1.0], [193.76193237304688, 76.96258544921875, 1.0], [157.39125061035156, 95.38792419433594, 1.0], [267.86553955078125, 170.08309936523438, 1.0], [247.5090789794922, 174.36700439453125, 1.0], [230.99453735351562, 183.29859924316406, 1.0], [209.3890838623047, 214.42811584472656, 1.0]], "is_left": 0}