{"hand_pts": [[42.020057678222656, 114.85035705566406, 1.0], [74.00877380371094, 174.27996826171875, 1.0], [75.5515365600586, 211.41639709472656, 1.0], [100.0403823852539, 246.46751403808594, 1.0], [144.3369598388672, 252.2123565673828, 1.0], [145.7312774658203, 162.1456298828125, 1.0], [191.0337371826172, 210.5811004638672, 1.0], [186.92791748046875, 234.3394317626953, 1.0], [173.4176788330078, 247.8624725341797, 1.0], [160.5236053466797, 133.19178771972656, 1.0], [229.6660614013672, 167.15655517578125, 1.0], [255.2469482421875, 205.4814910888672, 1.0], [253.4936981201172, 240.52963256835938, 1.0], [170.44163513183594, 115.10227966308594, 1.0], [236.77618408203125, 149.6407928466797, 1.0], [231.6082000732422, 180.95562744140625, 1.0], [222.10829162597656, 210.46270751953125, 1.0], [172.43565368652344, 99.3563232421875, 1.0], [220.4306640625, 116.21598815917969, 1.0], [214.35067749023438, 146.80860900878906, 1.0], [198.7525634765625, 176.52113342285156, 1.0]], "is_left": 0}