{"hand_pts": [[268.4135437011719, 257.0079650878906, 1.0], [194.32984924316406, 217.6678009033203, 1.0], [125.54840850830078, 183.76968383789062, 1.0], [102.3481674194336, 140.71669006347656, 1.0], [148.32205200195312, 138.3238067626953, 1.0], [161.01097106933594, 257.81219482421875, 1.0], [115.03286743164062, 219.1886444091797, 1.0], [106.64493560791016, 167.9585723876953, 1.0], [119.88980102539062, 129.0021209716797, 1.0], [205.87850952148438, 264.7388000488281, 1.0], [164.83358764648438, 185.6739044189453, 1.0], [157.1278533935547, 133.9546661376953, 1.0], [157.77626037597656, 97.44248962402344, 1.0], [241.22979736328125, 261.7713623046875, 1.0], [215.01417541503906, 195.51109313964844, 1.0], [212.5487060546875, 157.35186767578125, 1.0], [222.24258422851562, 181.8386688232422, 1.0], [276.6679992675781, 255.59027099609375, 1.0], [275.845703125, 221.77279663085938, 1.0], [263.7490539550781, 179.7705535888672, 1.0], [246.82801818847656, 150.197265625, 1.0]], "is_left": 0}