{"hand_pts": [[290.2913513183594, 199.10304260253906, 1.0], [232.7562713623047, 145.0806121826172, 1.0], [225.72935485839844, 80.93013763427734, 1.0], [197.5131378173828, 73.70381927490234, 1.0], [171.40109252929688, 106.60755920410156, 1.0], [245.76220703125, 149.4971923828125, 1.0], [176.98223876953125, 152.41021728515625, 1.0], [129.26243591308594, 156.66293334960938, 1.0], [99.06713104248047, 162.93948364257812, 1.0], [253.35934448242188, 195.56991577148438, 1.0], [187.20899963378906, 177.38442993164062, 1.0], [147.84841918945312, 168.8302764892578, 1.0], [157.9290313720703, 169.94081115722656, 1.0], [252.2352294921875, 231.4696502685547, 1.0], [204.5010223388672, 232.2978973388672, 1.0], [162.17431640625, 221.48098754882812, 1.0], [141.826416015625, 210.0926055908203, 1.0], [250.46974182128906, 264.5105895996094, 1.0], [189.306396484375, 271.0316162109375, 1.0], [154.2416229248047, 264.6781921386719, 1.0], [120.08023071289062, 253.63385009765625, 1.0]], "is_left": 0}