{"hand_pts": [[74.7266616821289, 114.1587142944336, 1.0], [93.14885711669922, 176.2384490966797, 1.0], [76.75941467285156, 231.8667449951172, 1.0], [77.53521728515625, 262.7467346191406, 1.0], [82.89765930175781, 283.6434326171875, 1.0], [190.2432403564453, 194.1060028076172, 1.0], [246.86390686035156, 228.58668518066406, 1.0], [272.20343017578125, 251.2650604248047, 1.0], [265.89556884765625, 259.879638671875, 1.0], [199.8087921142578, 156.82669067382812, 1.0], [219.96649169921875, 191.7949981689453, 1.0], [195.03453063964844, 210.35682678222656, 1.0], [162.38922119140625, 224.9252471923828, 1.0], [200.47988891601562, 128.34414672851562, 1.0], [223.20074462890625, 137.62930297851562, 1.0], [187.92030334472656, 146.22476196289062, 1.0], [147.79617309570312, 154.51063537597656, 1.0], [191.6314697265625, 100.4371337890625, 1.0], [212.2717742919922, 103.51109313964844, 1.0], [213.76084899902344, 111.13943481445312, 1.0], [204.945556640625, 124.96891784667969, 1.0]], "is_left": 0}