{"hand_pts": [[221.212890625, 63.31542205810547, 1.0], [247.7550811767578, 102.98881530761719, 1.0], [286.7876281738281, 138.2476806640625, 1.0], [276.6402893066406, 178.21823120117188, 1.0], [239.811279296875, 188.6209259033203, 1.0], [221.51943969726562, 186.4428253173828, 1.0], [232.27651977539062, 221.73670959472656, 1.0], [234.87832641601562, 198.5370330810547, 1.0], [236.98020935058594, 180.52149963378906, 1.0], [186.04632568359375, 180.0962371826172, 1.0], [170.28573608398438, 234.61505126953125, 1.0], [165.07484436035156, 258.9879455566406, 1.0], [169.046142578125, 259.24371337890625, 1.0], [159.63644409179688, 170.16893005371094, 1.0], [131.04371643066406, 185.73284912109375, 1.0], [142.03399658203125, 158.4603729248047, 1.0], [165.45449829101562, 128.9715576171875, 1.0], [138.143798828125, 153.111328125, 1.0], [105.51187133789062, 171.247314453125, 1.0], [91.29547119140625, 177.19175720214844, 1.0], [78.87712860107422, 183.53590393066406, 1.0]], "is_left": 0}