{"hand_pts": [[103.82762145996094, 308.0427551269531, 1.0], [142.7679443359375, 298.8160095214844, 1.0], [183.2943878173828, 312.8417053222656, 1.0], [204.5663299560547, 291.8253173828125, 1.0], [199.38694763183594, 248.59909057617188, 1.0], [214.07586669921875, 234.38377380371094, 1.0], [248.6875762939453, 193.1094512939453, 1.0], [237.1783447265625, 175.3901824951172, 1.0], [218.45953369140625, 161.7532958984375, 1.0], [190.87977600097656, 207.64234924316406, 1.0], [221.4046630859375, 152.8081817626953, 1.0], [210.36390686035156, 140.322265625, 1.0], [186.03704833984375, 146.60418701171875, 1.0], [166.93650817871094, 188.84548950195312, 1.0], [186.97012329101562, 127.98017883300781, 1.0], [173.12545776367188, 117.71635437011719, 1.0], [149.7013702392578, 133.7416229248047, 1.0], [138.4488067626953, 178.12954711914062, 1.0], [135.88363647460938, 134.8320770263672, 1.0], [123.38005065917969, 126.61235809326172, 1.0], [108.66178894042969, 146.96180725097656, 1.0]], "is_left": 0}