{"hand_pts": [[78.95291137695312, 145.7593536376953, 1.0], [85.1311264038086, 172.7732696533203, 1.0], [60.29221725463867, 200.37127685546875, 1.0], [95.66173553466797, 197.1706085205078, 1.0], [145.42941284179688, 172.17433166503906, 1.0], [147.2249755859375, 237.38758850097656, 1.0], [189.16868591308594, 233.1529541015625, 1.0], [186.94293212890625, 201.2849884033203, 1.0], [161.98561096191406, 177.28855895996094, 1.0], [179.38319396972656, 221.9788818359375, 1.0], [233.57028198242188, 208.9213104248047, 1.0], [213.4351043701172, 176.4754638671875, 1.0], [171.11085510253906, 164.3696746826172, 1.0], [202.7908477783203, 204.74374389648438, 1.0], [261.5568542480469, 181.33901977539062, 1.0], [233.6337890625, 155.65367126464844, 1.0], [190.87655639648438, 157.41897583007812, 1.0], [217.8343048095703, 183.33450317382812, 1.0], [258.8898010253906, 162.5247802734375, 1.0], [239.9256591796875, 142.9900360107422, 1.0], [199.13265991210938, 147.6434326171875, 1.0]], "is_left": 0}