{"hand_pts": [[276.5137939453125, 239.9453125, 1.0], [245.33384704589844, 253.14404296875, 1.0], [222.52540588378906, 294.8959045410156, 1.0], [226.9172821044922, 257.3857116699219, 1.0], [246.2272186279297, 206.7147979736328, 1.0], [126.71098327636719, 246.970703125, 1.0], [139.015380859375, 208.2050018310547, 1.0], [190.02194213867188, 200.0167694091797, 1.0], [213.03749084472656, 215.18414306640625, 1.0], [122.96355438232422, 211.1378631591797, 1.0], [138.07179260253906, 152.6632080078125, 1.0], [196.5800323486328, 158.21768188476562, 1.0], [212.6124267578125, 193.41676330566406, 1.0], [128.58424377441406, 180.31788635253906, 1.0], [136.5808868408203, 116.28131866455078, 1.0], [188.07994079589844, 124.36089324951172, 1.0], [196.73692321777344, 162.72714233398438, 1.0], [145.14418029785156, 152.84353637695312, 1.0], [160.86849975585938, 102.73670196533203, 1.0], [201.96829223632812, 112.00750732421875, 1.0], [203.297119140625, 152.20999145507812, 1.0]], "is_left": 0}