{"hand_pts": [[107.920166015625, 145.7737274169922, 1.0], [102.8822021484375, 141.56021118164062, 1.0], [100.3374252319336, 116.40451049804688, 1.0], [129.08013916015625, 99.68511962890625, 1.0], [176.47421264648438, 94.74645233154297, 1.0], [111.94080352783203, 202.10202026367188, 1.0], [130.7130889892578, 226.38848876953125, 1.0], [149.94235229492188, 236.8996124267578, 1.0], [182.88414001464844, 228.97691345214844, 1.0], [146.1761016845703, 206.1079864501953, 1.0], [215.9523468017578, 167.5010528564453, 1.0], [203.72796630859375, 137.02297973632812, 1.0], [180.19680786132812, 118.38280487060547, 1.0], [176.27215576171875, 202.81187438964844, 1.0], [200.1003875732422, 236.4755096435547, 1.0], [221.12686157226562, 245.59622192382812, 1.0], [245.35487365722656, 244.13180541992188, 1.0], [202.5850067138672, 194.001953125, 1.0], [245.35983276367188, 206.89524841308594, 1.0], [274.3574523925781, 197.14395141601562, 1.0], [267.0058898925781, 170.941162109375, 1.0]], "is_left": 0}