{"hand_pts": [[315.1780700683594, 218.6113739013672, 1.0], [270.0722351074219, 239.6302947998047, 1.0], [263.3876953125, 268.8048400878906, 1.0], [215.55020141601562, 269.9238586425781, 1.0], [168.52345275878906, 267.9865417480469, 1.0], [256.4381408691406, 163.57708740234375, 1.0], [178.53451538085938, 173.62759399414062, 1.0], [132.43243408203125, 193.08477783203125, 1.0], [136.30133056640625, 219.52359008789062, 1.0], [249.6278839111328, 132.2379913330078, 1.0], [169.74398803710938, 177.468017578125, 1.0], [140.06341552734375, 223.21778869628906, 1.0], [163.8250274658203, 254.29173278808594, 1.0], [239.19517517089844, 114.52560424804688, 1.0], [157.37490844726562, 111.51807403564453, 1.0], [130.40150451660156, 150.22743225097656, 1.0], [100.01721954345703, 185.4087371826172, 1.0], [231.56724548339844, 105.81591033935547, 1.0], [170.9720458984375, 106.85989379882812, 1.0], [159.65496826171875, 142.94000244140625, 1.0], [198.17739868164062, 161.57077026367188, 1.0]], "is_left": 0}