{"hand_pts": [[48.74219512939453, 167.74281311035156, 1.0], [112.06224060058594, 136.6146697998047, 1.0], [138.25392150878906, 87.17463684082031, 1.0], [158.4888153076172, 62.80571365356445, 1.0], [169.30426025390625, 61.85396957397461, 1.0], [196.9810791015625, 181.3965301513672, 1.0], [255.5854034423828, 208.0176544189453, 1.0], [267.16302490234375, 200.00704956054688, 1.0], [238.66485595703125, 178.57467651367188, 1.0], [174.40969848632812, 208.83700561523438, 1.0], [238.4203338623047, 230.81103515625, 1.0], [243.21568298339844, 205.2135772705078, 1.0], [243.55299377441406, 179.2574005126953, 1.0], [152.7687530517578, 225.07362365722656, 1.0], [163.488037109375, 214.73887634277344, 1.0], [135.995849609375, 187.149658203125, 1.0], [108.8204574584961, 160.8009796142578, 1.0], [125.12110900878906, 235.53309631347656, 1.0], [158.80824279785156, 249.43197631835938, 1.0], [178.10165405273438, 242.67857360839844, 1.0], [191.18028259277344, 221.85240173339844, 1.0]], "is_left": 0}