{"hand_pts": [[188.19244384765625, 225.09271240234375, 1.0], [213.66876220703125, 250.50921630859375, 1.0], [232.8241729736328, 296.475341796875, 1.0], [274.1025695800781, 267.8193359375, 1.0], [278.5306091308594, 218.48577880859375, 1.0], [119.77262115478516, 238.47833251953125, 1.0], [180.69715881347656, 214.26560974121094, 1.0], [223.85231018066406, 210.2477569580078, 1.0], [217.70713806152344, 219.47637939453125, 1.0], [100.84586334228516, 198.03419494628906, 1.0], [171.73782348632812, 156.75650024414062, 1.0], [217.50196838378906, 169.24642944335938, 1.0], [193.54904174804688, 197.5419464111328, 1.0], [96.81095123291016, 165.12405395507812, 1.0], [145.69876098632812, 112.37834930419922, 1.0], [191.1411590576172, 126.7056655883789, 1.0], [179.7577667236328, 160.00428771972656, 1.0], [101.87136840820312, 136.25767517089844, 1.0], [138.4972381591797, 94.71770477294922, 1.0], [179.61398315429688, 110.6545181274414, 1.0], [162.32723999023438, 144.8303985595703, 1.0]], "is_left": 0}