{"hand_pts": [[169.6609649658203, 206.66928100585938, 1.0], [147.38218688964844, 245.521240234375, 1.0], [139.38343811035156, 292.6162414550781, 1.0], [155.39984130859375, 264.6214599609375, 1.0], [174.94198608398438, 212.70245361328125, 1.0], [217.28643798828125, 231.8217010498047, 1.0], [197.2601318359375, 221.26759338378906, 1.0], [165.5230255126953, 211.82980346679688, 1.0], [121.55594635009766, 201.85549926757812, 1.0], [225.6796112060547, 187.31991577148438, 1.0], [245.25823974609375, 182.78616333007812, 1.0], [202.582275390625, 185.5749053955078, 1.0], [163.33056640625, 188.0244140625, 1.0], [222.9730682373047, 152.89852905273438, 1.0], [238.9011688232422, 134.743408203125, 1.0], [195.50840759277344, 138.4299774169922, 1.0], [147.90235900878906, 151.5469207763672, 1.0], [214.02017211914062, 123.09783172607422, 1.0], [188.68328857421875, 101.23606872558594, 1.0], [149.8323211669922, 117.03418731689453, 1.0], [125.97958374023438, 143.6576385498047, 1.0]], "is_left": 0,"label":5}