{"hand_pts": [[259.84661865234375, 149.97413635253906, 1.0], [197.07325744628906, 145.79148864746094, 1.0], [138.91456604003906, 126.76903533935547, 1.0], [102.44811248779297, 116.83387756347656, 1.0], [73.94313049316406, 109.94329071044922, 1.0], [160.52035522460938, 228.4915313720703, 1.0], [122.24703979492188, 200.61294555664062, 1.0], [138.68162536621094, 160.2000274658203, 1.0], [161.69207763671875, 126.5811996459961, 1.0], [196.7353057861328, 240.28802490234375, 1.0], [182.23983764648438, 200.3894500732422, 1.0], [181.22174072265625, 156.24642944335938, 1.0], [185.25331115722656, 109.92610168457031, 1.0], [226.166015625, 241.70423889160156, 1.0], [206.17539978027344, 260.9969787597656, 1.0], [202.28155517578125, 218.50999450683594, 1.0], [205.30738830566406, 181.93858337402344, 1.0], [256.7115478515625, 235.10618591308594, 1.0], [258.06396484375, 232.5538787841797, 1.0], [254.8390655517578, 210.94400024414062, 1.0], [245.61334228515625, 173.9764862060547, 1.0]], "is_left": 0,"label":5}