{"hand_pts": [[68.14958953857422, 79.4857406616211, 1.0], [84.11609649658203, 146.5561981201172, 1.0], [71.75616455078125, 189.71185302734375, 1.0], [75.64179229736328, 227.04933166503906, 1.0], [94.84864044189453, 258.12939453125, 1.0], [135.24496459960938, 184.76004028320312, 1.0], [167.97459411621094, 221.46725463867188, 1.0], [197.57383728027344, 247.15980529785156, 1.0], [229.32069396972656, 268.90478515625, 1.0], [158.2253875732422, 154.62986755371094, 1.0], [220.01185607910156, 198.2235565185547, 1.0], [217.44322204589844, 203.1836700439453, 1.0], [190.57736206054688, 192.10081481933594, 1.0], [176.14059448242188, 130.91893005371094, 1.0], [240.57569885253906, 161.30430603027344, 1.0], [260.7198791503906, 180.9710235595703, 1.0], [271.11126708984375, 197.84249877929688, 1.0], [187.61439514160156, 105.12026977539062, 1.0], [234.85494995117188, 123.07321166992188, 1.0], [248.64706420898438, 141.5923614501953, 1.0], [226.068115234375, 148.55397033691406, 1.0]], "is_left": 0}