{"hand_pts": [[327.0976867675781, 211.10340881347656, 1.0], [280.2265319824219, 178.38186645507812, 1.0], [257.0451354980469, 141.09225463867188, 1.0], [214.00531005859375, 124.03555297851562, 1.0], [175.56031799316406, 132.775146484375, 1.0], [215.85006713867188, 168.6047821044922, 1.0], [158.84535217285156, 163.12765502929688, 1.0], [122.88484191894531, 162.8267364501953, 1.0], [90.52059936523438, 164.59042358398438, 1.0], [219.0565948486328, 195.09408569335938, 1.0], [154.38259887695312, 176.15528869628906, 1.0], [112.50900268554688, 163.48304748535156, 1.0], [72.6155776977539, 151.41944885253906, 1.0], [222.7294158935547, 216.15122985839844, 1.0], [172.29910278320312, 210.64588928222656, 1.0], [191.36143493652344, 209.31858825683594, 1.0], [225.15924072265625, 209.82644653320312, 1.0], [232.440185546875, 236.14523315429688, 1.0], [191.4765167236328, 237.42750549316406, 1.0], [193.55978393554688, 231.58273315429688, 1.0], [211.9129638671875, 224.31637573242188, 1.0]], "is_left": 0}