{"hand_pts": [[45.05317306518555, 204.16665649414062, 1.0], [83.06075286865234, 192.6438446044922, 1.0], [80.90584564208984, 168.82997131347656, 1.0], [90.75474548339844, 142.43014526367188, 1.0], [123.26879119873047, 122.15022277832031, 1.0], [165.66580200195312, 224.30723571777344, 1.0], [223.98046875, 219.9619903564453, 1.0], [247.55694580078125, 198.28707885742188, 1.0], [275.0710144042969, 179.91531372070312, 1.0], [171.4488525390625, 223.84494018554688, 1.0], [217.4104461669922, 186.78192138671875, 1.0], [206.7118682861328, 156.33718872070312, 1.0], [167.7012176513672, 141.7691192626953, 1.0], [172.83876037597656, 218.59356689453125, 1.0], [244.71099853515625, 216.74649047851562, 1.0], [246.33995056152344, 190.0007781982422, 1.0], [246.19839477539062, 163.823974609375, 1.0], [165.93972778320312, 211.04434204101562, 1.0], [199.23721313476562, 188.2248992919922, 1.0], [182.75613403320312, 169.66610717773438, 1.0], [150.63265991210938, 177.5269775390625, 1.0]], "is_left": 0}