{"hand_pts": [[102.35135650634766, 199.8134307861328, 1.0], [94.27362060546875, 229.6389617919922, 1.0], [60.04878616333008, 254.71568298339844, 1.0], [102.07762145996094, 282.5221252441406, 1.0], [156.63075256347656, 295.88970947265625, 1.0], [117.86941528320312, 162.6771697998047, 1.0], [162.50523376464844, 192.0189208984375, 1.0], [191.841552734375, 222.5341796875, 1.0], [221.1239471435547, 249.9180908203125, 1.0], [155.5934295654297, 143.6552734375, 1.0], [174.2059326171875, 137.2698974609375, 1.0], [190.10594177246094, 166.47320556640625, 1.0], [204.27606201171875, 185.3374481201172, 1.0], [187.3811798095703, 136.88894653320312, 1.0], [221.2255096435547, 116.75981903076172, 1.0], [242.29225158691406, 119.11349487304688, 1.0], [256.8608703613281, 152.6758575439453, 1.0], [214.54977416992188, 136.78404235839844, 1.0], [250.3326873779297, 142.59031677246094, 1.0], [258.69146728515625, 177.6707763671875, 1.0], [236.4815216064453, 207.51150512695312, 1.0]], "is_left": 0}