{"hand_pts": [[180.2147216796875, 120.9139633178711, 1.0], [135.1859893798828, 162.24380493164062, 1.0], [83.04258728027344, 201.16360473632812, 1.0], [76.59358978271484, 199.4369354248047, 1.0], [116.07670593261719, 167.32972717285156, 1.0], [176.32501220703125, 240.31517028808594, 1.0], [154.90769958496094, 236.43060302734375, 1.0], [140.6724395751953, 198.57896423339844, 1.0], [143.304443359375, 175.94607543945312, 1.0], [216.54275512695312, 222.7169647216797, 1.0], [208.22923278808594, 212.72848510742188, 1.0], [178.773193359375, 176.0107879638672, 1.0], [167.7273406982422, 166.54632568359375, 1.0], [243.57559204101562, 203.16421508789062, 1.0], [238.9747772216797, 189.3496551513672, 1.0], [210.2898712158203, 158.85794067382812, 1.0], [201.69786071777344, 159.60348510742188, 1.0], [264.4137878417969, 177.63479614257812, 1.0], [273.6496276855469, 160.25469970703125, 1.0], [242.0674285888672, 141.70433044433594, 1.0], [230.1024932861328, 152.66810607910156, 1.0]], "is_left": 0}