{"hand_pts": [[52.10380554199219, 232.49192810058594, 1.0], [122.30802917480469, 230.47671508789062, 1.0], [171.97702026367188, 248.5514373779297, 1.0], [207.7702178955078, 225.6519012451172, 1.0], [217.96546936035156, 195.3203887939453, 1.0], [171.16766357421875, 220.32884216308594, 1.0], [219.49069213867188, 211.1436004638672, 1.0], [250.59695434570312, 202.09054565429688, 1.0], [279.5152282714844, 192.34524536132812, 1.0], [146.6172332763672, 202.22576904296875, 1.0], [202.5450439453125, 187.7922821044922, 1.0], [223.3753204345703, 172.26718139648438, 1.0], [220.38397216796875, 166.17684936523438, 1.0], [127.21591186523438, 186.3458251953125, 1.0], [174.96131896972656, 155.86697387695312, 1.0], [194.53628540039062, 142.0171356201172, 1.0], [195.18243408203125, 140.54104614257812, 1.0], [104.45475006103516, 172.83265686035156, 1.0], [115.8189926147461, 149.41542053222656, 1.0], [141.51608276367188, 138.67942810058594, 1.0], [155.67735290527344, 145.35614013671875, 1.0]], "is_left": 0}