{"hand_pts": [[242.8738555908203, 199.52743530273438, 1.0], [261.63623046875, 229.06060791015625, 1.0], [277.2703857421875, 277.1136779785156, 1.0], [249.67088317871094, 250.67799377441406, 1.0], [222.23097229003906, 200.45103454589844, 1.0], [173.90074157714844, 254.68673706054688, 1.0], [210.58810424804688, 220.9714813232422, 1.0], [245.86875915527344, 201.80831909179688, 1.0], [276.3283996582031, 184.60836791992188, 1.0], [147.42071533203125, 214.92608642578125, 1.0], [110.6150131225586, 229.2397918701172, 1.0], [121.68513488769531, 220.5612335205078, 1.0], [165.25831604003906, 198.7341766357422, 1.0], [134.80633544921875, 179.02297973632812, 1.0], [168.49240112304688, 126.78385162353516, 1.0], [210.1913299560547, 124.00653839111328, 1.0], [227.97714233398438, 143.7198028564453, 1.0], [131.50022888183594, 143.78970336914062, 1.0], [106.50939178466797, 113.09629821777344, 1.0], [124.6420669555664, 95.39741516113281, 1.0], [145.69696044921875, 79.51656341552734, 1.0]], "is_left": 0}