{"hand_pts": [[85.78970336914062, 170.92356872558594, 1.0], [92.00764465332031, 207.78639221191406, 1.0], [88.40859985351562, 242.2393341064453, 1.0], [132.3988800048828, 239.1474609375, 1.0], [180.9915771484375, 222.73300170898438, 1.0], [201.1541290283203, 259.95953369140625, 1.0], [247.52459716796875, 260.1333923339844, 1.0], [212.02442932128906, 221.54595947265625, 1.0], [171.412353515625, 182.66387939453125, 1.0], [218.3651580810547, 223.39328002929688, 1.0], [192.66928100585938, 182.82180786132812, 1.0], [155.14695739746094, 151.75071716308594, 1.0], [99.1467056274414, 124.03343200683594, 1.0], [223.6066436767578, 188.8651885986328, 1.0], [268.6910705566406, 188.27552795410156, 1.0], [236.17491149902344, 164.90562438964844, 1.0], [184.85910034179688, 145.73583984375, 1.0], [218.06851196289062, 152.43032836914062, 1.0], [217.36846923828125, 107.74637603759766, 1.0], [174.65811157226562, 95.3620834350586, 1.0], [140.62782287597656, 112.63399505615234, 1.0]], "is_left": 0}