{"hand_pts": [[93.2131576538086, 344.9794921875, 1.0], [132.20718383789062, 295.0096740722656, 1.0], [155.0090789794922, 263.29736328125, 1.0], [158.64907836914062, 212.14060974121094, 1.0], [149.91534423828125, 188.65707397460938, 1.0], [223.6480712890625, 229.92442321777344, 1.0], [272.6899719238281, 168.1964569091797, 1.0], [285.19775390625, 125.20594787597656, 1.0], [251.0689697265625, 106.98267364501953, 1.0], [201.2823486328125, 227.74989318847656, 1.0], [272.8238830566406, 168.51312255859375, 1.0], [256.01251220703125, 133.22727966308594, 1.0], [219.56602478027344, 125.32705688476562, 1.0], [176.73892211914062, 226.16725158691406, 1.0], [146.7346649169922, 162.78175354003906, 1.0], [106.62843322753906, 168.60687255859375, 1.0], [96.64834594726562, 206.9475860595703, 1.0], [146.46231079101562, 231.18809509277344, 1.0], [149.10508728027344, 182.5455322265625, 1.0], [133.26043701171875, 161.65065002441406, 1.0], [114.23992156982422, 165.1932830810547, 1.0]], "is_left": 0}