{"hand_pts": [[244.1483612060547, 187.96463012695312, 1.0], [208.23098754882812, 131.56190490722656, 1.0], [160.40554809570312, 86.82391357421875, 1.0], [157.44146728515625, 93.06915283203125, 1.0], [164.79678344726562, 109.2951431274414, 1.0], [150.16262817382812, 179.8227996826172, 1.0], [114.3917465209961, 164.93716430664062, 1.0], [110.15534210205078, 140.77951049804688, 1.0], [115.9207534790039, 112.94286346435547, 1.0], [183.01901245117188, 216.18434143066406, 1.0], [142.5950469970703, 243.7556915283203, 1.0], [144.80661010742188, 217.90289306640625, 1.0], [149.18663024902344, 190.32217407226562, 1.0], [214.86912536621094, 237.22476196289062, 1.0], [201.08489990234375, 228.13233947753906, 1.0], [218.55189514160156, 185.60006713867188, 1.0], [241.90928649902344, 141.2689971923828, 1.0], [249.25271606445312, 251.93563842773438, 1.0], [256.953125, 278.9159851074219, 1.0], [263.0794372558594, 238.7747802734375, 1.0], [265.32080078125, 192.6294403076172, 1.0]], "is_left": 0}