{"hand_pts": [[176.9501953125, 191.99136352539062, 1.0], [212.26431274414062, 212.28704833984375, 1.0], [260.41729736328125, 200.23410034179688, 1.0], [291.39202880859375, 190.3184356689453, 1.0], [310.9093933105469, 182.13604736328125, 1.0], [220.28030395507812, 158.1861114501953, 1.0], [235.0221710205078, 146.84640502929688, 1.0], [222.66940307617188, 181.03176879882812, 1.0], [208.05569458007812, 214.21826171875, 1.0], [185.19821166992188, 147.29693603515625, 1.0], [197.48965454101562, 150.8446044921875, 1.0], [195.35537719726562, 193.85496520996094, 1.0], [191.85438537597656, 232.45932006835938, 1.0], [156.6242218017578, 145.7120819091797, 1.0], [123.44075012207031, 192.53692626953125, 1.0], [109.0781478881836, 227.71658325195312, 1.0], [97.29959106445312, 262.4917297363281, 1.0], [129.9881134033203, 149.29208374023438, 1.0], [105.10659790039062, 147.58888244628906, 1.0], [101.32449340820312, 172.11514282226562, 1.0], [111.8498764038086, 203.33607482910156, 1.0]], "is_left": 0}