{"hand_pts": [[82.0566635131836, 100.27552032470703, 1.0], [88.60497283935547, 165.59046936035156, 1.0], [66.88993835449219, 212.7938690185547, 1.0], [85.29914855957031, 221.97340393066406, 1.0], [119.72858428955078, 194.93353271484375, 1.0], [192.02285766601562, 219.18923950195312, 1.0], [241.67337036132812, 266.6647033691406, 1.0], [238.01577758789062, 275.53802490234375, 1.0], [224.41348266601562, 275.0451965332031, 1.0], [206.19970703125, 180.90908813476562, 1.0], [261.2816162109375, 227.98277282714844, 1.0], [224.8570556640625, 227.81260681152344, 1.0], [173.62269592285156, 210.98095703125, 1.0], [209.0357208251953, 147.95713806152344, 1.0], [197.28070068359375, 132.53294372558594, 1.0], [172.33187866210938, 118.51966857910156, 1.0], [126.45027160644531, 103.64845275878906, 1.0], [201.75741577148438, 112.49374389648438, 1.0], [235.8983917236328, 117.32530975341797, 1.0], [212.3135986328125, 125.22681427001953, 1.0], [176.6106414794922, 134.14044189453125, 1.0]], "is_left": 0}