{"hand_pts": [[331.5053405761719, 218.10928344726562, 1.0], [278.8174133300781, 249.25547790527344, 1.0], [236.18975830078125, 279.06640625, 1.0], [190.04290771484375, 261.4298400878906, 1.0], [161.0833282470703, 223.20953369140625, 1.0], [241.03720092773438, 197.40756225585938, 1.0], [182.8392791748047, 237.26095581054688, 1.0], [152.88461303710938, 265.7237243652344, 1.0], [131.82608032226562, 292.8667907714844, 1.0], [239.19546508789062, 165.5449676513672, 1.0], [185.2753448486328, 137.85914611816406, 1.0], [137.15921020507812, 138.78598022460938, 1.0], [92.91255950927734, 138.1126251220703, 1.0], [234.92431640625, 146.21728515625, 1.0], [194.31825256347656, 102.62338256835938, 1.0], [149.14813232421875, 110.1718521118164, 1.0], [115.57451629638672, 136.88967895507812, 1.0], [235.127197265625, 133.82875061035156, 1.0], [186.7655029296875, 136.21072387695312, 1.0], [181.22061157226562, 163.2769012451172, 1.0], [191.94866943359375, 194.2818145751953, 1.0]], "is_left": 0}