{"hand_pts": [[231.0613250732422, 173.1337432861328, 1.0], [190.3196563720703, 139.6492919921875, 1.0], [151.53614807128906, 93.57172393798828, 1.0], [156.0005340576172, 70.43106842041016, 1.0], [198.89120483398438, 89.2664794921875, 1.0], [112.05803680419922, 189.68325805664062, 1.0], [128.40069580078125, 163.90142822265625, 1.0], [169.6909942626953, 145.04217529296875, 1.0], [179.37168884277344, 152.33213806152344, 1.0], [140.71046447753906, 226.2330780029297, 1.0], [128.04464721679688, 213.36952209472656, 1.0], [145.1300811767578, 186.63363647460938, 1.0], [163.60440063476562, 159.8960723876953, 1.0], [169.99057006835938, 249.95285034179688, 1.0], [213.073486328125, 237.70262145996094, 1.0], [245.45736694335938, 221.69091796875, 1.0], [269.7474060058594, 191.69256591796875, 1.0], [203.79331970214844, 266.5380554199219, 1.0], [223.72418212890625, 259.8188171386719, 1.0], [242.71705627441406, 230.2129364013672, 1.0], [245.189453125, 209.73704528808594, 1.0]], "is_left": 0}