{"hand_pts": [[145.13540649414062, 66.0997543334961, 1.0], [210.41378784179688, 78.0396499633789, 1.0], [287.43341064453125, 73.0915756225586, 1.0], [276.3684387207031, 76.53646087646484, 1.0], [214.93565368652344, 83.19300079345703, 1.0], [252.86769104003906, 189.4047393798828, 1.0], [277.2066650390625, 261.0816955566406, 1.0], [256.2127990722656, 249.59146118164062, 1.0], [229.34300231933594, 216.28216552734375, 1.0], [200.92262268066406, 209.14820861816406, 1.0], [188.32955932617188, 235.7915802001953, 1.0], [172.08876037597656, 184.99366760253906, 1.0], [155.93331909179688, 143.14080810546875, 1.0], [156.0891571044922, 216.64303588867188, 1.0], [129.77415466308594, 232.45301818847656, 1.0], [118.41407775878906, 183.48562622070312, 1.0], [115.66213989257812, 133.19015502929688, 1.0], [110.7295913696289, 212.77694702148438, 1.0], [102.3740234375, 257.0211486816406, 1.0], [107.06118774414062, 236.44029235839844, 1.0], [118.45759582519531, 191.37669372558594, 1.0]], "is_left": 0}