{"hand_pts": [[256.1775207519531, 300.1238708496094, 1.0], [237.75669860839844, 228.516357421875, 1.0], [231.56565856933594, 167.38519287109375, 1.0], [212.14178466796875, 134.21888732910156, 1.0], [197.25071716308594, 157.62307739257812, 1.0], [156.02015686035156, 205.69631958007812, 1.0], [113.46470642089844, 160.89109802246094, 1.0], [90.15026092529297, 129.5565643310547, 1.0], [105.1397933959961, 95.97943115234375, 1.0], [161.68760681152344, 232.34109497070312, 1.0], [138.61932373046875, 178.9044189453125, 1.0], [181.6265869140625, 159.79962158203125, 1.0], [197.47540283203125, 186.1142120361328, 1.0], [173.4996795654297, 250.41441345214844, 1.0], [200.54554748535156, 191.3360137939453, 1.0], [239.1339111328125, 174.2353515625, 1.0], [275.2012023925781, 169.5709228515625, 1.0], [192.17416381835938, 269.518310546875, 1.0], [187.79486083984375, 239.48532104492188, 1.0], [199.24468994140625, 210.3048095703125, 1.0], [210.49822998046875, 178.01806640625, 1.0]], "is_left": 0}