{"hand_pts": [[48.50642776489258, 199.82962036132812, 1.0], [99.30228424072266, 156.28871154785156, 1.0], [116.20488739013672, 100.6977767944336, 1.0], [141.136962890625, 73.83341979980469, 1.0], [163.63461303710938, 60.5259895324707, 1.0], [176.50303649902344, 190.5220184326172, 1.0], [223.3444061279297, 156.6575927734375, 1.0], [205.2074432373047, 133.91099548339844, 1.0], [188.8160858154297, 112.62382507324219, 1.0], [168.2503204345703, 220.41644287109375, 1.0], [230.30458068847656, 234.73947143554688, 1.0], [242.6031494140625, 206.0279998779297, 1.0], [218.66815185546875, 175.07040405273438, 1.0], [158.87234497070312, 238.55300903320312, 1.0], [214.5965576171875, 262.23809814453125, 1.0], [211.4100341796875, 228.40821838378906, 1.0], [207.7333526611328, 195.47955322265625, 1.0], [142.89759826660156, 251.85104370117188, 1.0], [179.97178649902344, 261.826904296875, 1.0], [180.114013671875, 231.54139709472656, 1.0], [173.24151611328125, 198.67532348632812, 1.0]], "is_left": 0}