{"hand_pts": [[325.13616943359375, 71.15982055664062, 1.0], [284.67352294921875, 107.34550476074219, 1.0], [287.4815673828125, 141.9936981201172, 1.0], [249.79478454589844, 178.6304473876953, 1.0], [204.86668395996094, 181.739501953125, 1.0], [253.63352966308594, 209.26861572265625, 1.0], [192.19204711914062, 235.0340118408203, 1.0], [155.0419921875, 216.87289428710938, 1.0], [151.75181579589844, 174.40499877929688, 1.0], [240.54824829101562, 205.0679473876953, 1.0], [151.69264221191406, 220.3814697265625, 1.0], [146.48416137695312, 173.2166748046875, 1.0], [143.58262634277344, 129.0809326171875, 1.0], [226.81201171875, 194.43031311035156, 1.0], [141.39157104492188, 215.88026428222656, 1.0], [108.07610321044922, 189.36456298828125, 1.0], [129.60804748535156, 154.2937774658203, 1.0], [217.62625122070312, 174.7541046142578, 1.0], [162.33152770996094, 197.80026245117188, 1.0], [129.12551879882812, 189.61524963378906, 1.0], [128.89984130859375, 163.01954650878906, 1.0]], "is_left": 0}