{"hand_pts": [[286.9140319824219, 93.15440368652344, 1.0], [250.32980346679688, 155.98013305664062, 1.0], [227.4837646484375, 210.03150939941406, 1.0], [205.690185546875, 256.98406982421875, 1.0], [188.768310546875, 284.00714111328125, 1.0], [162.31387329101562, 146.5804443359375, 1.0], [145.84341430664062, 197.14759826660156, 1.0], [147.7744903564453, 234.29066467285156, 1.0], [140.22618103027344, 264.3282165527344, 1.0], [178.06210327148438, 125.0502700805664, 1.0], [123.659423828125, 145.64743041992188, 1.0], [111.26127624511719, 183.0675811767578, 1.0], [135.58033752441406, 227.95223999023438, 1.0], [197.30047607421875, 114.19821166992188, 1.0], [196.19970703125, 182.15972900390625, 1.0], [231.955078125, 204.2502899169922, 1.0], [266.4657897949219, 228.76910400390625, 1.0], [222.99342346191406, 104.88700103759766, 1.0], [196.5938262939453, 121.62826538085938, 1.0], [184.40090942382812, 143.83905029296875, 1.0], [189.20944213867188, 183.04934692382812, 1.0]], "is_left": 0}