{"hand_pts": [[320.8946838378906, 229.0055389404297, 1.0], [277.6480407714844, 170.31625366210938, 1.0], [268.4692687988281, 111.3462905883789, 1.0], [220.3402862548828, 90.96442413330078, 1.0], [196.25132751464844, 130.97459411621094, 1.0], [222.2543182373047, 163.22618103027344, 1.0], [162.1149444580078, 138.39614868164062, 1.0], [165.8828887939453, 140.49163818359375, 1.0], [181.88978576660156, 148.9041748046875, 1.0], [212.02867126464844, 200.7573699951172, 1.0], [144.1426544189453, 161.6876983642578, 1.0], [166.8472900390625, 159.40846252441406, 1.0], [203.11724853515625, 166.79714965820312, 1.0], [203.19232177734375, 228.79898071289062, 1.0], [143.90956115722656, 214.60577392578125, 1.0], [173.3133087158203, 212.07296752929688, 1.0], [212.30108642578125, 216.06991577148438, 1.0], [200.69552612304688, 255.28079223632812, 1.0], [148.38442993164062, 262.8758544921875, 1.0], [113.63143920898438, 261.1096496582031, 1.0], [76.55599975585938, 257.76239013671875, 1.0]], "is_left": 0}