{"hand_pts": [[156.5093536376953, 112.60985565185547, 1.0], [149.940673828125, 184.99835205078125, 1.0], [104.34085845947266, 237.65536499023438, 1.0], [128.84210205078125, 273.06561279296875, 1.0], [186.03799438476562, 260.6900634765625, 1.0], [107.03279876708984, 185.66567993164062, 1.0], [133.6095733642578, 247.86094665527344, 1.0], [168.19898986816406, 256.088623046875, 1.0], [171.18797302246094, 223.42071533203125, 1.0], [132.6044921875, 146.28152465820312, 1.0], [165.62734985351562, 175.24093627929688, 1.0], [210.9138641357422, 206.5151824951172, 1.0], [234.46466064453125, 222.36366271972656, 1.0], [159.95419311523438, 118.73863983154297, 1.0], [189.36155700683594, 131.81105041503906, 1.0], [224.59703063964844, 155.3914794921875, 1.0], [258.1561584472656, 177.42977905273438, 1.0], [188.83055114746094, 93.08870697021484, 1.0], [244.89910888671875, 108.2887191772461, 1.0], [273.5201721191406, 127.05931091308594, 1.0], [248.11526489257812, 131.30123901367188, 1.0]], "is_left": 0}