{"hand_pts": [[325.0909423828125, 151.72189331054688, 1.0], [283.03106689453125, 168.0593719482422, 1.0], [253.8474578857422, 178.55581665039062, 1.0], [208.89976501464844, 179.82275390625, 1.0], [166.9884490966797, 173.4412841796875, 1.0], [253.99044799804688, 219.6778564453125, 1.0], [199.67298889160156, 226.3462371826172, 1.0], [159.02346801757812, 217.44534301757812, 1.0], [119.22793579101562, 198.95753479003906, 1.0], [247.90350341796875, 203.7420654296875, 1.0], [191.8977508544922, 224.93896484375, 1.0], [144.76231384277344, 214.84034729003906, 1.0], [100.11750030517578, 202.44090270996094, 1.0], [239.97206115722656, 185.04983520507812, 1.0], [176.24337768554688, 192.93667602539062, 1.0], [138.10891723632812, 171.9550323486328, 1.0], [119.45252990722656, 146.5672149658203, 1.0], [235.90908813476562, 162.63340759277344, 1.0], [182.84658813476562, 146.6488494873047, 1.0], [147.99874877929688, 127.40997314453125, 1.0], [118.22706604003906, 106.85082244873047, 1.0]], "is_left": 0}