{"hand_pts": [[25.559520721435547, 225.73980712890625, 1.0], [65.44392395019531, 186.66534423828125, 1.0], [86.05244445800781, 168.66952514648438, 1.0], [129.72991943359375, 151.6570281982422, 1.0], [177.0251007080078, 140.74264526367188, 1.0], [160.47874450683594, 220.45713806152344, 1.0], [200.02883911132812, 179.0447998046875, 1.0], [176.4937286376953, 146.85885620117188, 1.0], [143.32850646972656, 154.66802978515625, 1.0], [166.716552734375, 234.8531951904297, 1.0], [228.1571044921875, 196.9108123779297, 1.0], [223.93434143066406, 152.12022399902344, 1.0], [184.28341674804688, 128.7682647705078, 1.0], [167.31483459472656, 239.56060791015625, 1.0], [216.85903930664062, 194.67703247070312, 1.0], [230.2300262451172, 159.99368286132812, 1.0], [226.96119689941406, 122.412353515625, 1.0], [158.77496337890625, 240.94602966308594, 1.0], [208.4504852294922, 236.63442993164062, 1.0], [239.5924072265625, 225.40150451660156, 1.0], [258.0546569824219, 198.09725952148438, 1.0]], "is_left": 0}