{"hand_pts": [[329.7799377441406, 246.1689453125, 1.0], [263.8936767578125, 265.75372314453125, 1.0], [222.16094970703125, 303.6216125488281, 1.0], [188.99227905273438, 278.2799072265625, 1.0], [209.14556884765625, 237.97230529785156, 1.0], [203.60711669921875, 213.0204620361328, 1.0], [145.19874572753906, 184.7942352294922, 1.0], [114.32099914550781, 178.40225219726562, 1.0], [109.44903564453125, 185.7869110107422, 1.0], [220.58627319335938, 179.21653747558594, 1.0], [151.54669189453125, 143.25831604003906, 1.0], [121.93952178955078, 151.7603302001953, 1.0], [91.0060806274414, 155.0150146484375, 1.0], [234.15725708007812, 156.82591247558594, 1.0], [177.08067321777344, 146.1072540283203, 1.0], [185.8350067138672, 173.8002166748047, 1.0], [211.67733764648438, 202.14224243164062, 1.0], [252.38314819335938, 141.99853515625, 1.0], [212.48260498046875, 113.88777160644531, 1.0], [195.21011352539062, 131.29612731933594, 1.0], [189.74288940429688, 159.54782104492188, 1.0]], "is_left": 0}