{"hand_pts": [[301.371337890625, 277.505126953125, 1.0], [226.38217163085938, 280.78564453125, 1.0], [175.1766815185547, 284.2566223144531, 1.0], [130.59854125976562, 262.79730224609375, 1.0], [91.68507385253906, 241.27102661132812, 1.0], [183.45132446289062, 207.4286346435547, 1.0], [128.68057250976562, 187.79519653320312, 1.0], [128.79354858398438, 209.4822540283203, 1.0], [160.12216186523438, 229.2190704345703, 1.0], [216.99855041503906, 184.82180786132812, 1.0], [183.9495849609375, 123.86886596679688, 1.0], [155.62452697753906, 129.77755737304688, 1.0], [139.0836944580078, 155.06033325195312, 1.0], [243.11395263671875, 172.45521545410156, 1.0], [208.5948028564453, 132.63980102539062, 1.0], [193.16653442382812, 152.5127716064453, 1.0], [201.8389129638672, 186.69570922851562, 1.0], [271.2178955078125, 168.25978088378906, 1.0], [248.032470703125, 136.1068878173828, 1.0], [226.16212463378906, 125.60528564453125, 1.0], [200.9291229248047, 138.33583068847656, 1.0]], "is_left": 0}