{"hand_pts": [[338.1119689941406, 164.17236328125, 1.0], [298.82598876953125, 189.32571411132812, 1.0], [287.0828857421875, 207.22000122070312, 1.0], [231.9282989501953, 222.52059936523438, 1.0], [185.8655242919922, 225.52688598632812, 1.0], [214.42018127441406, 128.77613830566406, 1.0], [155.49594116210938, 151.77980041503906, 1.0], [155.36561584472656, 197.80258178710938, 1.0], [161.92515563964844, 240.13722229003906, 1.0], [201.4121551513672, 120.052734375, 1.0], [155.01687622070312, 189.84896850585938, 1.0], [187.0907440185547, 232.5279998779297, 1.0], [234.82672119140625, 225.0258026123047, 1.0], [193.5922088623047, 121.72628784179688, 1.0], [134.37030029296875, 171.68536376953125, 1.0], [164.53500366210938, 208.61407470703125, 1.0], [205.83499145507812, 228.43325805664062, 1.0], [194.88555908203125, 128.7246551513672, 1.0], [139.72068786621094, 126.12901306152344, 1.0], [111.04756164550781, 147.37203979492188, 1.0], [123.6852798461914, 184.33291625976562, 1.0]], "is_left": 0}