{"hand_pts": [[312.6383361816406, 184.50228881835938, 1.0], [248.1747283935547, 163.68356323242188, 1.0], [199.41673278808594, 137.6682891845703, 1.0], [160.2206573486328, 119.4452133178711, 1.0], [136.76058959960938, 110.18153381347656, 1.0], [194.7895050048828, 213.82215881347656, 1.0], [145.12799072265625, 221.7301025390625, 1.0], [112.91986083984375, 218.5378875732422, 1.0], [87.11414337158203, 199.90919494628906, 1.0], [216.01353454589844, 224.21910095214844, 1.0], [172.8354034423828, 184.5859832763672, 1.0], [167.84591674804688, 143.32510375976562, 1.0], [179.65966796875, 109.75933074951172, 1.0], [233.1170196533203, 225.74627685546875, 1.0], [182.36764526367188, 250.86611938476562, 1.0], [149.76800537109375, 228.43785095214844, 1.0], [127.92369842529297, 195.3417205810547, 1.0], [254.14271545410156, 222.4804229736328, 1.0], [239.50958251953125, 186.03775024414062, 1.0], [247.04811096191406, 160.72747802734375, 1.0], [263.0689392089844, 168.74575805664062, 1.0]], "is_left": 0}