{"hand_pts": [[103.38212585449219, 255.83128356933594, 1.0], [113.42774963378906, 178.2530059814453, 1.0], [123.05917358398438, 109.3790512084961, 1.0], [144.3583221435547, 110.51738739013672, 1.0], [162.45675659179688, 128.58917236328125, 1.0], [209.0700225830078, 163.55308532714844, 1.0], [264.5326843261719, 140.2853240966797, 1.0], [285.21441650390625, 123.73356628417969, 1.0], [277.54779052734375, 109.34423828125, 1.0], [207.87632751464844, 210.5972442626953, 1.0], [190.89146423339844, 156.95932006835938, 1.0], [143.22457885742188, 131.80992126464844, 1.0], [100.16162109375, 107.32695007324219, 1.0], [197.80372619628906, 245.693603515625, 1.0], [201.9478759765625, 237.7221221923828, 1.0], [155.699951171875, 221.58180236816406, 1.0], [110.68209075927734, 205.79978942871094, 1.0], [179.7630157470703, 279.2279052734375, 1.0], [194.5530242919922, 282.4094543457031, 1.0], [197.0719757080078, 278.7026062011719, 1.0], [173.74659729003906, 253.1025390625, 1.0]], "is_left": 0}