{"hand_pts": [[251.0296173095703, 65.9288558959961, 1.0], [269.5436096191406, 110.87842559814453, 1.0], [302.81927490234375, 139.2949676513672, 1.0], [270.28271484375, 163.9080810546875, 1.0], [218.14503479003906, 162.94020080566406, 1.0], [236.2078399658203, 211.93154907226562, 1.0], [223.4680633544922, 251.5834197998047, 1.0], [215.5215301513672, 235.79852294921875, 1.0], [207.53260803222656, 214.11019897460938, 1.0], [197.238525390625, 200.2843780517578, 1.0], [160.66578674316406, 223.20265197753906, 1.0], [154.54656982421875, 203.1444091796875, 1.0], [170.3345947265625, 161.6737518310547, 1.0], [167.23068237304688, 184.1038818359375, 1.0], [128.3872833251953, 204.8845977783203, 1.0], [133.2352294921875, 174.8184814453125, 1.0], [156.37799072265625, 137.4390869140625, 1.0], [143.13209533691406, 159.5432891845703, 1.0], [108.82515716552734, 182.96658325195312, 1.0], [112.15180206298828, 170.63131713867188, 1.0], [129.3649139404297, 149.4119110107422, 1.0]], "is_left": 0}