{"hand_pts": [[113.109375, 61.59394073486328, 1.0], [180.65017700195312, 99.81082153320312, 1.0], [224.52247619628906, 143.44802856445312, 1.0], [261.73321533203125, 189.30625915527344, 1.0], [286.3833923339844, 227.95399475097656, 1.0], [177.41493225097656, 204.23753356933594, 1.0], [223.4347686767578, 200.5448760986328, 1.0], [226.37490844726562, 154.83273315429688, 1.0], [202.06907653808594, 129.28805541992188, 1.0], [140.13006591796875, 198.7554931640625, 1.0], [194.4405059814453, 229.35304260253906, 1.0], [225.43357849121094, 193.1101837158203, 1.0], [252.90321350097656, 157.36537170410156, 1.0], [114.6917724609375, 187.2429962158203, 1.0], [157.56362915039062, 219.88339233398438, 1.0], [187.13560485839844, 191.25099182128906, 1.0], [210.74758911132812, 155.02830505371094, 1.0], [91.62641906738281, 166.83160400390625, 1.0], [87.27618408203125, 194.8610076904297, 1.0], [96.27674102783203, 206.5076904296875, 1.0], [128.2662353515625, 197.47117614746094, 1.0]], "is_left": 0}