{"hand_pts": [[119.15210723876953, 166.44593811035156, 1.0], [135.1943817138672, 134.10000610351562, 1.0], [157.6498565673828, 90.60145568847656, 1.0], [176.4248809814453, 64.83892059326172, 1.0], [178.28305053710938, 95.2833251953125, 1.0], [202.16665649414062, 147.92596435546875, 1.0], [222.71426391601562, 143.08384704589844, 1.0], [204.26589965820312, 146.6970977783203, 1.0], [176.99270629882812, 153.1499481201172, 1.0], [200.88546752929688, 184.51275634765625, 1.0], [198.122802734375, 211.3179168701172, 1.0], [167.62005615234375, 210.9901885986328, 1.0], [138.89996337890625, 209.35733032226562, 1.0], [193.79776000976562, 213.7991943359375, 1.0], [184.39541625976562, 224.28175354003906, 1.0], [153.98284912109375, 214.03204345703125, 1.0], [140.3758087158203, 199.6587371826172, 1.0], [180.53453063964844, 240.14083862304688, 1.0], [205.76002502441406, 259.7160949707031, 1.0], [218.97206115722656, 270.0303039550781, 1.0], [216.833251953125, 264.9856872558594, 1.0]], "is_left": 0}