{"hand_pts": [[301.0416259765625, 185.15199279785156, 1.0], [292.2070617675781, 176.10458374023438, 1.0], [307.1973876953125, 201.36558532714844, 1.0], [274.36468505859375, 216.37210083007812, 1.0], [227.69908142089844, 205.15931701660156, 1.0], [220.91220092773438, 238.270751953125, 1.0], [168.75942993164062, 241.41741943359375, 1.0], [164.60777282714844, 197.12258911132812, 1.0], [190.7159423828125, 169.91734313964844, 1.0], [193.62942504882812, 235.0778045654297, 1.0], [166.5489501953125, 178.79586791992188, 1.0], [170.5430450439453, 132.24069213867188, 1.0], [187.01319885253906, 87.45000457763672, 1.0], [175.05787658691406, 224.2645263671875, 1.0], [123.51757049560547, 206.17495727539062, 1.0], [107.84732818603516, 177.45120239257812, 1.0], [116.76326751708984, 137.73052978515625, 1.0], [165.0133819580078, 208.66099548339844, 1.0], [130.47972106933594, 173.11668395996094, 1.0], [154.1845703125, 142.9903564453125, 1.0], [179.36058044433594, 111.47075653076172, 1.0]], "is_left": 0}