{"hand_pts": [[159.5989227294922, 253.99935913085938, 1.0], [121.30390930175781, 220.64260864257812, 1.0], [74.12993621826172, 190.77163696289062, 1.0], [68.55472564697266, 184.9588623046875, 1.0], [90.80913543701172, 195.85963439941406, 1.0], [165.20443725585938, 136.8900909423828, 1.0], [162.07740783691406, 118.61282348632812, 1.0], [151.7445526123047, 138.4902801513672, 1.0], [140.1702117919922, 170.99729919433594, 1.0], [205.28945922851562, 157.8433380126953, 1.0], [212.91668701171875, 133.35287475585938, 1.0], [190.71902465820312, 162.50596618652344, 1.0], [164.93055725097656, 198.3663787841797, 1.0], [232.52676391601562, 181.94313049316406, 1.0], [247.8971710205078, 175.6901092529297, 1.0], [227.8315887451172, 204.89654541015625, 1.0], [199.85348510742188, 237.68370056152344, 1.0], [253.16278076171875, 211.68858337402344, 1.0], [270.2886047363281, 212.73976135253906, 1.0], [258.6186218261719, 228.88479614257812, 1.0], [230.72642517089844, 250.087646484375, 1.0]], "is_left": 0}