{"hand_pts": [[312.1706848144531, 226.94444274902344, 1.0], [299.7043151855469, 204.95677185058594, 1.0], [298.4477233886719, 179.36553955078125, 1.0], [270.56878662109375, 165.21339416503906, 1.0], [232.1259765625, 165.24957275390625, 1.0], [221.01611328125, 166.8571319580078, 1.0], [178.71237182617188, 148.4282989501953, 1.0], [172.8478546142578, 156.0004119873047, 1.0], [170.41233825683594, 166.59097290039062, 1.0], [205.41006469726562, 183.54910278320312, 1.0], [143.26336669921875, 159.65501403808594, 1.0], [119.66655731201172, 155.0240936279297, 1.0], [106.96672821044922, 155.82200622558594, 1.0], [197.97047424316406, 199.96905517578125, 1.0], [141.8612823486328, 192.94593811035156, 1.0], [130.97096252441406, 198.70445251464844, 1.0], [140.65719604492188, 209.26699829101562, 1.0], [199.21380615234375, 218.3646697998047, 1.0], [163.232421875, 220.60385131835938, 1.0], [159.5531463623047, 226.84024047851562, 1.0], [170.8555908203125, 233.65101623535156, 1.0]], "is_left": 0}