{"hand_pts": [[333.1095886230469, 204.89833068847656, 1.0], [299.0151062011719, 222.76258850097656, 1.0], [295.10650634765625, 256.395751953125, 1.0], [254.74166870117188, 242.40733337402344, 1.0], [216.5159454345703, 198.90451049804688, 1.0], [217.860595703125, 256.27130126953125, 1.0], [164.21847534179688, 234.15438842773438, 1.0], [165.5865936279297, 201.4385528564453, 1.0], [186.38555908203125, 174.40478515625, 1.0], [200.24655151367188, 228.30831909179688, 1.0], [130.27398681640625, 195.06776428222656, 1.0], [149.44161987304688, 168.1893768310547, 1.0], [193.5437469482422, 162.29368591308594, 1.0], [188.5449981689453, 200.2801971435547, 1.0], [114.18946838378906, 158.05410766601562, 1.0], [118.3760757446289, 130.5341339111328, 1.0], [154.96847534179688, 123.54441833496094, 1.0], [186.24612426757812, 170.99005126953125, 1.0], [137.98092651367188, 129.82479858398438, 1.0], [146.06663513183594, 111.59194946289062, 1.0], [184.4708251953125, 121.25145721435547, 1.0]], "is_left": 0}