{"hand_pts": [[97.3679428100586, 235.1949005126953, 1.0], [91.13006591796875, 206.61581420898438, 1.0], [65.82427978515625, 180.16990661621094, 1.0], [76.89957427978516, 167.99481201171875, 1.0], [111.4169692993164, 173.31103515625, 1.0], [158.6856689453125, 152.5628204345703, 1.0], [169.13946533203125, 149.0467071533203, 1.0], [153.87225341796875, 170.896484375, 1.0], [133.68569946289062, 196.09669494628906, 1.0], [191.8548583984375, 165.89073181152344, 1.0], [238.6287841796875, 148.5771942138672, 1.0], [225.8721160888672, 164.77720642089844, 1.0], [191.24874877929688, 187.20367431640625, 1.0], [214.31875610351562, 180.77880859375, 1.0], [262.154296875, 177.09732055664062, 1.0], [237.19412231445312, 196.64157104492188, 1.0], [199.55789184570312, 214.04571533203125, 1.0], [228.1037139892578, 199.8144989013672, 1.0], [258.8671569824219, 207.28823852539062, 1.0], [249.81971740722656, 220.2570343017578, 1.0], [213.28265380859375, 231.29144287109375, 1.0]], "is_left": 0}