{"hand_pts": [[60.918739318847656, 178.6763458251953, 1.0], [78.86367797851562, 205.4834747314453, 1.0], [67.7906723022461, 199.48028564453125, 1.0], [90.57073974609375, 214.088134765625, 1.0], [132.10072326660156, 239.2283935546875, 1.0], [139.63543701171875, 151.6505584716797, 1.0], [173.67648315429688, 157.39120483398438, 1.0], [196.03509521484375, 185.0001678466797, 1.0], [206.78179931640625, 224.69361877441406, 1.0], [162.97195434570312, 142.172607421875, 1.0], [229.58056640625, 158.47457885742188, 1.0], [218.0926513671875, 205.22373962402344, 1.0], [178.64625549316406, 210.61204528808594, 1.0], [180.1649932861328, 142.58937072753906, 1.0], [240.07803344726562, 111.56672668457031, 1.0], [263.1847229003906, 143.19326782226562, 1.0], [248.93405151367188, 182.6263427734375, 1.0], [189.8614501953125, 147.85208129882812, 1.0], [225.65614318847656, 186.45941162109375, 1.0], [227.54270935058594, 222.69515991210938, 1.0], [200.79026794433594, 249.04501342773438, 1.0]], "is_left": 0}