{"hand_pts": [[194.08963012695312, 88.5443344116211, 1.0], [190.1099395751953, 153.30545043945312, 1.0], [215.37586975097656, 206.83877563476562, 1.0], [224.67184448242188, 256.12542724609375, 1.0], [182.27804565429688, 277.1799621582031, 1.0], [242.43966674804688, 170.6925811767578, 1.0], [204.52256774902344, 218.60476684570312, 1.0], [170.41041564941406, 247.18170166015625, 1.0], [125.32320404052734, 261.45745849609375, 1.0], [227.69970703125, 138.86212158203125, 1.0], [220.9407196044922, 188.92320251464844, 1.0], [207.89956665039062, 223.98553466796875, 1.0], [167.44264221191406, 255.6077880859375, 1.0], [207.8956756591797, 116.05664825439453, 1.0], [203.15699768066406, 123.36162567138672, 1.0], [162.5469512939453, 151.34742736816406, 1.0], [147.84536743164062, 163.3357391357422, 1.0], [185.18170166015625, 93.52015686035156, 1.0], [141.5689697265625, 122.44009399414062, 1.0], [118.41532897949219, 136.09425354003906, 1.0], [101.60831451416016, 147.52537536621094, 1.0]], "is_left": 0}