{"hand_pts": [[35.292606353759766, 102.4205322265625, 1.0], [72.21124267578125, 162.70811462402344, 1.0], [85.8510971069336, 181.7133331298828, 1.0], [125.17288970947266, 217.96188354492188, 1.0], [165.4865264892578, 250.70611572265625, 1.0], [166.7126922607422, 142.8316192626953, 1.0], [202.30453491210938, 206.5447235107422, 1.0], [201.74058532714844, 248.5067901611328, 1.0], [166.42532348632812, 256.79937744140625, 1.0], [179.89976501464844, 121.56993103027344, 1.0], [230.23226928710938, 193.03123474121094, 1.0], [208.3099365234375, 236.94342041015625, 1.0], [164.10081481933594, 253.7992706298828, 1.0], [186.42349243164062, 111.24821472167969, 1.0], [265.3166809082031, 136.95082092285156, 1.0], [243.5646209716797, 177.2554931640625, 1.0], [198.19740295410156, 170.79844665527344, 1.0], [183.0801544189453, 103.13218688964844, 1.0], [226.164306640625, 131.57386779785156, 1.0], [210.05650329589844, 167.66664123535156, 1.0], [171.13365173339844, 170.86724853515625, 1.0]], "is_left": 0}