{"hand_pts": [[290.8084411621094, 76.85516357421875, 1.0], [262.5832824707031, 96.25811767578125, 1.0], [259.7855224609375, 100.7295150756836, 1.0], [227.38687133789062, 116.35753631591797, 1.0], [182.72314453125, 135.91844177246094, 1.0], [246.8789520263672, 185.09942626953125, 1.0], [203.8506317138672, 213.78140258789062, 1.0], [169.94387817382812, 196.7369384765625, 1.0], [139.3509979248047, 176.1055145263672, 1.0], [232.64939880371094, 192.6666259765625, 1.0], [196.94961547851562, 257.9313049316406, 1.0], [161.8912353515625, 283.9702453613281, 1.0], [124.38787841796875, 282.73614501953125, 1.0], [217.71554565429688, 192.35726928710938, 1.0], [143.78070068359375, 190.57015991210938, 1.0], [152.99473571777344, 151.32688903808594, 1.0], [194.36643981933594, 140.99241638183594, 1.0], [205.8860321044922, 183.50608825683594, 1.0], [154.0731658935547, 190.21812438964844, 1.0], [120.2262954711914, 184.83700561523438, 1.0], [86.28154754638672, 176.59249877929688, 1.0]], "is_left": 0}