{"hand_pts": [[158.73648071289062, 363.6815490722656, 1.0], [137.16722106933594, 294.0129089355469, 1.0], [108.66348266601562, 262.92547607421875, 1.0], [116.21070098876953, 198.38848876953125, 1.0], [148.85940551757812, 163.15562438964844, 1.0], [177.16036987304688, 241.2106475830078, 1.0], [163.61839294433594, 165.72125244140625, 1.0], [149.6042022705078, 157.9992218017578, 1.0], [136.96762084960938, 142.34490966796875, 1.0], [204.90127563476562, 238.64939880371094, 1.0], [205.07398986816406, 140.7472686767578, 1.0], [182.97457885742188, 133.5117950439453, 1.0], [166.33026123046875, 172.23260498046875, 1.0], [222.58848571777344, 233.6839141845703, 1.0], [227.85426330566406, 146.25106811523438, 1.0], [211.73208618164062, 132.22750854492188, 1.0], [191.1327362060547, 164.087890625, 1.0], [234.47848510742188, 234.66598510742188, 1.0], [250.5520782470703, 175.80857849121094, 1.0], [232.81292724609375, 154.67918395996094, 1.0], [209.33265686035156, 172.2771759033203, 1.0]], "is_left": 0}