{"hand_pts": [[92.78191375732422, 289.2082824707031, 1.0], [143.92381286621094, 292.6950988769531, 1.0], [185.7828826904297, 301.4702453613281, 1.0], [224.08755493164062, 299.4123229980469, 1.0], [254.33270263671875, 280.91094970703125, 1.0], [184.2654266357422, 212.2384490966797, 1.0], [203.10743713378906, 208.55709838867188, 1.0], [210.86920166015625, 212.134033203125, 1.0], [197.6678924560547, 238.27931213378906, 1.0], [162.29141235351562, 186.68548583984375, 1.0], [204.23049926757812, 142.9677734375, 1.0], [231.21778869628906, 122.17556762695312, 1.0], [250.63868713378906, 123.13056945800781, 1.0], [144.2638702392578, 171.65196228027344, 1.0], [171.3544158935547, 120.87789916992188, 1.0], [184.87197875976562, 115.46833801269531, 1.0], [199.11019897460938, 105.56828308105469, 1.0], [123.86161804199219, 165.0100860595703, 1.0], [126.71497344970703, 140.37188720703125, 1.0], [128.38865661621094, 130.7899169921875, 1.0], [131.15652465820312, 134.66294860839844, 1.0]], "is_left": 0,"label":5}