{"hand_pts": [[106.21128845214844, 134.96385192871094, 1.0], [104.29931640625, 192.2838592529297, 1.0], [75.57622528076172, 237.69102478027344, 1.0], [115.0120620727539, 259.3045959472656, 1.0], [165.58213806152344, 259.5095520019531, 1.0], [120.42979431152344, 166.57688903808594, 1.0], [146.9632568359375, 229.49391174316406, 1.0], [164.08522033691406, 269.60498046875, 1.0], [178.6636505126953, 304.64739990234375, 1.0], [151.14854431152344, 138.2682647705078, 1.0], [211.9196319580078, 165.6114044189453, 1.0], [237.9596710205078, 206.71913146972656, 1.0], [220.52500915527344, 225.96649169921875, 1.0], [177.61917114257812, 121.8880844116211, 1.0], [196.70687866210938, 110.59908294677734, 1.0], [216.69398498535156, 130.4841766357422, 1.0], [236.3917999267578, 157.7163848876953, 1.0], [200.21372985839844, 108.9407958984375, 1.0], [231.8924102783203, 108.89283752441406, 1.0], [253.75331115722656, 125.63011169433594, 1.0], [258.92144775390625, 164.345703125, 1.0]], "is_left": 0}