{"hand_pts": [[56.62593078613281, 318.2273864746094, 1.0], [85.96048736572266, 258.9068603515625, 1.0], [106.42234802246094, 212.84451293945312, 1.0], [143.31466674804688, 171.76324462890625, 1.0], [183.84510803222656, 136.3919219970703, 1.0], [111.8146743774414, 202.67340087890625, 1.0], [157.24957275390625, 147.75656127929688, 1.0], [196.53941345214844, 123.29161071777344, 1.0], [235.39889526367188, 97.90433502197266, 1.0], [126.14244842529297, 225.68954467773438, 1.0], [182.9641876220703, 161.27435302734375, 1.0], [224.29075622558594, 126.63143920898438, 1.0], [263.38848876953125, 95.0907211303711, 1.0], [140.43052673339844, 245.41891479492188, 1.0], [201.15884399414062, 193.67710876464844, 1.0], [240.64097595214844, 170.82839965820312, 1.0], [272.9226379394531, 154.90484619140625, 1.0], [150.39964294433594, 269.1605224609375, 1.0], [198.75924682617188, 242.72630310058594, 1.0], [235.36154174804688, 222.8251953125, 1.0], [273.1221618652344, 200.41416931152344, 1.0]], "is_left": 0}