{"hand_pts": [[206.22592163085938, 284.52911376953125, 1.0], [211.5609130859375, 210.45863342285156, 1.0], [236.0394287109375, 145.6687774658203, 1.0], [217.1577606201172, 98.82913970947266, 1.0], [168.11976623535156, 101.55567169189453, 1.0], [256.8338928222656, 185.85462951660156, 1.0], [224.14088439941406, 132.76416015625, 1.0], [186.14088439941406, 116.09386444091797, 1.0], [148.31515502929688, 109.38438415527344, 1.0], [234.84115600585938, 222.91844177246094, 1.0], [211.7248077392578, 179.52186584472656, 1.0], [173.3212127685547, 152.06565856933594, 1.0], [135.6814727783203, 130.32186889648438, 1.0], [210.8726806640625, 250.0644989013672, 1.0], [193.77511596679688, 234.04495239257812, 1.0], [159.4861297607422, 211.11097717285156, 1.0], [128.3822784423828, 189.42198181152344, 1.0], [185.35354614257812, 277.07513427734375, 1.0], [145.84805297851562, 267.05133056640625, 1.0], [121.7385482788086, 250.9156951904297, 1.0], [117.2427978515625, 237.96926879882812, 1.0]], "is_left": 0}