{"hand_pts": [[264.04718017578125, 141.09886169433594, 1.0], [276.423095703125, 154.51275634765625, 1.0], [300.818115234375, 159.15455627441406, 1.0], [262.8058166503906, 157.21922302246094, 1.0], [214.89480590820312, 153.0725860595703, 1.0], [235.9213409423828, 227.12571716308594, 1.0], [214.36277770996094, 252.99935913085938, 1.0], [202.94778442382812, 223.74795532226562, 1.0], [201.99972534179688, 183.59532165527344, 1.0], [201.65194702148438, 217.43740844726562, 1.0], [182.0040283203125, 231.73251342773438, 1.0], [188.7159881591797, 193.33726501464844, 1.0], [193.132080078125, 159.9735870361328, 1.0], [175.8306884765625, 202.1714324951172, 1.0], [128.2836456298828, 174.79652404785156, 1.0], [121.42655944824219, 138.57264709472656, 1.0], [121.25057983398438, 101.5969009399414, 1.0], [156.08526611328125, 181.27767944335938, 1.0], [117.78217315673828, 189.865234375, 1.0], [99.99774169921875, 183.64254760742188, 1.0], [101.62946319580078, 165.06629943847656, 1.0]], "is_left": 0}