{"hand_pts": [[-5.633714199066162, 217.85572814941406, 1.0], [61.73705291748047, 250.59719848632812, 1.0], [106.80706024169922, 294.18621826171875, 1.0], [163.66004943847656, 282.1302490234375, 1.0], [202.53790283203125, 244.72715759277344, 1.0], [146.70449829101562, 207.9678497314453, 1.0], [218.03741455078125, 209.95889282226562, 1.0], [230.2349090576172, 220.50970458984375, 1.0], [237.9030303955078, 229.7799835205078, 1.0], [138.0537567138672, 169.5740966796875, 1.0], [225.6027069091797, 158.71432495117188, 1.0], [252.91790771484375, 175.52365112304688, 1.0], [250.569580078125, 199.4819793701172, 1.0], [129.41014099121094, 142.82945251464844, 1.0], [206.07540893554688, 131.1627655029297, 1.0], [226.77740478515625, 145.2233428955078, 1.0], [233.9295654296875, 166.20616149902344, 1.0], [112.9847640991211, 122.44572448730469, 1.0], [153.72621154785156, 103.30519104003906, 1.0], [171.40609741210938, 107.1525650024414, 1.0], [168.7923583984375, 133.51409912109375, 1.0]], "is_left": 0}