{"hand_pts": [[259.8531188964844, 57.18099594116211, 1.0], [255.15322875976562, 130.35641479492188, 1.0], [255.04359436035156, 186.73646545410156, 1.0], [239.0949249267578, 231.56402587890625, 1.0], [218.13644409179688, 242.6074676513672, 1.0], [174.30728149414062, 159.8465576171875, 1.0], [165.494873046875, 218.1682586669922, 1.0], [177.72274780273438, 250.34860229492188, 1.0], [204.20506286621094, 265.5263977050781, 1.0], [163.5758514404297, 131.63211059570312, 1.0], [136.3219757080078, 191.3512725830078, 1.0], [163.41079711914062, 222.63812255859375, 1.0], [196.62353515625, 242.4476318359375, 1.0], [161.97645568847656, 111.8414306640625, 1.0], [137.60316467285156, 160.644775390625, 1.0], [160.55650329589844, 188.10061645507812, 1.0], [189.91375732421875, 209.01638793945312, 1.0], [168.0865936279297, 90.96137237548828, 1.0], [158.1124267578125, 120.95259094238281, 1.0], [176.7466583251953, 145.20980834960938, 1.0], [207.61895751953125, 158.04273986816406, 1.0]], "is_left": 0}