{"hand_pts": [[253.11373901367188, 135.6632843017578, 1.0], [237.90516662597656, 183.21800231933594, 1.0], [220.41085815429688, 229.9618682861328, 1.0], [196.86741638183594, 266.4651794433594, 1.0], [169.0594482421875, 294.80401611328125, 1.0], [251.46534729003906, 178.26788330078125, 1.0], [247.3441619873047, 196.74545288085938, 1.0], [205.31124877929688, 214.7563018798828, 1.0], [168.6180877685547, 232.0888214111328, 1.0], [234.2037353515625, 149.4667510986328, 1.0], [235.7689666748047, 157.7685546875, 1.0], [195.8673095703125, 183.7061767578125, 1.0], [169.664306640625, 197.50625610351562, 1.0], [214.80894470214844, 129.57379150390625, 1.0], [148.0332489013672, 154.14695739746094, 1.0], [107.3819580078125, 175.5894317626953, 1.0], [70.32445526123047, 196.97247314453125, 1.0], [196.19139099121094, 111.81585693359375, 1.0], [144.65626525878906, 120.82711791992188, 1.0], [123.1093521118164, 140.4449462890625, 1.0], [153.3765411376953, 144.07684326171875, 1.0]], "is_left": 0}