{"hand_pts": [[32.753746032714844, 123.64193725585938, 1.0], [72.6520767211914, 190.11639404296875, 1.0], [76.5522232055664, 254.42832946777344, 1.0], [125.82215881347656, 269.0271301269531, 1.0], [168.2371826171875, 238.4602813720703, 1.0], [119.78912353515625, 209.1636199951172, 1.0], [180.91209411621094, 235.1501007080078, 1.0], [220.98992919921875, 246.79107666015625, 1.0], [256.3302001953125, 253.62582397460938, 1.0], [131.36322021484375, 167.28973388671875, 1.0], [201.15609741210938, 183.01393127441406, 1.0], [245.8746795654297, 199.3236083984375, 1.0], [261.694580078125, 212.58792114257812, 1.0], [141.9143524169922, 134.94859313964844, 1.0], [217.242919921875, 145.34178161621094, 1.0], [223.8278350830078, 151.74703979492188, 1.0], [210.493408203125, 157.29974365234375, 1.0], [146.7330780029297, 103.40982818603516, 1.0], [199.27305603027344, 101.19125366210938, 1.0], [229.52801513671875, 105.88294219970703, 1.0], [244.59588623046875, 119.37337493896484, 1.0]], "is_left": 0}