{"hand_pts": [[183.5702667236328, 333.4423828125, 1.0], [227.2119903564453, 279.1204528808594, 1.0], [284.2613525390625, 249.7205810546875, 1.0], [299.1115417480469, 204.8994598388672, 1.0], [279.6377258300781, 166.4445037841797, 1.0], [224.30490112304688, 223.0147247314453, 1.0], [228.35435485839844, 164.7557373046875, 1.0], [225.62789916992188, 131.89222717285156, 1.0], [218.0215301513672, 116.74604034423828, 1.0], [182.24269104003906, 228.75552368164062, 1.0], [168.42889404296875, 166.50608825683594, 1.0], [169.25009155273438, 140.5379180908203, 1.0], [174.73414611816406, 130.98374938964844, 1.0], [149.6168212890625, 233.09690856933594, 1.0], [134.0912322998047, 174.88241577148438, 1.0], [132.95811462402344, 142.7782440185547, 1.0], [135.84605407714844, 117.28508758544922, 1.0], [120.2757797241211, 242.5178985595703, 1.0], [98.98555755615234, 204.10491943359375, 1.0], [98.65150451660156, 178.16641235351562, 1.0], [118.28053283691406, 177.9396514892578, 1.0]], "is_left": 0}