{"hand_pts": [[114.19932556152344, 304.8863220214844, 1.0], [100.85028839111328, 248.42092895507812, 1.0], [70.79386138916016, 217.01824951171875, 1.0], [79.79303741455078, 170.81967163085938, 1.0], [107.05117797851562, 181.982177734375, 1.0], [167.54403686523438, 223.3497314453125, 1.0], [200.71633911132812, 172.2481231689453, 1.0], [191.83551025390625, 141.0614471435547, 1.0], [183.3089141845703, 112.73934936523438, 1.0], [197.95590209960938, 232.873291015625, 1.0], [207.9551239013672, 158.27120971679688, 1.0], [176.22593688964844, 136.96253967285156, 1.0], [141.2193603515625, 141.01187133789062, 1.0], [216.83924865722656, 237.10116577148438, 1.0], [252.79481506347656, 176.14149475097656, 1.0], [222.33627319335938, 160.9573211669922, 1.0], [184.69712829589844, 171.68215942382812, 1.0], [227.41903686523438, 243.68202209472656, 1.0], [265.8316650390625, 219.80516052246094, 1.0], [252.30255126953125, 189.12388610839844, 1.0], [218.11337280273438, 187.72381591796875, 1.0]], "is_left": 0}