{"hand_pts": [[90.34886932373047, 71.9662094116211, 1.0], [152.79551696777344, 100.1587142944336, 1.0], [209.55136108398438, 113.41097259521484, 1.0], [257.9677734375, 131.1927490234375, 1.0], [281.6959533691406, 149.7869110107422, 1.0], [145.62660217285156, 189.1525421142578, 1.0], [188.25479125976562, 227.94032287597656, 1.0], [228.9003143310547, 222.603759765625, 1.0], [267.3742980957031, 213.26539611816406, 1.0], [122.89920043945312, 183.14756774902344, 1.0], [153.11062622070312, 238.98838806152344, 1.0], [194.88710021972656, 247.54196166992188, 1.0], [239.2515869140625, 237.60633850097656, 1.0], [110.65477752685547, 171.93609619140625, 1.0], [151.42430114746094, 205.85716247558594, 1.0], [191.29913330078125, 199.04359436035156, 1.0], [230.26165771484375, 177.37843322753906, 1.0], [99.88838195800781, 153.6147003173828, 1.0], [124.50592803955078, 170.95079040527344, 1.0], [156.09597778320312, 167.31910705566406, 1.0], [192.63343811035156, 151.31727600097656, 1.0]], "is_left": 0}