{"hand_pts": [[179.9505157470703, 214.88229370117188, 1.0], [226.64720153808594, 195.91551208496094, 1.0], [275.8418273925781, 174.76083374023438, 1.0], [284.3611755371094, 181.28460693359375, 1.0], [249.6865997314453, 202.57278442382812, 1.0], [177.5944366455078, 146.37034606933594, 1.0], [191.7029571533203, 141.79000854492188, 1.0], [219.42430114746094, 168.7209930419922, 1.0], [242.88706970214844, 196.15260314941406, 1.0], [138.19790649414062, 159.889892578125, 1.0], [134.37548828125, 135.00619506835938, 1.0], [155.9183349609375, 135.0699462890625, 1.0], [187.49349975585938, 144.3738250732422, 1.0], [113.18009948730469, 175.67208862304688, 1.0], [149.3605499267578, 194.70599365234375, 1.0], [185.76300048828125, 215.47726440429688, 1.0], [215.54937744140625, 230.9390869140625, 1.0], [95.19700622558594, 195.0858917236328, 1.0], [116.01667022705078, 217.3512725830078, 1.0], [148.94837951660156, 235.90489196777344, 1.0], [180.8500518798828, 244.7208251953125, 1.0]], "is_left": 0}