{"hand_pts": [[130.5252685546875, 11.751914024353027, 1.0], [176.99652099609375, 86.37076568603516, 1.0], [228.0492401123047, 136.31300354003906, 1.0], [269.44549560546875, 186.2932891845703, 1.0], [270.6735534667969, 214.08372497558594, 1.0], [139.54966735839844, 176.7894287109375, 1.0], [208.28265380859375, 217.86305236816406, 1.0], [238.06802368164062, 187.29006958007812, 1.0], [217.36488342285156, 143.64427185058594, 1.0], [125.81355285644531, 157.7342071533203, 1.0], [102.88504791259766, 223.1088104248047, 1.0], [151.78652954101562, 250.60560607910156, 1.0], [201.39361572265625, 253.71107482910156, 1.0], [122.9819564819336, 139.8766632080078, 1.0], [149.82273864746094, 214.34994506835938, 1.0], [192.64405822753906, 240.211181640625, 1.0], [232.11068725585938, 227.84109497070312, 1.0], [123.55974578857422, 114.90142822265625, 1.0], [135.86463928222656, 154.36773681640625, 1.0], [174.73379516601562, 166.47157287597656, 1.0], [209.9371795654297, 165.09266662597656, 1.0]], "is_left": 0}