{"hand_pts": [[288.0882263183594, 83.0460205078125, 1.0], [288.31512451171875, 139.90899658203125, 1.0], [310.7085266113281, 188.82907104492188, 1.0], [286.9783935546875, 234.41595458984375, 1.0], [258.5272216796875, 272.5804443359375, 1.0], [223.7060089111328, 142.07154846191406, 1.0], [194.5971221923828, 180.19094848632812, 1.0], [182.49916076660156, 220.26004028320312, 1.0], [178.7614288330078, 256.5735168457031, 1.0], [195.9273223876953, 126.5818099975586, 1.0], [152.29705810546875, 161.24417114257812, 1.0], [159.2786865234375, 205.44189453125, 1.0], [185.79124450683594, 215.3794403076172, 1.0], [177.534423828125, 119.3807144165039, 1.0], [128.467529296875, 170.65261840820312, 1.0], [124.31987762451172, 211.2990264892578, 1.0], [120.74569702148438, 250.58058166503906, 1.0], [167.24526977539062, 112.31298065185547, 1.0], [122.25533294677734, 131.95672607421875, 1.0], [109.73210906982422, 163.84140014648438, 1.0], [112.94144439697266, 200.02133178710938, 1.0]], "is_left": 0}