{"hand_pts": [[58.71248245239258, 179.2627410888672, 1.0], [129.83279418945312, 200.9423065185547, 1.0], [171.56642150878906, 246.49571228027344, 1.0], [213.82113647460938, 274.7308654785156, 1.0], [253.60670471191406, 277.52972412109375, 1.0], [155.61434936523438, 221.52178955078125, 1.0], [210.79550170898438, 218.5590362548828, 1.0], [231.5311279296875, 194.8780517578125, 1.0], [230.6640167236328, 172.83749389648438, 1.0], [134.35226440429688, 193.2325897216797, 1.0], [206.7203826904297, 176.22039794921875, 1.0], [239.73583984375, 161.90126037597656, 1.0], [275.54681396484375, 148.4965057373047, 1.0], [120.4403076171875, 167.55606079101562, 1.0], [146.65029907226562, 176.30804443359375, 1.0], [182.97605895996094, 168.67481994628906, 1.0], [218.78929138183594, 160.2003936767578, 1.0], [104.82154846191406, 142.0448455810547, 1.0], [142.7047119140625, 117.243408203125, 1.0], [157.3043212890625, 112.32928466796875, 1.0], [143.1278076171875, 126.55158233642578, 1.0]], "is_left": 0}