{"hand_pts": [[147.58163452148438, 28.498640060424805, 1.0], [124.80195617675781, 86.84365844726562, 1.0], [89.37544250488281, 122.61613464355469, 1.0], [94.54356384277344, 168.84523010253906, 1.0], [125.68061065673828, 164.98233032226562, 1.0], [185.69935607910156, 142.12742614746094, 1.0], [216.0730438232422, 189.99044799804688, 1.0], [222.5719757080078, 229.17628479003906, 1.0], [212.32962036132812, 263.80108642578125, 1.0], [208.60792541503906, 136.64865112304688, 1.0], [206.6546630859375, 210.67320251464844, 1.0], [183.5818634033203, 250.63682556152344, 1.0], [164.27496337890625, 288.92193603515625, 1.0], [220.39059448242188, 132.7918243408203, 1.0], [232.66123962402344, 197.64279174804688, 1.0], [213.47369384765625, 227.51246643066406, 1.0], [176.4615936279297, 232.68060302734375, 1.0], [225.50469970703125, 123.5616683959961, 1.0], [217.56141662597656, 167.48516845703125, 1.0], [184.9678192138672, 168.83033752441406, 1.0], [155.13247680664062, 150.6781463623047, 1.0]], "is_left": 0}