{"hand_pts": [[341.6070556640625, 239.5045623779297, 1.0], [300.0493469238281, 191.20257568359375, 1.0], [279.0469055175781, 145.61790466308594, 1.0], [233.14505004882812, 131.7784881591797, 1.0], [187.19725036621094, 136.34127807617188, 1.0], [240.7986602783203, 156.7364959716797, 1.0], [185.50172424316406, 132.54058837890625, 1.0], [151.6522216796875, 128.28921508789062, 1.0], [122.91039276123047, 131.09710693359375, 1.0], [234.19444274902344, 192.34413146972656, 1.0], [171.20643615722656, 162.65594482421875, 1.0], [132.1842803955078, 151.8960723876953, 1.0], [96.8319320678711, 143.08544921875, 1.0], [229.2493133544922, 222.5091094970703, 1.0], [162.06988525390625, 212.14540100097656, 1.0], [133.8064422607422, 211.8351287841797, 1.0], [115.9801254272461, 213.26255798339844, 1.0], [230.6414031982422, 253.14085388183594, 1.0], [184.2228240966797, 258.19671630859375, 1.0], [154.4518585205078, 260.2872009277344, 1.0], [131.9091796875, 258.4971618652344, 1.0]], "is_left": 0}