{"hand_pts": [[261.9353942871094, 348.1993713378906, 1.0], [264.3331604003906, 287.2074890136719, 1.0], [293.86138916015625, 230.41429138183594, 1.0], [257.4092102050781, 176.84152221679688, 1.0], [215.01370239257812, 137.33029174804688, 1.0], [243.58604431152344, 174.73919677734375, 1.0], [220.81932067871094, 106.72589111328125, 1.0], [200.29580688476562, 138.0127410888672, 1.0], [195.7018585205078, 189.32711791992188, 1.0], [210.53829956054688, 190.34429931640625, 1.0], [168.9984588623047, 132.07608032226562, 1.0], [151.98165893554688, 140.19451904296875, 1.0], [166.500732421875, 192.75445556640625, 1.0], [183.1092529296875, 208.27459716796875, 1.0], [139.3890838623047, 145.97531127929688, 1.0], [126.9240493774414, 160.238525390625, 1.0], [121.26427459716797, 184.9404296875, 1.0], [160.74240112304688, 235.00894165039062, 1.0], [115.29082489013672, 209.48641967773438, 1.0], [112.61923217773438, 226.2921142578125, 1.0], [147.5123291015625, 252.59783935546875, 1.0]], "is_left": 0}