{"hand_pts": [[161.50852966308594, 358.62115478515625, 1.0], [205.77545166015625, 304.108642578125, 1.0], [237.8466033935547, 264.0466613769531, 1.0], [246.59710693359375, 215.22938537597656, 1.0], [230.92147827148438, 179.39088439941406, 1.0], [155.68301391601562, 219.48448181152344, 1.0], [168.43016052246094, 157.1015167236328, 1.0], [205.80113220214844, 136.56707763671875, 1.0], [245.96820068359375, 136.04766845703125, 1.0], [133.36077880859375, 224.21034240722656, 1.0], [196.65980529785156, 171.61753845214844, 1.0], [245.38514709472656, 152.7706298828125, 1.0], [293.8096618652344, 166.34664916992188, 1.0], [123.70528411865234, 231.40415954589844, 1.0], [148.8440704345703, 161.0076446533203, 1.0], [178.79074096679688, 128.43911743164062, 1.0], [213.77928161621094, 102.03433990478516, 1.0], [119.47535705566406, 246.93496704101562, 1.0], [105.20256042480469, 197.5748291015625, 1.0], [119.68074798583984, 164.89710998535156, 1.0], [146.48826599121094, 135.5188751220703, 1.0]], "is_left": 0}