{"hand_pts": [[355.89129638671875, 168.56747436523438, 1.0], [310.88482666015625, 144.43508911132812, 1.0], [284.2353515625, 100.0188217163086, 1.0], [235.27935791015625, 116.41751861572266, 1.0], [221.2815399169922, 166.18911743164062, 1.0], [202.2017059326172, 123.36863708496094, 1.0], [131.76980590820312, 102.83575439453125, 1.0], [125.80499267578125, 125.87055969238281, 1.0], [151.7727508544922, 157.5691375732422, 1.0], [201.3562469482422, 157.231689453125, 1.0], [158.1130828857422, 205.87664794921875, 1.0], [173.86497497558594, 234.97120666503906, 1.0], [191.09031677246094, 261.9213562011719, 1.0], [206.05447387695312, 186.93814086914062, 1.0], [134.3582763671875, 209.769287109375, 1.0], [138.25941467285156, 228.06271362304688, 1.0], [185.35629272460938, 222.84393310546875, 1.0], [220.71096801757812, 215.3164825439453, 1.0], [168.25161743164062, 226.8778839111328, 1.0], [152.98178100585938, 236.1657257080078, 1.0], [168.77102661132812, 239.369140625, 1.0]], "is_left": 0}