{"hand_pts": [[160.3464813232422, 191.71969604492188, 1.0], [172.69027709960938, 144.39193725585938, 1.0], [144.79074096679688, 107.55184173583984, 1.0], [151.2075958251953, 90.00938415527344, 1.0], [166.2271728515625, 80.54975128173828, 1.0], [117.29351043701172, 179.73634338378906, 1.0], [122.25428009033203, 166.8643341064453, 1.0], [162.21839904785156, 145.73626708984375, 1.0], [205.533935546875, 124.99876403808594, 1.0], [127.0904541015625, 215.87025451660156, 1.0], [213.95587158203125, 174.11093139648438, 1.0], [254.34437561035156, 145.0464630126953, 1.0], [243.25921630859375, 140.46963500976562, 1.0], [143.47665405273438, 239.1753387451172, 1.0], [178.9280548095703, 253.0015869140625, 1.0], [223.08250427246094, 241.27122497558594, 1.0], [273.9254150390625, 215.63490295410156, 1.0], [163.29754638671875, 257.03033447265625, 1.0], [175.36746215820312, 280.17242431640625, 1.0], [209.38284301757812, 257.4661560058594, 1.0], [241.0579833984375, 222.178955078125, 1.0]], "is_left": 0}