{"hand_pts": [[236.14822387695312, 119.94893646240234, 1.0], [193.9058380126953, 111.2315902709961, 1.0], [147.37295532226562, 86.68092346191406, 1.0], [117.40580749511719, 70.61588287353516, 1.0], [134.0048065185547, 79.45570373535156, 1.0], [136.8717041015625, 181.93919372558594, 1.0], [113.85765838623047, 190.5857696533203, 1.0], [113.13219451904297, 186.8188934326172, 1.0], [131.4338836669922, 171.6622772216797, 1.0], [166.75384521484375, 208.6092071533203, 1.0], [192.31610107421875, 210.9611358642578, 1.0], [220.24888610839844, 172.7904815673828, 1.0], [233.26705932617188, 138.28854370117188, 1.0], [195.0022430419922, 224.559326171875, 1.0], [176.57598876953125, 267.5252990722656, 1.0], [194.9024658203125, 239.18177795410156, 1.0], [206.8499298095703, 207.12513732910156, 1.0], [226.22999572753906, 232.27932739257812, 1.0], [248.2646942138672, 241.34210205078125, 1.0], [266.3658142089844, 237.57843017578125, 1.0], [284.3582458496094, 218.89230346679688, 1.0]], "is_left": 0}