{"hand_pts": [[48.30193328857422, 235.40171813964844, 1.0], [84.87442779541016, 174.8115997314453, 1.0], [92.56103515625, 115.57536315917969, 1.0], [134.93597412109375, 89.99357604980469, 1.0], [173.8311767578125, 115.8055648803711, 1.0], [127.58631134033203, 159.4296112060547, 1.0], [185.86524963378906, 135.16580200195312, 1.0], [186.6715087890625, 142.1868133544922, 1.0], [171.94671630859375, 155.78363037109375, 1.0], [137.8358917236328, 199.7554473876953, 1.0], [205.11380004882812, 175.0004119873047, 1.0], [247.45169067382812, 156.9900360107422, 1.0], [285.3303527832031, 138.942138671875, 1.0], [147.22640991210938, 230.7198944091797, 1.0], [197.87965393066406, 234.46768188476562, 1.0], [235.9774627685547, 228.53115844726562, 1.0], [263.1136474609375, 209.2829132080078, 1.0], [151.27024841308594, 260.3560485839844, 1.0], [197.7299346923828, 258.0528564453125, 1.0], [228.5021209716797, 255.550537109375, 1.0], [238.19151306152344, 242.8643035888672, 1.0]], "is_left": 0}