{"hand_pts": [[31.347475051879883, 157.88168334960938, 1.0], [91.35718536376953, 138.6641387939453, 1.0], [138.4045867919922, 122.08342742919922, 1.0], [183.78553771972656, 119.34234619140625, 1.0], [219.7306671142578, 124.48210906982422, 1.0], [153.81341552734375, 194.01934814453125, 1.0], [209.01809692382812, 208.21592712402344, 1.0], [242.30084228515625, 198.06976318359375, 1.0], [270.3255310058594, 181.69094848632812, 1.0], [137.2324981689453, 203.46432495117188, 1.0], [201.9833221435547, 218.80587768554688, 1.0], [241.73406982421875, 210.90684509277344, 1.0], [277.5812072753906, 198.31275939941406, 1.0], [122.99981689453125, 203.84664916992188, 1.0], [180.36572265625, 208.05494689941406, 1.0], [210.17611694335938, 191.41207885742188, 1.0], [232.9956817626953, 164.74044799804688, 1.0], [104.03048706054688, 199.20436096191406, 1.0], [137.90724182128906, 201.53897094726562, 1.0], [161.79150390625, 190.85079956054688, 1.0], [184.23390197753906, 168.95925903320312, 1.0]], "is_left": 0}