{"hand_pts": [[22.280826568603516, 145.43576049804688, 1.0], [96.15987396240234, 202.56459045410156, 1.0], [137.3394317626953, 261.83551025390625, 1.0], [202.12474060058594, 258.30810546875, 1.0], [217.90696716308594, 210.62820434570312, 1.0], [144.46514892578125, 246.27186584472656, 1.0], [222.85467529296875, 263.17364501953125, 1.0], [259.59832763671875, 246.53585815429688, 1.0], [265.7044982910156, 220.42640686035156, 1.0], [138.10218811035156, 204.99893188476562, 1.0], [228.035888671875, 190.7494354248047, 1.0], [209.9292755126953, 174.5117950439453, 1.0], [155.41012573242188, 176.1682586669922, 1.0], [136.15411376953125, 169.45921325683594, 1.0], [221.77951049804688, 145.9346466064453, 1.0], [204.2664794921875, 135.91204833984375, 1.0], [156.04673767089844, 147.99623107910156, 1.0], [129.3437957763672, 132.8540802001953, 1.0], [175.2210235595703, 101.55487060546875, 1.0], [174.311767578125, 91.40201568603516, 1.0], [138.5128173828125, 108.29850769042969, 1.0]], "is_left": 0}