{"hand_pts": [[182.4468536376953, 149.42245483398438, 1.0], [147.8414764404297, 180.90748596191406, 1.0], [100.63960266113281, 204.98696899414062, 1.0], [62.676246643066406, 202.72593688964844, 1.0], [41.50503921508789, 184.52403259277344, 1.0], [202.62960815429688, 221.07835388183594, 1.0], [220.9976348876953, 249.52401733398438, 1.0], [227.0975341796875, 263.4009094238281, 1.0], [209.82797241210938, 258.6753845214844, 1.0], [223.42401123046875, 193.1515655517578, 1.0], [229.56045532226562, 198.85472106933594, 1.0], [194.0974578857422, 186.09814453125, 1.0], [154.98806762695312, 171.88058471679688, 1.0], [232.3147735595703, 167.19818115234375, 1.0], [220.3939971923828, 161.30735778808594, 1.0], [197.8993377685547, 151.96607971191406, 1.0], [158.0337371826172, 138.02565002441406, 1.0], [235.33523559570312, 139.74783325195312, 1.0], [240.29428100585938, 136.3993377685547, 1.0], [209.40232849121094, 129.913818359375, 1.0], [172.27188110351562, 126.56519317626953, 1.0]], "is_left": 0}