{"hand_pts": [[151.3123779296875, 163.2718048095703, 1.0], [128.19451904296875, 126.92311096191406, 1.0], [120.12632751464844, 71.8486557006836, 1.0], [159.505126953125, 93.7806167602539, 1.0], [196.7743682861328, 135.79266357421875, 1.0], [96.27066802978516, 193.51600646972656, 1.0], [104.8027572631836, 161.57449340820312, 1.0], [129.94703674316406, 125.31708526611328, 1.0], [158.98983764648438, 90.1148910522461, 1.0], [131.98178100585938, 227.4391326904297, 1.0], [181.8877716064453, 226.2012176513672, 1.0], [216.5985565185547, 213.25543212890625, 1.0], [251.3927459716797, 187.2126922607422, 1.0], [165.02723693847656, 246.69464111328125, 1.0], [203.12167358398438, 261.7778015136719, 1.0], [224.44512939453125, 219.02098083496094, 1.0], [241.40838623046875, 176.427001953125, 1.0], [197.6651153564453, 257.84307861328125, 1.0], [239.81063842773438, 253.653076171875, 1.0], [250.61769104003906, 216.18817138671875, 1.0], [251.80044555664062, 175.81661987304688, 1.0]], "is_left": 0}