{"hand_pts": [[308.0044860839844, 108.45640563964844, 1.0], [241.75631713867188, 97.51689910888672, 1.0], [207.21954345703125, 65.0787353515625, 1.0], [159.08058166503906, 76.7735595703125, 1.0], [136.82766723632812, 122.81790924072266, 1.0], [231.97593688964844, 141.7532501220703, 1.0], [169.84495544433594, 161.57308959960938, 1.0], [137.8956756591797, 162.2082061767578, 1.0], [144.92904663085938, 153.34217834472656, 1.0], [246.50758361816406, 175.27105712890625, 1.0], [188.3810577392578, 221.3074951171875, 1.0], [146.34083557128906, 216.27505493164062, 1.0], [137.12017822265625, 191.95639038085938, 1.0], [252.94537353515625, 200.1781768798828, 1.0], [190.5929412841797, 250.2659454345703, 1.0], [158.55160522460938, 240.75547790527344, 1.0], [139.69113159179688, 220.02195739746094, 1.0], [260.2530517578125, 218.8306884765625, 1.0], [222.8146514892578, 256.6451110839844, 1.0], [185.8706817626953, 256.3851013183594, 1.0], [183.5391082763672, 224.383544921875, 1.0]], "is_left": 0}