{"hand_pts": [[120.69282531738281, 102.51363372802734, 1.0], [176.24131774902344, 156.98089599609375, 1.0], [229.78518676757812, 197.75282287597656, 1.0], [275.9551086425781, 227.4373321533203, 1.0], [287.81182861328125, 223.93695068359375, 1.0], [142.31390380859375, 224.82289123535156, 1.0], [182.0912628173828, 240.94371032714844, 1.0], [216.9833984375, 221.04083251953125, 1.0], [225.0345916748047, 191.58116149902344, 1.0], [117.57044219970703, 199.6971435546875, 1.0], [189.9581756591797, 203.5228729248047, 1.0], [235.38233947753906, 187.45628356933594, 1.0], [266.6578369140625, 164.51138305664062, 1.0], [105.2267837524414, 175.90264892578125, 1.0], [163.9185791015625, 165.28407287597656, 1.0], [179.14149475097656, 143.2764129638672, 1.0], [162.06524658203125, 139.1865997314453, 1.0], [96.77537536621094, 147.80645751953125, 1.0], [105.3526382446289, 152.98690795898438, 1.0], [131.95343017578125, 153.961181640625, 1.0], [170.92320251464844, 153.2701416015625, 1.0]], "is_left": 0}