{"hand_pts": [[68.61073303222656, 219.80361938476562, 1.0], [121.5389404296875, 255.05795288085938, 1.0], [160.2582550048828, 293.5345764160156, 1.0], [198.43905639648438, 290.2809143066406, 1.0], [204.91900634765625, 238.86634826660156, 1.0], [224.77098083496094, 221.67477416992188, 1.0], [283.6940002441406, 218.87197875976562, 1.0], [274.19708251953125, 217.94041442871094, 1.0], [241.3255615234375, 216.936279296875, 1.0], [204.8887481689453, 178.29364013671875, 1.0], [220.8437042236328, 152.50125122070312, 1.0], [179.28981018066406, 167.8074493408203, 1.0], [137.07333374023438, 193.01296997070312, 1.0], [182.10658264160156, 146.2458038330078, 1.0], [199.50125122070312, 124.34860229492188, 1.0], [161.46401977539062, 144.24249267578125, 1.0], [123.04242706298828, 166.79638671875, 1.0], [151.3080596923828, 120.13188934326172, 1.0], [151.30897521972656, 90.28558349609375, 1.0], [128.19386291503906, 108.65361785888672, 1.0], [114.4599380493164, 142.3175506591797, 1.0]], "is_left": 0}