{"hand_pts": [[52.516143798828125, 130.4073944091797, 1.0], [113.57044982910156, 180.08909606933594, 1.0], [133.9231719970703, 227.66017150878906, 1.0], [161.85305786132812, 262.73870849609375, 1.0], [190.04225158691406, 256.8095703125, 1.0], [130.2994842529297, 208.25277709960938, 1.0], [199.1455078125, 224.73416137695312, 1.0], [234.38063049316406, 225.54080200195312, 1.0], [229.86009216308594, 209.75975036621094, 1.0], [124.43232727050781, 178.3390350341797, 1.0], [204.96055603027344, 191.86087036132812, 1.0], [238.4142608642578, 189.58518981933594, 1.0], [256.3001708984375, 185.08856201171875, 1.0], [124.5167007446289, 153.77145385742188, 1.0], [192.9048309326172, 166.7819366455078, 1.0], [237.18240356445312, 172.6739501953125, 1.0], [264.89990234375, 174.7515869140625, 1.0], [122.58588409423828, 128.5040740966797, 1.0], [165.56393432617188, 110.71666717529297, 1.0], [177.685546875, 104.16415405273438, 1.0], [163.78140258789062, 109.73783874511719, 1.0]], "is_left": 0}