{"hand_pts": [[55.47923278808594, 234.26995849609375, 1.0], [120.04779052734375, 227.546875, 1.0], [162.5266876220703, 242.08590698242188, 1.0], [200.84130859375, 229.18600463867188, 1.0], [235.20396423339844, 215.47698974609375, 1.0], [153.82839965820312, 217.22314453125, 1.0], [201.19232177734375, 205.51271057128906, 1.0], [240.16770935058594, 184.99954223632812, 1.0], [278.5836181640625, 164.10963439941406, 1.0], [134.80126953125, 202.43603515625, 1.0], [178.49488830566406, 197.34169006347656, 1.0], [224.12840270996094, 178.4039306640625, 1.0], [268.16265869140625, 161.99928283691406, 1.0], [122.0798568725586, 189.1396942138672, 1.0], [167.2323760986328, 155.6946563720703, 1.0], [197.42388916015625, 138.6845703125, 1.0], [196.67710876464844, 145.2349395751953, 1.0], [107.0324478149414, 178.1994171142578, 1.0], [129.85888671875, 161.70278930664062, 1.0], [153.3297119140625, 147.7121124267578, 1.0], [186.4630584716797, 132.38018798828125, 1.0]], "is_left": 0}