{"hand_pts": [[164.8465118408203, 76.80162811279297, 1.0], [128.8632354736328, 109.89016723632812, 1.0], [85.39877319335938, 144.77125549316406, 1.0], [99.7138671875, 185.5852813720703, 1.0], [144.87710571289062, 196.03553771972656, 1.0], [148.77734375, 199.3023223876953, 1.0], [163.23854064941406, 259.977783203125, 1.0], [173.360595703125, 287.1917419433594, 1.0], [182.29296875, 299.559814453125, 1.0], [186.44351196289062, 193.95855712890625, 1.0], [183.9148406982422, 188.11354064941406, 1.0], [168.2227020263672, 144.5725860595703, 1.0], [155.84912109375, 115.62294006347656, 1.0], [214.5567169189453, 183.74667358398438, 1.0], [229.2593536376953, 214.33712768554688, 1.0], [212.29495239257812, 179.0554962158203, 1.0], [194.94956970214844, 149.62782287597656, 1.0], [238.31504821777344, 165.58834838867188, 1.0], [254.724609375, 158.3841552734375, 1.0], [264.4822082519531, 149.7401580810547, 1.0], [244.1206512451172, 119.84977722167969, 1.0]], "is_left": 0}