{"hand_pts": [[247.0635528564453, 123.70184326171875, 1.0], [210.7240447998047, 105.12097930908203, 1.0], [175.47683715820312, 79.33775329589844, 1.0], [147.85499572753906, 73.05335998535156, 1.0], [132.4080352783203, 90.4825210571289, 1.0], [149.60226440429688, 162.6415252685547, 1.0], [136.8835906982422, 180.23741149902344, 1.0], [158.6610870361328, 171.78736877441406, 1.0], [191.4915008544922, 151.84628295898438, 1.0], [173.57427978515625, 192.79739379882812, 1.0], [132.30923461914062, 232.44090270996094, 1.0], [155.1988067626953, 208.92181396484375, 1.0], [173.86444091796875, 190.1743621826172, 1.0], [197.59825134277344, 212.07424926757812, 1.0], [227.9214630126953, 228.1449432373047, 1.0], [247.00531005859375, 194.77835083007812, 1.0], [255.2086639404297, 163.65647888183594, 1.0], [225.38429260253906, 224.0693817138672, 1.0], [209.72250366210938, 258.5946044921875, 1.0], [200.7821807861328, 277.0887756347656, 1.0], [199.50491333007812, 268.39129638671875, 1.0]], "is_left": 0}