{"hand_pts": [[284.8083801269531, 171.01834106445312, 1.0], [211.97433471679688, 172.9229278564453, 1.0], [152.7385711669922, 188.67971801757812, 1.0], [136.58428955078125, 186.8152618408203, 1.0], [158.09326171875, 176.35757446289062, 1.0], [185.8582000732422, 235.1361846923828, 1.0], [145.6650848388672, 231.16732788085938, 1.0], [134.27894592285156, 191.92648315429688, 1.0], [121.38880157470703, 156.0052947998047, 1.0], [222.12139892578125, 229.3458251953125, 1.0], [159.9969940185547, 218.34422302246094, 1.0], [121.63414001464844, 192.2723846435547, 1.0], [88.34342193603516, 162.27740478515625, 1.0], [249.42161560058594, 217.227783203125, 1.0], [212.03073120117188, 175.91310119628906, 1.0], [205.1996307373047, 139.95431518554688, 1.0], [199.8356170654297, 106.86823272705078, 1.0], [277.3180847167969, 200.08685302734375, 1.0], [257.9429931640625, 179.57666015625, 1.0], [243.16114807128906, 162.25701904296875, 1.0], [222.263916015625, 138.43362426757812, 1.0]], "is_left": 0}