{"hand_pts": [[235.01382446289062, 348.9966125488281, 1.0], [186.1106414794922, 283.3808288574219, 1.0], [154.69403076171875, 249.60617065429688, 1.0], [149.53689575195312, 198.40963745117188, 1.0], [150.55099487304688, 148.79205322265625, 1.0], [116.31282806396484, 229.4949493408203, 1.0], [110.33098602294922, 153.76853942871094, 1.0], [139.47071838378906, 127.02721405029297, 1.0], [170.3151092529297, 105.8488540649414, 1.0], [148.2947235107422, 234.5369415283203, 1.0], [135.65365600585938, 148.28549194335938, 1.0], [162.65621948242188, 142.2498779296875, 1.0], [183.91920471191406, 126.453125, 1.0], [179.10423278808594, 236.68760681152344, 1.0], [192.8759765625, 154.92181396484375, 1.0], [217.9181671142578, 151.90574645996094, 1.0], [218.36734008789062, 191.35121154785156, 1.0], [213.816162109375, 244.32061767578125, 1.0], [255.90528869628906, 209.66197204589844, 1.0], [286.5480041503906, 197.3358612060547, 1.0], [317.3531799316406, 183.1972198486328, 1.0]], "is_left": 0}