{"hand_pts": [[154.6817169189453, 102.02654266357422, 1.0], [152.1011962890625, 95.24851989746094, 1.0], [133.82791137695312, 72.41474914550781, 1.0], [120.15901947021484, 87.08229064941406, 1.0], [109.88903045654297, 112.19096374511719, 1.0], [230.80899047851562, 137.2492218017578, 1.0], [271.24578857421875, 153.58602905273438, 1.0], [278.62249755859375, 172.5404052734375, 1.0], [253.040771484375, 195.57589721679688, 1.0], [231.56582641601562, 173.90257263183594, 1.0], [189.99795532226562, 201.258056640625, 1.0], [140.65689086914062, 187.08538818359375, 1.0], [111.36678314208984, 161.2960662841797, 1.0], [223.39874267578125, 202.26861572265625, 1.0], [227.53182983398438, 241.18418884277344, 1.0], [193.49891662597656, 248.13453674316406, 1.0], [159.44183349609375, 253.46722412109375, 1.0], [208.62486267089844, 224.00213623046875, 1.0], [176.8841552734375, 259.3083190917969, 1.0], [142.04440307617188, 264.9763488769531, 1.0], [113.88259887695312, 236.5401153564453, 1.0]], "is_left": 0}