{"hand_pts": [[152.34500122070312, 334.1221618652344, 1.0], [143.2013397216797, 260.70263671875, 1.0], [131.57777404785156, 206.39736938476562, 1.0], [123.39458465576172, 166.4713897705078, 1.0], [127.78458404541016, 183.66514587402344, 1.0], [216.74798583984375, 199.94175720214844, 1.0], [180.33053588867188, 149.84243774414062, 1.0], [148.1153564453125, 127.22077178955078, 1.0], [109.6501235961914, 138.64248657226562, 1.0], [225.73509216308594, 224.5515899658203, 1.0], [224.7335968017578, 155.20069885253906, 1.0], [178.03460693359375, 156.6338348388672, 1.0], [135.07908630371094, 152.06898498535156, 1.0], [224.98464965820312, 244.34742736816406, 1.0], [237.0351104736328, 177.41163635253906, 1.0], [230.7311248779297, 139.64788818359375, 1.0], [211.63758850097656, 107.07746887207031, 1.0], [217.52777099609375, 268.2923583984375, 1.0], [225.2291717529297, 241.72705078125, 1.0], [199.50279235839844, 222.35826110839844, 1.0], [169.1268768310547, 219.1717071533203, 1.0]], "is_left": 0}