{"hand_pts": [[186.17990112304688, 105.0250244140625, 1.0], [231.13687133789062, 122.4503173828125, 1.0], [283.0430908203125, 113.89673614501953, 1.0], [298.94293212890625, 138.89048767089844, 1.0], [271.2298278808594, 178.22293090820312, 1.0], [201.7042999267578, 122.90223693847656, 1.0], [212.30996704101562, 159.46466064453125, 1.0], [223.85894775390625, 193.3697967529297, 1.0], [234.427734375, 224.42611694335938, 1.0], [160.82179260253906, 136.6161346435547, 1.0], [157.02395629882812, 172.14669799804688, 1.0], [177.50790405273438, 207.22421264648438, 1.0], [201.91912841796875, 229.20790100097656, 1.0], [132.64393615722656, 151.1956787109375, 1.0], [121.01870727539062, 206.99664306640625, 1.0], [143.16810607910156, 229.88156127929688, 1.0], [168.59722900390625, 241.26226806640625, 1.0], [110.1915512084961, 163.88986206054688, 1.0], [100.00424194335938, 205.72604370117188, 1.0], [110.06542205810547, 232.8902130126953, 1.0], [139.549560546875, 237.63241577148438, 1.0]], "is_left": 0}