{"hand_pts": [[32.70660400390625, 262.8314514160156, 1.0], [60.83720779418945, 196.3577117919922, 1.0], [70.42578887939453, 135.32809448242188, 1.0], [105.72931671142578, 96.42450714111328, 1.0], [154.61566162109375, 96.64440155029297, 1.0], [125.73896789550781, 196.72854614257812, 1.0], [178.04795837402344, 172.26156616210938, 1.0], [212.59048461914062, 147.9652099609375, 1.0], [245.9571533203125, 125.75076293945312, 1.0], [142.7845916748047, 232.9664764404297, 1.0], [209.20379638671875, 196.02308654785156, 1.0], [234.88897705078125, 159.0685577392578, 1.0], [248.6940155029297, 125.1250228881836, 1.0], [154.9134063720703, 257.6170349121094, 1.0], [222.42453002929688, 225.92901611328125, 1.0], [229.12417602539062, 195.76272583007812, 1.0], [218.20716857910156, 171.3755340576172, 1.0], [159.36802673339844, 280.0692443847656, 1.0], [205.3348846435547, 259.72998046875, 1.0], [222.10130310058594, 233.5540008544922, 1.0], [223.78794860839844, 202.89146423339844, 1.0]], "is_left": 0}