{"hand_pts": [[138.8074188232422, 230.6551513671875, 1.0], [200.2397918701172, 235.11968994140625, 1.0], [269.2059631347656, 226.08335876464844, 1.0], [284.568603515625, 232.0927734375, 1.0], [233.7259063720703, 243.65753173828125, 1.0], [227.56028747558594, 142.6381378173828, 1.0], [250.55908203125, 178.12811279296875, 1.0], [233.1877899169922, 223.23898315429688, 1.0], [211.61434936523438, 259.03497314453125, 1.0], [182.36212158203125, 132.96214294433594, 1.0], [184.2135772705078, 66.39031219482422, 1.0], [191.14337158203125, 109.10517883300781, 1.0], [197.7222900390625, 159.64724731445312, 1.0], [145.7450408935547, 134.6238555908203, 1.0], [145.56813049316406, 186.3631134033203, 1.0], [142.99008178710938, 217.8975830078125, 1.0], [145.01280212402344, 208.62997436523438, 1.0], [109.85791778564453, 144.9139404296875, 1.0], [90.517333984375, 172.56509399414062, 1.0], [98.70272064208984, 208.35107421875, 1.0], [115.28339385986328, 193.00856018066406, 1.0]], "is_left": 0}