{"hand_pts": [[103.90990447998047, 347.3127746582031, 1.0], [168.94696044921875, 285.7225646972656, 1.0], [196.25698852539062, 234.15090942382812, 1.0], [233.06283569335938, 187.90309143066406, 1.0], [245.20440673828125, 185.6998291015625, 1.0], [134.06130981445312, 175.94903564453125, 1.0], [180.45065307617188, 115.45904541015625, 1.0], [235.64979553222656, 138.12062072753906, 1.0], [258.60455322265625, 184.78610229492188, 1.0], [114.20646667480469, 191.59005737304688, 1.0], [130.18521118164062, 115.53351593017578, 1.0], [199.60830688476562, 127.07637786865234, 1.0], [255.6083526611328, 156.3133544921875, 1.0], [107.92523956298828, 210.5092010498047, 1.0], [155.37368774414062, 164.06468200683594, 1.0], [215.6135711669922, 181.86605834960938, 1.0], [234.05027770996094, 216.3147430419922, 1.0], [105.1201171875, 238.8264923095703, 1.0], [117.64427947998047, 205.509765625, 1.0], [165.796142578125, 197.0352783203125, 1.0], [192.23281860351562, 216.63331604003906, 1.0]], "is_left": 0}