{"hand_pts": [[282.4945068359375, 56.99604797363281, 1.0], [281.193359375, 131.26516723632812, 1.0], [301.6391906738281, 188.13226318359375, 1.0], [270.4358215332031, 215.017578125, 1.0], [231.38784790039062, 193.87767028808594, 1.0], [203.23056030273438, 182.52662658691406, 1.0], [153.72048950195312, 225.76026916503906, 1.0], [157.62432861328125, 235.22244262695312, 1.0], [161.07701110839844, 242.82559204101562, 1.0], [177.61708068847656, 151.96795654296875, 1.0], [162.30303955078125, 212.03656005859375, 1.0], [160.50732421875, 246.29376220703125, 1.0], [158.512451171875, 278.1029357910156, 1.0], [162.4344024658203, 127.72476959228516, 1.0], [149.2252655029297, 173.20547485351562, 1.0], [171.3892364501953, 181.9935760498047, 1.0], [200.82736206054688, 183.29693603515625, 1.0], [156.2246856689453, 100.58209991455078, 1.0], [121.74955749511719, 121.36282348632812, 1.0], [146.03663635253906, 132.8184814453125, 1.0], [182.9781036376953, 132.12857055664062, 1.0]], "is_left": 0,"label":3}