{"hand_pts": [[226.662353515625, 22.335973739624023, 1.0], [251.0318603515625, 106.92809295654297, 1.0], [283.9198913574219, 165.23788452148438, 1.0], [287.37408447265625, 217.55596923828125, 1.0], [265.6419677734375, 224.54019165039062, 1.0], [169.2313232421875, 179.49533081054688, 1.0], [172.31832885742188, 246.65513610839844, 1.0], [203.49429321289062, 252.56689453125, 1.0], [234.04803466796875, 225.7667236328125, 1.0], [136.61769104003906, 154.2003631591797, 1.0], [137.73487854003906, 226.98818969726562, 1.0], [182.4744873046875, 231.44866943359375, 1.0], [225.1107177734375, 204.3990936279297, 1.0], [118.66547393798828, 133.80413818359375, 1.0], [114.94810485839844, 193.9045867919922, 1.0], [157.40411376953125, 191.8876953125, 1.0], [195.4022979736328, 165.980224609375, 1.0], [110.12324523925781, 108.06904602050781, 1.0], [108.1762924194336, 138.21722412109375, 1.0], [142.31549072265625, 143.8563690185547, 1.0], [180.74102783203125, 130.7186279296875, 1.0]], "is_left": 0}