{"hand_pts": [[324.07403564453125, 178.4749298095703, 1.0], [251.4034423828125, 159.38760375976562, 1.0], [203.20791625976562, 152.21368408203125, 1.0], [153.8413543701172, 165.1571044921875, 1.0], [115.11906433105469, 196.5217742919922, 1.0], [207.62353515625, 124.93402099609375, 1.0], [163.31166076660156, 110.22806549072266, 1.0], [126.11017608642578, 123.15081024169922, 1.0], [92.37801361083984, 145.25726318359375, 1.0], [228.03285217285156, 152.49191284179688, 1.0], [157.60450744628906, 188.3193817138672, 1.0], [161.17166137695312, 209.51329040527344, 1.0], [166.28822326660156, 228.48326110839844, 1.0], [242.35911560058594, 178.98483276367188, 1.0], [183.9141082763672, 181.58180236816406, 1.0], [144.03244018554688, 196.73182678222656, 1.0], [112.75333404541016, 216.12322998046875, 1.0], [259.8667297363281, 206.13711547851562, 1.0], [229.67979431152344, 245.1272735595703, 1.0], [233.5394287109375, 253.5203857421875, 1.0], [236.87600708007812, 260.6358337402344, 1.0]], "is_left": 0}