{"hand_pts": [[321.0477600097656, 150.02406311035156, 1.0], [281.1490173339844, 137.68240356445312, 1.0], [265.83709716796875, 113.13217163085938, 1.0], [220.88705444335938, 100.3676986694336, 1.0], [171.66323852539062, 97.8177490234375, 1.0], [247.15286254882812, 204.73423767089844, 1.0], [189.44056701660156, 204.1046142578125, 1.0], [160.1150360107422, 175.5409393310547, 1.0], [159.56268310546875, 146.60263061523438, 1.0], [238.1470947265625, 220.90097045898438, 1.0], [162.3017578125, 203.9407196044922, 1.0], [146.37698364257812, 163.05857849121094, 1.0], [159.19309997558594, 127.75235748291016, 1.0], [228.49362182617188, 227.07147216796875, 1.0], [157.84970092773438, 242.5232696533203, 1.0], [117.51670837402344, 225.75794982910156, 1.0], [96.42884826660156, 192.19764709472656, 1.0], [223.2681427001953, 226.39292907714844, 1.0], [175.0645294189453, 238.88096618652344, 1.0], [142.34202575683594, 225.40838623046875, 1.0], [129.4401397705078, 193.96200561523438, 1.0]], "is_left": 0}