{"hand_pts": [[115.87591552734375, 309.6459655761719, 1.0], [179.49656677246094, 267.2650451660156, 1.0], [236.6903839111328, 251.72987365722656, 1.0], [275.15631103515625, 207.8794403076172, 1.0], [271.54925537109375, 175.58984375, 1.0], [171.6465606689453, 228.73069763183594, 1.0], [207.68020629882812, 172.01016235351562, 1.0], [232.01327514648438, 138.68701171875, 1.0], [248.6158447265625, 123.15432739257812, 1.0], [135.13902282714844, 226.8821258544922, 1.0], [186.9002685546875, 164.78057861328125, 1.0], [228.06393432617188, 132.43145751953125, 1.0], [251.90701293945312, 129.94406127929688, 1.0], [110.35538482666016, 223.89111328125, 1.0], [143.8711395263672, 159.41705322265625, 1.0], [166.6681671142578, 155.9281463623047, 1.0], [170.40469360351562, 182.72317504882812, 1.0], [88.18153381347656, 225.0580596923828, 1.0], [89.98697662353516, 187.29629516601562, 1.0], [110.90325927734375, 187.83103942871094, 1.0], [135.33558654785156, 189.6527862548828, 1.0]], "is_left": 0}