{"hand_pts": [[114.09929656982422, 234.7576904296875, 1.0], [99.6569595336914, 226.6340789794922, 1.0], [79.29829406738281, 226.12847900390625, 1.0], [100.58848571777344, 208.4456787109375, 1.0], [142.79205322265625, 192.01441955566406, 1.0], [176.60647583007812, 230.79827880859375, 1.0], [187.81924438476562, 219.57814025878906, 1.0], [162.13916015625, 195.7421875, 1.0], [137.58529663085938, 175.9324188232422, 1.0], [204.92428588867188, 217.67796325683594, 1.0], [216.99444580078125, 171.22901916503906, 1.0], [188.19361877441406, 144.51194763183594, 1.0], [169.2821044921875, 117.20869445800781, 1.0], [220.59649658203125, 204.12322998046875, 1.0], [273.5724182128906, 196.28700256347656, 1.0], [253.15528869628906, 173.99282836914062, 1.0], [219.9976806640625, 155.85877990722656, 1.0], [227.14401245117188, 191.7217559814453, 1.0], [222.65867614746094, 156.70152282714844, 1.0], [200.97494506835938, 137.72186279296875, 1.0], [166.86288452148438, 150.46253967285156, 1.0]], "is_left": 0}