{"hand_pts": [[174.86001586914062, 212.73300170898438, 1.0], [160.45199584960938, 158.60386657714844, 1.0], [149.8226318359375, 96.21581268310547, 1.0], [122.20244598388672, 74.5817642211914, 1.0], [99.16534423828125, 108.3624267578125, 1.0], [238.86032104492188, 145.5667724609375, 1.0], [189.00840759277344, 117.16852569580078, 1.0], [141.78677368164062, 118.31040954589844, 1.0], [97.4546127319336, 122.84867858886719, 1.0], [246.9799041748047, 187.85324096679688, 1.0], [261.7243347167969, 188.1688232421875, 1.0], [207.83517456054688, 183.887451171875, 1.0], [158.18801879882812, 179.18490600585938, 1.0], [244.23544311523438, 221.41233825683594, 1.0], [214.07493591308594, 238.0811004638672, 1.0], [166.8430633544922, 239.3929443359375, 1.0], [140.18167114257812, 227.38140869140625, 1.0], [234.53994750976562, 253.3115234375, 1.0], [227.42642211914062, 274.87353515625, 1.0], [203.66078186035156, 280.54913330078125, 1.0], [165.93734741210938, 271.5568542480469, 1.0]], "is_left": 0}