{"hand_pts": [[58.92841720581055, 226.5874481201172, 1.0], [126.48054504394531, 247.72021484375, 1.0], [174.8831787109375, 288.1654357910156, 1.0], [225.03221130371094, 311.3065490722656, 1.0], [265.4647521972656, 294.67230224609375, 1.0], [139.42611694335938, 211.5727081298828, 1.0], [186.04013061523438, 202.80227661132812, 1.0], [219.94900512695312, 196.4214324951172, 1.0], [255.77371215820312, 189.75209045410156, 1.0], [119.69242095947266, 177.01226806640625, 1.0], [192.59373474121094, 168.46315002441406, 1.0], [239.8639373779297, 169.16537475585938, 1.0], [263.50994873046875, 186.10586547851562, 1.0], [108.2242431640625, 151.40855407714844, 1.0], [172.34495544433594, 126.81861877441406, 1.0], [200.33387756347656, 139.60476684570312, 1.0], [213.1564178466797, 160.07696533203125, 1.0], [95.97335815429688, 131.2409210205078, 1.0], [124.8613510131836, 108.28199768066406, 1.0], [158.2150115966797, 103.81085968017578, 1.0], [196.00157165527344, 109.17902374267578, 1.0]], "is_left": 0}