{"hand_pts": [[139.35691833496094, 290.2040100097656, 1.0], [192.26881408691406, 219.00485229492188, 1.0], [242.07623291015625, 163.32843017578125, 1.0], [235.9663848876953, 139.48663330078125, 1.0], [210.01292419433594, 140.6179656982422, 1.0], [251.09095764160156, 224.02850341796875, 1.0], [243.31639099121094, 162.934814453125, 1.0], [222.00680541992188, 123.16485595703125, 1.0], [190.1066436767578, 94.51412963867188, 1.0], [212.46340942382812, 249.20565795898438, 1.0], [223.2187042236328, 210.26864624023438, 1.0], [210.57958984375, 163.5453643798828, 1.0], [190.2191619873047, 133.6434326171875, 1.0], [176.93411254882812, 263.36138916015625, 1.0], [163.73509216308594, 201.19505310058594, 1.0], [142.0331268310547, 163.26266479492188, 1.0], [129.40065002441406, 154.91778564453125, 1.0], [138.74729919433594, 276.36492919921875, 1.0], [115.6902847290039, 242.3397216796875, 1.0], [97.61783599853516, 209.45904541015625, 1.0], [87.53953552246094, 177.70767211914062, 1.0]], "is_left": 0}