{"hand_pts": [[122.41529846191406, 191.2443084716797, 1.0], [187.9125213623047, 166.8381805419922, 1.0], [255.05975341796875, 143.81309509277344, 1.0], [288.19390869140625, 129.4287872314453, 1.0], [259.07000732421875, 135.73779296875, 1.0], [213.33851623535156, 223.18893432617188, 1.0], [239.94337463378906, 195.8822479248047, 1.0], [236.46681213378906, 160.1533966064453, 1.0], [217.75230407714844, 137.14154052734375, 1.0], [170.1131134033203, 237.31333923339844, 1.0], [191.1125946044922, 212.5961151123047, 1.0], [196.47430419921875, 171.0729217529297, 1.0], [198.3115997314453, 132.14041137695312, 1.0], [136.58445739746094, 241.3372802734375, 1.0], [148.13059997558594, 221.15798950195312, 1.0], [153.8935546875, 186.81361389160156, 1.0], [158.8029327392578, 151.04409790039062, 1.0], [104.09911346435547, 240.0910186767578, 1.0], [96.66448211669922, 221.9817657470703, 1.0], [99.64246368408203, 193.0338897705078, 1.0], [111.96404266357422, 170.39749145507812, 1.0]], "is_left": 0}