{"hand_pts": [[279.562255859375, 317.9229736328125, 1.0], [212.75157165527344, 289.26824951171875, 1.0], [162.8371124267578, 277.9755554199219, 1.0], [115.66212463378906, 256.8434143066406, 1.0], [86.74217987060547, 236.05743408203125, 1.0], [210.62112426757812, 197.495361328125, 1.0], [164.84800720214844, 156.76852416992188, 1.0], [133.09788513183594, 155.06887817382812, 1.0], [105.10147094726562, 156.24671936035156, 1.0], [239.81773376464844, 190.84197998046875, 1.0], [192.1340789794922, 135.7188720703125, 1.0], [152.87062072753906, 146.29429626464844, 1.0], [119.24165344238281, 161.69480895996094, 1.0], [258.0809020996094, 191.18235778808594, 1.0], [227.668701171875, 129.7828369140625, 1.0], [192.2484130859375, 121.61567687988281, 1.0], [158.19046020507812, 132.66246032714844, 1.0], [274.8665466308594, 200.2490997314453, 1.0], [250.65155029296875, 174.2473907470703, 1.0], [222.32046508789062, 186.38719177246094, 1.0], [199.69337463378906, 212.8262481689453, 1.0]], "is_left": 0}