{"hand_pts": [[180.04135131835938, 46.47706985473633, 1.0], [217.47776794433594, 111.1701431274414, 1.0], [266.0401306152344, 137.65078735351562, 1.0], [292.76080322265625, 177.25645446777344, 1.0], [296.0883483886719, 219.5056610107422, 1.0], [219.70071411132812, 143.62350463867188, 1.0], [233.72528076171875, 202.85134887695312, 1.0], [238.72552490234375, 241.838623046875, 1.0], [236.18898010253906, 273.3128662109375, 1.0], [180.40402221679688, 128.86012268066406, 1.0], [172.42019653320312, 196.1387481689453, 1.0], [169.88104248046875, 231.8588409423828, 1.0], [170.9376983642578, 251.24822998046875, 1.0], [148.4923858642578, 119.83383178710938, 1.0], [120.08868408203125, 175.04331970214844, 1.0], [108.88873291015625, 211.58277893066406, 1.0], [113.99763488769531, 233.5105438232422, 1.0], [119.25965118408203, 107.9737548828125, 1.0], [109.8580551147461, 149.24087524414062, 1.0], [117.74560546875, 175.03184509277344, 1.0], [131.447998046875, 161.93667602539062, 1.0]], "is_left": 0}