{"hand_pts": [[217.0755157470703, 28.80841827392578, 1.0], [258.0358581542969, 79.68580627441406, 1.0], [302.5924072265625, 109.27799987792969, 1.0], [301.8791809082031, 153.86721801757812, 1.0], [277.904296875, 194.3526153564453, 1.0], [213.1133270263672, 126.06201171875, 1.0], [219.13743591308594, 179.87754821777344, 1.0], [227.3519287109375, 219.4761962890625, 1.0], [232.773193359375, 257.42510986328125, 1.0], [172.3460235595703, 124.94293212890625, 1.0], [157.2640838623047, 188.09121704101562, 1.0], [162.96282958984375, 233.12123107910156, 1.0], [181.3232421875, 270.9944152832031, 1.0], [145.53318786621094, 125.45687103271484, 1.0], [119.91110229492188, 188.4940643310547, 1.0], [128.65054321289062, 226.54736328125, 1.0], [145.06753540039062, 259.08782958984375, 1.0], [125.82270050048828, 121.21648406982422, 1.0], [106.3197021484375, 162.15859985351562, 1.0], [106.47846221923828, 194.5712432861328, 1.0], [120.286376953125, 226.62606811523438, 1.0]], "is_left": 0}