{"hand_pts": [[86.98188781738281, 87.22210693359375, 1.0], [90.88026428222656, 129.872314453125, 1.0], [70.47087860107422, 143.4188690185547, 1.0], [66.16878509521484, 152.5927276611328, 1.0], [70.66089630126953, 159.3389892578125, 1.0], [134.26419067382812, 209.32923889160156, 1.0], [161.90878295898438, 213.76646423339844, 1.0], [159.40426635742188, 180.5150146484375, 1.0], [142.0994873046875, 148.737548828125, 1.0], [161.60794067382812, 192.36495971679688, 1.0], [221.33934020996094, 229.51853942871094, 1.0], [247.49737548828125, 228.33447265625, 1.0], [266.4278564453125, 221.0239715576172, 1.0], [182.5321502685547, 173.7416534423828, 1.0], [229.00071716308594, 220.7053680419922, 1.0], [251.86801147460938, 233.11988830566406, 1.0], [268.39984130859375, 236.46957397460938, 1.0], [197.21133422851562, 149.2495574951172, 1.0], [238.2006072998047, 153.96249389648438, 1.0], [254.50547790527344, 147.00180053710938, 1.0], [247.14845275878906, 131.56451416015625, 1.0]], "is_left": 0}