{"hand_pts": [[26.4739990234375, 196.36611938476562, 1.0], [78.4857177734375, 182.91017150878906, 1.0], [99.58065795898438, 168.60824584960938, 1.0], [145.5377655029297, 137.5636444091797, 1.0], [179.77008056640625, 114.73477172851562, 1.0], [151.8500213623047, 240.40017700195312, 1.0], [216.51168823242188, 226.3011932373047, 1.0], [253.83421325683594, 201.72117614746094, 1.0], [252.83473205566406, 160.98155212402344, 1.0], [153.2215576171875, 241.0169219970703, 1.0], [227.45379638671875, 252.03952026367188, 1.0], [254.55247497558594, 212.11549377441406, 1.0], [275.4459228515625, 171.773193359375, 1.0], [153.2886199951172, 233.84901428222656, 1.0], [203.4658660888672, 173.150634765625, 1.0], [198.96812438964844, 131.73228454589844, 1.0], [162.22764587402344, 118.37303924560547, 1.0], [146.09645080566406, 222.2023162841797, 1.0], [185.5743408203125, 186.26116943359375, 1.0], [163.35105895996094, 165.42291259765625, 1.0], [128.56761169433594, 161.944580078125, 1.0]], "is_left": 0}