{"hand_pts": [[145.8986053466797, 307.9591064453125, 1.0], [126.15775299072266, 252.8202362060547, 1.0], [83.65160369873047, 223.21533203125, 1.0], [79.1820297241211, 172.03384399414062, 1.0], [119.36190795898438, 143.92520141601562, 1.0], [163.2960968017578, 234.47508239746094, 1.0], [160.8076934814453, 169.9458465576172, 1.0], [156.99267578125, 133.9231719970703, 1.0], [148.37547302246094, 133.0866241455078, 1.0], [200.26589965820312, 242.52577209472656, 1.0], [190.04953002929688, 167.01109313964844, 1.0], [175.72216796875, 127.81531524658203, 1.0], [152.7045135498047, 113.08329010009766, 1.0], [227.59254455566406, 244.80255126953125, 1.0], [251.44064331054688, 171.74917602539062, 1.0], [226.756103515625, 178.74978637695312, 1.0], [202.2196044921875, 188.14041137695312, 1.0], [248.54005432128906, 249.03123474121094, 1.0], [277.4365539550781, 202.15660095214844, 1.0], [261.2140197753906, 181.76583862304688, 1.0], [230.56350708007812, 204.8415985107422, 1.0]], "is_left": 0}