{"hand_pts": [[72.496337890625, 277.33642578125, 1.0], [84.35364532470703, 234.95501708984375, 1.0], [64.58610534667969, 189.19039916992188, 1.0], [108.0358657836914, 187.9621124267578, 1.0], [142.33358764648438, 222.23550415039062, 1.0], [132.38058471679688, 152.2232666015625, 1.0], [159.00955200195312, 125.21844482421875, 1.0], [171.06698608398438, 140.9721221923828, 1.0], [175.15780639648438, 172.72230529785156, 1.0], [161.0338592529297, 168.7774200439453, 1.0], [200.42747497558594, 105.75994873046875, 1.0], [224.9087371826172, 98.21174621582031, 1.0], [225.9925537109375, 128.6722869873047, 1.0], [183.54986572265625, 187.84059143066406, 1.0], [248.20713806152344, 182.12887573242188, 1.0], [262.555419921875, 202.23007202148438, 1.0], [230.1448516845703, 226.21078491210938, 1.0], [199.1782989501953, 213.1488800048828, 1.0], [242.65162658691406, 233.97364807128906, 1.0], [246.90118408203125, 258.912353515625, 1.0], [208.1739959716797, 263.9287414550781, 1.0]], "is_left": 0}