{"hand_pts": [[302.9577331542969, 149.85910034179688, 1.0], [229.89537048339844, 130.93861389160156, 1.0], [182.0931396484375, 83.71702575683594, 1.0], [135.3614959716797, 53.067359924316406, 1.0], [104.83418273925781, 74.77457427978516, 1.0], [191.62045288085938, 125.4796142578125, 1.0], [146.97836303710938, 154.98487854003906, 1.0], [135.05184936523438, 175.9011993408203, 1.0], [122.38970184326172, 197.48968505859375, 1.0], [220.83106994628906, 159.64947509765625, 1.0], [171.16778564453125, 201.7457733154297, 1.0], [145.06629943847656, 225.67788696289062, 1.0], [129.61349487304688, 242.94593811035156, 1.0], [242.42581176757812, 189.00140380859375, 1.0], [210.70574951171875, 227.05723571777344, 1.0], [184.72775268554688, 250.28790283203125, 1.0], [167.9750518798828, 256.271728515625, 1.0], [265.8522644042969, 215.92059326171875, 1.0], [241.4278564453125, 245.78070068359375, 1.0], [239.54124450683594, 245.25765991210938, 1.0], [238.98434448242188, 239.5956573486328, 1.0]], "is_left": 0,"label":5}