{"hand_pts": [[47.87925720214844, 145.56936645507812, 1.0], [97.47949981689453, 125.57189178466797, 1.0], [130.67015075683594, 93.91976165771484, 1.0], [155.8761444091797, 105.7718734741211, 1.0], [147.98892211914062, 140.16143798828125, 1.0], [180.7195587158203, 159.73243713378906, 1.0], [239.81544494628906, 165.5037384033203, 1.0], [264.65252685546875, 168.1869354248047, 1.0], [289.94818115234375, 171.9255828857422, 1.0], [168.48483276367188, 187.31056213378906, 1.0], [218.83985900878906, 199.00201416015625, 1.0], [233.05641174316406, 196.1370086669922, 1.0], [239.300048828125, 189.90774536132812, 1.0], [154.3249053955078, 206.50924682617188, 1.0], [212.645751953125, 224.97845458984375, 1.0], [204.6877899169922, 211.9735565185547, 1.0], [191.08641052246094, 197.00869750976562, 1.0], [133.34629821777344, 220.78961181640625, 1.0], [139.2133331298828, 236.6743621826172, 1.0], [136.1181182861328, 239.68756103515625, 1.0], [122.73638153076172, 226.6244354248047, 1.0]], "is_left": 0}