{"hand_pts": [[37.39480209350586, 217.0264129638672, 1.0], [123.98722076416016, 197.61920166015625, 1.0], [185.06124877929688, 172.64031982421875, 1.0], [239.74847412109375, 188.23329162597656, 1.0], [228.31350708007812, 219.1502227783203, 1.0], [193.91046142578125, 114.82568359375, 1.0], [259.3450622558594, 143.01361083984375, 1.0], [235.72938537597656, 186.63259887695312, 1.0], [185.69993591308594, 195.37448120117188, 1.0], [168.25563049316406, 125.28329467773438, 1.0], [241.77940368652344, 161.22181701660156, 1.0], [212.2799530029297, 202.33245849609375, 1.0], [166.541015625, 204.03396606445312, 1.0], [148.479736328125, 141.46267700195312, 1.0], [209.5630340576172, 176.84173583984375, 1.0], [188.9548797607422, 212.39584350585938, 1.0], [154.77024841308594, 205.51083374023438, 1.0], [123.26364135742188, 164.24005126953125, 1.0], [143.777099609375, 202.11001586914062, 1.0], [132.2755584716797, 226.94082641601562, 1.0], [116.69718933105469, 204.5557098388672, 1.0]], "is_left": 0}