{"hand_pts": [[37.76948165893555, 209.85299682617188, 1.0], [111.28700256347656, 170.62451171875, 1.0], [174.89334106445312, 153.0720977783203, 1.0], [222.2098388671875, 142.6844482421875, 1.0], [213.38380432128906, 148.02398681640625, 1.0], [195.46331787109375, 227.16847229003906, 1.0], [255.488037109375, 205.39544677734375, 1.0], [247.12901306152344, 162.589599609375, 1.0], [211.99017333984375, 134.36961364746094, 1.0], [168.79823303222656, 246.9989776611328, 1.0], [232.74688720703125, 213.06922912597656, 1.0], [241.87257385253906, 162.6747589111328, 1.0], [257.96063232421875, 119.66512298583984, 1.0], [144.7354278564453, 254.22457885742188, 1.0], [178.580078125, 192.77296447753906, 1.0], [188.81332397460938, 150.5120849609375, 1.0], [177.7371826171875, 106.37251281738281, 1.0], [114.89317321777344, 255.74679565429688, 1.0], [118.35137176513672, 223.64837646484375, 1.0], [103.886962890625, 193.68692016601562, 1.0], [97.21826171875, 203.58290100097656, 1.0]], "is_left": 0}