{"hand_pts": [[87.94207763671875, 128.83839416503906, 1.0], [94.1273193359375, 144.3759307861328, 1.0], [73.1241683959961, 151.6129150390625, 1.0], [82.1171875, 184.98550415039062, 1.0], [104.79906463623047, 195.1171875, 1.0], [183.22413635253906, 135.90121459960938, 1.0], [200.89488220214844, 155.79420471191406, 1.0], [185.7213592529297, 181.35057067871094, 1.0], [169.79478454589844, 206.30641174316406, 1.0], [201.50621032714844, 143.84576416015625, 1.0], [266.392333984375, 158.65428161621094, 1.0], [253.23483276367188, 189.1547393798828, 1.0], [223.83837890625, 214.45704650878906, 1.0], [209.3074493408203, 154.1769256591797, 1.0], [252.6973876953125, 193.1215057373047, 1.0], [213.6479949951172, 210.65565490722656, 1.0], [171.65097045898438, 218.55601501464844, 1.0], [207.63902282714844, 164.2696533203125, 1.0], [201.36129760742188, 201.53770446777344, 1.0], [188.9033660888672, 226.46722412109375, 1.0], [168.58682250976562, 250.81932067871094, 1.0]], "is_left": 0}