{"hand_pts": [[187.3024139404297, 330.8026123046875, 1.0], [208.39414978027344, 305.3916931152344, 1.0], [226.64878845214844, 287.28741455078125, 1.0], [235.49566650390625, 254.10107421875, 1.0], [219.79039001464844, 200.88819885253906, 1.0], [239.19932556152344, 199.24737548828125, 1.0], [268.6204528808594, 137.95480346679688, 1.0], [237.88638305664062, 141.04922485351562, 1.0], [203.22422790527344, 168.1938018798828, 1.0], [209.4120330810547, 185.46786499023438, 1.0], [219.97511291503906, 121.63075256347656, 1.0], [201.734375, 128.57666015625, 1.0], [178.78839111328125, 169.63714599609375, 1.0], [181.54791259765625, 180.94615173339844, 1.0], [130.33628845214844, 155.49151611328125, 1.0], [116.80078887939453, 200.85223388671875, 1.0], [132.89373779296875, 241.50205993652344, 1.0], [153.55508422851562, 187.14157104492188, 1.0], [126.46194458007812, 156.23155212402344, 1.0], [106.5902099609375, 152.97442626953125, 1.0], [87.23657989501953, 151.4546356201172, 1.0]], "is_left": 0}