{"hand_pts": [[355.31622314453125, 190.12025451660156, 1.0], [307.8451843261719, 173.255615234375, 1.0], [291.388671875, 155.60047912597656, 1.0], [246.8489532470703, 135.74513244628906, 1.0], [205.9979248046875, 120.49421691894531, 1.0], [211.86526489257812, 219.58273315429688, 1.0], [154.9318389892578, 237.43368530273438, 1.0], [134.2751007080078, 210.74838256835938, 1.0], [138.99337768554688, 178.03204345703125, 1.0], [205.29637145996094, 222.58409118652344, 1.0], [162.94454956054688, 175.2162322998047, 1.0], [197.43455505371094, 140.2896270751953, 1.0], [222.35057067871094, 103.53349304199219, 1.0], [203.96957397460938, 218.2850799560547, 1.0], [127.64017486572266, 224.2052764892578, 1.0], [130.62033081054688, 188.92724609375, 1.0], [128.52549743652344, 155.18971252441406, 1.0], [212.14218139648438, 210.0782012939453, 1.0], [161.1259307861328, 214.98577880859375, 1.0], [128.7631378173828, 205.89144897460938, 1.0], [140.0564422607422, 180.6191864013672, 1.0]], "is_left": 0}