{"hand_pts": [[257.2664489746094, 103.6175765991211, 1.0], [218.71397399902344, 177.60504150390625, 1.0], [218.62039184570312, 245.86871337890625, 1.0], [176.7968292236328, 280.6888122558594, 1.0], [139.57582092285156, 252.8363800048828, 1.0], [256.83453369140625, 218.26307678222656, 1.0], [189.17457580566406, 249.6231231689453, 1.0], [144.49172973632812, 239.42532348632812, 1.0], [133.16482543945312, 214.41079711914062, 1.0], [259.88519287109375, 177.17190551757812, 1.0], [184.41671752929688, 202.53623962402344, 1.0], [145.12388610839844, 196.87591552734375, 1.0], [162.36099243164062, 184.60012817382812, 1.0], [253.59703063964844, 144.20704650878906, 1.0], [168.40599060058594, 148.38929748535156, 1.0], [142.9608154296875, 141.5350799560547, 1.0], [174.1935272216797, 139.8869171142578, 1.0], [244.5629119873047, 110.05828094482422, 1.0], [194.0968017578125, 102.71963500976562, 1.0], [159.7504119873047, 109.12517547607422, 1.0], [165.16737365722656, 120.37734985351562, 1.0]], "is_left": 0}