{"hand_pts": [[338.09674072265625, 139.2994842529297, 1.0], [304.6000061035156, 184.32125854492188, 1.0], [286.83935546875, 205.21878051757812, 1.0], [248.60682678222656, 226.766357421875, 1.0], [213.12197875976562, 238.27870178222656, 1.0], [224.63180541992188, 177.52174377441406, 1.0], [173.32589721679688, 189.89913940429688, 1.0], [141.8274688720703, 206.14443969726562, 1.0], [114.94212341308594, 224.75949096679688, 1.0], [219.78843688964844, 157.8299102783203, 1.0], [154.08981323242188, 170.3848419189453, 1.0], [141.32496643066406, 200.92340087890625, 1.0], [135.7676239013672, 229.80563354492188, 1.0], [219.75042724609375, 146.16673278808594, 1.0], [157.1759796142578, 147.86717224121094, 1.0], [132.3161163330078, 168.04112243652344, 1.0], [109.81000518798828, 188.4871368408203, 1.0], [227.4091339111328, 136.0220184326172, 1.0], [192.50042724609375, 151.45321655273438, 1.0], [172.37991333007812, 166.23074340820312, 1.0], [151.84646606445312, 183.18980407714844, 1.0]], "is_left": 0}