{"hand_pts": [[16.73689079284668, 140.8394775390625, 1.0], [69.11868286132812, 206.33641052246094, 1.0], [95.23123931884766, 259.05517578125, 1.0], [146.88131713867188, 267.21240234375, 1.0], [192.0911102294922, 266.7683410644531, 1.0], [159.94398498535156, 194.19891357421875, 1.0], [221.75674438476562, 230.83425903320312, 1.0], [232.6759033203125, 251.27703857421875, 1.0], [244.6610565185547, 270.1933898925781, 1.0], [161.614501953125, 149.72325134277344, 1.0], [210.72589111328125, 198.39303588867188, 1.0], [165.7388458251953, 209.43063354492188, 1.0], [125.20860290527344, 221.6558380126953, 1.0], [159.86474609375, 117.97702026367188, 1.0], [238.37704467773438, 111.8988265991211, 1.0], [243.01927185058594, 139.64263916015625, 1.0], [220.8759002685547, 167.551025390625, 1.0], [149.23089599609375, 89.74324798583984, 1.0], [201.0171661376953, 75.83770751953125, 1.0], [203.53672790527344, 107.25868225097656, 1.0], [202.3621063232422, 142.55697631835938, 1.0]], "is_left": 0,"label":4}