{"hand_pts": [[305.34674072265625, 105.65184020996094, 1.0], [276.443115234375, 161.2803955078125, 1.0], [252.81863403320312, 179.74542236328125, 1.0], [212.64886474609375, 205.55348205566406, 1.0], [179.59947204589844, 225.01882934570312, 1.0], [191.03407287597656, 166.0056610107422, 1.0], [191.21527099609375, 221.3738555908203, 1.0], [196.892578125, 255.2996063232422, 1.0], [227.90924072265625, 266.22802734375, 1.0], [188.32275390625, 146.1953125, 1.0], [144.43653869628906, 190.21633911132812, 1.0], [127.68677520751953, 222.66009521484375, 1.0], [113.06794738769531, 253.0136260986328, 1.0], [191.38461303710938, 134.5130157470703, 1.0], [129.02313232421875, 142.88330078125, 1.0], [101.1597671508789, 163.7230682373047, 1.0], [78.6323013305664, 188.42462158203125, 1.0], [202.3273162841797, 123.1901626586914, 1.0], [208.388916015625, 146.666015625, 1.0], [234.30078125, 159.35548400878906, 1.0], [252.3160400390625, 152.0446014404297, 1.0]], "is_left": 0}