{"hand_pts": [[7.162731647491455, 129.38583374023438, 1.0], [80.91078186035156, 102.91346740722656, 1.0], [130.00765991210938, 70.94255065917969, 1.0], [186.91275024414062, 82.16560363769531, 1.0], [215.0138702392578, 136.0792694091797, 1.0], [171.263427734375, 133.3492889404297, 1.0], [231.4348907470703, 147.9912567138672, 1.0], [249.6769256591797, 156.1726837158203, 1.0], [241.8614959716797, 160.83880615234375, 1.0], [160.45663452148438, 178.9292755126953, 1.0], [242.7490234375, 226.27085876464844, 1.0], [258.3609313964844, 228.05813598632812, 1.0], [244.533203125, 212.51593017578125, 1.0], [149.88043212890625, 213.8531494140625, 1.0], [202.92869567871094, 240.2632598876953, 1.0], [165.7806854248047, 217.7418975830078, 1.0], [128.40597534179688, 195.01095581054688, 1.0], [131.3925323486328, 242.31312561035156, 1.0], [165.9164276123047, 261.1949768066406, 1.0], [141.8980712890625, 237.02096557617188, 1.0], [113.32430267333984, 217.74623107910156, 1.0]], "is_left": 0}