{"hand_pts": [[123.72908782958984, 103.3916244506836, 1.0], [197.2550048828125, 111.20143127441406, 1.0], [272.4281005859375, 117.54786682128906, 1.0], [290.62261962890625, 131.57705688476562, 1.0], [241.8861083984375, 137.35586547851562, 1.0], [240.44940185546875, 209.45632934570312, 1.0], [241.8302764892578, 192.3428497314453, 1.0], [219.8792266845703, 153.73104858398438, 1.0], [196.7212677001953, 125.90442657470703, 1.0], [192.7603302001953, 227.20477294921875, 1.0], [201.06301879882812, 224.3190155029297, 1.0], [187.77027893066406, 174.67079162597656, 1.0], [177.56919860839844, 140.0703125, 1.0], [152.47303771972656, 233.71327209472656, 1.0], [151.5129852294922, 243.7407684326172, 1.0], [144.37899780273438, 199.29034423828125, 1.0], [146.4041748046875, 178.2556915283203, 1.0], [110.95760345458984, 230.38613891601562, 1.0], [99.72791290283203, 245.50344848632812, 1.0], [100.3641586303711, 222.0749969482422, 1.0], [110.42520904541016, 183.36766052246094, 1.0]], "is_left": 0}