{"hand_pts": [[-4.762281894683838, 143.37179565429688, 1.0], [64.35092163085938, 122.01496124267578, 1.0], [96.60586547851562, 101.06594848632812, 1.0], [157.5111083984375, 113.45970153808594, 1.0], [183.43841552734375, 139.37649536132812, 1.0], [151.28890991210938, 174.61318969726562, 1.0], [223.05364990234375, 179.66363525390625, 1.0], [223.4936981201172, 162.58055114746094, 1.0], [213.33175659179688, 146.6762237548828, 1.0], [146.1835174560547, 201.9605255126953, 1.0], [230.31536865234375, 213.8433837890625, 1.0], [251.81076049804688, 194.56886291503906, 1.0], [230.9468994140625, 166.17318725585938, 1.0], [140.646484375, 218.54019165039062, 1.0], [212.53375244140625, 232.6366424560547, 1.0], [223.4042205810547, 214.1467742919922, 1.0], [209.7851104736328, 186.47726440429688, 1.0], [127.30867767333984, 228.69264221191406, 1.0], [173.5699462890625, 243.54673767089844, 1.0], [184.693603515625, 225.94168090820312, 1.0], [165.13072204589844, 196.94268798828125, 1.0]], "is_left": 0}