{"hand_pts": [[307.54986572265625, 284.0021667480469, 1.0], [267.3636779785156, 259.9608154296875, 1.0], [264.82623291015625, 252.0907745361328, 1.0], [262.8612365722656, 228.16900634765625, 1.0], [261.7652893066406, 186.66249084472656, 1.0], [164.19447326660156, 241.51278686523438, 1.0], [100.7948226928711, 219.78086853027344, 1.0], [101.39217376708984, 186.92897033691406, 1.0], [134.12680053710938, 164.03758239746094, 1.0], [172.3108673095703, 228.72605895996094, 1.0], [116.05078125, 183.47891235351562, 1.0], [128.4891357421875, 152.331787109375, 1.0], [155.0308837890625, 129.6079864501953, 1.0], [186.26141357421875, 215.8528289794922, 1.0], [161.8520965576172, 156.4373779296875, 1.0], [201.46224975585938, 149.57579040527344, 1.0], [241.42861938476562, 149.4980010986328, 1.0], [209.19970703125, 206.01466369628906, 1.0], [196.25315856933594, 163.22618103027344, 1.0], [196.62937927246094, 132.77236938476562, 1.0], [198.8795623779297, 101.60345458984375, 1.0]], "is_left": 0}