{"hand_pts": [[157.1497344970703, 228.5001678466797, 1.0], [186.3259735107422, 164.07447814941406, 1.0], [203.5635223388672, 93.71516418457031, 1.0], [210.57127380371094, 86.16454315185547, 1.0], [200.54598999023438, 141.98373413085938, 1.0], [114.39427947998047, 139.2667999267578, 1.0], [171.5193328857422, 126.88477325439453, 1.0], [220.20889282226562, 127.030029296875, 1.0], [268.9449462890625, 141.68447875976562, 1.0], [103.31161499023438, 188.7952880859375, 1.0], [127.99535369873047, 159.1776123046875, 1.0], [190.16139221191406, 153.7694549560547, 1.0], [248.52386474609375, 149.23435974121094, 1.0], [104.60430908203125, 228.77944946289062, 1.0], [160.9178924560547, 233.4770050048828, 1.0], [204.5347442626953, 235.8623046875, 1.0], [258.4536437988281, 233.51065063476562, 1.0], [112.41400909423828, 267.5115661621094, 1.0], [162.8154296875, 274.0755615234375, 1.0], [205.1133575439453, 275.93560791015625, 1.0], [253.21238708496094, 271.2664794921875, 1.0]], "is_left": 0}