{"hand_pts": [[320.2577819824219, 231.50592041015625, 1.0], [283.20538330078125, 215.24783325195312, 1.0], [266.95257568359375, 206.02938842773438, 1.0], [234.6465301513672, 178.31796264648438, 1.0], [215.48760986328125, 158.7271728515625, 1.0], [205.2472381591797, 226.92884826660156, 1.0], [164.12655639648438, 196.9583740234375, 1.0], [181.2713165283203, 171.8084716796875, 1.0], [190.41122436523438, 144.86019897460938, 1.0], [204.48605346679688, 220.08424377441406, 1.0], [138.26556396484375, 217.38140869140625, 1.0], [100.79785919189453, 204.53338623046875, 1.0], [78.21934509277344, 180.86289978027344, 1.0], [207.6867218017578, 210.37118530273438, 1.0], [144.9179229736328, 195.8112030029297, 1.0], [126.74376678466797, 170.1358642578125, 1.0], [108.44110107421875, 145.42694091796875, 1.0], [218.43580627441406, 200.57752990722656, 1.0], [202.6794891357422, 164.02816772460938, 1.0], [207.6071319580078, 139.50433349609375, 1.0], [215.7600860595703, 115.59044647216797, 1.0]], "is_left": 0}