{"hand_pts": [[182.69773864746094, 215.83892822265625, 1.0], [157.9879913330078, 239.4361114501953, 1.0], [165.15924072265625, 279.48486328125, 1.0], [171.79721069335938, 307.1225891113281, 1.0], [173.51043701171875, 277.2125549316406, 1.0], [205.39727783203125, 223.83193969726562, 1.0], [176.5518341064453, 219.55982971191406, 1.0], [151.83335876464844, 215.2440185546875, 1.0], [119.00596618652344, 210.91004943847656, 1.0], [216.39939880371094, 188.28961181640625, 1.0], [232.15672302246094, 174.50706481933594, 1.0], [189.11502075195312, 172.83924865722656, 1.0], [148.3700714111328, 172.88645935058594, 1.0], [217.9600372314453, 160.70469665527344, 1.0], [220.28985595703125, 123.7882308959961, 1.0], [209.17066955566406, 104.19085693359375, 1.0], [171.27186584472656, 109.01453399658203, 1.0], [214.85955810546875, 137.76809692382812, 1.0], [196.71690368652344, 106.80776977539062, 1.0], [165.56858825683594, 110.39039611816406, 1.0], [150.9542999267578, 136.3780517578125, 1.0]], "is_left": 0}