{"hand_pts": [[179.1143341064453, 346.4508361816406, 1.0], [197.89817810058594, 290.36505126953125, 1.0], [197.9375762939453, 254.05807495117188, 1.0], [201.35049438476562, 206.95370483398438, 1.0], [204.8479461669922, 178.8158721923828, 1.0], [150.86671447753906, 220.3860626220703, 1.0], [168.0418243408203, 163.71029663085938, 1.0], [203.99635314941406, 146.68280029296875, 1.0], [241.4658966064453, 147.5361328125, 1.0], [147.83489990234375, 228.31825256347656, 1.0], [152.09664916992188, 158.2814483642578, 1.0], [183.8628692626953, 125.14530944824219, 1.0], [212.5611114501953, 93.11231994628906, 1.0], [152.5434112548828, 236.24757385253906, 1.0], [142.31092834472656, 171.4547882080078, 1.0], [167.8340606689453, 139.73785400390625, 1.0], [203.84498596191406, 125.5881118774414, 1.0], [161.18499755859375, 250.61044311523438, 1.0], [176.86810302734375, 210.43313598632812, 1.0], [205.1337127685547, 191.7865753173828, 1.0], [235.9823455810547, 190.83041381835938, 1.0]], "is_left": 0}