{"hand_pts": [[164.7743682861328, 246.2445831298828, 1.0], [132.68682861328125, 225.16070556640625, 1.0], [88.62057495117188, 197.15634155273438, 1.0], [75.73303985595703, 179.59080505371094, 1.0], [92.26084899902344, 176.19020080566406, 1.0], [164.74205017089844, 148.26255798339844, 1.0], [149.76492309570312, 161.33053588867188, 1.0], [141.5353240966797, 198.5957489013672, 1.0], [143.78543090820312, 218.53164672851562, 1.0], [201.74224853515625, 155.01698303222656, 1.0], [207.3732452392578, 151.36170959472656, 1.0], [193.20252990722656, 180.74404907226562, 1.0], [172.1873321533203, 215.85653686523438, 1.0], [228.45706176757812, 167.12271118164062, 1.0], [246.9063720703125, 158.8745880126953, 1.0], [227.13510131835938, 192.28851318359375, 1.0], [205.3885040283203, 224.96206665039062, 1.0], [249.87240600585938, 185.56875610351562, 1.0], [277.1142578125, 168.10446166992188, 1.0], [258.000244140625, 185.26861572265625, 1.0], [232.7396697998047, 201.18881225585938, 1.0]], "is_left": 0}