{"hand_pts": [[122.99353790283203, 44.818016052246094, 1.0], [162.0632781982422, 72.79986572265625, 1.0], [210.02430725097656, 70.76299285888672, 1.0], [217.59445190429688, 107.41706848144531, 1.0], [177.86004638671875, 142.43453979492188, 1.0], [220.13429260253906, 126.07942199707031, 1.0], [250.27694702148438, 174.40879821777344, 1.0], [250.17518615722656, 210.82806396484375, 1.0], [243.80166625976562, 244.88217163085938, 1.0], [191.0146942138672, 142.94845581054688, 1.0], [196.1337432861328, 205.7655029296875, 1.0], [193.09201049804688, 239.131103515625, 1.0], [191.14553833007812, 270.1615905761719, 1.0], [162.86366271972656, 156.03370666503906, 1.0], [150.5796356201172, 209.26370239257812, 1.0], [131.63021850585938, 217.33743286132812, 1.0], [112.41573333740234, 206.7972412109375, 1.0], [131.87591552734375, 162.43173217773438, 1.0], [147.2379608154297, 203.7439422607422, 1.0], [153.1599884033203, 231.49993896484375, 1.0], [160.1773223876953, 258.872314453125, 1.0]], "is_left": 0}