{"hand_pts": [[139.50241088867188, 320.8373718261719, 1.0], [181.52264404296875, 290.6795654296875, 1.0], [202.91204833984375, 293.305908203125, 1.0], [233.7167205810547, 280.7352600097656, 1.0], [264.8705139160156, 264.71258544921875, 1.0], [137.29815673828125, 221.34579467773438, 1.0], [171.77114868164062, 161.88214111328125, 1.0], [211.2677001953125, 144.99166870117188, 1.0], [247.1850128173828, 120.81282806396484, 1.0], [119.44393920898438, 201.93568420410156, 1.0], [173.0284423828125, 145.27696228027344, 1.0], [212.4150390625, 165.63661193847656, 1.0], [205.63182067871094, 205.54762268066406, 1.0], [112.94540405273438, 187.71820068359375, 1.0], [184.80877685546875, 150.981689453125, 1.0], [225.8380889892578, 161.11012268066406, 1.0], [265.8960876464844, 170.82911682128906, 1.0], [110.9101791381836, 181.6302490234375, 1.0], [110.32734680175781, 127.21529388427734, 1.0], [134.0240020751953, 97.2094497680664, 1.0], [165.38833618164062, 119.58881378173828, 1.0]], "is_left": 0,"label":3}