{"hand_pts": [[113.17259979248047, 261.0826416015625, 1.0], [168.4709014892578, 208.6391143798828, 1.0], [205.51889038085938, 154.8175506591797, 1.0], [220.15553283691406, 103.6801528930664, 1.0], [193.4426727294922, 82.71924591064453, 1.0], [242.51882934570312, 235.3407745361328, 1.0], [278.93975830078125, 198.91883850097656, 1.0], [243.14492797851562, 164.51718139648438, 1.0], [199.87574768066406, 145.18869018554688, 1.0], [207.20431518554688, 254.1914520263672, 1.0], [238.77755737304688, 217.46800231933594, 1.0], [236.126708984375, 174.45654296875, 1.0], [216.76727294921875, 130.3533477783203, 1.0], [173.3794403076172, 262.53466796875, 1.0], [152.71890258789062, 197.28411865234375, 1.0], [128.66217041015625, 155.5477752685547, 1.0], [102.71088409423828, 123.2475357055664, 1.0], [135.27420043945312, 268.1484680175781, 1.0], [118.50917053222656, 231.95074462890625, 1.0], [104.53804779052734, 206.1112823486328, 1.0], [98.03408813476562, 191.6018524169922, 1.0]], "is_left": 0}