{"hand_pts": [[149.4288330078125, 329.78515625, 1.0], [183.3362274169922, 291.2995910644531, 1.0], [210.68663024902344, 284.8191223144531, 1.0], [243.7650909423828, 255.8955078125, 1.0], [268.2033996582031, 210.19508361816406, 1.0], [131.09326171875, 223.3638153076172, 1.0], [184.70999145507812, 186.6375732421875, 1.0], [228.2375030517578, 173.614501953125, 1.0], [263.2697448730469, 185.70770263671875, 1.0], [116.7321548461914, 210.59999084472656, 1.0], [96.76011657714844, 138.2552032470703, 1.0], [131.36708068847656, 98.94081115722656, 1.0], [177.68194580078125, 104.07403564453125, 1.0], [113.34168243408203, 201.34014892578125, 1.0], [178.99789428710938, 151.00343322753906, 1.0], [222.6528778076172, 136.36985778808594, 1.0], [264.3372497558594, 142.57337951660156, 1.0], [114.96416473388672, 199.70294189453125, 1.0], [149.42308044433594, 155.3937530517578, 1.0], [183.6442413330078, 166.9106903076172, 1.0], [206.60549926757812, 196.07754516601562, 1.0]], "is_left": 0}