{"hand_pts": [[231.98997497558594, 265.0059509277344, 1.0], [255.98855590820312, 217.2449188232422, 1.0], [276.4282531738281, 168.173583984375, 1.0], [294.25079345703125, 139.2856903076172, 1.0], [308.6450500488281, 120.12458801269531, 1.0], [194.0212860107422, 169.93423461914062, 1.0], [176.38912963867188, 133.45355224609375, 1.0], [199.23944091796875, 142.722900390625, 1.0], [223.84744262695312, 162.4474639892578, 1.0], [167.818603515625, 195.564453125, 1.0], [124.08544921875, 155.36328125, 1.0], [114.79523468017578, 131.7661590576172, 1.0], [123.34685516357422, 115.52243041992188, 1.0], [153.39353942871094, 218.05288696289062, 1.0], [101.42762756347656, 198.6661834716797, 1.0], [120.08011627197266, 191.58645629882812, 1.0], [157.63587951660156, 192.1722412109375, 1.0], [146.09596252441406, 243.06190490722656, 1.0], [156.0127716064453, 260.4270935058594, 1.0], [185.71917724609375, 268.3364562988281, 1.0], [213.1310272216797, 269.3203125, 1.0]], "is_left": 0}