{"hand_pts": [[343.3358154296875, 209.2406463623047, 1.0], [295.5617370605469, 157.61802673339844, 1.0], [260.04949951171875, 110.93641662597656, 1.0], [215.00253295898438, 83.50895690917969, 1.0], [168.07225036621094, 90.21178436279297, 1.0], [197.26165771484375, 178.33497619628906, 1.0], [148.50489807128906, 156.00697326660156, 1.0], [155.4658203125, 137.18310546875, 1.0], [157.36537170410156, 119.508544921875, 1.0], [200.29396057128906, 215.24339294433594, 1.0], [117.6651840209961, 224.8461456298828, 1.0], [106.8381118774414, 198.52395629882812, 1.0], [141.583984375, 172.95921325683594, 1.0], [207.57852172851562, 240.64414978027344, 1.0], [130.56155395507812, 238.194580078125, 1.0], [127.02684783935547, 211.17416381835938, 1.0], [156.82424926757812, 185.8785400390625, 1.0], [224.05078125, 262.0792541503906, 1.0], [205.2848358154297, 255.87213134765625, 1.0], [231.00140380859375, 232.10401916503906, 1.0], [262.88311767578125, 209.2074737548828, 1.0]], "is_left": 0}