{"hand_pts": [[138.48309326171875, 345.5660705566406, 1.0], [178.5861053466797, 293.60009765625, 1.0], [191.8150634765625, 262.7502746582031, 1.0], [206.3147430419922, 218.36874389648438, 1.0], [212.9424591064453, 184.12196350097656, 1.0], [144.29498291015625, 208.98951721191406, 1.0], [200.27430725097656, 173.0784912109375, 1.0], [240.0965118408203, 162.48919677734375, 1.0], [276.5736389160156, 147.7566680908203, 1.0], [131.0953826904297, 210.54429626464844, 1.0], [130.81280517578125, 135.4150848388672, 1.0], [156.32666015625, 95.16241455078125, 1.0], [200.5865020751953, 97.3588638305664, 1.0], [127.62679290771484, 215.02088928222656, 1.0], [161.75367736816406, 156.8667755126953, 1.0], [203.54998779296875, 150.35848999023438, 1.0], [230.9251708984375, 177.47157287597656, 1.0], [127.4786376953125, 227.82757568359375, 1.0], [162.39710998535156, 194.8715057373047, 1.0], [197.14434814453125, 186.49481201171875, 1.0], [214.63070678710938, 213.49073791503906, 1.0]], "is_left": 0}