{"hand_pts": [[189.50784301757812, 171.37432861328125, 1.0], [227.40975952148438, 191.30148315429688, 1.0], [275.28924560546875, 203.47166442871094, 1.0], [301.9001159667969, 219.05337524414062, 1.0], [304.8575439453125, 235.90545654296875, 1.0], [218.8616943359375, 151.1048126220703, 1.0], [227.82083129882812, 161.75323486328125, 1.0], [229.582275390625, 182.6331024169922, 1.0], [226.2152099609375, 213.29559326171875, 1.0], [178.3772735595703, 145.93765258789062, 1.0], [168.83447265625, 166.5855712890625, 1.0], [171.83050537109375, 205.1585235595703, 1.0], [179.55746459960938, 239.91879272460938, 1.0], [146.832275390625, 148.0973358154297, 1.0], [130.05296325683594, 153.34605407714844, 1.0], [130.35841369628906, 182.9840087890625, 1.0], [132.32102966308594, 213.6095428466797, 1.0], [119.01138305664062, 153.75152587890625, 1.0], [100.8685302734375, 158.36952209472656, 1.0], [99.14144897460938, 177.654296875, 1.0], [103.33053588867188, 201.6722412109375, 1.0]], "is_left": 0}