{"hand_pts": [[246.37155151367188, 348.2196350097656, 1.0], [214.60562133789062, 290.90557861328125, 1.0], [239.0731658935547, 250.21539306640625, 1.0], [227.94155883789062, 192.39662170410156, 1.0], [206.88925170898438, 155.5916748046875, 1.0], [252.1141357421875, 183.68267822265625, 1.0], [180.9852294921875, 162.00425720214844, 1.0], [151.6908721923828, 204.51490783691406, 1.0], [115.14618682861328, 238.61439514160156, 1.0], [249.38951110839844, 191.19039916992188, 1.0], [156.33042907714844, 174.69537353515625, 1.0], [97.90436553955078, 176.48419189453125, 1.0], [66.66647338867188, 217.60528564453125, 1.0], [238.973876953125, 202.19329833984375, 1.0], [216.13449096679688, 124.51336669921875, 1.0], [171.8673553466797, 103.9612808227539, 1.0], [140.13375854492188, 135.01841735839844, 1.0], [226.46778869628906, 222.41481018066406, 1.0], [200.3677978515625, 175.30616760253906, 1.0], [165.80783081054688, 155.8640899658203, 1.0], [126.73442840576172, 156.25880432128906, 1.0]], "is_left": 0}