{"hand_pts": [[249.95042419433594, 281.716064453125, 1.0], [247.37698364257812, 214.1943359375, 1.0], [256.7733154296875, 152.3013458251953, 1.0], [258.6956481933594, 108.32120513916016, 1.0], [253.905029296875, 91.9744644165039, 1.0], [161.71957397460938, 179.86166381835938, 1.0], [148.78993225097656, 139.6462860107422, 1.0], [177.53863525390625, 133.95993041992188, 1.0], [211.2606201171875, 137.95924377441406, 1.0], [149.47804260253906, 214.40782165527344, 1.0], [107.36067962646484, 166.2364044189453, 1.0], [137.0208740234375, 145.72177124023438, 1.0], [180.58993530273438, 146.6621856689453, 1.0], [147.07269287109375, 241.329833984375, 1.0], [131.94383239746094, 206.59510803222656, 1.0], [171.3838348388672, 199.34703063964844, 1.0], [210.31561279296875, 203.45616149902344, 1.0], [153.06466674804688, 269.3422546386719, 1.0], [162.0777587890625, 257.57135009765625, 1.0], [196.43829345703125, 252.1213836669922, 1.0], [229.84295654296875, 248.03546142578125, 1.0]], "is_left": 0}