{"hand_pts": [[220.73895263671875, 130.8793487548828, 1.0], [190.96261596679688, 103.15869140625, 1.0], [190.41415405273438, 59.37428665161133, 1.0], [172.2617645263672, 69.01283264160156, 1.0], [153.32455444335938, 115.35382843017578, 1.0], [230.8888397216797, 136.39990234375, 1.0], [219.09230041503906, 159.27479553222656, 1.0], [188.08740234375, 173.67971801757812, 1.0], [160.83023071289062, 188.9654541015625, 1.0], [233.36692810058594, 176.71014404296875, 1.0], [233.27662658691406, 208.90151977539062, 1.0], [199.00131225585938, 218.29946899414062, 1.0], [153.15301513671875, 211.15347290039062, 1.0], [227.68528747558594, 206.8318328857422, 1.0], [199.3338623046875, 236.3180389404297, 1.0], [155.3992462158203, 230.2334747314453, 1.0], [113.99649047851562, 219.09521484375, 1.0], [219.04159545898438, 231.18399047851562, 1.0], [174.2255859375, 250.1053466796875, 1.0], [137.357177734375, 245.9423370361328, 1.0], [117.9517822265625, 219.34756469726562, 1.0]], "is_left": 0}