{"hand_pts": [[345.4571838378906, 232.66123962402344, 1.0], [290.81451416015625, 239.19422912597656, 1.0], [264.0246887207031, 253.92593383789062, 1.0], [209.206298828125, 258.98602294921875, 1.0], [160.9003448486328, 254.74298095703125, 1.0], [248.12513732910156, 157.0386962890625, 1.0], [179.9168701171875, 154.21649169921875, 1.0], [140.42677307128906, 178.7173614501953, 1.0], [122.00873565673828, 214.83157348632812, 1.0], [247.1269073486328, 143.89869689941406, 1.0], [165.95848083496094, 134.12864685058594, 1.0], [131.68887329101562, 173.02313232421875, 1.0], [117.8533706665039, 217.07656860351562, 1.0], [243.93556213378906, 141.4906005859375, 1.0], [167.49502563476562, 127.3614730834961, 1.0], [141.76312255859375, 164.56480407714844, 1.0], [143.8874053955078, 205.40609741210938, 1.0], [245.50582885742188, 146.9720916748047, 1.0], [193.54197692871094, 147.1190185546875, 1.0], [168.06008911132812, 174.6731719970703, 1.0], [166.66897583007812, 210.27915954589844, 1.0]], "is_left": 0}