{"hand_pts": [[70.64817810058594, 281.41387939453125, 1.0], [130.82797241210938, 274.54400634765625, 1.0], [187.20008850097656, 285.8177185058594, 1.0], [229.79232788085938, 274.9229736328125, 1.0], [250.9375762939453, 251.1279296875, 1.0], [205.81747436523438, 195.686767578125, 1.0], [256.5121765136719, 165.57640075683594, 1.0], [279.8386535644531, 152.22000122070312, 1.0], [269.6195373535156, 161.01278686523438, 1.0], [179.6327667236328, 172.1683349609375, 1.0], [235.61932373046875, 107.18692016601562, 1.0], [229.88729858398438, 121.56690216064453, 1.0], [198.92401123046875, 164.1053009033203, 1.0], [155.37696838378906, 158.12078857421875, 1.0], [162.56076049804688, 147.1968536376953, 1.0], [145.0228729248047, 172.26976013183594, 1.0], [122.01084899902344, 207.6068115234375, 1.0], [126.05113220214844, 153.16757202148438, 1.0], [112.15179443359375, 142.31558227539062, 1.0], [95.12620544433594, 174.66900634765625, 1.0], [80.65406799316406, 211.66171264648438, 1.0]], "is_left": 0}