{"hand_pts": [[223.35472106933594, 260.2491455078125, 1.0], [230.01651000976562, 192.395263671875, 1.0], [258.6662292480469, 132.7884521484375, 1.0], [233.03346252441406, 97.5164794921875, 1.0], [187.0045166015625, 105.48059844970703, 1.0], [254.12535095214844, 199.68603515625, 1.0], [230.98617553710938, 155.37696838378906, 1.0], [197.67227172851562, 129.3817596435547, 1.0], [171.0358123779297, 121.16651153564453, 1.0], [229.63186645507812, 235.19403076171875, 1.0], [189.30038452148438, 188.25155639648438, 1.0], [158.15415954589844, 153.1476287841797, 1.0], [140.322265625, 131.58538818359375, 1.0], [205.4818878173828, 258.57733154296875, 1.0], [156.72714233398438, 220.40386962890625, 1.0], [134.3536834716797, 194.08151245117188, 1.0], [137.89572143554688, 185.86451721191406, 1.0], [181.4705047607422, 279.4686279296875, 1.0], [139.09889221191406, 263.01300048828125, 1.0], [120.41361236572266, 237.12889099121094, 1.0], [130.4123077392578, 220.1357421875, 1.0]], "is_left": 0}