{"hand_pts": [[234.91412353515625, 326.84893798828125, 1.0], [247.9303436279297, 280.6728515625, 1.0], [279.4922180175781, 255.80166625976562, 1.0], [281.8757019042969, 206.49856567382812, 1.0], [272.42132568359375, 160.40206909179688, 1.0], [188.89944458007812, 241.95797729492188, 1.0], [158.61480712890625, 209.08554077148438, 1.0], [170.16485595703125, 175.48158264160156, 1.0], [186.30902099609375, 151.2527313232422, 1.0], [167.57699584960938, 238.75938415527344, 1.0], [137.32452392578125, 184.11065673828125, 1.0], [154.28822326660156, 144.93836975097656, 1.0], [184.44032287597656, 130.06663513183594, 1.0], [155.71194458007812, 234.19093322753906, 1.0], [163.14723205566406, 163.4691162109375, 1.0], [176.81683349609375, 126.51438903808594, 1.0], [185.63404846191406, 87.47669219970703, 1.0], [150.42520141601562, 234.1218719482422, 1.0], [127.9049072265625, 189.3479461669922, 1.0], [138.7666015625, 158.82423400878906, 1.0], [168.45001220703125, 150.12901306152344, 1.0]], "is_left": 0}