{"hand_pts": [[268.106689453125, 166.5128173828125, 1.0], [198.7173614501953, 159.8700408935547, 1.0], [140.1482696533203, 134.31338500976562, 1.0], [106.36138916015625, 165.96475219726562, 1.0], [87.22159576416016, 203.79461669921875, 1.0], [195.2953338623047, 123.45611572265625, 1.0], [161.90367126464844, 104.78303527832031, 1.0], [133.03121948242188, 122.25778198242188, 1.0], [111.03010559082031, 155.65065002441406, 1.0], [231.22999572753906, 144.8607940673828, 1.0], [179.31832885742188, 184.61923217773438, 1.0], [144.3284454345703, 214.847900390625, 1.0], [115.1608657836914, 246.1440887451172, 1.0], [256.0317077636719, 167.5511932373047, 1.0], [229.3209228515625, 196.40463256835938, 1.0], [206.07887268066406, 221.9751739501953, 1.0], [177.8668975830078, 249.31533813476562, 1.0], [279.259033203125, 191.4466094970703, 1.0], [261.4554138183594, 222.89886474609375, 1.0], [236.2862548828125, 246.9889373779297, 1.0], [217.38327026367188, 252.579345703125, 1.0]], "is_left": 0}