{"hand_pts": [[283.2887268066406, 67.05695343017578, 1.0], [256.45947265625, 116.29013061523438, 1.0], [242.9445037841797, 156.69949340820312, 1.0], [212.84262084960938, 201.00949096679688, 1.0], [198.11257934570312, 203.36843872070312, 1.0], [241.3251190185547, 221.39537048339844, 1.0], [198.37353515625, 275.7859802246094, 1.0], [164.2971649169922, 297.64990234375, 1.0], [132.79150390625, 277.8135681152344, 1.0], [227.8928680419922, 209.6230010986328, 1.0], [167.10650634765625, 199.48704528808594, 1.0], [187.6505584716797, 151.43142700195312, 1.0], [207.3934326171875, 109.50127410888672, 1.0], [213.37777709960938, 192.2961883544922, 1.0], [143.735595703125, 178.181396484375, 1.0], [153.94046020507812, 134.4031219482422, 1.0], [185.9606170654297, 108.04000854492188, 1.0], [202.0330810546875, 165.04563903808594, 1.0], [149.79598999023438, 164.36102294921875, 1.0], [114.25664520263672, 158.68231201171875, 1.0], [102.29336547851562, 132.5745849609375, 1.0]], "is_left": 0}