{"hand_pts": [[123.47926330566406, 35.29045104980469, 1.0], [106.15191650390625, 100.06478118896484, 1.0], [80.4104995727539, 148.7904510498047, 1.0], [87.20606994628906, 196.8357696533203, 1.0], [113.82115936279297, 233.89723205566406, 1.0], [138.3459930419922, 142.2099609375, 1.0], [148.19436645507812, 192.59320068359375, 1.0], [158.12059020996094, 230.67803955078125, 1.0], [168.6460723876953, 266.5448913574219, 1.0], [172.47259521484375, 129.22821044921875, 1.0], [194.6046905517578, 188.14639282226562, 1.0], [205.4613800048828, 231.51370239257812, 1.0], [214.71615600585938, 272.5437316894531, 1.0], [198.28265380859375, 120.77558135986328, 1.0], [228.58384704589844, 170.77711486816406, 1.0], [241.25592041015625, 209.5421142578125, 1.0], [250.29872131347656, 247.5796356201172, 1.0], [218.77793884277344, 108.72445678710938, 1.0], [247.41004943847656, 145.412109375, 1.0], [259.1799011230469, 177.45364379882812, 1.0], [261.9666748046875, 210.92288208007812, 1.0]], "is_left": 0}