{"hand_pts": [[273.3531494140625, 296.1775207519531, 1.0], [196.90673828125, 275.3481140136719, 1.0], [138.00706481933594, 268.2415771484375, 1.0], [106.10496520996094, 240.81097412109375, 1.0], [126.7368392944336, 225.77310180664062, 1.0], [196.2874298095703, 183.94183349609375, 1.0], [171.15440368652344, 128.25599670410156, 1.0], [146.4395294189453, 99.43051147460938, 1.0], [123.03794860839844, 72.7513656616211, 1.0], [230.1398162841797, 174.86328125, 1.0], [182.40078735351562, 118.67064666748047, 1.0], [133.2660369873047, 121.12698364257812, 1.0], [104.93513488769531, 156.06399536132812, 1.0], [251.6243133544922, 173.9312744140625, 1.0], [194.90054321289062, 178.3760223388672, 1.0], [191.24220275878906, 218.12823486328125, 1.0], [214.9168243408203, 231.47584533691406, 1.0], [271.47296142578125, 181.90647888183594, 1.0], [249.7708282470703, 188.9102325439453, 1.0], [231.51580810546875, 210.74501037597656, 1.0], [225.5893096923828, 239.2008056640625, 1.0]], "is_left": 0}