{"hand_pts": [[51.83122634887695, 137.0036163330078, 1.0], [121.50751495361328, 152.91517639160156, 1.0], [176.59042358398438, 140.06298828125, 1.0], [227.55230712890625, 145.65682983398438, 1.0], [266.2188720703125, 168.44680786132812, 1.0], [177.73922729492188, 140.6506805419922, 1.0], [232.83538818359375, 170.93968200683594, 1.0], [237.5421600341797, 197.8518829345703, 1.0], [214.82357788085938, 213.46502685546875, 1.0], [151.18609619140625, 149.58102416992188, 1.0], [215.08871459960938, 176.7073974609375, 1.0], [213.0508270263672, 202.99298095703125, 1.0], [191.03558349609375, 211.14303588867188, 1.0], [129.15328979492188, 161.2258758544922, 1.0], [185.9391632080078, 182.06834411621094, 1.0], [192.48764038085938, 207.34556579589844, 1.0], [186.2131805419922, 223.66220092773438, 1.0], [103.23193359375, 172.8267364501953, 1.0], [131.67845153808594, 206.06051635742188, 1.0], [145.6370849609375, 229.64096069335938, 1.0], [134.5113525390625, 222.59423828125, 1.0]], "is_left": 0}