{"hand_pts": [[192.24366760253906, 248.2651824951172, 1.0], [226.15736389160156, 196.01666259765625, 1.0], [268.7884521484375, 160.4759521484375, 1.0], [278.47662353515625, 136.11585998535156, 1.0], [277.0421142578125, 118.74607849121094, 1.0], [247.17466735839844, 220.7955322265625, 1.0], [223.22962951660156, 165.1800994873047, 1.0], [201.07005310058594, 140.0585479736328, 1.0], [199.55406188964844, 154.896240234375, 1.0], [208.5697021484375, 237.98548889160156, 1.0], [206.84796142578125, 236.1438446044922, 1.0], [192.51878356933594, 193.38758850097656, 1.0], [178.49945068359375, 146.12664794921875, 1.0], [174.77651977539062, 244.81703186035156, 1.0], [147.38418579101562, 229.32733154296875, 1.0], [132.53353881835938, 184.20191955566406, 1.0], [121.40992736816406, 140.94033813476562, 1.0], [141.79299926757812, 249.13302612304688, 1.0], [100.45596313476562, 205.94110107421875, 1.0], [80.92365264892578, 173.620361328125, 1.0], [72.42391204833984, 143.7380828857422, 1.0]], "is_left": 0,"label":4}