{"hand_pts": [[168.3570098876953, 253.3636016845703, 1.0], [123.75618743896484, 239.29891967773438, 1.0], [85.23043823242188, 254.59683227539062, 1.0], [104.3629379272461, 226.2144012451172, 1.0], [143.7854461669922, 189.8686981201172, 1.0], [190.5703125, 235.74368286132812, 1.0], [199.5147705078125, 226.45457458496094, 1.0], [199.63320922851562, 211.27676391601562, 1.0], [174.7474822998047, 174.69802856445312, 1.0], [232.0704803466797, 216.85733032226562, 1.0], [185.78524780273438, 169.48983764648438, 1.0], [136.40182495117188, 142.1528778076172, 1.0], [88.04170227050781, 131.81100463867188, 1.0], [256.8399658203125, 198.04090881347656, 1.0], [222.62777709960938, 136.08221435546875, 1.0], [181.96536254882812, 139.6128387451172, 1.0], [191.87506103515625, 174.84536743164062, 1.0], [272.5171203613281, 181.81787109375, 1.0], [265.8939514160156, 137.1566925048828, 1.0], [222.44276428222656, 130.5843048095703, 1.0], [205.35098266601562, 159.3120574951172, 1.0]], "is_left": 0}