{"hand_pts": [[315.54736328125, 103.64797973632812, 1.0], [243.26275634765625, 93.88803100585938, 1.0], [183.97036743164062, 63.895381927490234, 1.0], [139.30259704589844, 73.89997863769531, 1.0], [153.2555694580078, 113.11895751953125, 1.0], [193.9750518798828, 160.7522430419922, 1.0], [153.44322204589844, 206.1149139404297, 1.0], [125.8990249633789, 232.9695281982422, 1.0], [100.82766723632812, 260.7677917480469, 1.0], [222.4854278564453, 191.11373901367188, 1.0], [166.6833953857422, 178.4381103515625, 1.0], [171.73690795898438, 141.23992919921875, 1.0], [195.2578887939453, 106.95401763916016, 1.0], [244.8315887451172, 210.68484497070312, 1.0], [185.80331420898438, 234.12083435058594, 1.0], [156.88922119140625, 229.9958953857422, 1.0], [144.44247436523438, 205.39508056640625, 1.0], [270.125, 222.12799072265625, 1.0], [239.11907958984375, 251.9692840576172, 1.0], [215.75177001953125, 250.9504852294922, 1.0], [190.4230499267578, 244.36981201171875, 1.0]], "is_left": 0}