{"hand_pts": [[45.07242202758789, 223.76132202148438, 1.0], [105.56494140625, 253.42172241210938, 1.0], [154.49154663085938, 287.8262939453125, 1.0], [187.89122009277344, 249.98020935058594, 1.0], [161.96450805664062, 209.16009521484375, 1.0], [131.9344024658203, 216.9936065673828, 1.0], [194.81600952148438, 225.90171813964844, 1.0], [230.384033203125, 233.06993103027344, 1.0], [268.18231201171875, 237.02301025390625, 1.0], [123.1694564819336, 179.49537658691406, 1.0], [194.61538696289062, 149.5352783203125, 1.0], [240.64993286132812, 136.69664001464844, 1.0], [264.0877685546875, 153.31687927246094, 1.0], [119.7002182006836, 152.4410400390625, 1.0], [194.7913818359375, 151.5022430419922, 1.0], [233.9734649658203, 160.97727966308594, 1.0], [235.37115478515625, 184.83380126953125, 1.0], [113.59506225585938, 131.07614135742188, 1.0], [152.7237091064453, 116.1808090209961, 1.0], [157.31268310546875, 134.34852600097656, 1.0], [154.8026885986328, 159.94395446777344, 1.0]], "is_left": 0}