{"hand_pts": [[29.657793045043945, 126.89682006835938, 1.0], [86.07305908203125, 114.46504211425781, 1.0], [116.8822021484375, 100.16207122802734, 1.0], [163.56800842285156, 98.73441314697266, 1.0], [199.97952270507812, 119.56591796875, 1.0], [134.13059997558594, 184.57443237304688, 1.0], [193.1016845703125, 211.0779266357422, 1.0], [222.20822143554688, 184.8412322998047, 1.0], [233.81613159179688, 154.49871826171875, 1.0], [132.25619506835938, 201.751953125, 1.0], [211.6508331298828, 220.5166015625, 1.0], [259.5331115722656, 206.10667419433594, 1.0], [258.97552490234375, 165.58216857910156, 1.0], [132.6114959716797, 208.3677520751953, 1.0], [178.7039031982422, 255.14773559570312, 1.0], [220.1663818359375, 264.22491455078125, 1.0], [262.1250915527344, 269.16754150390625, 1.0], [127.97835540771484, 207.75003051757812, 1.0], [168.86251831054688, 194.2380828857422, 1.0], [170.19590759277344, 163.39553833007812, 1.0], [154.85411071777344, 133.57737731933594, 1.0]], "is_left": 0}