{"hand_pts": [[257.01947021484375, 305.61212158203125, 1.0], [215.60659790039062, 247.30929565429688, 1.0], [165.64183044433594, 232.4816131591797, 1.0], [138.0355224609375, 192.31666564941406, 1.0], [135.55191040039062, 155.81680297851562, 1.0], [154.07289123535156, 231.4801025390625, 1.0], [135.6448974609375, 162.96083068847656, 1.0], [164.1803436279297, 145.13870239257812, 1.0], [192.28848266601562, 170.76937866210938, 1.0], [177.45883178710938, 242.2316131591797, 1.0], [133.1943359375, 179.21371459960938, 1.0], [127.60710906982422, 126.46595764160156, 1.0], [151.35874938964844, 102.44064331054688, 1.0], [200.51446533203125, 246.2987823486328, 1.0], [208.8679962158203, 167.15386962890625, 1.0], [226.901123046875, 135.43185424804688, 1.0], [244.35784912109375, 149.58287048339844, 1.0], [227.64724731445312, 251.9774169921875, 1.0], [226.71051025390625, 201.18504333496094, 1.0], [238.02386474609375, 182.1559295654297, 1.0], [245.09751892089844, 202.20436096191406, 1.0]], "is_left": 0}