{"hand_pts": [[35.261714935302734, 246.1497344970703, 1.0], [67.98242950439453, 186.22125244140625, 1.0], [75.52153778076172, 126.33671569824219, 1.0], [114.41952514648438, 105.81019592285156, 1.0], [151.97726440429688, 127.1783218383789, 1.0], [166.30307006835938, 158.83502197265625, 1.0], [215.03814697265625, 130.54953002929688, 1.0], [211.6510467529297, 129.54544067382812, 1.0], [188.0645294189453, 140.65762329101562, 1.0], [179.0417938232422, 197.40036010742188, 1.0], [240.1331787109375, 173.89830017089844, 1.0], [224.86569213867188, 167.97633361816406, 1.0], [186.3447265625, 169.2461700439453, 1.0], [184.112060546875, 228.17138671875, 1.0], [244.56805419921875, 216.58641052246094, 1.0], [229.2949981689453, 211.4385223388672, 1.0], [189.6806182861328, 208.61984252929688, 1.0], [179.0006866455078, 258.7667236328125, 1.0], [215.09815979003906, 262.2183837890625, 1.0], [205.99415588378906, 255.54861450195312, 1.0], [171.6009979248047, 243.41461181640625, 1.0]], "is_left": 0,"label":5}