{"hand_pts": [[217.5206756591797, 341.466796875, 1.0], [189.87718200683594, 271.05194091796875, 1.0], [184.1434326171875, 233.81935119628906, 1.0], [130.00439453125, 183.50247192382812, 1.0], [104.84839630126953, 185.3184051513672, 1.0], [266.5936584472656, 178.5712127685547, 1.0], [189.48507690429688, 125.87357330322266, 1.0], [152.03387451171875, 163.0621337890625, 1.0], [180.1217803955078, 208.9088134765625, 1.0], [271.8458251953125, 183.85604858398438, 1.0], [191.0266876220703, 113.98194122314453, 1.0], [141.68467712402344, 149.00254821777344, 1.0], [169.17544555664062, 197.83352661132812, 1.0], [265.1304016113281, 189.611572265625, 1.0], [186.40380859375, 131.04364013671875, 1.0], [149.06903076171875, 166.06829833984375, 1.0], [179.1955108642578, 205.12265014648438, 1.0], [252.21878051757812, 203.89674377441406, 1.0], [195.15184020996094, 178.10089111328125, 1.0], [162.57337951660156, 202.43785095214844, 1.0], [195.23068237304688, 227.06700134277344, 1.0]], "is_left": 0}