{"hand_pts": [[184.31744384765625, 22.46603012084961, 1.0], [171.71485900878906, 63.2172966003418, 1.0], [162.73513793945312, 95.42503356933594, 1.0], [153.99978637695312, 130.38853454589844, 1.0], [145.98516845703125, 164.42466735839844, 1.0], [196.69871520996094, 140.32955932617188, 1.0], [213.48046875, 189.35336303710938, 1.0], [220.0460968017578, 221.1695556640625, 1.0], [232.98095703125, 250.14089965820312, 1.0], [187.14927673339844, 140.75352478027344, 1.0], [204.55043029785156, 203.50613403320312, 1.0], [207.69216918945312, 241.40110778808594, 1.0], [218.18710327148438, 276.0124816894531, 1.0], [173.72808837890625, 137.56861877441406, 1.0], [183.6998748779297, 200.138671875, 1.0], [179.59991455078125, 235.04962158203125, 1.0], [178.28164672851562, 269.2290954589844, 1.0], [159.0006866455078, 126.7414321899414, 1.0], [158.01071166992188, 170.25955200195312, 1.0], [153.23680114746094, 200.29505920410156, 1.0], [148.8103485107422, 232.05548095703125, 1.0]], "is_left": 0,"label":4}