{"hand_pts": [[47.37303924560547, 267.9979248046875, 1.0], [110.5660629272461, 264.299072265625, 1.0], [161.25885009765625, 291.2138671875, 1.0], [207.5426483154297, 285.5659484863281, 1.0], [228.6253204345703, 241.0853729248047, 1.0], [177.25274658203125, 241.05850219726562, 1.0], [223.94776916503906, 212.51693725585938, 1.0], [253.20294189453125, 191.4576416015625, 1.0], [269.07366943359375, 158.07394409179688, 1.0], [155.95474243164062, 213.2034149169922, 1.0], [202.91358947753906, 167.40928649902344, 1.0], [231.24513244628906, 131.57748413085938, 1.0], [241.63333129882812, 113.1872787475586, 1.0], [137.1409912109375, 189.4564971923828, 1.0], [184.9041290283203, 142.98280334472656, 1.0], [213.5178680419922, 111.97937774658203, 1.0], [220.62960815429688, 101.96468353271484, 1.0], [113.3283462524414, 170.062744140625, 1.0], [118.60130310058594, 132.3536376953125, 1.0], [102.63420867919922, 149.56781005859375, 1.0], [85.8834457397461, 176.4276123046875, 1.0]], "is_left": 0}