{"hand_pts": [[39.22636795043945, 98.75790405273438, 1.0], [54.937530517578125, 135.58729553222656, 1.0], [52.24484634399414, 158.5582275390625, 1.0], [89.42002868652344, 186.5887451171875, 1.0], [137.33749389648438, 209.03518676757812, 1.0], [137.64358520507812, 148.38037109375, 1.0], [192.25794982910156, 169.720703125, 1.0], [225.4424285888672, 188.80276489257812, 1.0], [234.23272705078125, 211.57603454589844, 1.0], [163.98260498046875, 146.65550231933594, 1.0], [221.32687377929688, 193.20726013183594, 1.0], [200.96835327148438, 209.27963256835938, 1.0], [177.48973083496094, 222.01446533203125, 1.0], [181.3291015625, 147.94664001464844, 1.0], [236.8119659423828, 183.4631805419922, 1.0], [238.25830078125, 207.72511291503906, 1.0], [233.00930786132812, 229.0361328125, 1.0], [189.76992797851562, 147.70469665527344, 1.0], [227.92031860351562, 177.7045135498047, 1.0], [240.1982421875, 199.07240295410156, 1.0], [230.10475158691406, 216.29580688476562, 1.0]], "is_left": 0}