{"hand_pts": [[176.82957458496094, 49.43894958496094, 1.0], [193.31289672851562, 84.1783676147461, 1.0], [193.13272094726562, 94.60877227783203, 1.0], [197.96620178222656, 142.73974609375, 1.0], [201.58084106445312, 173.933349609375, 1.0], [137.27354431152344, 155.92166137695312, 1.0], [183.2752227783203, 182.5441436767578, 1.0], [222.4413604736328, 181.38723754882812, 1.0], [245.56640625, 154.21583557128906, 1.0], [131.6277313232422, 165.39776611328125, 1.0], [154.0829620361328, 231.42127990722656, 1.0], [198.2393341064453, 229.48684692382812, 1.0], [235.57199096679688, 208.12271118164062, 1.0], [134.42898559570312, 170.80508422851562, 1.0], [150.39479064941406, 230.24432373046875, 1.0], [176.64340209960938, 253.22445678710938, 1.0], [198.81271362304688, 279.01153564453125, 1.0], [141.9982147216797, 168.69747924804688, 1.0], [173.6072235107422, 198.74591064453125, 1.0], [196.9686737060547, 175.34181213378906, 1.0], [211.1192626953125, 143.4381866455078, 1.0]], "is_left": 0}