{"hand_pts": [[123.38339233398438, 43.197696685791016, 1.0], [125.86373901367188, 85.40313720703125, 1.0], [123.11419677734375, 88.89923095703125, 1.0], [160.10704040527344, 100.43539428710938, 1.0], [204.2648468017578, 112.57276153564453, 1.0], [121.80804443359375, 175.6991424560547, 1.0], [145.76979064941406, 205.2141571044922, 1.0], [169.58677673339844, 188.22235107421875, 1.0], [190.75648498535156, 159.21507263183594, 1.0], [144.9021453857422, 170.067626953125, 1.0], [186.643310546875, 221.7266387939453, 1.0], [217.29949951171875, 240.37388610839844, 1.0], [246.57138061523438, 256.64471435546875, 1.0], [166.78094482421875, 160.68075561523438, 1.0], [179.8155059814453, 227.08175659179688, 1.0], [203.027587890625, 253.0256805419922, 1.0], [226.45114135742188, 276.3070373535156, 1.0], [186.79205322265625, 143.49375915527344, 1.0], [211.0332794189453, 182.6630096435547, 1.0], [231.15773010253906, 205.74313354492188, 1.0], [247.77127075195312, 205.3610382080078, 1.0]], "is_left": 0}