{"hand_pts": [[31.422147750854492, 146.98426818847656, 1.0], [79.41785430908203, 125.26290130615234, 1.0], [115.66480255126953, 93.98794555664062, 1.0], [162.56427001953125, 105.20623016357422, 1.0], [199.49998474121094, 126.46320343017578, 1.0], [138.30323791503906, 177.9781494140625, 1.0], [185.60940551757812, 199.63180541992188, 1.0], [225.64727783203125, 198.09637451171875, 1.0], [262.42840576171875, 190.5164337158203, 1.0], [136.42886352539062, 197.96875, 1.0], [203.4131622314453, 228.72500610351562, 1.0], [247.0045928955078, 222.22329711914062, 1.0], [286.2643127441406, 211.8811492919922, 1.0], [134.6157989501953, 207.62167358398438, 1.0], [200.5690460205078, 210.32752990722656, 1.0], [200.80506896972656, 176.7172393798828, 1.0], [177.85415649414062, 147.80335998535156, 1.0], [127.10247802734375, 211.2839813232422, 1.0], [171.7709197998047, 223.94845581054688, 1.0], [197.5208740234375, 208.4617919921875, 1.0], [224.21847534179688, 190.88299560546875, 1.0]], "is_left": 0,"label":3}