{"hand_pts": [[273.66064453125, 169.3731689453125, 1.0], [259.43634033203125, 222.12533569335938, 1.0], [253.0905303955078, 278.74005126953125, 1.0], [242.18807983398438, 294.8812561035156, 1.0], [231.18594360351562, 277.7994689941406, 1.0], [158.20660400390625, 210.65478515625, 1.0], [133.59384155273438, 226.62522888183594, 1.0], [148.52647399902344, 234.03404235839844, 1.0], [175.60806274414062, 237.8314208984375, 1.0], [159.31924438476562, 166.60818481445312, 1.0], [128.72109985351562, 174.03182983398438, 1.0], [150.9397430419922, 187.0329132080078, 1.0], [185.83839416503906, 201.12161254882812, 1.0], [169.50457763671875, 133.54405212402344, 1.0], [145.5626983642578, 129.2134552001953, 1.0], [170.4955596923828, 139.17315673828125, 1.0], [206.8961944580078, 153.80947875976562, 1.0], [188.13241577148438, 104.06713104248047, 1.0], [181.7845458984375, 92.63670349121094, 1.0], [199.42898559570312, 98.9291000366211, 1.0], [230.78123474121094, 118.0668716430664, 1.0]], "is_left": 0}