{"hand_pts": [[110.67131042480469, 89.25287628173828, 1.0], [158.7173614501953, 107.43875122070312, 1.0], [186.58204650878906, 107.0608139038086, 1.0], [199.22952270507812, 124.25180053710938, 1.0], [177.82044982910156, 163.2429656982422, 1.0], [244.79974365234375, 134.90565490722656, 1.0], [276.09844970703125, 175.0148162841797, 1.0], [246.45875549316406, 197.60000610351562, 1.0], [221.84959411621094, 220.267333984375, 1.0], [215.41302490234375, 151.74859619140625, 1.0], [266.6971435546875, 196.533447265625, 1.0], [252.98052978515625, 223.78146362304688, 1.0], [215.1414031982422, 213.81658935546875, 1.0], [185.34872436523438, 166.29832458496094, 1.0], [162.91526794433594, 224.7615509033203, 1.0], [131.20526123046875, 218.10577392578125, 1.0], [101.53351593017578, 212.48513793945312, 1.0], [150.24591064453125, 176.2538299560547, 1.0], [115.88497161865234, 214.7032928466797, 1.0], [87.43964385986328, 225.33078002929688, 1.0], [71.57342529296875, 213.61302185058594, 1.0]], "is_left": 0}