{"hand_pts": [[80.86011505126953, 147.37733459472656, 1.0], [105.08509826660156, 211.14007568359375, 1.0], [109.45825958251953, 284.9367980957031, 1.0], [137.8467559814453, 286.5916442871094, 1.0], [164.99412536621094, 282.53961181640625, 1.0], [177.08921813964844, 196.169677734375, 1.0], [181.21548461914062, 254.17568969726562, 1.0], [170.66690063476562, 289.6458740234375, 1.0], [140.21023559570312, 291.0252380371094, 1.0], [182.1569366455078, 151.625244140625, 1.0], [223.91632080078125, 158.38128662109375, 1.0], [234.9413604736328, 174.46517944335938, 1.0], [207.9177703857422, 198.8507080078125, 1.0], [182.64952087402344, 120.77105712890625, 1.0], [235.2396697998047, 91.14237213134766, 1.0], [250.41067504882812, 107.40130615234375, 1.0], [262.407958984375, 127.38182067871094, 1.0], [176.4710693359375, 94.12284088134766, 1.0], [198.636474609375, 103.55925750732422, 1.0], [177.47901916503906, 126.98120880126953, 1.0], [159.15911865234375, 123.30157470703125, 1.0]], "is_left": 0}