{"hand_pts": [[103.20133972167969, 245.77737426757812, 1.0], [163.21424865722656, 196.0567169189453, 1.0], [200.82452392578125, 138.03509521484375, 1.0], [249.1164093017578, 115.81146240234375, 1.0], [264.05328369140625, 157.07635498046875, 1.0], [146.20233154296875, 130.82858276367188, 1.0], [213.8931884765625, 119.82603454589844, 1.0], [257.75994873046875, 132.18209838867188, 1.0], [298.21630859375, 148.2230224609375, 1.0], [121.5719223022461, 165.23577880859375, 1.0], [203.01736450195312, 161.91104125976562, 1.0], [212.50857543945312, 190.16073608398438, 1.0], [188.22731018066406, 207.52415466308594, 1.0], [108.39559936523438, 197.67933654785156, 1.0], [146.46763610839844, 191.11167907714844, 1.0], [181.88113403320312, 212.38758850097656, 1.0], [208.71583557128906, 231.70989990234375, 1.0], [97.72991943359375, 233.4663543701172, 1.0], [108.41930389404297, 247.85116577148438, 1.0], [135.94212341308594, 259.5465087890625, 1.0], [166.31886291503906, 257.6359558105469, 1.0]], "is_left": 0}