{"hand_pts": [[277.6640319824219, 27.037965774536133, 1.0], [255.3976593017578, 83.8805160522461, 1.0], [218.21218872070312, 104.1093978881836, 1.0], [194.90774536132812, 155.71388244628906, 1.0], [214.857177734375, 161.11817932128906, 1.0], [162.86827087402344, 137.8286590576172, 1.0], [108.87390899658203, 188.39816284179688, 1.0], [85.22077178955078, 228.83514404296875, 1.0], [92.5200424194336, 271.46136474609375, 1.0], [171.29747009277344, 137.92738342285156, 1.0], [128.26280212402344, 209.474609375, 1.0], [140.2094268798828, 258.4077453613281, 1.0], [182.29762268066406, 260.2032165527344, 1.0], [185.97792053222656, 139.40615844726562, 1.0], [172.71412658691406, 217.39476013183594, 1.0], [212.56968688964844, 225.43316650390625, 1.0], [242.1187286376953, 198.13406372070312, 1.0], [207.87677001953125, 135.25083923339844, 1.0], [228.67132568359375, 180.18304443359375, 1.0], [258.3042907714844, 176.96798706054688, 1.0], [256.86572265625, 145.99256896972656, 1.0]], "is_left": 0}