{"hand_pts": [[124.95726776123047, 213.94143676757812, 1.0], [144.30169677734375, 167.19737243652344, 1.0], [138.25694274902344, 120.91695404052734, 1.0], [157.9974365234375, 83.09769439697266, 1.0], [182.8256378173828, 50.40966796875, 1.0], [135.9250030517578, 169.02207946777344, 1.0], [132.6392364501953, 161.97665405273438, 1.0], [170.150634765625, 151.98243713378906, 1.0], [198.6577911376953, 149.40167236328125, 1.0], [145.5731964111328, 201.5506134033203, 1.0], [164.59690856933594, 209.62249755859375, 1.0], [204.08566284179688, 194.31491088867188, 1.0], [239.76806640625, 183.08555603027344, 1.0], [157.92620849609375, 224.9876251220703, 1.0], [200.6380615234375, 218.03933715820312, 1.0], [234.45144653320312, 206.96827697753906, 1.0], [267.9533386230469, 196.46084594726562, 1.0], [169.5585174560547, 245.95309448242188, 1.0], [192.17430114746094, 262.1387023925781, 1.0], [219.1868438720703, 256.7856750488281, 1.0], [229.17047119140625, 229.50057983398438, 1.0]], "is_left": 0}