{"hand_pts": [[161.91241455078125, 341.63330078125, 1.0], [151.7157745361328, 278.65216064453125, 1.0], [101.87173461914062, 240.30007934570312, 1.0], [115.76240539550781, 192.7676544189453, 1.0], [160.09120178222656, 191.7194061279297, 1.0], [115.17926025390625, 197.1427459716797, 1.0], [137.0731658935547, 149.58299255371094, 1.0], [153.54052734375, 121.46831512451172, 1.0], [182.31825256347656, 121.56108093261719, 1.0], [139.86012268066406, 208.39520263671875, 1.0], [152.2640380859375, 130.36021423339844, 1.0], [186.05517578125, 115.61907958984375, 1.0], [216.624755859375, 99.13607788085938, 1.0], [165.27035522460938, 219.69583129882812, 1.0], [233.74339294433594, 188.2737579345703, 1.0], [273.7779235839844, 183.141845703125, 1.0], [310.7903747558594, 183.09852600097656, 1.0], [191.6099395751953, 238.1605682373047, 1.0], [232.5634307861328, 207.6653289794922, 1.0], [253.701416015625, 208.73350524902344, 1.0], [232.8731231689453, 231.75750732421875, 1.0]], "is_left": 0}