{"hand_pts": [[134.42909240722656, 342.9952697753906, 1.0], [152.25111389160156, 281.368896484375, 1.0], [182.06507873535156, 263.1601257324219, 1.0], [218.9867401123047, 238.0491943359375, 1.0], [258.41796875, 207.61932373046875, 1.0], [116.30911254882812, 186.93324279785156, 1.0], [146.08506774902344, 125.79261779785156, 1.0], [186.29507446289062, 142.51690673828125, 1.0], [222.8956756591797, 163.8910369873047, 1.0], [123.12689208984375, 195.4596405029297, 1.0], [119.7752456665039, 109.44938659667969, 1.0], [161.2147979736328, 87.85285186767578, 1.0], [200.0157012939453, 108.85106658935547, 1.0], [135.64305114746094, 205.91497802734375, 1.0], [193.50863647460938, 155.46673583984375, 1.0], [217.7315216064453, 185.88790893554688, 1.0], [215.5128631591797, 222.328857421875, 1.0], [150.26202392578125, 224.93359375, 1.0], [190.21485900878906, 196.62937927246094, 1.0], [226.4706573486328, 190.80050659179688, 1.0], [243.21926879882812, 208.11329650878906, 1.0]], "is_left": 0}