{"hand_pts": [[208.7373809814453, 234.52639770507812, 1.0], [177.44114685058594, 253.46267700195312, 1.0], [157.1262664794922, 295.16650390625, 1.0], [120.44314575195312, 273.2153625488281, 1.0], [112.52471160888672, 224.95828247070312, 1.0], [237.95318603515625, 229.95751953125, 1.0], [186.14991760253906, 207.71807861328125, 1.0], [150.0758819580078, 206.30697631835938, 1.0], [153.2394561767578, 216.04501342773438, 1.0], [253.5645294189453, 192.56346130371094, 1.0], [199.83128356933594, 151.4409637451172, 1.0], [156.53912353515625, 163.00343322753906, 1.0], [156.6065673828125, 191.25665283203125, 1.0], [257.296630859375, 163.26364135742188, 1.0], [204.84083557128906, 116.92906188964844, 1.0], [171.3773956298828, 133.84222412109375, 1.0], [181.56356811523438, 165.9591827392578, 1.0], [255.05332946777344, 139.23220825195312, 1.0], [221.1208038330078, 101.99429321289062, 1.0], [187.2605743408203, 115.73343658447266, 1.0], [194.29437255859375, 150.3152618408203, 1.0]], "is_left": 0}