{"hand_pts": [[254.67039489746094, 236.23854064941406, 1.0], [187.22874450683594, 239.7464599609375, 1.0], [118.20025634765625, 251.77154541015625, 1.0], [92.03398132324219, 249.6383819580078, 1.0], [132.21678161621094, 235.34518432617188, 1.0], [143.19927978515625, 156.12258911132812, 1.0], [138.15545654296875, 182.86131286621094, 1.0], [150.5900421142578, 215.46990966796875, 1.0], [171.96893310546875, 250.6734619140625, 1.0], [185.6199951171875, 141.56527709960938, 1.0], [176.2986297607422, 142.5435028076172, 1.0], [187.63092041015625, 188.91114807128906, 1.0], [194.22666931152344, 209.43771362304688, 1.0], [220.61849975585938, 137.66220092773438, 1.0], [196.64927673339844, 116.94593811035156, 1.0], [200.79037475585938, 158.27346801757812, 1.0], [209.4385528564453, 193.07162475585938, 1.0], [256.5032043457031, 141.944580078125, 1.0], [255.66946411132812, 129.07125854492188, 1.0], [248.8774871826172, 152.1424560546875, 1.0], [240.28945922851562, 186.33299255371094, 1.0]], "is_left": 0}