{"hand_pts": [[134.5095977783203, 230.87294006347656, 1.0], [143.4996795654297, 253.50355529785156, 1.0], [156.93606567382812, 285.8659973144531, 1.0], [175.21554565429688, 296.5447998046875, 1.0], [197.23118591308594, 269.2023010253906, 1.0], [130.74581909179688, 185.07261657714844, 1.0], [145.62669372558594, 191.59559631347656, 1.0], [171.6171417236328, 213.13034057617188, 1.0], [194.2142791748047, 235.01327514648438, 1.0], [145.01182556152344, 155.97633361816406, 1.0], [196.04078674316406, 168.71826171875, 1.0], [224.7615966796875, 203.00076293945312, 1.0], [232.01126098632812, 239.481201171875, 1.0], [160.65646362304688, 138.73342895507812, 1.0], [179.37689208984375, 98.2562026977539, 1.0], [202.5485382080078, 98.66206359863281, 1.0], [226.02342224121094, 105.6703872680664, 1.0], [176.25006103515625, 128.66122436523438, 1.0], [200.19406127929688, 108.35148620605469, 1.0], [215.5121307373047, 137.36622619628906, 1.0], [210.58836364746094, 169.7791290283203, 1.0]], "is_left": 0}