{"hand_pts": [[59.3131103515625, 117.91294860839844, 1.0], [93.75298309326172, 193.9902801513672, 1.0], [94.6574935913086, 261.0035400390625, 1.0], [144.4308319091797, 285.149169921875, 1.0], [184.7850341796875, 257.36566162109375, 1.0], [157.99560546875, 216.64041137695312, 1.0], [204.4274444580078, 250.31170654296875, 1.0], [189.74867248535156, 240.51907348632812, 1.0], [156.9465789794922, 215.99691772460938, 1.0], [175.18849182128906, 171.6818389892578, 1.0], [238.04331970214844, 194.47669982910156, 1.0], [208.07447814941406, 191.07794189453125, 1.0], [160.68206787109375, 181.46112060546875, 1.0], [188.4416961669922, 137.19374084472656, 1.0], [247.5199737548828, 152.510498046875, 1.0], [213.56057739257812, 150.27003479003906, 1.0], [170.48260498046875, 145.25228881835938, 1.0], [194.12734985351562, 103.20609283447266, 1.0], [232.25225830078125, 95.65962982177734, 1.0], [215.6719207763672, 101.06620025634766, 1.0], [177.18441772460938, 111.6439208984375, 1.0]], "is_left": 0}