{"hand_pts": [[88.38707733154297, 279.5157165527344, 1.0], [161.02647399902344, 279.1564636230469, 1.0], [220.0670166015625, 292.7240905761719, 1.0], [265.11328125, 277.2093200683594, 1.0], [249.12135314941406, 232.86285400390625, 1.0], [152.13284301757812, 243.71376037597656, 1.0], [200.13119506835938, 200.9851531982422, 1.0], [234.8391571044922, 173.6765899658203, 1.0], [268.5101318359375, 147.8539581298828, 1.0], [122.45298767089844, 214.40521240234375, 1.0], [163.19979858398438, 182.775634765625, 1.0], [202.19700622558594, 163.59010314941406, 1.0], [248.4383544921875, 148.4262237548828, 1.0], [104.88483428955078, 191.07431030273438, 1.0], [155.40692138671875, 138.61785888671875, 1.0], [198.0287322998047, 120.93119812011719, 1.0], [220.01019287109375, 138.6208953857422, 1.0], [89.1674575805664, 173.19686889648438, 1.0], [119.95386505126953, 137.841064453125, 1.0], [143.77369689941406, 122.3996353149414, 1.0], [170.90252685546875, 106.93632507324219, 1.0]], "is_left": 0}