{"hand_pts": [[51.975189208984375, 94.11312103271484, 1.0], [126.42483520507812, 98.26399230957031, 1.0], [178.76885986328125, 108.52447509765625, 1.0], [227.03372192382812, 128.42884826660156, 1.0], [261.6513977050781, 147.1698760986328, 1.0], [162.88916015625, 195.90818786621094, 1.0], [199.38343811035156, 254.06414794921875, 1.0], [228.47071838378906, 239.95355224609375, 1.0], [253.3992919921875, 222.5463409423828, 1.0], [136.17791748046875, 206.67076110839844, 1.0], [193.0532684326172, 189.0476531982422, 1.0], [206.4953155517578, 139.68458557128906, 1.0], [210.37066650390625, 90.35836791992188, 1.0], [117.19782257080078, 206.66224670410156, 1.0], [167.65603637695312, 257.9444274902344, 1.0], [205.9161376953125, 261.84539794921875, 1.0], [222.3465118408203, 219.45970153808594, 1.0], [96.2691650390625, 197.56259155273438, 1.0], [133.46983337402344, 188.20909118652344, 1.0], [155.80673217773438, 160.43966674804688, 1.0], [179.20338439941406, 128.68270874023438, 1.0]], "is_left": 0}