{"hand_pts": [[317.4588623046875, 180.56797790527344, 1.0], [245.2800750732422, 155.4177703857422, 1.0], [185.1876983642578, 125.80799102783203, 1.0], [142.642578125, 141.16146850585938, 1.0], [110.24910736083984, 161.02137756347656, 1.0], [221.92550659179688, 122.54716491699219, 1.0], [152.5903778076172, 128.45323181152344, 1.0], [130.45301818847656, 156.40316772460938, 1.0], [144.7774200439453, 180.51121520996094, 1.0], [243.7374725341797, 154.17767333984375, 1.0], [174.04766845703125, 200.78778076171875, 1.0], [148.67807006835938, 230.17176818847656, 1.0], [142.7268829345703, 246.97177124023438, 1.0], [257.2973327636719, 183.5004119873047, 1.0], [205.33277893066406, 179.71409606933594, 1.0], [165.76869201660156, 197.5756072998047, 1.0], [144.55307006835938, 214.30462646484375, 1.0], [272.2208251953125, 213.1107940673828, 1.0], [241.19549560546875, 220.83291625976562, 1.0], [205.23867797851562, 230.52474975585938, 1.0], [168.6768035888672, 238.4519500732422, 1.0]], "is_left": 0,"label":3}