{"hand_pts": [[96.44406127929688, 319.8380126953125, 1.0], [165.79783630371094, 290.5320739746094, 1.0], [228.91761779785156, 286.5569152832031, 1.0], [250.2018585205078, 232.8375701904297, 1.0], [223.02316284179688, 190.5178985595703, 1.0], [177.6830596923828, 246.0163116455078, 1.0], [226.3601531982422, 210.76205444335938, 1.0], [259.5902099609375, 178.9340057373047, 1.0], [291.3354187011719, 147.75135803222656, 1.0], [142.82073974609375, 228.3357391357422, 1.0], [164.953125, 178.34634399414062, 1.0], [194.33580017089844, 137.806884765625, 1.0], [218.9574737548828, 124.2161636352539, 1.0], [118.03527069091797, 213.1536407470703, 1.0], [160.3348846435547, 149.8329620361328, 1.0], [191.45205688476562, 123.81371307373047, 1.0], [208.5867156982422, 126.91059112548828, 1.0], [93.94288635253906, 203.81703186035156, 1.0], [99.03194427490234, 149.87417602539062, 1.0], [122.16090393066406, 137.08047485351562, 1.0], [148.72323608398438, 129.23263549804688, 1.0]], "is_left": 0}