{"hand_pts": [[247.55120849609375, 138.1685791015625, 1.0], [263.8838195800781, 176.3665313720703, 1.0], [308.59942626953125, 191.34898376464844, 1.0], [310.5370178222656, 191.37648010253906, 1.0], [281.5870056152344, 181.22854614257812, 1.0], [183.09454345703125, 229.51918029785156, 1.0], [130.96290588378906, 262.19464111328125, 1.0], [129.62818908691406, 255.3512420654297, 1.0], [123.33059692382812, 251.04478454589844, 1.0], [150.40611267089844, 206.46624755859375, 1.0], [160.6337127685547, 208.96084594726562, 1.0], [200.68113708496094, 191.11656188964844, 1.0], [242.8116455078125, 171.17776489257812, 1.0], [131.22654724121094, 184.04409790039062, 1.0], [127.81480407714844, 161.0053253173828, 1.0], [163.44064331054688, 138.6942138671875, 1.0], [204.40028381347656, 121.5159683227539, 1.0], [121.57366943359375, 158.3907012939453, 1.0], [119.62388610839844, 133.4195098876953, 1.0], [158.1278076171875, 124.66275787353516, 1.0], [163.0741729736328, 142.92410278320312, 1.0]], "is_left": 0}