{"hand_pts": [[36.2948112487793, 233.44332885742188, 1.0], [75.42658233642578, 189.273193359375, 1.0], [89.21259307861328, 168.32420349121094, 1.0], [139.403076171875, 170.58221435546875, 1.0], [187.6771240234375, 179.9588165283203, 1.0], [128.11570739746094, 154.61695861816406, 1.0], [174.8612823486328, 135.43017578125, 1.0], [163.3391571044922, 154.44227600097656, 1.0], [134.5272674560547, 173.45814514160156, 1.0], [141.8619384765625, 182.81163024902344, 1.0], [206.2889404296875, 153.0657501220703, 1.0], [241.01446533203125, 147.71343994140625, 1.0], [268.6014709472656, 145.15711975097656, 1.0], [153.49893188476562, 206.9395751953125, 1.0], [209.62974548339844, 199.8618927001953, 1.0], [251.81961059570312, 194.03585815429688, 1.0], [265.0346374511719, 189.06130981445312, 1.0], [158.6109161376953, 232.14505004882812, 1.0], [209.3964080810547, 232.3134002685547, 1.0], [236.73825073242188, 232.65444946289062, 1.0], [259.3248596191406, 231.64764404296875, 1.0]], "is_left": 0}