{"hand_pts": [[98.82537841796875, 321.8180847167969, 1.0], [138.05262756347656, 265.4440002441406, 1.0], [128.91683959960938, 209.41390991210938, 1.0], [139.7481689453125, 155.75401306152344, 1.0], [162.95045471191406, 115.24784851074219, 1.0], [139.20980834960938, 188.04763793945312, 1.0], [153.1800994873047, 132.02268981933594, 1.0], [185.04029846191406, 106.48014831542969, 1.0], [225.9860382080078, 110.49028015136719, 1.0], [139.75909423828125, 209.69479370117188, 1.0], [190.10617065429688, 164.41726684570312, 1.0], [230.56593322753906, 176.91455078125, 1.0], [222.74465942382812, 204.17926025390625, 1.0], [145.1326904296875, 230.95803833007812, 1.0], [190.61215209960938, 174.80592346191406, 1.0], [231.97357177734375, 167.16366577148438, 1.0], [252.3332061767578, 186.64329528808594, 1.0], [149.5481414794922, 257.9837646484375, 1.0], [190.36929321289062, 231.2593231201172, 1.0], [223.62533569335938, 216.77354431152344, 1.0], [259.6965026855469, 204.53012084960938, 1.0]], "is_left": 0,"label":4}