{"hand_pts": [[28.457368850708008, 283.6640319824219, 1.0], [99.60240173339844, 256.11773681640625, 1.0], [166.6534423828125, 265.44598388671875, 1.0], [220.564697265625, 235.4547576904297, 1.0], [225.28111267089844, 193.49905395507812, 1.0], [203.99081420898438, 241.2901611328125, 1.0], [240.2747344970703, 185.59544372558594, 1.0], [200.1699676513672, 168.67529296875, 1.0], [152.63644409179688, 174.79345703125, 1.0], [178.48716735839844, 227.77334594726562, 1.0], [242.75799560546875, 173.13473510742188, 1.0], [212.6694793701172, 152.3282470703125, 1.0], [175.35606384277344, 143.29469299316406, 1.0], [152.81565856933594, 213.58786010742188, 1.0], [211.13845825195312, 163.15431213378906, 1.0], [193.14920043945312, 141.0806121826172, 1.0], [160.75119018554688, 164.6933135986328, 1.0], [119.45633697509766, 202.29241943359375, 1.0], [146.7772674560547, 166.35816955566406, 1.0], [159.06594848632812, 135.98976135253906, 1.0], [164.3733367919922, 113.2059326171875, 1.0]], "is_left": 0}