{"hand_pts": [[279.4168395996094, 297.96942138671875, 1.0], [278.75994873046875, 228.0535125732422, 1.0], [302.5993957519531, 172.8862762451172, 1.0], [269.9840393066406, 147.35446166992188, 1.0], [234.98806762695312, 132.10581970214844, 1.0], [217.48974609375, 191.83303833007812, 1.0], [196.34255981445312, 135.1017608642578, 1.0], [182.29833984375, 99.07138061523438, 1.0], [182.61880493164062, 85.58098602294922, 1.0], [187.82461547851562, 221.0253143310547, 1.0], [151.802490234375, 160.49417114257812, 1.0], [154.66629028320312, 134.95413208007812, 1.0], [178.1856689453125, 149.3607635498047, 1.0], [166.9452362060547, 243.0067138671875, 1.0], [110.5970230102539, 203.2577667236328, 1.0], [130.08102416992188, 195.65306091308594, 1.0], [150.75892639160156, 189.08567810058594, 1.0], [153.74549865722656, 266.7613220214844, 1.0], [127.08522033691406, 250.612548828125, 1.0], [138.413818359375, 243.86366271972656, 1.0], [174.4595489501953, 247.1995086669922, 1.0]], "is_left": 0}