{"hand_pts": [[260.3025817871094, 119.93766784667969, 1.0], [274.2100524902344, 142.8916015625, 1.0], [300.649169921875, 166.5469207763672, 1.0], [286.41400146484375, 195.96092224121094, 1.0], [242.29803466796875, 210.45213317871094, 1.0], [209.17408752441406, 126.19928741455078, 1.0], [177.30752563476562, 134.91249084472656, 1.0], [176.28932189941406, 169.9094696044922, 1.0], [195.84552001953125, 190.7124786376953, 1.0], [178.60984802246094, 130.323974609375, 1.0], [154.52894592285156, 186.61172485351562, 1.0], [175.82752990722656, 224.35060119628906, 1.0], [212.7374725341797, 231.23936462402344, 1.0], [159.46453857421875, 138.83396911621094, 1.0], [142.35150146484375, 191.7425537109375, 1.0], [141.97047424316406, 225.9687042236328, 1.0], [171.45533752441406, 251.1332550048828, 1.0], [148.53033447265625, 147.8306121826172, 1.0], [109.01468658447266, 169.4545135498047, 1.0], [107.64556121826172, 197.17115783691406, 1.0], [143.30873107910156, 206.8465118408203, 1.0]], "is_left": 0}