{"hand_pts": [[216.85455322265625, 107.0883560180664, 1.0], [192.74671936035156, 89.41757202148438, 1.0], [170.01527404785156, 68.40780639648438, 1.0], [156.22080993652344, 91.97438049316406, 1.0], [145.10113525390625, 117.7052001953125, 1.0], [238.92312622070312, 142.72821044921875, 1.0], [253.2576904296875, 161.1355438232422, 1.0], [216.6967315673828, 171.58238220214844, 1.0], [174.80563354492188, 173.40036010742188, 1.0], [239.299072265625, 180.91705322265625, 1.0], [189.48036193847656, 192.8172607421875, 1.0], [147.98922729492188, 189.33360290527344, 1.0], [103.62593078613281, 175.04922485351562, 1.0], [231.70896911621094, 208.1885223388672, 1.0], [211.23785400390625, 246.06494140625, 1.0], [171.3572998046875, 245.93235778808594, 1.0], [129.59349060058594, 233.67559814453125, 1.0], [220.70314025878906, 228.03114318847656, 1.0], [193.73739624023438, 261.4241943359375, 1.0], [158.1907196044922, 253.9873046875, 1.0], [137.08961486816406, 221.24728393554688, 1.0]], "is_left": 0}