{"hand_pts": [[354.12603759765625, 192.57936096191406, 1.0], [302.80877685546875, 168.7462615966797, 1.0], [277.2849426269531, 135.47972106933594, 1.0], [232.65696716308594, 130.80535888671875, 1.0], [188.36973571777344, 155.16989135742188, 1.0], [224.15188598632812, 126.30674743652344, 1.0], [160.81350708007812, 117.96961212158203, 1.0], [132.49562072753906, 137.85157775878906, 1.0], [113.07770538330078, 164.20823669433594, 1.0], [223.266357421875, 154.60643005371094, 1.0], [149.2503662109375, 169.6845703125, 1.0], [130.59182739257812, 195.9852294921875, 1.0], [133.05406188964844, 222.207763671875, 1.0], [224.3722686767578, 181.98374938964844, 1.0], [153.2741241455078, 198.6768341064453, 1.0], [145.0157928466797, 222.8247833251953, 1.0], [157.09475708007812, 243.03262329101562, 1.0], [233.10951232910156, 210.6650390625, 1.0], [189.92356872558594, 236.835205078125, 1.0], [174.4791259765625, 257.64453125, 1.0], [180.0902557373047, 271.13323974609375, 1.0]], "is_left": 0}