{"hand_pts": [[37.717010498046875, 215.47267150878906, 1.0], [88.03556823730469, 210.9678497314453, 1.0], [119.6822738647461, 253.99366760253906, 1.0], [159.35548400878906, 217.7269287109375, 1.0], [191.0846710205078, 179.2210693359375, 1.0], [161.9585418701172, 246.52891540527344, 1.0], [218.8377227783203, 252.96713256835938, 1.0], [255.47117614746094, 251.60098266601562, 1.0], [291.08380126953125, 261.1186218261719, 1.0], [154.66497802734375, 227.0004425048828, 1.0], [219.5076446533203, 205.7110137939453, 1.0], [234.86090087890625, 163.95867919921875, 1.0], [237.28799438476562, 124.89385223388672, 1.0], [146.82594299316406, 205.49928283691406, 1.0], [198.729248046875, 159.8152313232422, 1.0], [203.1767578125, 123.02677154541016, 1.0], [207.73231506347656, 87.37391662597656, 1.0], [132.9793243408203, 183.56654357910156, 1.0], [145.1693572998047, 130.34976196289062, 1.0], [148.60069274902344, 93.74139404296875, 1.0], [141.9311065673828, 61.957862854003906, 1.0]], "is_left": 0}