{"hand_pts": [[297.3390197753906, 298.5455627441406, 1.0], [261.0727233886719, 245.3301544189453, 1.0], [233.53614807128906, 211.8388214111328, 1.0], [207.06784057617188, 170.52162170410156, 1.0], [200.38912963867188, 145.67108154296875, 1.0], [173.79556274414062, 228.06504821777344, 1.0], [173.74209594726562, 166.1205291748047, 1.0], [213.92384338378906, 169.57485961914062, 1.0], [251.9107208251953, 178.92922973632812, 1.0], [183.82217407226562, 235.51275634765625, 1.0], [118.31816864013672, 209.4219207763672, 1.0], [87.49156951904297, 176.01296997070312, 1.0], [67.27227783203125, 137.5958709716797, 1.0], [198.05177307128906, 237.5574951171875, 1.0], [176.76315307617188, 172.59967041015625, 1.0], [188.70411682128906, 133.75381469726562, 1.0], [210.4119415283203, 102.74745178222656, 1.0], [219.56309509277344, 241.47999572753906, 1.0], [192.04051208496094, 214.5370635986328, 1.0], [180.76571655273438, 183.80474853515625, 1.0], [187.1298828125, 151.9301300048828, 1.0]], "is_left": 0}