{"hand_pts": [[45.363948822021484, 198.3889617919922, 1.0], [83.42630767822266, 205.78488159179688, 1.0], [91.086181640625, 221.53465270996094, 1.0], [126.21153259277344, 246.8273468017578, 1.0], [163.15618896484375, 267.56890869140625, 1.0], [135.36639404296875, 153.5562744140625, 1.0], [182.03248596191406, 141.95602416992188, 1.0], [215.13409423828125, 152.7940216064453, 1.0], [246.21592712402344, 166.2854461669922, 1.0], [144.16925048828125, 149.9720916748047, 1.0], [210.8697509765625, 172.89370727539062, 1.0], [242.1581268310547, 199.6129913330078, 1.0], [252.43980407714844, 232.723388671875, 1.0], [151.34048461914062, 153.289306640625, 1.0], [212.7818603515625, 138.04806518554688, 1.0], [250.37571716308594, 140.69479370117188, 1.0], [284.1309509277344, 153.92776489257812, 1.0], [152.6230010986328, 161.19857788085938, 1.0], [184.1274871826172, 189.27789306640625, 1.0], [191.6656494140625, 215.67945861816406, 1.0], [166.97979736328125, 230.34765625, 1.0]], "is_left": 0}