{"hand_pts": [[85.80734252929688, 303.81024169921875, 1.0], [108.90470123291016, 230.15957641601562, 1.0], [125.98950958251953, 170.59779357910156, 1.0], [155.95750427246094, 121.83495330810547, 1.0], [186.0913848876953, 125.9677963256836, 1.0], [103.76546478271484, 163.21026611328125, 1.0], [153.057861328125, 108.01339721679688, 1.0], [196.02066040039062, 103.55374908447266, 1.0], [225.8776397705078, 123.79351043701172, 1.0], [122.5738296508789, 194.66159057617188, 1.0], [216.7425537109375, 184.08616638183594, 1.0], [217.19224548339844, 212.7109832763672, 1.0], [224.1298828125, 238.01145935058594, 1.0], [143.3415985107422, 221.5213623046875, 1.0], [205.90101623535156, 167.88536071777344, 1.0], [239.013427734375, 166.64739990234375, 1.0], [227.35142517089844, 190.42620849609375, 1.0], [162.2360076904297, 252.5556640625, 1.0], [222.46957397460938, 238.3305206298828, 1.0], [227.16514587402344, 245.01817321777344, 1.0], [183.1603240966797, 255.10365295410156, 1.0]], "is_left": 0}