{"hand_pts": [[128.631591796875, 225.32183837890625, 1.0], [138.44970703125, 174.92105102539062, 1.0], [135.51339721679688, 118.04490661621094, 1.0], [124.1361083984375, 84.7502212524414, 1.0], [110.70992279052734, 67.83666229248047, 1.0], [225.28155517578125, 172.95852661132812, 1.0], [247.385498046875, 139.62428283691406, 1.0], [211.6880340576172, 137.65127563476562, 1.0], [180.72027587890625, 134.0736083984375, 1.0], [228.15267944335938, 210.1337890625, 1.0], [225.8970489501953, 195.56912231445312, 1.0], [181.17323303222656, 184.94827270507812, 1.0], [137.5590362548828, 176.40870666503906, 1.0], [222.69679260253906, 238.211181640625, 1.0], [222.71707153320312, 231.7112274169922, 1.0], [184.1356201171875, 220.78138732910156, 1.0], [149.4255828857422, 211.27906799316406, 1.0], [209.61849975585938, 264.059326171875, 1.0], [207.61534118652344, 260.3416748046875, 1.0], [176.21693420410156, 245.68582153320312, 1.0], [157.98934936523438, 237.2758026123047, 1.0]], "is_left": 0}