{"hand_pts": [[18.237279891967773, 222.85360717773438, 1.0], [66.2802734375, 221.92404174804688, 1.0], [88.4350357055664, 245.6831512451172, 1.0], [138.6934051513672, 260.5548400878906, 1.0], [177.29409790039062, 255.17332458496094, 1.0], [125.17181396484375, 153.0538787841797, 1.0], [182.4130096435547, 142.16622924804688, 1.0], [218.99156188964844, 157.48782348632812, 1.0], [256.3960876464844, 166.4945831298828, 1.0], [132.0772247314453, 150.2569580078125, 1.0], [204.16026306152344, 130.71527099609375, 1.0], [220.64492797851562, 169.3997039794922, 1.0], [212.48487854003906, 208.4930877685547, 1.0], [138.1073760986328, 155.12869262695312, 1.0], [213.16036987304688, 177.3767852783203, 1.0], [250.57211303710938, 200.13343811035156, 1.0], [244.06036376953125, 236.30322265625, 1.0], [137.5065155029297, 166.22793579101562, 1.0], [183.74574279785156, 147.22679138183594, 1.0], [215.9890594482422, 159.33139038085938, 1.0], [206.83377075195312, 182.990478515625, 1.0]], "is_left": 0}