{"hand_pts": [[33.2175407409668, 232.7640380859375, 1.0], [82.37352752685547, 226.78916931152344, 1.0], [101.3375244140625, 249.15403747558594, 1.0], [150.78819274902344, 265.3134765625, 1.0], [199.6268310546875, 262.6363830566406, 1.0], [119.43617248535156, 138.8043670654297, 1.0], [178.28627014160156, 145.78939819335938, 1.0], [210.3974609375, 174.7761688232422, 1.0], [206.9549560546875, 209.886962890625, 1.0], [128.68289184570312, 129.14157104492188, 1.0], [204.31736755371094, 127.15347290039062, 1.0], [214.47789001464844, 173.7399139404297, 1.0], [233.70896911621094, 214.05441284179688, 1.0], [139.24546813964844, 129.14376831054688, 1.0], [226.55636596679688, 127.05473327636719, 1.0], [259.32025146484375, 159.26303100585938, 1.0], [235.13247680664062, 194.04771423339844, 1.0], [144.95999145507812, 137.5706787109375, 1.0], [195.39739990234375, 166.4175262451172, 1.0], [200.75994873046875, 201.56222534179688, 1.0], [199.76202392578125, 238.76239013671875, 1.0]], "is_left": 0}