{"hand_pts": [[17.62579345703125, 176.91664123535156, 1.0], [81.54158782958984, 146.61807250976562, 1.0], [122.29940032958984, 101.70440673828125, 1.0], [180.3209686279297, 99.67719268798828, 1.0], [217.99093627929688, 130.87896728515625, 1.0], [171.21434020996094, 129.124755859375, 1.0], [213.59991455078125, 144.11795043945312, 1.0], [232.2086181640625, 157.1481170654297, 1.0], [199.63148498535156, 172.3168182373047, 1.0], [165.09814453125, 164.51109313964844, 1.0], [227.21783447265625, 188.0400848388672, 1.0], [192.43702697753906, 194.95855712890625, 1.0], [167.55657958984375, 203.96153259277344, 1.0], [157.76956176757812, 195.10562133789062, 1.0], [237.8049774169922, 211.78909301757812, 1.0], [258.2596740722656, 223.24737548828125, 1.0], [279.0754089355469, 234.5221405029297, 1.0], [142.0619354248047, 224.41900634765625, 1.0], [160.24551391601562, 257.8154602050781, 1.0], [138.09938049316406, 258.4858703613281, 1.0], [109.15888977050781, 248.617431640625, 1.0]], "is_left": 0}