{"hand_pts": [[255.41163635253906, 238.1190185546875, 1.0], [228.5617218017578, 166.77586364746094, 1.0], [187.41140747070312, 107.46190643310547, 1.0], [138.7130126953125, 83.58187866210938, 1.0], [128.1286163330078, 125.4625015258789, 1.0], [262.5426330566406, 155.58551025390625, 1.0], [201.41448974609375, 120.09400177001953, 1.0], [157.28749084472656, 106.30245971679688, 1.0], [114.85309600830078, 96.81924438476562, 1.0], [258.32476806640625, 201.85498046875, 1.0], [218.66680908203125, 191.85488891601562, 1.0], [170.634765625, 178.16845703125, 1.0], [128.01722717285156, 164.18455505371094, 1.0], [247.7598419189453, 236.7062530517578, 1.0], [199.07476806640625, 229.50730895996094, 1.0], [164.2217559814453, 217.3610076904297, 1.0], [159.46827697753906, 209.0290985107422, 1.0], [235.38320922851562, 269.71209716796875, 1.0], [185.72032165527344, 285.35711669921875, 1.0], [156.3264617919922, 278.3591613769531, 1.0], [162.00192260742188, 258.574951171875, 1.0]], "is_left": 0}