{"hand_pts": [[62.81147766113281, 98.8123779296875, 1.0], [117.6529312133789, 95.32101440429688, 1.0], [147.43898010253906, 72.18085479736328, 1.0], [197.2792510986328, 99.9088134765625, 1.0], [237.3390655517578, 138.37318420410156, 1.0], [124.53048706054688, 161.80612182617188, 1.0], [192.2001495361328, 180.72808837890625, 1.0], [221.6438446044922, 168.1751708984375, 1.0], [219.65835571289062, 148.1505126953125, 1.0], [117.11067199707031, 193.10841369628906, 1.0], [190.59347534179688, 224.50222778320312, 1.0], [236.4794158935547, 213.50611877441406, 1.0], [273.3008117675781, 196.5640869140625, 1.0], [116.50829315185547, 214.04275512695312, 1.0], [194.65158081054688, 237.48194885253906, 1.0], [211.4355926513672, 209.0511474609375, 1.0], [195.29769897460938, 174.78634643554688, 1.0], [114.902587890625, 226.43759155273438, 1.0], [162.30616760253906, 253.52223205566406, 1.0], [192.69970703125, 247.5657196044922, 1.0], [191.08973693847656, 211.53778076171875, 1.0]], "is_left": 0}