{"hand_pts": [[359.8682556152344, 65.4522705078125, 1.0], [279.25213623046875, 121.11967468261719, 1.0], [234.23028564453125, 158.1768798828125, 1.0], [174.4418182373047, 190.8708953857422, 1.0], [133.58807373046875, 207.41317749023438, 1.0], [234.8404998779297, 202.5911407470703, 1.0], [160.99441528320312, 235.27561950683594, 1.0], [160.4164276123047, 204.96385192871094, 1.0], [175.43069458007812, 170.6807098388672, 1.0], [242.6851348876953, 190.69691467285156, 1.0], [156.719970703125, 241.64451599121094, 1.0], [138.4576873779297, 218.29566955566406, 1.0], [171.5580596923828, 186.29856872558594, 1.0], [245.4869842529297, 176.78932189941406, 1.0], [161.1019287109375, 181.89425659179688, 1.0], [136.59539794921875, 164.1853485107422, 1.0], [123.453369140625, 142.0508575439453, 1.0], [253.0166473388672, 155.56358337402344, 1.0], [198.486572265625, 178.43991088867188, 1.0], [180.10926818847656, 169.25714111328125, 1.0], [182.99346923828125, 154.45689392089844, 1.0]], "is_left": 0}