{"hand_pts": [[314.1437072753906, 142.08541870117188, 1.0], [279.0924987792969, 199.0497283935547, 1.0], [265.51080322265625, 240.16119384765625, 1.0], [239.7689208984375, 273.09051513671875, 1.0], [203.9738006591797, 295.06103515625, 1.0], [199.9381866455078, 195.45382690429688, 1.0], [144.24124145507812, 201.9624481201172, 1.0], [107.59727478027344, 206.31460571289062, 1.0], [83.44828796386719, 216.759521484375, 1.0], [193.9407501220703, 158.1243133544922, 1.0], [143.85096740722656, 176.27159118652344, 1.0], [161.4115753173828, 194.46731567382812, 1.0], [200.03387451171875, 196.2729034423828, 1.0], [192.65853881835938, 131.4243621826172, 1.0], [162.59437561035156, 140.90048217773438, 1.0], [182.09780883789062, 153.2332000732422, 1.0], [215.77809143066406, 164.908447265625, 1.0], [199.3079376220703, 107.39244842529297, 1.0], [172.01162719726562, 119.50366973876953, 1.0], [173.38043212890625, 137.4176788330078, 1.0], [186.91629028320312, 159.28158569335938, 1.0]], "is_left": 0}