{"hand_pts": [[85.30230712890625, 26.94993019104004, 1.0], [92.37857055664062, 92.27410888671875, 1.0], [73.41204833984375, 134.21841430664062, 1.0], [84.30220794677734, 177.20230102539062, 1.0], [124.42874145507812, 209.3546905517578, 1.0], [123.79768371582031, 162.9595184326172, 1.0], [141.7522430419922, 223.6307830810547, 1.0], [165.86253356933594, 229.35061645507812, 1.0], [187.27777099609375, 226.55770874023438, 1.0], [150.8868408203125, 146.78512573242188, 1.0], [206.20761108398438, 204.2622833251953, 1.0], [234.55870056152344, 226.75230407714844, 1.0], [244.68724060058594, 231.62588500976562, 1.0], [173.20045471191406, 132.53628540039062, 1.0], [218.70840454101562, 186.5686798095703, 1.0], [248.30331420898438, 219.38478088378906, 1.0], [273.7848815917969, 247.9457550048828, 1.0], [190.3834686279297, 112.73197937011719, 1.0], [230.99476623535156, 142.6621856689453, 1.0], [254.10769653320312, 167.54037475585938, 1.0], [270.4962463378906, 191.5233917236328, 1.0]], "is_left": 0}