{"hand_pts": [[298.62969970703125, 281.8652038574219, 1.0], [219.4707794189453, 272.9236145019531, 1.0], [154.38259887695312, 268.3939208984375, 1.0], [112.79505920410156, 243.1128692626953, 1.0], [106.90711975097656, 204.8101348876953, 1.0], [191.7943878173828, 195.61253356933594, 1.0], [149.19845581054688, 160.29345703125, 1.0], [133.56991577148438, 172.34732055664062, 1.0], [143.95822143554688, 201.4861602783203, 1.0], [228.81947326660156, 179.8823699951172, 1.0], [181.1998291015625, 127.60147857666016, 1.0], [139.31446838378906, 112.97117614746094, 1.0], [102.96807861328125, 93.11199188232422, 1.0], [255.99302673339844, 172.7591552734375, 1.0], [196.64996337890625, 155.26632690429688, 1.0], [190.5182342529297, 189.2686767578125, 1.0], [193.32862854003906, 223.61273193359375, 1.0], [283.6539001464844, 173.7491455078125, 1.0], [250.83702087402344, 159.2003173828125, 1.0], [227.83837890625, 176.5716552734375, 1.0], [226.8690948486328, 208.0635528564453, 1.0]], "is_left": 0}