{"hand_pts": [[335.45513916015625, 221.36569213867188, 1.0], [290.8580322265625, 183.8120574951172, 1.0], [276.1780700683594, 157.17247009277344, 1.0], [228.31251525878906, 142.79635620117188, 1.0], [210.9253387451172, 154.21221923828125, 1.0], [234.35887145996094, 185.95892333984375, 1.0], [178.73568725585938, 156.28875732421875, 1.0], [141.65626525878906, 134.8895263671875, 1.0], [113.2843017578125, 114.6519546508789, 1.0], [231.54481506347656, 206.2686767578125, 1.0], [178.80088806152344, 204.6956787109375, 1.0], [148.90093994140625, 182.85107421875, 1.0], [139.988525390625, 164.79302978515625, 1.0], [229.17388916015625, 220.03594970703125, 1.0], [167.01901245117188, 206.77890014648438, 1.0], [126.91423034667969, 188.75587463378906, 1.0], [86.68582153320312, 170.1201171875, 1.0], [232.81536865234375, 232.6080780029297, 1.0], [189.33096313476562, 236.0712127685547, 1.0], [155.550537109375, 228.19908142089844, 1.0], [148.95982360839844, 207.244873046875, 1.0]], "is_left": 0,"label":5}