{"hand_pts": [[278.9938659667969, 87.10948181152344, 1.0], [207.8916473388672, 137.23570251464844, 1.0], [149.40011596679688, 175.5132598876953, 1.0], [113.69020080566406, 213.05906677246094, 1.0], [96.51416015625, 244.26681518554688, 1.0], [175.32220458984375, 140.98316955566406, 1.0], [134.593505859375, 166.2018585205078, 1.0], [113.44309997558594, 196.15708923339844, 1.0], [95.5662612915039, 225.5833282470703, 1.0], [215.9501495361328, 135.6009521484375, 1.0], [175.69325256347656, 168.04437255859375, 1.0], [151.1737823486328, 206.58990478515625, 1.0], [130.11514282226562, 244.45654296875, 1.0], [248.65296936035156, 136.17062377929688, 1.0], [219.30960083007812, 168.19085693359375, 1.0], [200.14315795898438, 203.68814086914062, 1.0], [182.0592498779297, 239.78627014160156, 1.0], [282.2030944824219, 135.94927978515625, 1.0], [272.04913330078125, 166.43040466308594, 1.0], [260.1209411621094, 195.88919067382812, 1.0], [242.9302520751953, 229.69866943359375, 1.0]], "is_left": 0}