{"hand_pts": [[196.88548278808594, 302.609619140625, 1.0], [190.2808380126953, 233.32516479492188, 1.0], [187.21473693847656, 174.5650177001953, 1.0], [195.76983642578125, 132.05044555664062, 1.0], [208.0626983642578, 106.33004760742188, 1.0], [134.99887084960938, 210.11000061035156, 1.0], [114.30387115478516, 170.2909393310547, 1.0], [127.1225814819336, 137.50201416015625, 1.0], [152.52734375, 106.83145141601562, 1.0], [152.70602416992188, 238.6042022705078, 1.0], [146.4833526611328, 188.8837432861328, 1.0], [165.0606689453125, 148.28211975097656, 1.0], [184.7859344482422, 109.49308013916016, 1.0], [174.3037567138672, 258.6753234863281, 1.0], [183.028564453125, 210.71505737304688, 1.0], [216.5120849609375, 176.78939819335938, 1.0], [251.59005737304688, 146.6955108642578, 1.0], [199.20884704589844, 279.59796142578125, 1.0], [217.59530639648438, 255.35211181640625, 1.0], [240.50143432617188, 229.83250427246094, 1.0], [268.1407470703125, 198.82411193847656, 1.0]], "is_left": 0}