{"hand_pts": [[306.8602600097656, 262.830810546875, 1.0], [272.4897766113281, 205.80162048339844, 1.0], [286.6661071777344, 145.2862091064453, 1.0], [263.46826171875, 109.39382934570312, 1.0], [237.5482635498047, 82.56861114501953, 1.0], [177.14430236816406, 221.62461853027344, 1.0], [155.78883361816406, 162.21234130859375, 1.0], [171.34356689453125, 126.8434066772461, 1.0], [198.35992431640625, 102.90367126464844, 1.0], [168.76220703125, 246.68060302734375, 1.0], [111.29174041748047, 208.39173889160156, 1.0], [100.5989761352539, 170.7248077392578, 1.0], [89.98890686035156, 135.36480712890625, 1.0], [166.98614501953125, 261.05816650390625, 1.0], [144.95631408691406, 197.72547912597656, 1.0], [186.31094360351562, 182.2558135986328, 1.0], [228.4141082763672, 172.56646728515625, 1.0], [174.6504669189453, 273.06927490234375, 1.0], [151.5873565673828, 236.79486083984375, 1.0], [182.5052490234375, 216.00413513183594, 1.0], [212.2357940673828, 230.27798461914062, 1.0]], "is_left": 0}