{"hand_pts": [[175.02500915527344, 48.80387496948242, 1.0], [221.0257110595703, 103.1270980834961, 1.0], [275.5077209472656, 136.0590057373047, 1.0], [298.452392578125, 185.19496154785156, 1.0], [295.9993591308594, 234.6085662841797, 1.0], [216.8861846923828, 127.55817413330078, 1.0], [220.75534057617188, 172.3309326171875, 1.0], [218.61175537109375, 216.06015014648438, 1.0], [213.3519744873047, 252.6522979736328, 1.0], [174.84751892089844, 123.43961334228516, 1.0], [188.17074584960938, 199.9329376220703, 1.0], [198.04510498046875, 219.84437561035156, 1.0], [206.48880004882812, 231.54360961914062, 1.0], [142.54812622070312, 123.89982604980469, 1.0], [121.27568817138672, 196.89352416992188, 1.0], [129.37054443359375, 202.01870727539062, 1.0], [139.48875427246094, 201.35711669921875, 1.0], [113.67009735107422, 121.54940032958984, 1.0], [98.72213745117188, 171.29612731933594, 1.0], [95.94709777832031, 203.3106689453125, 1.0], [102.99066925048828, 229.8915557861328, 1.0]], "is_left": 0}