{"hand_pts": [[347.277587890625, 191.40476989746094, 1.0], [285.4936828613281, 203.35891723632812, 1.0], [250.90809631347656, 238.16290283203125, 1.0], [200.88827514648438, 247.5092315673828, 1.0], [165.7557830810547, 223.6468505859375, 1.0], [205.4158172607422, 229.3249053955078, 1.0], [141.14002990722656, 219.48135375976562, 1.0], [102.42718505859375, 207.1794891357422, 1.0], [90.51065826416016, 180.47731018066406, 1.0], [211.99757385253906, 207.8584747314453, 1.0], [159.17474365234375, 176.99818420410156, 1.0], [179.6233673095703, 159.04278564453125, 1.0], [206.3178253173828, 145.5707244873047, 1.0], [219.28045654296875, 186.56251525878906, 1.0], [152.67788696289062, 181.74578857421875, 1.0], [116.99920654296875, 165.64967346191406, 1.0], [87.77788543701172, 149.00767517089844, 1.0], [234.04605102539062, 164.64813232421875, 1.0], [215.56016540527344, 132.1551055908203, 1.0], [218.39271545410156, 113.85337829589844, 1.0], [249.37844848632812, 125.90471649169922, 1.0]], "is_left": 0}