{"hand_pts": [[216.40780639648438, 139.37876892089844, 1.0], [199.95045471191406, 201.08135986328125, 1.0], [205.83799743652344, 263.22308349609375, 1.0], [171.160888671875, 292.3462219238281, 1.0], [127.42194366455078, 287.8527526855469, 1.0], [264.104248046875, 204.14089965820312, 1.0], [206.93450927734375, 223.34042358398438, 1.0], [152.2987518310547, 226.76112365722656, 1.0], [109.60383605957031, 223.52920532226562, 1.0], [259.3744201660156, 161.1865997314453, 1.0], [239.32070922851562, 171.1130828857422, 1.0], [187.20225524902344, 189.60536193847656, 1.0], [140.39158630371094, 206.03453063964844, 1.0], [245.8405303955078, 129.44615173339844, 1.0], [194.2653350830078, 143.2425537109375, 1.0], [156.16441345214844, 157.03765869140625, 1.0], [171.3735809326172, 157.31878662109375, 1.0], [227.66761779785156, 100.41649627685547, 1.0], [178.01461791992188, 92.40113830566406, 1.0], [133.71665954589844, 103.96456909179688, 1.0], [134.04905700683594, 124.794921875, 1.0]], "is_left": 0}