{"hand_pts": [[335.6631164550781, 249.5560302734375, 1.0], [303.4644775390625, 180.67466735839844, 1.0], [297.9454345703125, 117.56550598144531, 1.0], [230.5384521484375, 117.88880920410156, 1.0], [182.0672607421875, 157.0033416748047, 1.0], [246.1581268310547, 167.18565368652344, 1.0], [183.8332061767578, 151.65451049804688, 1.0], [150.5214385986328, 144.5909881591797, 1.0], [113.88296508789062, 138.1405029296875, 1.0], [222.3478240966797, 208.89430236816406, 1.0], [156.4591064453125, 161.14479064941406, 1.0], [152.7974395751953, 142.79791259765625, 1.0], [169.42881774902344, 135.91036987304688, 1.0], [202.66331481933594, 240.09902954101562, 1.0], [133.51394653320312, 203.681640625, 1.0], [147.8736572265625, 195.60244750976562, 1.0], [177.2045135498047, 194.07937622070312, 1.0], [190.4434814453125, 270.0221252441406, 1.0], [131.3333740234375, 266.24188232421875, 1.0], [140.33006286621094, 251.88336181640625, 1.0], [169.74639892578125, 236.8168182373047, 1.0]], "is_left": 0}