{"hand_pts": [[238.81297302246094, 118.27216339111328, 1.0], [180.33656311035156, 128.08438110351562, 1.0], [128.32366943359375, 130.4778289794922, 1.0], [89.15455627441406, 141.39614868164062, 1.0], [58.00601577758789, 156.90890502929688, 1.0], [170.726806640625, 206.2866668701172, 1.0], [154.06910705566406, 198.35726928710938, 1.0], [154.303955078125, 170.33544921875, 1.0], [156.63116455078125, 142.31251525878906, 1.0], [209.79579162597656, 215.78762817382812, 1.0], [169.18359375, 224.34841918945312, 1.0], [142.438720703125, 215.00706481933594, 1.0], [121.39761352539062, 188.00997924804688, 1.0], [239.2072296142578, 217.52987670898438, 1.0], [225.14059448242188, 201.2921600341797, 1.0], [216.7769775390625, 177.36550903320312, 1.0], [209.33995056152344, 142.08876037597656, 1.0], [266.956298828125, 211.6920928955078, 1.0], [268.2850646972656, 212.3074951171875, 1.0], [263.0594177246094, 197.9386749267578, 1.0], [255.1960906982422, 181.50357055664062, 1.0]], "is_left": 0}