{"hand_pts": [[331.3800354003906, 208.74868774414062, 1.0], [286.5943603515625, 241.98367309570312, 1.0], [268.8085021972656, 277.7510681152344, 1.0], [231.1690216064453, 265.3598937988281, 1.0], [211.6610107421875, 221.8545379638672, 1.0], [205.00328063964844, 231.4506072998047, 1.0], [143.87303161621094, 216.2572784423828, 1.0], [105.25367736816406, 203.04205322265625, 1.0], [82.80595397949219, 189.5018768310547, 1.0], [204.5192413330078, 193.20848083496094, 1.0], [151.48338317871094, 200.89752197265625, 1.0], [155.9575653076172, 210.28500366210938, 1.0], [191.19981384277344, 217.8436737060547, 1.0], [207.37901306152344, 163.33705139160156, 1.0], [144.13311767578125, 127.54057312011719, 1.0], [142.5725860595703, 128.33901977539062, 1.0], [137.3441925048828, 126.56218719482422, 1.0], [218.1875, 137.26217651367188, 1.0], [192.64083862304688, 107.69474029541016, 1.0], [195.19174194335938, 105.87519073486328, 1.0], [209.2549285888672, 117.97842407226562, 1.0]], "is_left": 0}