{"hand_pts": [[202.37474060058594, 60.61016845703125, 1.0], [230.12387084960938, 84.38672637939453, 1.0], [284.3060607910156, 90.94193267822266, 1.0], [291.2583923339844, 105.81135559082031, 1.0], [243.05076599121094, 120.85055541992188, 1.0], [256.8118896484375, 199.07333374023438, 1.0], [238.76785278320312, 237.96047973632812, 1.0], [206.74588012695312, 208.5946502685547, 1.0], [184.95457458496094, 166.7794952392578, 1.0], [218.29049682617188, 216.04010009765625, 1.0], [169.50030517578125, 254.42617797851562, 1.0], [137.03428649902344, 247.56805419921875, 1.0], [124.99835968017578, 198.49851989746094, 1.0], [183.39822387695312, 221.95208740234375, 1.0], [134.15444946289062, 225.222900390625, 1.0], [129.5517578125, 174.66891479492188, 1.0], [155.087158203125, 150.86810302734375, 1.0], [149.23904418945312, 216.3656463623047, 1.0], [97.3856201171875, 222.00967407226562, 1.0], [100.85506439208984, 180.27610778808594, 1.0], [137.55233764648438, 158.42575073242188, 1.0]], "is_left": 0}