{"hand_pts": [[185.48541259765625, 193.8703155517578, 1.0], [171.39581298828125, 152.54556274414062, 1.0], [196.05174255371094, 110.11720275878906, 1.0], [233.44393920898438, 92.92498779296875, 1.0], [266.7216491699219, 112.29196166992188, 1.0], [96.434326171875, 168.69786071777344, 1.0], [87.73570251464844, 158.62295532226562, 1.0], [110.21918487548828, 150.4793701171875, 1.0], [165.0133819580078, 145.58963012695312, 1.0], [120.89124298095703, 204.4990997314453, 1.0], [96.6324691772461, 197.50144958496094, 1.0], [149.33187866210938, 179.0775909423828, 1.0], [184.92018127441406, 171.95138549804688, 1.0], [149.2655029296875, 229.84666442871094, 1.0], [174.25537109375, 234.3331298828125, 1.0], [219.60711669921875, 216.41342163085938, 1.0], [242.99322509765625, 198.9443817138672, 1.0], [181.4855499267578, 250.904296875, 1.0], [242.57061767578125, 253.67921447753906, 1.0], [279.9475402832031, 241.8282012939453, 1.0], [273.7601623535156, 223.29287719726562, 1.0]], "is_left": 0}