{"hand_pts": [[221.50518798828125, 254.88357543945312, 1.0], [160.9266815185547, 210.5133819580078, 1.0], [95.89039611816406, 189.0045928955078, 1.0], [70.79132080078125, 189.9966278076172, 1.0], [92.663818359375, 206.29302978515625, 1.0], [199.4208984375, 141.0980682373047, 1.0], [175.23202514648438, 116.29621124267578, 1.0], [137.01339721679688, 137.95660400390625, 1.0], [102.33965301513672, 156.65924072265625, 1.0], [231.08871459960938, 170.15884399414062, 1.0], [238.86549377441406, 122.69084167480469, 1.0], [192.59567260742188, 132.61358642578125, 1.0], [147.51995849609375, 145.6486358642578, 1.0], [248.5233612060547, 198.80799865722656, 1.0], [266.40045166015625, 171.73155212402344, 1.0], [229.60194396972656, 178.2091064453125, 1.0], [185.99024963378906, 195.608154296875, 1.0], [261.0885009765625, 231.42051696777344, 1.0], [245.3227081298828, 249.492431640625, 1.0], [213.6497802734375, 267.7485046386719, 1.0], [173.82432556152344, 285.0040588378906, 1.0]], "is_left": 0}