{"hand_pts": [[309.3417053222656, 156.32406616210938, 1.0], [296.0412292480469, 155.1931610107422, 1.0], [291.12689208984375, 136.640380859375, 1.0], [246.58348083496094, 150.36715698242188, 1.0], [203.8019561767578, 174.7606658935547, 1.0], [203.30030822753906, 134.3376007080078, 1.0], [150.41790771484375, 140.8587188720703, 1.0], [133.02999877929688, 164.9893035888672, 1.0], [146.5304412841797, 198.2860107421875, 1.0], [186.41041564941406, 154.7073516845703, 1.0], [109.97015380859375, 161.792236328125, 1.0], [129.87425231933594, 192.03692626953125, 1.0], [175.26185607910156, 190.77723693847656, 1.0], [179.11724853515625, 175.32992553710938, 1.0], [131.13230895996094, 196.1217803955078, 1.0], [158.96974182128906, 219.9521484375, 1.0], [199.7250518798828, 229.86952209472656, 1.0], [181.3564453125, 195.70440673828125, 1.0], [170.36383056640625, 236.71658325195312, 1.0], [204.7624969482422, 241.62879943847656, 1.0], [224.31027221679688, 213.97451782226562, 1.0]], "is_left": 0}