{"hand_pts": [[326.45599365234375, 266.28759765625, 1.0], [289.300048828125, 241.2711944580078, 1.0], [285.4542236328125, 206.18748474121094, 1.0], [244.94932556152344, 179.7232666015625, 1.0], [199.64459228515625, 165.14547729492188, 1.0], [247.62376403808594, 156.70962524414062, 1.0], [190.64743041992188, 134.25302124023438, 1.0], [151.63507080078125, 139.57647705078125, 1.0], [114.91542053222656, 151.14404296875, 1.0], [237.24240112304688, 167.33050537109375, 1.0], [168.2367401123047, 145.9950408935547, 1.0], [131.4611358642578, 163.02731323242188, 1.0], [100.88565063476562, 184.83326721191406, 1.0], [227.55421447753906, 182.79270935058594, 1.0], [155.2627410888672, 187.89500427246094, 1.0], [135.2615509033203, 220.57546997070312, 1.0], [149.10560607910156, 252.88624572753906, 1.0], [223.09007263183594, 204.65135192871094, 1.0], [175.51803588867188, 197.6898193359375, 1.0], [149.99595642089844, 213.0447998046875, 1.0], [147.31610107421875, 235.4711456298828, 1.0]], "is_left": 0}