{"hand_pts": [[43.54354476928711, 57.10877990722656, 1.0], [102.15750885009766, 92.63018035888672, 1.0], [138.9221954345703, 115.15776062011719, 1.0], [180.0751190185547, 137.28271484375, 1.0], [227.66551208496094, 157.6563262939453, 1.0], [128.9235076904297, 177.87240600585938, 1.0], [179.4831085205078, 221.11068725585938, 1.0], [214.39051818847656, 244.7498321533203, 1.0], [253.85107421875, 250.98374938964844, 1.0], [122.63963317871094, 170.0723114013672, 1.0], [191.55776977539062, 214.7091522216797, 1.0], [237.8792724609375, 231.2417449951172, 1.0], [267.92913818359375, 209.49244689941406, 1.0], [121.26394653320312, 158.31021118164062, 1.0], [173.2276611328125, 202.57217407226562, 1.0], [214.29530334472656, 198.67398071289062, 1.0], [246.17721557617188, 183.31988525390625, 1.0], [117.10734558105469, 139.6399383544922, 1.0], [142.4926300048828, 170.79132080078125, 1.0], [177.3477783203125, 177.05296325683594, 1.0], [207.47654724121094, 172.39402770996094, 1.0]], "is_left": 0}