{"hand_pts": [[98.49726104736328, 62.054847717285156, 1.0], [92.31121826171875, 124.87606811523438, 1.0], [65.60523986816406, 169.9996795654297, 1.0], [85.84709930419922, 214.4379425048828, 1.0], [124.5242919921875, 213.297607421875, 1.0], [154.84434509277344, 149.86619567871094, 1.0], [193.5364227294922, 186.80783081054688, 1.0], [214.02818298339844, 220.23512268066406, 1.0], [207.91729736328125, 241.7018280029297, 1.0], [183.27171325683594, 133.5077667236328, 1.0], [177.44708251953125, 202.91148376464844, 1.0], [145.48947143554688, 212.9170684814453, 1.0], [117.7059097290039, 227.82858276367188, 1.0], [202.0168914794922, 123.51583862304688, 1.0], [250.84771728515625, 173.35073852539062, 1.0], [268.85546875, 208.5358428955078, 1.0], [261.834716796875, 241.6309356689453, 1.0], [213.14285278320312, 111.60213470458984, 1.0], [249.833740234375, 139.93150329589844, 1.0], [232.66195678710938, 163.0765838623047, 1.0], [209.56588745117188, 185.18504333496094, 1.0]], "is_left": 0}