{"hand_pts": [[45.027618408203125, 142.74203491210938, 1.0], [89.67827606201172, 197.09791564941406, 1.0], [119.50479125976562, 248.06771850585938, 1.0], [155.90191650390625, 280.44677734375, 1.0], [194.1690673828125, 300.71942138671875, 1.0], [127.13978576660156, 198.168701171875, 1.0], [158.55348205566406, 226.91641235351562, 1.0], [190.61367797851562, 244.06736755371094, 1.0], [215.431884765625, 259.41583251953125, 1.0], [138.4012908935547, 157.7523651123047, 1.0], [183.27310180664062, 183.80015563964844, 1.0], [221.6895751953125, 204.37652587890625, 1.0], [252.60707092285156, 221.5922088623047, 1.0], [150.35272216796875, 127.02417755126953, 1.0], [192.90423583984375, 135.52737426757812, 1.0], [228.82546997070312, 145.8502655029297, 1.0], [264.2303161621094, 156.30047607421875, 1.0], [157.3159637451172, 98.59356689453125, 1.0], [199.53805541992188, 98.26579284667969, 1.0], [231.7774200439453, 100.50237274169922, 1.0], [267.2445373535156, 107.92341613769531, 1.0]], "is_left": 0}