{"hand_pts": [[270.9558410644531, 324.3304443359375, 1.0], [245.06057739257812, 287.6797180175781, 1.0], [224.3861541748047, 278.1611633300781, 1.0], [194.7477569580078, 254.5178680419922, 1.0], [163.4414825439453, 213.21168518066406, 1.0], [263.97308349609375, 170.2194061279297, 1.0], [195.5016326904297, 168.18682861328125, 1.0], [150.34091186523438, 174.8785858154297, 1.0], [132.98696899414062, 221.15174865722656, 1.0], [255.12803649902344, 163.59176635742188, 1.0], [215.8056640625, 96.15190124511719, 1.0], [172.7649688720703, 126.6978530883789, 1.0], [134.00172424316406, 158.90719604492188, 1.0], [241.79579162597656, 165.4120330810547, 1.0], [177.55274963378906, 127.16097259521484, 1.0], [145.3838348388672, 163.30784606933594, 1.0], [122.40727996826172, 206.33580017089844, 1.0], [228.357177734375, 178.37123107910156, 1.0], [175.3571014404297, 166.0318145751953, 1.0], [141.29849243164062, 183.32742309570312, 1.0], [109.86967468261719, 208.23973083496094, 1.0]], "is_left": 0}