{"hand_pts": [[268.2105712890625, 173.68136596679688, 1.0], [185.1920928955078, 160.72964477539062, 1.0], [110.80931854248047, 141.91629028320312, 1.0], [92.4426040649414, 107.72003936767578, 1.0], [140.516357421875, 99.97831726074219, 1.0], [140.26626586914062, 264.1067199707031, 1.0], [105.15141296386719, 235.45822143554688, 1.0], [116.30335235595703, 176.05209350585938, 1.0], [144.24395751953125, 139.45486450195312, 1.0], [187.82452392578125, 274.4896240234375, 1.0], [152.90518188476562, 223.09967041015625, 1.0], [155.76817321777344, 154.43626403808594, 1.0], [173.31271362304688, 126.12326049804688, 1.0], [226.05657958984375, 271.2669372558594, 1.0], [220.7627410888672, 224.6257781982422, 1.0], [225.55592346191406, 165.60122680664062, 1.0], [227.3175048828125, 152.6791229248047, 1.0], [265.4983825683594, 258.5854797363281, 1.0], [276.83953857421875, 220.82275390625, 1.0], [275.5382080078125, 170.57164001464844, 1.0], [264.3299255371094, 150.1597900390625, 1.0]], "is_left": 0}