{"hand_pts": [[36.32249069213867, 84.75988006591797, 1.0], [82.94242858886719, 158.49221801757812, 1.0], [115.789794921875, 215.73953247070312, 1.0], [169.95851135253906, 232.2748565673828, 1.0], [207.94252014160156, 212.69692993164062, 1.0], [119.62371063232422, 201.57968139648438, 1.0], [167.70726013183594, 248.80535888671875, 1.0], [205.1260986328125, 257.46014404296875, 1.0], [241.74783325195312, 264.638671875, 1.0], [126.20215606689453, 161.0144805908203, 1.0], [196.73312377929688, 198.6745147705078, 1.0], [234.512451171875, 210.3814239501953, 1.0], [260.2731018066406, 215.5408935546875, 1.0], [133.98658752441406, 127.69632720947266, 1.0], [180.61465454101562, 163.4876708984375, 1.0], [219.23411560058594, 185.3557586669922, 1.0], [255.86288452148438, 204.9585723876953, 1.0], [137.40219116210938, 92.59453582763672, 1.0], [189.5596466064453, 100.93732452392578, 1.0], [216.5028076171875, 108.58427429199219, 1.0], [214.1619110107422, 115.44634246826172, 1.0]], "is_left": 0}