{"hand_pts": [[86.51156616210938, 87.34721374511719, 1.0], [146.88836669921875, 87.93535614013672, 1.0], [181.6864471435547, 61.797645568847656, 1.0], [224.1244659423828, 87.83000946044922, 1.0], [223.7260284423828, 130.6387176513672, 1.0], [149.82298278808594, 135.14999389648438, 1.0], [190.51524353027344, 156.27774047851562, 1.0], [218.4152069091797, 169.1341552734375, 1.0], [248.60763549804688, 184.88748168945312, 1.0], [126.20606231689453, 167.23275756835938, 1.0], [189.1637420654297, 210.49842834472656, 1.0], [226.3411865234375, 217.35585021972656, 1.0], [249.7794189453125, 206.86343383789062, 1.0], [111.99120330810547, 191.45550537109375, 1.0], [166.12001037597656, 239.3787384033203, 1.0], [198.1775360107422, 256.2567443847656, 1.0], [213.71168518066406, 237.21615600585938, 1.0], [98.60687255859375, 208.54014587402344, 1.0], [136.53248596191406, 235.9276580810547, 1.0], [161.78298950195312, 236.62066650390625, 1.0], [183.8251495361328, 224.00799560546875, 1.0]], "is_left": 0}