{"hand_pts": [[213.1920166015625, 126.04583740234375, 1.0], [187.45294189453125, 187.73231506347656, 1.0], [153.7349395751953, 241.22119140625, 1.0], [141.67189025878906, 281.00909423828125, 1.0], [157.51210021972656, 288.5415954589844, 1.0], [125.68568420410156, 172.0182647705078, 1.0], [141.42156982421875, 223.34762573242188, 1.0], [175.97877502441406, 233.31979370117188, 1.0], [182.3131561279297, 207.2645263671875, 1.0], [147.00872802734375, 136.6353759765625, 1.0], [179.38308715820312, 182.90013122558594, 1.0], [214.84544372558594, 214.0318603515625, 1.0], [245.43809509277344, 236.17874145507812, 1.0], [170.07376098632812, 113.3927230834961, 1.0], [157.5704345703125, 120.92285919189453, 1.0], [184.3453826904297, 153.38235473632812, 1.0], [209.4193572998047, 181.03587341308594, 1.0], [196.86915588378906, 93.39380645751953, 1.0], [228.7563018798828, 115.20995330810547, 1.0], [247.05995178222656, 136.60623168945312, 1.0], [233.51580810546875, 134.13998413085938, 1.0]], "is_left": 0}