{"hand_pts": [[290.0346984863281, 213.6845703125, 1.0], [213.1001434326172, 189.45936584472656, 1.0], [146.42654418945312, 177.49606323242188, 1.0], [111.61610412597656, 152.87855529785156, 1.0], [120.39757537841797, 133.89706420898438, 1.0], [166.2142333984375, 246.40896606445312, 1.0], [118.6494140625, 217.1436004638672, 1.0], [113.03828430175781, 171.50534057617188, 1.0], [127.56021881103516, 131.03050231933594, 1.0], [207.79864501953125, 253.29640197753906, 1.0], [162.61216735839844, 216.60687255859375, 1.0], [152.5294952392578, 163.1439666748047, 1.0], [157.99130249023438, 120.90077209472656, 1.0], [241.93902587890625, 250.1811981201172, 1.0], [211.04470825195312, 213.68370056152344, 1.0], [204.14718627929688, 165.59169006347656, 1.0], [206.68441772460938, 130.77708435058594, 1.0], [278.1962585449219, 241.8948974609375, 1.0], [271.1129150390625, 211.57357788085938, 1.0], [262.0433044433594, 172.23916625976562, 1.0], [254.3997802734375, 147.43875122070312, 1.0]], "is_left": 0}