{"hand_pts": [[40.14811706542969, 171.60108947753906, 1.0], [107.7249755859375, 190.36929321289062, 1.0], [152.1328125, 221.58596801757812, 1.0], [194.87017822265625, 243.43753051757812, 1.0], [234.33071899414062, 254.80587768554688, 1.0], [149.35357666015625, 218.8411407470703, 1.0], [208.73788452148438, 205.86195373535156, 1.0], [244.4718017578125, 194.3512725830078, 1.0], [272.95452880859375, 178.27032470703125, 1.0], [133.4427490234375, 196.220458984375, 1.0], [177.06964111328125, 204.27174377441406, 1.0], [217.70277404785156, 189.49143981933594, 1.0], [254.15643310546875, 174.76730346679688, 1.0], [122.63246154785156, 174.74371337890625, 1.0], [174.45416259765625, 176.9146270751953, 1.0], [200.5645751953125, 161.2837371826172, 1.0], [224.0751190185547, 146.08697509765625, 1.0], [108.50254821777344, 152.5648956298828, 1.0], [142.27420043945312, 132.719482421875, 1.0], [165.13009643554688, 120.2264175415039, 1.0], [169.5753936767578, 120.1812515258789, 1.0]], "is_left": 0}