{"hand_pts": [[80.77063751220703, 138.7275848388672, 1.0], [156.49398803710938, 140.8653106689453, 1.0], [212.98684692382812, 151.54208374023438, 1.0], [254.96453857421875, 189.0877227783203, 1.0], [273.6548767089844, 234.60386657714844, 1.0], [181.10446166992188, 122.62150573730469, 1.0], [234.19651794433594, 170.04249572753906, 1.0], [227.7681427001953, 191.8141326904297, 1.0], [215.3550262451172, 208.46205139160156, 1.0], [146.26629638671875, 145.28143310546875, 1.0], [178.3163604736328, 135.68157958984375, 1.0], [212.4573211669922, 145.2806854248047, 1.0], [248.74972534179688, 178.0989227294922, 1.0], [121.3000717163086, 168.32847595214844, 1.0], [144.27854919433594, 180.8349151611328, 1.0], [171.54351806640625, 201.41790771484375, 1.0], [194.56256103515625, 218.64097595214844, 1.0], [96.03062438964844, 190.66514587402344, 1.0], [122.86683654785156, 232.82215881347656, 1.0], [143.53244018554688, 249.93673706054688, 1.0], [132.41127014160156, 223.33807373046875, 1.0]], "is_left": 0}