{"hand_pts": [[288.815185546875, 299.7117614746094, 1.0], [232.2192840576172, 290.61822509765625, 1.0], [192.72291564941406, 304.88189697265625, 1.0], [162.47193908691406, 298.8199157714844, 1.0], [164.53282165527344, 253.14381408691406, 1.0], [158.50784301757812, 217.4344940185547, 1.0], [143.32814025878906, 197.10955810546875, 1.0], [164.77796936035156, 206.7646026611328, 1.0], [198.0811767578125, 227.2386474609375, 1.0], [184.9170684814453, 190.1461639404297, 1.0], [142.5693817138672, 123.04122161865234, 1.0], [140.8506622314453, 110.69219970703125, 1.0], [158.71937561035156, 131.19761657714844, 1.0], [210.57078552246094, 172.00848388671875, 1.0], [161.0565185546875, 116.74054718017578, 1.0], [151.79592895507812, 106.48893737792969, 1.0], [148.87620544433594, 104.43157958984375, 1.0], [241.26983642578125, 162.7352752685547, 1.0], [238.28680419921875, 136.16818237304688, 1.0], [249.25611877441406, 155.5450897216797, 1.0], [259.0870056152344, 192.08193969726562, 1.0]], "is_left": 0}