{"hand_pts": [[53.72233963012695, 92.92716979980469, 1.0], [130.7287139892578, 108.3497085571289, 1.0], [176.17807006835938, 76.19462585449219, 1.0], [224.6779022216797, 99.59002685546875, 1.0], [263.37841796875, 134.5173797607422, 1.0], [171.40719604492188, 125.9439697265625, 1.0], [222.6631317138672, 175.80914306640625, 1.0], [235.54470825195312, 206.76583862304688, 1.0], [241.61790466308594, 232.2823028564453, 1.0], [142.12884521484375, 149.30946350097656, 1.0], [209.78297424316406, 211.54949951171875, 1.0], [209.41712951660156, 215.86685180664062, 1.0], [194.52455139160156, 204.51699829101562, 1.0], [120.48795318603516, 170.7907257080078, 1.0], [176.45773315429688, 210.53785705566406, 1.0], [202.82008361816406, 234.10877990722656, 1.0], [218.02976989746094, 248.1547393798828, 1.0], [96.59712219238281, 188.25286865234375, 1.0], [130.05532836914062, 232.95350646972656, 1.0], [145.83087158203125, 237.05433654785156, 1.0], [134.35401916503906, 210.68637084960938, 1.0]], "is_left": 0}