{"hand_pts": [[283.6732177734375, 207.83018493652344, 1.0], [287.8556823730469, 201.96990966796875, 1.0], [306.74542236328125, 175.54751586914062, 1.0], [278.50115966796875, 189.13198852539062, 1.0], [246.85243225097656, 216.6909637451172, 1.0], [221.73016357421875, 154.60940551757812, 1.0], [198.11679077148438, 152.94281005859375, 1.0], [191.0663299560547, 169.28880310058594, 1.0], [196.7704620361328, 198.634765625, 1.0], [190.66632080078125, 163.6131591796875, 1.0], [143.45518493652344, 134.4984893798828, 1.0], [129.61351013183594, 144.37954711914062, 1.0], [110.95626068115234, 147.3333740234375, 1.0], [169.81735229492188, 176.254150390625, 1.0], [120.36132049560547, 175.6707305908203, 1.0], [133.0762481689453, 202.24253845214844, 1.0], [169.60879516601562, 217.98062133789062, 1.0], [157.57383728027344, 192.1794891357422, 1.0], [129.057861328125, 208.04580688476562, 1.0], [155.39260864257812, 226.56129455566406, 1.0], [184.19393920898438, 244.97511291503906, 1.0]], "is_left": 0}