{"hand_pts": [[86.11202239990234, 124.36861419677734, 1.0], [133.08348083496094, 105.82035827636719, 1.0], [168.0351104736328, 66.55791473388672, 1.0], [183.5928497314453, 87.04898834228516, 1.0], [169.56483459472656, 135.31533813476562, 1.0], [225.4225616455078, 140.46900939941406, 1.0], [237.75314331054688, 155.6725616455078, 1.0], [206.62705993652344, 156.1861572265625, 1.0], [166.61114501953125, 151.20335388183594, 1.0], [211.4791717529297, 178.87722778320312, 1.0], [229.14456176757812, 212.06942749023438, 1.0], [191.4185791015625, 199.3280792236328, 1.0], [159.50222778320312, 172.62867736816406, 1.0], [194.52159118652344, 208.03720092773438, 1.0], [209.7587127685547, 254.4307403564453, 1.0], [181.01332092285156, 247.1372833251953, 1.0], [152.21694946289062, 217.2580108642578, 1.0], [170.21083068847656, 231.09170532226562, 1.0], [178.09584045410156, 265.77899169921875, 1.0], [161.6611785888672, 259.50177001953125, 1.0], [144.00621032714844, 226.43521118164062, 1.0]], "is_left": 0}