{"hand_pts": [[175.40870666503906, 337.07513427734375, 1.0], [228.0367431640625, 285.1353454589844, 1.0], [280.73321533203125, 259.5100402832031, 1.0], [275.4906005859375, 208.43894958496094, 1.0], [244.1488800048828, 176.5286407470703, 1.0], [203.56654357910156, 196.57772827148438, 1.0], [210.26412963867188, 129.9784393310547, 1.0], [221.4139862060547, 130.74905395507812, 1.0], [228.1708984375, 154.81346130371094, 1.0], [160.47596740722656, 194.668212890625, 1.0], [172.5291748046875, 136.4553680419922, 1.0], [195.7423858642578, 160.1578826904297, 1.0], [213.9358673095703, 204.094482421875, 1.0], [129.78363037109375, 195.9633331298828, 1.0], [135.3334197998047, 151.75173950195312, 1.0], [156.0911102294922, 181.68785095214844, 1.0], [167.30441284179688, 220.75656127929688, 1.0], [103.82464599609375, 206.00547790527344, 1.0], [94.88765716552734, 171.67962646484375, 1.0], [111.14493560791016, 173.056640625, 1.0], [140.77203369140625, 194.7837677001953, 1.0]], "is_left": 0}