{"hand_pts": [[87.05348205566406, 308.42852783203125, 1.0], [125.86192321777344, 228.4413604736328, 1.0], [138.23036193847656, 158.31813049316406, 1.0], [148.24205017089844, 138.8276824951172, 1.0], [147.90646362304688, 169.16883850097656, 1.0], [236.47377014160156, 210.23031616210938, 1.0], [214.47398376464844, 139.89869689941406, 1.0], [160.6099853515625, 123.19493103027344, 1.0], [107.8280029296875, 128.2329864501953, 1.0], [217.7076416015625, 236.95628356933594, 1.0], [264.4616394042969, 190.1686248779297, 1.0], [251.27676391601562, 142.94102478027344, 1.0], [241.1597137451172, 99.55438995361328, 1.0], [193.6902618408203, 253.689697265625, 1.0], [205.09588623046875, 181.23182678222656, 1.0], [159.46937561035156, 157.46853637695312, 1.0], [123.79105377197266, 171.66177368164062, 1.0], [161.66943359375, 271.0865783691406, 1.0], [186.25791931152344, 257.1488342285156, 1.0], [193.9246826171875, 232.70445251464844, 1.0], [183.37704467773438, 192.39512634277344, 1.0]], "is_left": 0}