{"hand_pts": [[-5.356742858886719, 116.72048950195312, 1.0], [70.93515014648438, 156.74887084960938, 1.0], [98.62479400634766, 161.5696258544922, 1.0], [164.22332763671875, 197.6115264892578, 1.0], [183.92694091796875, 215.79339599609375, 1.0], [150.35520935058594, 129.7107696533203, 1.0], [229.86720275878906, 171.62684631347656, 1.0], [256.1710510253906, 211.1603240966797, 1.0], [232.27764892578125, 226.2909393310547, 1.0], [150.7269287109375, 122.1779556274414, 1.0], [237.57432556152344, 190.3415069580078, 1.0], [231.27294921875, 225.67971801757812, 1.0], [180.01315307617188, 216.75521850585938, 1.0], [151.3123016357422, 122.987548828125, 1.0], [230.7952423095703, 189.99777221679688, 1.0], [205.58460998535156, 209.41488647460938, 1.0], [156.2455291748047, 197.2162628173828, 1.0], [143.7280731201172, 125.97615814208984, 1.0], [192.87086486816406, 169.04840087890625, 1.0], [196.5912322998047, 199.59375, 1.0], [159.8212127685547, 195.1466827392578, 1.0]], "is_left": 0}