{"hand_pts": [[194.49618530273438, 318.71832275390625, 1.0], [211.4788818359375, 278.5810241699219, 1.0], [235.56332397460938, 245.39144897460938, 1.0], [225.86354064941406, 203.18853759765625, 1.0], [212.40615844726562, 166.57485961914062, 1.0], [222.67449951171875, 200.17706298828125, 1.0], [215.3512420654297, 171.1078338623047, 1.0], [208.65679931640625, 154.8229217529297, 1.0], [202.92892456054688, 134.8402099609375, 1.0], [197.6469268798828, 203.3057098388672, 1.0], [202.17108154296875, 138.8367156982422, 1.0], [202.47930908203125, 102.31993865966797, 1.0], [200.05734252929688, 72.73683166503906, 1.0], [175.73291015625, 209.42828369140625, 1.0], [150.72412109375, 162.13153076171875, 1.0], [139.80125427246094, 174.12258911132812, 1.0], [144.128662109375, 204.54396057128906, 1.0], [154.95797729492188, 222.58145141601562, 1.0], [130.85458374023438, 214.77517700195312, 1.0], [119.14622497558594, 222.68751525878906, 1.0], [126.5427474975586, 248.3098907470703, 1.0]], "is_left": 0}