{"hand_pts": [[306.5901794433594, 252.37254333496094, 1.0], [238.40969848632812, 264.056640625, 1.0], [192.56045532226562, 288.4498291015625, 1.0], [163.88636779785156, 271.24200439453125, 1.0], [146.52719116210938, 245.2097625732422, 1.0], [177.6891326904297, 199.5338134765625, 1.0], [126.32415771484375, 166.49546813964844, 1.0], [97.61094665527344, 153.56680297851562, 1.0], [102.37808990478516, 166.1999053955078, 1.0], [206.18746948242188, 174.45526123046875, 1.0], [156.85745239257812, 154.67645263671875, 1.0], [134.77630615234375, 159.69482421875, 1.0], [113.26174926757812, 162.11636352539062, 1.0], [230.52053833007812, 159.87586975097656, 1.0], [208.6803436279297, 137.6376190185547, 1.0], [200.07791137695312, 135.40347290039062, 1.0], [206.26132202148438, 166.47329711914062, 1.0], [258.6800842285156, 152.74217224121094, 1.0], [240.47715759277344, 156.15521240234375, 1.0], [235.88385009765625, 175.19979858398438, 1.0], [244.33499145507812, 206.65184020996094, 1.0]], "is_left": 0}