{"hand_pts": [[90.36321258544922, 161.8865509033203, 1.0], [145.6342010498047, 130.01637268066406, 1.0], [189.59523010253906, 89.62326049804688, 1.0], [234.57411193847656, 92.17951202392578, 1.0], [264.6159973144531, 120.52758026123047, 1.0], [120.07786560058594, 135.82203674316406, 1.0], [163.21029663085938, 135.91693115234375, 1.0], [214.2003631591797, 145.18466186523438, 1.0], [262.67987060546875, 157.17372131347656, 1.0], [106.14742279052734, 175.85247802734375, 1.0], [159.29412841796875, 185.3829345703125, 1.0], [219.1663360595703, 188.34750366210938, 1.0], [270.4422302246094, 187.83241271972656, 1.0], [103.22534942626953, 207.81263732910156, 1.0], [147.7220458984375, 233.68487548828125, 1.0], [200.0381317138672, 240.60153198242188, 1.0], [249.05319213867188, 239.11351013183594, 1.0], [102.6434326171875, 236.0049285888672, 1.0], [140.01760864257812, 260.6866455078125, 1.0], [182.8028106689453, 265.9634704589844, 1.0], [225.79769897460938, 258.4141845703125, 1.0]], "is_left": 0}