{"hand_pts": [[53.80409622192383, 197.12405395507812, 1.0], [110.07884216308594, 147.35614013671875, 1.0], [150.64207458496094, 92.92584228515625, 1.0], [205.0779266357422, 110.3055648803711, 1.0], [215.9269256591797, 157.86334228515625, 1.0], [124.45829772949219, 152.5384063720703, 1.0], [197.3743133544922, 122.78887939453125, 1.0], [243.18756103515625, 105.93450927734375, 1.0], [252.88311767578125, 106.08768463134766, 1.0], [119.7824935913086, 193.8630828857422, 1.0], [170.7315216064453, 200.61129760742188, 1.0], [222.60018920898438, 187.28330993652344, 1.0], [268.8467102050781, 173.9433135986328, 1.0], [121.16045379638672, 224.73118591308594, 1.0], [200.91676330566406, 241.76425170898438, 1.0], [205.140380859375, 226.33792114257812, 1.0], [163.10414123535156, 212.90838623046875, 1.0], [120.57769775390625, 252.13165283203125, 1.0], [159.4268798828125, 259.27899169921875, 1.0], [190.1629638671875, 262.2410583496094, 1.0], [228.7140350341797, 242.62095642089844, 1.0]], "is_left": 0}