{"hand_pts": [[123.26134490966797, 293.5115966796875, 1.0], [106.83660125732422, 271.09234619140625, 1.0], [60.73027420043945, 264.61260986328125, 1.0], [49.8270378112793, 221.4745330810547, 1.0], [81.7586441040039, 199.46180725097656, 1.0], [188.7766571044922, 236.35284423828125, 1.0], [218.22222900390625, 209.95040893554688, 1.0], [221.8024444580078, 184.0077362060547, 1.0], [209.011474609375, 154.59352111816406, 1.0], [205.33070373535156, 221.79327392578125, 1.0], [247.95899963378906, 175.51123046875, 1.0], [207.08901977539062, 150.4594268798828, 1.0], [174.8511962890625, 123.8309326171875, 1.0], [209.44264221191406, 209.4260711669922, 1.0], [244.27166748046875, 152.70596313476562, 1.0], [227.57630920410156, 120.20126342773438, 1.0], [186.8011016845703, 105.65560913085938, 1.0], [205.37673950195312, 201.98568725585938, 1.0], [235.3961181640625, 164.91432189941406, 1.0], [207.40687561035156, 150.53805541992188, 1.0], [170.5098419189453, 161.91806030273438, 1.0]], "is_left": 0}