{"hand_pts": [[139.68226623535156, 139.04664611816406, 1.0], [200.18797302246094, 166.0717315673828, 1.0], [252.28067016601562, 195.970703125, 1.0], [283.1672668457031, 211.64732360839844, 1.0], [288.54168701171875, 212.04461669921875, 1.0], [160.95187377929688, 214.90354919433594, 1.0], [187.93609619140625, 227.72586059570312, 1.0], [223.3189697265625, 214.5818328857422, 1.0], [256.42327880859375, 201.1415557861328, 1.0], [130.383544921875, 191.91883850097656, 1.0], [165.92092895507812, 193.45089721679688, 1.0], [208.2515869140625, 180.61997985839844, 1.0], [255.05877685546875, 161.88616943359375, 1.0], [113.75192260742188, 169.21670532226562, 1.0], [118.20048522949219, 189.17303466796875, 1.0], [152.77328491210938, 182.52853393554688, 1.0], [193.677001953125, 170.78643798828125, 1.0], [101.76355743408203, 144.16104125976562, 1.0], [108.44062042236328, 144.21585083007812, 1.0], [130.56820678710938, 138.81509399414062, 1.0], [163.12840270996094, 131.84603881835938, 1.0]], "is_left": 0}