{"hand_pts": [[273.8617858886719, 283.2032775878906, 1.0], [291.4760437011719, 237.04763793945312, 1.0], [316.6941833496094, 197.4793701171875, 1.0], [318.96502685546875, 165.79495239257812, 1.0], [307.0765380859375, 141.85635375976562, 1.0], [214.14508056640625, 192.4331512451172, 1.0], [185.9718780517578, 150.3848114013672, 1.0], [177.60780334472656, 127.67041778564453, 1.0], [167.8865966796875, 105.89318084716797, 1.0], [185.59878540039062, 215.04110717773438, 1.0], [143.69711303710938, 169.06590270996094, 1.0], [135.6940460205078, 142.4683074951172, 1.0], [132.0117950439453, 118.38098907470703, 1.0], [169.9066619873047, 235.0000762939453, 1.0], [130.7131805419922, 200.27037048339844, 1.0], [126.99299621582031, 182.64166259765625, 1.0], [131.17523193359375, 166.9799041748047, 1.0], [163.1420440673828, 257.75189208984375, 1.0], [138.06430053710938, 241.5070343017578, 1.0], [135.55435180664062, 230.21311950683594, 1.0], [144.20669555664062, 217.90582275390625, 1.0]], "is_left": 0}