{"hand_pts": [[160.40887451171875, 224.70726013183594, 1.0], [202.0050048828125, 248.49485778808594, 1.0], [261.98779296875, 248.09239196777344, 1.0], [292.3803405761719, 240.22091674804688, 1.0], [297.8548583984375, 228.64697265625, 1.0], [219.25205993652344, 172.9158172607422, 1.0], [221.7257080078125, 158.4630126953125, 1.0], [216.5631103515625, 163.8868408203125, 1.0], [206.07485961914062, 180.51620483398438, 1.0], [179.1459503173828, 157.50149536132812, 1.0], [190.48004150390625, 120.09796142578125, 1.0], [195.1239013671875, 121.14735412597656, 1.0], [197.87217712402344, 135.5387420654297, 1.0], [145.8002471923828, 154.5509796142578, 1.0], [135.63040161132812, 221.70465087890625, 1.0], [135.1501007080078, 265.1693115234375, 1.0], [143.9847869873047, 257.3641662597656, 1.0], [113.99778747558594, 158.9553985595703, 1.0], [95.39459991455078, 131.33450317382812, 1.0], [95.9775619506836, 151.5889129638672, 1.0], [113.09969329833984, 190.35629272460938, 1.0]], "is_left": 0}