{"hand_pts": [[253.14476013183594, 48.78714370727539, 1.0], [269.2201843261719, 120.06214141845703, 1.0], [299.319091796875, 181.01748657226562, 1.0], [281.3618469238281, 220.1201629638672, 1.0], [238.5157470703125, 217.72279357910156, 1.0], [210.9897003173828, 190.21661376953125, 1.0], [194.78675842285156, 250.02377319335938, 1.0], [197.96255493164062, 257.75177001953125, 1.0], [207.1609649658203, 241.38229370117188, 1.0], [177.9476776123047, 160.51171875, 1.0], [158.09194946289062, 214.01242065429688, 1.0], [169.6047821044922, 226.1999053955078, 1.0], [194.4116973876953, 218.70530700683594, 1.0], [155.85818481445312, 134.33828735351562, 1.0], [113.9324951171875, 181.0977783203125, 1.0], [123.6020278930664, 190.79273986816406, 1.0], [143.467529296875, 192.3917694091797, 1.0], [141.3367919921875, 103.4897689819336, 1.0], [118.57687377929688, 118.11835479736328, 1.0], [134.2854766845703, 120.08776092529297, 1.0], [166.69606018066406, 116.54874420166016, 1.0]], "is_left": 0}