{"hand_pts": [[289.4060974121094, 202.83872985839844, 1.0], [231.36231994628906, 161.5634002685547, 1.0], [211.6783447265625, 109.13117218017578, 1.0], [171.72357177734375, 111.37008666992188, 1.0], [155.98342895507812, 151.2208709716797, 1.0], [230.80648803710938, 142.92845153808594, 1.0], [185.18951416015625, 122.50308990478516, 1.0], [140.63917541503906, 123.87315368652344, 1.0], [121.5025634765625, 142.2532958984375, 1.0], [242.8776092529297, 178.23748779296875, 1.0], [176.054443359375, 188.91500854492188, 1.0], [126.05573272705078, 197.39547729492188, 1.0], [79.70896911621094, 205.41561889648438, 1.0], [246.901611328125, 207.513427734375, 1.0], [172.57530212402344, 214.08766174316406, 1.0], [162.18309020996094, 216.474609375, 1.0], [197.1446533203125, 210.94517517089844, 1.0], [251.04736328125, 236.00094604492188, 1.0], [217.90367126464844, 257.694091796875, 1.0], [181.81146240234375, 262.3083190917969, 1.0], [166.1988983154297, 249.1331024169922, 1.0]], "is_left": 0}