{"hand_pts": [[191.53021240234375, 73.43106842041016, 1.0], [204.85946655273438, 80.82434844970703, 1.0], [212.15284729003906, 79.17897033691406, 1.0], [210.86668395996094, 106.38286590576172, 1.0], [200.70758056640625, 155.06842041015625, 1.0], [259.4364013671875, 170.0892333984375, 1.0], [257.2870788574219, 221.50144958496094, 1.0], [212.8957061767578, 212.00473022460938, 1.0], [172.55284118652344, 184.30917358398438, 1.0], [235.5166473388672, 192.99166870117188, 1.0], [230.84727478027344, 243.07241821289062, 1.0], [188.78366088867188, 216.37278747558594, 1.0], [161.7176055908203, 174.2409210205078, 1.0], [208.9470977783203, 205.4251708984375, 1.0], [138.87118530273438, 205.28457641601562, 1.0], [95.8026351928711, 183.84890747070312, 1.0], [54.51106262207031, 160.6413116455078, 1.0], [179.40000915527344, 208.26678466796875, 1.0], [164.52598571777344, 249.63479614257812, 1.0], [143.02346801757812, 226.02862548828125, 1.0], [136.3315887451172, 186.4813232421875, 1.0]], "is_left": 0}