{"hand_pts": [[324.3525695800781, 119.82625579833984, 1.0], [253.87034606933594, 100.888427734375, 1.0], [197.71458435058594, 69.44639587402344, 1.0], [170.12596130371094, 102.03534698486328, 1.0], [179.1199188232422, 147.58685302734375, 1.0], [184.28933715820312, 167.45144653320312, 1.0], [123.03555297851562, 176.90162658691406, 1.0], [101.61088562011719, 168.24703979492188, 1.0], [123.88166809082031, 148.2384490966797, 1.0], [209.88275146484375, 199.37477111816406, 1.0], [151.45257568359375, 203.02162170410156, 1.0], [172.92816162109375, 165.08192443847656, 1.0], [209.3396453857422, 146.6658477783203, 1.0], [232.06097412109375, 219.2706756591797, 1.0], [174.014404296875, 254.99400329589844, 1.0], [143.8232879638672, 260.2801513671875, 1.0], [114.84625244140625, 263.69805908203125, 1.0], [259.2140808105469, 231.0684814453125, 1.0], [234.2158203125, 242.6832733154297, 1.0], [231.8653106689453, 217.01681518554688, 1.0], [240.1604766845703, 180.11236572265625, 1.0]], "is_left": 0}