{"hand_pts": [[159.859130859375, 63.419315338134766, 1.0], [168.23770141601562, 75.66456604003906, 1.0], [196.20208740234375, 63.39979553222656, 1.0], [186.20005798339844, 108.80254364013672, 1.0], [160.80238342285156, 137.87478637695312, 1.0], [234.9102783203125, 141.97023010253906, 1.0], [237.1773223876953, 177.35092163085938, 1.0], [205.2603302001953, 186.19300842285156, 1.0], [180.96270751953125, 200.1954803466797, 1.0], [225.2068328857422, 166.97080993652344, 1.0], [177.09487915039062, 200.81483459472656, 1.0], [135.38186645507812, 177.46556091308594, 1.0], [101.1374282836914, 148.28135681152344, 1.0], [209.99636840820312, 184.3765411376953, 1.0], [230.41905212402344, 246.5651397705078, 1.0], [205.99310302734375, 259.9704284667969, 1.0], [173.27296447753906, 252.48141479492188, 1.0], [189.8118896484375, 193.76409912109375, 1.0], [176.70533752441406, 236.26318359375, 1.0], [150.933837890625, 239.24110412597656, 1.0], [124.19668579101562, 224.82716369628906, 1.0]], "is_left": 0}