{"hand_pts": [[278.57574462890625, 67.13433074951172, 1.0], [266.8102111816406, 136.0293731689453, 1.0], [267.3089294433594, 194.1987762451172, 1.0], [246.9892578125, 240.63885498046875, 1.0], [206.3386688232422, 259.3450622558594, 1.0], [248.0104217529297, 165.82510375976562, 1.0], [237.0312957763672, 210.1832275390625, 1.0], [209.5208282470703, 241.4771270751953, 1.0], [176.4696807861328, 263.5, 1.0], [223.9462127685547, 134.41822814941406, 1.0], [170.29029846191406, 191.53219604492188, 1.0], [148.19161987304688, 214.8568572998047, 1.0], [147.920654296875, 216.7422332763672, 1.0], [202.43955993652344, 111.08106994628906, 1.0], [154.309326171875, 159.49107360839844, 1.0], [126.43476104736328, 189.27145385742188, 1.0], [106.127685546875, 213.80322265625, 1.0], [185.08547973632812, 86.8203125, 1.0], [142.46710205078125, 114.7303466796875, 1.0], [118.48570251464844, 136.75856018066406, 1.0], [117.47697448730469, 152.52822875976562, 1.0]], "is_left": 0}