{"hand_pts": [[306.3279724121094, 115.88584899902344, 1.0], [264.5861511230469, 173.70484924316406, 1.0], [238.45895385742188, 222.4316864013672, 1.0], [188.98439025878906, 217.18333435058594, 1.0], [193.11734008789062, 175.50852966308594, 1.0], [239.479248046875, 208.30088806152344, 1.0], [224.21331787109375, 255.38223266601562, 1.0], [194.6421356201172, 279.94598388671875, 1.0], [155.08702087402344, 282.96002197265625, 1.0], [234.6357421875, 171.543701171875, 1.0], [164.55322265625, 205.4740753173828, 1.0], [131.15420532226562, 215.0231170654297, 1.0], [121.33055877685547, 212.09080505371094, 1.0], [227.6176300048828, 141.27557373046875, 1.0], [177.14210510253906, 171.33851623535156, 1.0], [138.74215698242188, 188.5334014892578, 1.0], [115.0986099243164, 195.14125061035156, 1.0], [224.05224609375, 110.32759857177734, 1.0], [180.3523406982422, 90.97859191894531, 1.0], [161.15293884277344, 80.67356872558594, 1.0], [149.39852905273438, 74.8622055053711, 1.0]], "is_left": 0}