{"hand_pts": [[139.57675170898438, 106.60953521728516, 1.0], [199.4122772216797, 118.0894775390625, 1.0], [257.1170959472656, 128.81642150878906, 1.0], [273.6963195800781, 127.21630859375, 1.0], [284.2311706542969, 124.99451446533203, 1.0], [196.6662139892578, 189.6212921142578, 1.0], [234.148193359375, 211.07391357421875, 1.0], [256.57952880859375, 207.8924560546875, 1.0], [268.59332275390625, 190.23219299316406, 1.0], [156.65945434570312, 195.08348083496094, 1.0], [164.97935485839844, 218.26055908203125, 1.0], [182.52737426757812, 190.9572296142578, 1.0], [198.0366668701172, 170.54144287109375, 1.0], [128.45639038085938, 194.0514678955078, 1.0], [159.7381591796875, 195.60092163085938, 1.0], [180.89988708496094, 179.63507080078125, 1.0], [200.18482971191406, 153.341796875, 1.0], [103.43792724609375, 186.68702697753906, 1.0], [84.36128234863281, 213.10414123535156, 1.0], [76.89447021484375, 228.30694580078125, 1.0], [77.74175262451172, 240.66018676757812, 1.0]], "is_left": 0}