{"hand_pts": [[120.91140747070312, 220.8858184814453, 1.0], [136.07032775878906, 248.53126525878906, 1.0], [155.93289184570312, 291.7904357910156, 1.0], [142.60897827148438, 305.4136657714844, 1.0], [108.78510284423828, 276.7354736328125, 1.0], [215.96458435058594, 209.4469757080078, 1.0], [236.71463012695312, 203.40211486816406, 1.0], [210.37071228027344, 206.8338623046875, 1.0], [178.83204650878906, 210.28848266601562, 1.0], [207.0906524658203, 173.86212158203125, 1.0], [251.95159912109375, 163.56295776367188, 1.0], [216.1925048828125, 179.3944854736328, 1.0], [175.4347686767578, 194.92376708984375, 1.0], [192.30810546875, 149.0291748046875, 1.0], [226.40118408203125, 127.43326568603516, 1.0], [233.24037170410156, 121.6974105834961, 1.0], [236.80201721191406, 118.0784912109375, 1.0], [171.34776306152344, 130.411865234375, 1.0], [150.54144287109375, 104.81610870361328, 1.0], [119.87879180908203, 120.09867858886719, 1.0], [91.28913879394531, 146.15679931640625, 1.0]], "is_left": 0}