{"hand_pts": [[108.44119262695312, 201.0776824951172, 1.0], [103.45066833496094, 212.61392211914062, 1.0], [67.92845916748047, 196.0178680419922, 1.0], [54.94532012939453, 186.6662139892578, 1.0], [88.0358657836914, 192.84226989746094, 1.0], [137.23681640625, 141.28089904785156, 1.0], [151.3519287109375, 167.94488525390625, 1.0], [159.74826049804688, 207.3986053466797, 1.0], [167.8546142578125, 248.2648468017578, 1.0], [171.7379608154297, 136.78089904785156, 1.0], [226.8090362548828, 144.91098022460938, 1.0], [249.26109313964844, 183.1577911376953, 1.0], [246.7233428955078, 229.53245544433594, 1.0], [199.2218017578125, 141.80177307128906, 1.0], [237.6728057861328, 134.03585815429688, 1.0], [249.36297607421875, 169.2997589111328, 1.0], [255.83921813964844, 207.8699951171875, 1.0], [220.90142822265625, 152.9645233154297, 1.0], [249.07565307617188, 193.4768829345703, 1.0], [242.319091796875, 229.14341735839844, 1.0], [213.24444580078125, 247.5406494140625, 1.0]], "is_left": 0}