{"hand_pts": [[65.7545166015625, 312.76116943359375, 1.0], [89.65672302246094, 273.7254638671875, 1.0], [72.1802978515625, 243.340087890625, 1.0], [125.82579040527344, 204.82232666015625, 1.0], [187.6006622314453, 183.59205627441406, 1.0], [97.45980834960938, 147.05690002441406, 1.0], [162.95892333984375, 126.56588745117188, 1.0], [206.9496612548828, 149.51206970214844, 1.0], [239.0929718017578, 192.755126953125, 1.0], [119.99579620361328, 143.5309600830078, 1.0], [214.6374969482422, 119.28702545166016, 1.0], [245.5204315185547, 172.736083984375, 1.0], [233.78164672851562, 233.71954345703125, 1.0], [142.981201171875, 149.25730895996094, 1.0], [237.28799438476562, 139.23751831054688, 1.0], [252.42733764648438, 193.58848571777344, 1.0], [235.15428161621094, 248.2224578857422, 1.0], [162.84800720214844, 166.84893798828125, 1.0], [230.43382263183594, 172.5382843017578, 1.0], [229.61767578125, 217.96292114257812, 1.0], [181.0391387939453, 235.46450805664062, 1.0]], "is_left": 0,"label":0}