{"hand_pts": [[342.4225769042969, 110.8604736328125, 1.0], [288.1060485839844, 112.50077819824219, 1.0], [273.3882751464844, 122.74781799316406, 1.0], [222.92913818359375, 120.77543640136719, 1.0], [189.97755432128906, 109.92546844482422, 1.0], [237.42015075683594, 192.3116455078125, 1.0], [175.64852905273438, 190.1631317138672, 1.0], [163.6612091064453, 153.9288787841797, 1.0], [150.54832458496094, 119.72605895996094, 1.0], [233.95079040527344, 201.63018798828125, 1.0], [159.22247314453125, 201.57472229003906, 1.0], [120.68800354003906, 180.9722137451172, 1.0], [106.43609619140625, 143.21286010742188, 1.0], [229.58290100097656, 201.7327117919922, 1.0], [181.0596923828125, 254.7732696533203, 1.0], [146.27125549316406, 276.6313171386719, 1.0], [109.6889419555664, 263.55426025390625, 1.0], [230.84454345703125, 194.23341369628906, 1.0], [182.4279022216797, 217.36680603027344, 1.0], [146.94357299804688, 209.95436096191406, 1.0], [150.12124633789062, 178.46278381347656, 1.0]], "is_left": 0}