{"hand_pts": [[181.77822875976562, 43.803009033203125, 1.0], [147.94520568847656, 91.97566223144531, 1.0], [111.25910949707031, 109.19450378417969, 1.0], [117.00617980957031, 148.38697814941406, 1.0], [147.4930877685547, 181.80474853515625, 1.0], [136.3480224609375, 178.58570861816406, 1.0], [143.41888427734375, 218.3342742919922, 1.0], [154.28875732421875, 219.4775848388672, 1.0], [167.49253845214844, 204.64036560058594, 1.0], [169.68458557128906, 177.32569885253906, 1.0], [182.57354736328125, 255.26657104492188, 1.0], [191.38262939453125, 279.26727294921875, 1.0], [198.6145782470703, 289.9356384277344, 1.0], [196.76858520507812, 173.63633728027344, 1.0], [225.93939208984375, 211.37722778320312, 1.0], [225.2106170654297, 174.62002563476562, 1.0], [207.5111846923828, 141.07713317871094, 1.0], [222.13868713378906, 161.80967712402344, 1.0], [250.2423095703125, 177.9647979736328, 1.0], [251.21771240234375, 156.7738494873047, 1.0], [234.11837768554688, 125.87178039550781, 1.0]], "is_left": 0}