{"hand_pts": [[330.26617431640625, 150.5010528564453, 1.0], [254.3516845703125, 176.0220184326172, 1.0], [198.28981018066406, 182.8257293701172, 1.0], [142.68792724609375, 176.73936462402344, 1.0], [120.71910095214844, 156.52122497558594, 1.0], [214.58291625976562, 239.86830139160156, 1.0], [148.87388610839844, 236.3548126220703, 1.0], [138.5437774658203, 197.45852661132812, 1.0], [160.03001403808594, 168.27499389648438, 1.0], [236.18722534179688, 218.34121704101562, 1.0], [174.74456787109375, 256.61859130859375, 1.0], [139.5786590576172, 224.8583526611328, 1.0], [99.67033386230469, 201.1142120361328, 1.0], [250.95687866210938, 194.61734008789062, 1.0], [176.1319580078125, 198.95616149902344, 1.0], [147.13038635253906, 171.76792907714844, 1.0], [169.11219787597656, 153.20111083984375, 1.0], [268.7519836425781, 166.7986297607422, 1.0], [224.29165649414062, 139.43905639648438, 1.0], [219.59628295898438, 120.50069427490234, 1.0], [213.29246520996094, 101.96428680419922, 1.0]], "is_left": 0}