{"hand_pts": [[105.56636810302734, 66.98199462890625, 1.0], [136.1344451904297, 82.84900665283203, 1.0], [156.26332092285156, 69.63074493408203, 1.0], [157.4656524658203, 83.93057250976562, 1.0], [138.9291534423828, 114.93377685546875, 1.0], [214.38169860839844, 154.09881591796875, 1.0], [229.13003540039062, 181.31057739257812, 1.0], [195.36671447753906, 168.9597625732422, 1.0], [160.20596313476562, 149.78822326660156, 1.0], [204.05026245117188, 175.2359619140625, 1.0], [253.0390625, 235.87777709960938, 1.0], [264.1329650878906, 264.1507873535156, 1.0], [241.66033935546875, 258.11566162109375, 1.0], [189.5800323486328, 188.9739990234375, 1.0], [179.77159118652344, 219.07791137695312, 1.0], [161.5914306640625, 221.73741149902344, 1.0], [135.83261108398438, 210.20745849609375, 1.0], [168.83578491210938, 194.87698364257812, 1.0], [173.15635681152344, 230.43983459472656, 1.0], [158.7091827392578, 230.09239196777344, 1.0], [137.73641967773438, 208.78794860839844, 1.0]], "is_left": 0}