{"hand_pts": [[353.4857177734375, 184.27532958984375, 1.0], [300.9544677734375, 170.548583984375, 1.0], [284.1074523925781, 179.7954559326172, 1.0], [239.36593627929688, 214.87832641601562, 1.0], [198.06016540527344, 247.36094665527344, 1.0], [218.9666748046875, 117.83992004394531, 1.0], [156.9328155517578, 83.64483642578125, 1.0], [138.8838348388672, 122.66117095947266, 1.0], [143.75997924804688, 165.9638671875, 1.0], [219.02520751953125, 140.23464965820312, 1.0], [145.53416442871094, 164.7577362060547, 1.0], [119.10482788085938, 196.46792602539062, 1.0], [103.31163787841797, 229.7442169189453, 1.0], [221.14944458007812, 164.4162139892578, 1.0], [144.6074676513672, 165.814208984375, 1.0], [133.71600341796875, 197.9137420654297, 1.0], [156.16140747070312, 221.39170837402344, 1.0], [231.0689697265625, 190.95701599121094, 1.0], [185.77618408203125, 214.568603515625, 1.0], [171.48837280273438, 239.686279296875, 1.0], [196.10598754882812, 239.1754608154297, 1.0]], "is_left": 0,"label":3}