{"hand_pts": [[219.58665466308594, 258.6825256347656, 1.0], [232.107666015625, 246.12461853027344, 1.0], [282.2126770019531, 226.84925842285156, 1.0], [298.0665283203125, 202.09100341796875, 1.0], [268.467529296875, 181.7117919921875, 1.0], [244.6811065673828, 161.72830200195312, 1.0], [237.5744171142578, 141.0916290283203, 1.0], [218.0909881591797, 147.49147033691406, 1.0], [191.37188720703125, 167.08905029296875, 1.0], [211.64682006835938, 158.03038024902344, 1.0], [173.16705322265625, 154.028076171875, 1.0], [149.503173828125, 185.63754272460938, 1.0], [135.5426025390625, 224.7134552001953, 1.0], [182.4965057373047, 161.84747314453125, 1.0], [128.08273315429688, 152.7290802001953, 1.0], [124.6083984375, 190.26031494140625, 1.0], [118.52400207519531, 226.42539978027344, 1.0], [155.91412353515625, 173.08856201171875, 1.0], [112.66107177734375, 177.94058227539062, 1.0], [98.05709838867188, 203.6426239013672, 1.0], [116.86814880371094, 227.9217987060547, 1.0]], "is_left": 0}