{"hand_pts": [[112.7275619506836, 161.77249145507812, 1.0], [136.3450164794922, 128.40760803222656, 1.0], [160.65199279785156, 75.39043426513672, 1.0], [170.02334594726562, 84.77510070800781, 1.0], [160.75746154785156, 132.2067108154297, 1.0], [235.89944458007812, 136.4893798828125, 1.0], [221.69296264648438, 153.41856384277344, 1.0], [178.39437866210938, 161.9812469482422, 1.0], [151.4052734375, 159.69869995117188, 1.0], [236.28953552246094, 177.53814697265625, 1.0], [216.6405792236328, 203.51126098632812, 1.0], [168.9718780517578, 193.21400451660156, 1.0], [154.54238891601562, 173.63922119140625, 1.0], [228.8157501220703, 210.16458129882812, 1.0], [225.46983337402344, 242.6805877685547, 1.0], [182.24191284179688, 232.4284210205078, 1.0], [165.14913940429688, 209.55906677246094, 1.0], [212.55728149414062, 238.9808349609375, 1.0], [190.38641357421875, 271.7935485839844, 1.0], [155.93202209472656, 259.4429016113281, 1.0], [151.595947265625, 228.19931030273438, 1.0]], "is_left": 0}