{"hand_pts": [[206.28152465820312, 22.16008949279785, 1.0], [161.33486938476562, 70.74313354492188, 1.0], [114.9715347290039, 98.02278900146484, 1.0], [96.40476989746094, 142.8316650390625, 1.0], [86.8780517578125, 185.46810913085938, 1.0], [167.3542022705078, 149.07852172851562, 1.0], [145.1965789794922, 203.2410888671875, 1.0], [133.98387145996094, 225.1755828857422, 1.0], [126.4314956665039, 238.8485107421875, 1.0], [204.43307495117188, 145.65432739257812, 1.0], [194.6865997314453, 206.0460662841797, 1.0], [182.99583435058594, 225.04147338867188, 1.0], [170.3543701171875, 231.63153076171875, 1.0], [232.40444946289062, 140.13433837890625, 1.0], [227.55332946777344, 206.5223846435547, 1.0], [219.277587890625, 241.0230255126953, 1.0], [210.51243591308594, 273.6036682128906, 1.0], [257.5129699707031, 127.36517333984375, 1.0], [260.2560119628906, 160.70172119140625, 1.0], [256.29364013671875, 176.16458129882812, 1.0], [240.45974731445312, 172.2745361328125, 1.0]], "is_left": 0}