{"hand_pts": [[200.54315185546875, 164.04885864257812, 1.0], [222.6198272705078, 199.87741088867188, 1.0], [228.8828887939453, 250.75119018554688, 1.0], [228.06300354003906, 282.2458190917969, 1.0], [225.73696899414062, 307.24761962890625, 1.0], [151.38600158691406, 227.18284606933594, 1.0], [175.9330291748047, 237.74325561523438, 1.0], [197.87081909179688, 239.47647094726562, 1.0], [228.35519409179688, 232.99996948242188, 1.0], [134.28700256347656, 192.68092346191406, 1.0], [162.68397521972656, 169.335205078125, 1.0], [196.49600219726562, 152.02574157714844, 1.0], [218.75839233398438, 137.54470825195312, 1.0], [128.8328857421875, 162.26185607910156, 1.0], [152.05335998535156, 147.86546325683594, 1.0], [195.68418884277344, 136.7817840576172, 1.0], [210.4517822265625, 140.48056030273438, 1.0], [130.31842041015625, 131.77662658691406, 1.0], [138.22250366210938, 101.73108673095703, 1.0], [174.7559814453125, 98.68882751464844, 1.0], [203.9573974609375, 111.10629272460938, 1.0]], "is_left": 0}