{"hand_pts": [[118.07373046875, 286.74578857421875, 1.0], [99.81100463867188, 229.97479248046875, 1.0], [77.81197357177734, 173.80047607421875, 1.0], [89.02113342285156, 130.36546325683594, 1.0], [125.10733795166016, 121.82454681396484, 1.0], [168.5161590576172, 170.0670166015625, 1.0], [144.45896911621094, 160.61509704589844, 1.0], [116.97746276855469, 185.90219116210938, 1.0], [97.8118896484375, 216.21578979492188, 1.0], [199.30844116210938, 196.9297332763672, 1.0], [234.38722229003906, 135.90419006347656, 1.0], [212.4805450439453, 136.54722595214844, 1.0], [191.54513549804688, 138.32362365722656, 1.0], [217.77581787109375, 220.7691650390625, 1.0], [264.2754821777344, 192.17010498046875, 1.0], [240.00408935546875, 193.03707885742188, 1.0], [201.7281494140625, 204.36207580566406, 1.0], [228.04190063476562, 248.06005859375, 1.0], [269.7775573730469, 234.2167205810547, 1.0], [252.54075622558594, 222.6593780517578, 1.0], [227.59620666503906, 211.2566375732422, 1.0]], "is_left": 0}