{"hand_pts": [[23.33390235900879, 229.47125244140625, 1.0], [98.86651611328125, 201.69326782226562, 1.0], [160.4824676513672, 186.21649169921875, 1.0], [219.75794982910156, 173.88526916503906, 1.0], [273.281494140625, 163.55709838867188, 1.0], [193.59494018554688, 226.11178588867188, 1.0], [225.93312072753906, 180.16720581054688, 1.0], [191.02273559570312, 161.3660430908203, 1.0], [162.0044708251953, 139.18197631835938, 1.0], [173.2572784423828, 230.10238647460938, 1.0], [225.4463653564453, 187.6763458251953, 1.0], [212.13148498535156, 152.7564239501953, 1.0], [205.59303283691406, 118.45623779296875, 1.0], [153.69290161132812, 227.8277587890625, 1.0], [212.63877868652344, 220.958251953125, 1.0], [237.06228637695312, 194.00921630859375, 1.0], [245.855224609375, 163.05299377441406, 1.0], [126.72662353515625, 223.75186157226562, 1.0], [130.06248474121094, 188.28857421875, 1.0], [120.29205322265625, 161.912353515625, 1.0], [98.93663024902344, 160.9451141357422, 1.0]], "is_left": 0}