{"hand_pts": [[77.93681335449219, 167.4722137451172, 1.0], [138.23028564453125, 184.37745666503906, 1.0], [189.50437927246094, 198.96719360351562, 1.0], [228.6245880126953, 212.5369415283203, 1.0], [262.3800354003906, 224.893310546875, 1.0], [175.60440063476562, 170.87115478515625, 1.0], [221.8326416015625, 166.85867309570312, 1.0], [250.97698974609375, 171.19056701660156, 1.0], [277.76007080078125, 168.2517547607422, 1.0], [144.14932250976562, 173.6577911376953, 1.0], [190.7576141357422, 168.11671447753906, 1.0], [222.3133087158203, 171.11830139160156, 1.0], [251.32586669921875, 172.48464965820312, 1.0], [118.32260131835938, 179.9091339111328, 1.0], [159.13221740722656, 181.07376098632812, 1.0], [185.65670776367188, 191.69021606445312, 1.0], [210.5673370361328, 199.11268615722656, 1.0], [90.71509552001953, 186.7762908935547, 1.0], [110.43721771240234, 189.7177734375, 1.0], [127.9513168334961, 196.93496704101562, 1.0], [147.76768493652344, 203.66421508789062, 1.0]], "is_left": 0}