{"hand_pts": [[97.94004821777344, 201.92800903320312, 1.0], [164.36355590820312, 240.5995330810547, 1.0], [200.7809295654297, 295.46978759765625, 1.0], [256.5013427734375, 270.1292724609375, 1.0], [248.88177490234375, 216.5916748046875, 1.0], [149.17767333984375, 249.78309631347656, 1.0], [222.9183807373047, 225.22805786132812, 1.0], [229.06048583984375, 213.53721618652344, 1.0], [190.4586181640625, 220.544189453125, 1.0], [128.0202178955078, 205.98739624023438, 1.0], [210.1856231689453, 164.92474365234375, 1.0], [220.54090881347656, 166.43666076660156, 1.0], [182.56967163085938, 191.20494079589844, 1.0], [118.32769012451172, 169.443359375, 1.0], [189.1172332763672, 118.61217498779297, 1.0], [195.41795349121094, 125.6780014038086, 1.0], [161.470947265625, 156.96133422851562, 1.0], [110.45159912109375, 135.21592712402344, 1.0], [152.0198974609375, 92.93634796142578, 1.0], [167.5080108642578, 101.748291015625, 1.0], [142.4537811279297, 135.8240509033203, 1.0]], "is_left": 0}