{"hand_pts": [[219.8852996826172, 133.04791259765625, 1.0], [163.60560607910156, 153.91806030273438, 1.0], [109.56852722167969, 181.0694580078125, 1.0], [81.30504608154297, 184.98583984375, 1.0], [91.40715026855469, 167.03591918945312, 1.0], [181.02801513671875, 228.5294647216797, 1.0], [147.28753662109375, 232.84573364257812, 1.0], [122.81596374511719, 206.87677001953125, 1.0], [113.0101089477539, 164.44114685058594, 1.0], [221.25489807128906, 212.85403442382812, 1.0], [212.1014862060547, 267.223388671875, 1.0], [187.5480499267578, 269.8150634765625, 1.0], [159.38771057128906, 258.3411865234375, 1.0], [249.4040069580078, 192.83157348632812, 1.0], [225.98800659179688, 171.58856201171875, 1.0], [200.6912384033203, 138.44447326660156, 1.0], [180.2333984375, 109.80694580078125, 1.0], [273.5846252441406, 167.26943969726562, 1.0], [275.3584289550781, 121.10646057128906, 1.0], [256.1651916503906, 100.43241882324219, 1.0], [249.47903442382812, 130.00860595703125, 1.0]], "is_left": 0}