{"hand_pts": [[336.8736267089844, 173.7678985595703, 1.0], [261.24542236328125, 163.13307189941406, 1.0], [209.49781799316406, 137.10708618164062, 1.0], [152.9090576171875, 147.27108764648438, 1.0], [124.67249298095703, 178.5183563232422, 1.0], [202.9303741455078, 122.64249420166016, 1.0], [137.4369659423828, 135.27223205566406, 1.0], [105.37474060058594, 162.66622924804688, 1.0], [112.68508911132812, 193.06874084472656, 1.0], [222.9929962158203, 141.45375061035156, 1.0], [149.05511474609375, 162.3955535888672, 1.0], [113.04297637939453, 192.1021728515625, 1.0], [115.48526000976562, 216.44635009765625, 1.0], [237.98902893066406, 161.5232696533203, 1.0], [183.14627075195312, 209.5723114013672, 1.0], [200.18289184570312, 224.5351104736328, 1.0], [231.57254028320312, 205.0498504638672, 1.0], [257.40032958984375, 183.30563354492188, 1.0], [235.14064025878906, 224.73077392578125, 1.0], [231.2564239501953, 250.70523071289062, 1.0], [240.18470764160156, 259.2955017089844, 1.0]], "is_left": 0}