{"hand_pts": [[308.06646728515625, 243.3577423095703, 1.0], [280.62420654296875, 203.7513885498047, 1.0], [276.3515625, 176.4903106689453, 1.0], [247.0799560546875, 142.88038635253906, 1.0], [218.67100524902344, 116.98792266845703, 1.0], [203.22784423828125, 217.35260009765625, 1.0], [198.0941619873047, 165.7758331298828, 1.0], [228.92852783203125, 160.91432189941406, 1.0], [255.9333038330078, 171.67221069335938, 1.0], [192.7696075439453, 226.202880859375, 1.0], [131.5479736328125, 217.37481689453125, 1.0], [99.69730377197266, 197.421875, 1.0], [85.88291931152344, 164.3441619873047, 1.0], [188.15115356445312, 228.16937255859375, 1.0], [133.3840789794922, 201.5017852783203, 1.0], [142.2721710205078, 167.75350952148438, 1.0], [146.41465759277344, 134.03335571289062, 1.0], [191.4950408935547, 229.01148986816406, 1.0], [154.1053009033203, 208.9862518310547, 1.0], [147.63369750976562, 179.6210174560547, 1.0], [168.5724334716797, 158.3872528076172, 1.0]], "is_left": 0}