{"hand_pts": [[240.65789794921875, 119.63439178466797, 1.0], [173.7970428466797, 137.3436737060547, 1.0], [118.73975372314453, 152.2554931640625, 1.0], [96.04175567626953, 171.56878662109375, 1.0], [79.8050308227539, 189.8936309814453, 1.0], [174.67245483398438, 219.1547393798828, 1.0], [141.8378143310547, 249.76576232910156, 1.0], [120.62812042236328, 266.4524230957031, 1.0], [102.81075286865234, 241.2843780517578, 1.0], [216.396240234375, 210.14559936523438, 1.0], [211.37001037597656, 239.82797241210938, 1.0], [185.95730590820312, 212.16006469726562, 1.0], [160.71299743652344, 178.52557373046875, 1.0], [246.36614990234375, 195.15464782714844, 1.0], [223.64581298828125, 171.86346435546875, 1.0], [211.95062255859375, 139.22923278808594, 1.0], [207.94131469726562, 121.90216064453125, 1.0], [273.85498046875, 173.61473083496094, 1.0], [265.3245544433594, 154.180419921875, 1.0], [253.54966735839844, 132.74557495117188, 1.0], [234.80630493164062, 113.21544647216797, 1.0]], "is_left": 0,"label":5}