{"hand_pts": [[81.727783203125, 189.3404541015625, 1.0], [144.11512756347656, 223.41522216796875, 1.0], [201.3748016357422, 245.80686950683594, 1.0], [250.85208129882812, 250.9969482421875, 1.0], [284.6156921386719, 236.7296142578125, 1.0], [146.49620056152344, 241.49066162109375, 1.0], [200.36341857910156, 228.06326293945312, 1.0], [234.98390197753906, 215.0001678466797, 1.0], [259.5635070800781, 195.87127685546875, 1.0], [123.72665405273438, 206.02000427246094, 1.0], [175.44407653808594, 180.9033660888672, 1.0], [213.65420532226562, 163.59812927246094, 1.0], [244.3589630126953, 151.04444885253906, 1.0], [110.11518096923828, 175.5041961669922, 1.0], [163.57456970214844, 157.8024444580078, 1.0], [198.8714599609375, 146.37936401367188, 1.0], [233.88705444335938, 136.94232177734375, 1.0], [97.0420150756836, 145.83810424804688, 1.0], [97.47071838378906, 124.36029815673828, 1.0], [126.74871063232422, 119.44934844970703, 1.0], [148.4805450439453, 134.9849853515625, 1.0]], "is_left": 0}