{"hand_pts": [[46.71562957763672, 84.23590087890625, 1.0], [133.66787719726562, 102.78742218017578, 1.0], [195.54208374023438, 119.96040344238281, 1.0], [243.84719848632812, 162.57095336914062, 1.0], [247.3734588623047, 212.73509216308594, 1.0], [183.72845458984375, 94.31999206542969, 1.0], [234.62921142578125, 148.467041015625, 1.0], [230.8590087890625, 184.3798065185547, 1.0], [230.41915893554688, 222.93777465820312, 1.0], [145.5877685546875, 114.1120834350586, 1.0], [199.57479858398438, 197.1793975830078, 1.0], [223.59185791015625, 245.16697692871094, 1.0], [222.7299041748047, 266.3160400390625, 1.0], [116.03533172607422, 135.6239471435547, 1.0], [175.48739624023438, 188.3545379638672, 1.0], [210.6068878173828, 229.3900909423828, 1.0], [243.30108642578125, 269.3963928222656, 1.0], [84.00817108154297, 155.60728454589844, 1.0], [97.5865478515625, 195.1316680908203, 1.0], [125.82257080078125, 225.414306640625, 1.0], [134.9194793701172, 214.6787567138672, 1.0]], "is_left": 0}