{"hand_pts": [[294.89642333984375, 73.20220947265625, 1.0], [225.5267333984375, 108.59699249267578, 1.0], [158.9610137939453, 117.6742172241211, 1.0], [119.28968811035156, 155.98513793945312, 1.0], [108.45169067382812, 197.2054901123047, 1.0], [160.7957763671875, 121.26200866699219, 1.0], [115.86629486083984, 173.4469757080078, 1.0], [108.75293731689453, 213.49647521972656, 1.0], [127.82156372070312, 239.71673583984375, 1.0], [195.631591796875, 129.49745178222656, 1.0], [179.83181762695312, 206.41842651367188, 1.0], [201.20736694335938, 216.98463439941406, 1.0], [225.13999938964844, 195.84317016601562, 1.0], [225.56668090820312, 140.04205322265625, 1.0], [195.83143615722656, 186.97085571289062, 1.0], [180.5218048095703, 226.1095428466797, 1.0], [166.54019165039062, 265.3479919433594, 1.0], [258.8603515625, 148.02322387695312, 1.0], [251.8086700439453, 198.44378662109375, 1.0], [253.7899932861328, 217.64129638671875, 1.0], [259.103271484375, 188.4845733642578, 1.0]], "is_left": 0}