{"hand_pts": [[67.99221801757812, 181.34458923339844, 1.0], [92.21636199951172, 229.57167053222656, 1.0], [100.51238250732422, 283.9992370605469, 1.0], [131.70474243164062, 280.18994140625, 1.0], [161.95375061035156, 247.05517578125, 1.0], [214.23013305664062, 229.5330352783203, 1.0], [226.80841064453125, 228.02413940429688, 1.0], [177.91932678222656, 220.1072235107422, 1.0], [128.69505310058594, 212.42767333984375, 1.0], [221.6787109375, 183.19003295898438, 1.0], [216.19113159179688, 185.7528839111328, 1.0], [156.46157836914062, 192.40269470214844, 1.0], [98.34320831298828, 199.21412658691406, 1.0], [218.48443603515625, 146.78773498535156, 1.0], [258.6873474121094, 138.3681182861328, 1.0], [253.71762084960938, 138.14305114746094, 1.0], [202.32839965820312, 150.08006286621094, 1.0], [203.71702575683594, 113.80745697021484, 1.0], [229.33412170410156, 85.89578247070312, 1.0], [203.1532745361328, 92.38079071044922, 1.0], [167.22340393066406, 119.74469757080078, 1.0]], "is_left": 0}