{"hand_pts": [[210.6580352783203, 335.48956298828125, 1.0], [246.64874267578125, 266.5875549316406, 1.0], [277.6538391113281, 208.8590850830078, 1.0], [282.732177734375, 157.80316162109375, 1.0], [269.6890563964844, 117.09476470947266, 1.0], [227.91433715820312, 220.17100524902344, 1.0], [237.01588439941406, 167.78150939941406, 1.0], [239.70030212402344, 131.9884490966797, 1.0], [242.52378845214844, 100.84955596923828, 1.0], [182.62081909179688, 239.15945434570312, 1.0], [177.54110717773438, 182.7624053955078, 1.0], [175.4049072265625, 142.81695556640625, 1.0], [173.4573516845703, 105.36917877197266, 1.0], [147.75732421875, 252.78733825683594, 1.0], [136.20208740234375, 198.12640380859375, 1.0], [131.49853515625, 160.15553283691406, 1.0], [127.0214614868164, 123.19831848144531, 1.0], [117.8995132446289, 269.7523498535156, 1.0], [99.98053741455078, 236.7335205078125, 1.0], [92.22875213623047, 207.1130828857422, 1.0], [88.13668823242188, 173.91221618652344, 1.0]], "is_left": 0}