{"hand_pts": [[322.2840270996094, 103.4118881225586, 1.0], [274.4962463378906, 152.52691650390625, 1.0], [265.716796875, 207.75340270996094, 1.0], [222.9121856689453, 236.4217071533203, 1.0], [173.01905822753906, 230.93502807617188, 1.0], [250.19833374023438, 208.27874755859375, 1.0], [182.64788818359375, 221.7570343017578, 1.0], [136.82220458984375, 221.3367156982422, 1.0], [100.44384765625, 204.1514129638672, 1.0], [247.23011779785156, 177.7371063232422, 1.0], [190.61000061035156, 198.99749755859375, 1.0], [144.0646209716797, 208.28201293945312, 1.0], [104.47583770751953, 219.1321258544922, 1.0], [241.0348663330078, 149.5734100341797, 1.0], [165.9087371826172, 170.11495971679688, 1.0], [122.71015167236328, 171.79638671875, 1.0], [123.60253143310547, 155.96334838867188, 1.0], [238.1785430908203, 118.33741760253906, 1.0], [195.24122619628906, 128.46690368652344, 1.0], [159.66355895996094, 131.6197052001953, 1.0], [135.94248962402344, 132.3342742919922, 1.0]], "is_left": 0}