{"hand_pts": [[318.8235168457031, 180.42645263671875, 1.0], [265.3208312988281, 128.02748107910156, 1.0], [217.69915771484375, 78.04438018798828, 1.0], [176.36949157714844, 111.69023132324219, 1.0], [151.2061767578125, 156.2120819091797, 1.0], [244.89695739746094, 148.2155303955078, 1.0], [201.48797607421875, 140.8651123046875, 1.0], [159.14585876464844, 136.29078674316406, 1.0], [114.1391830444336, 133.31675720214844, 1.0], [244.6708984375, 195.19378662109375, 1.0], [164.77650451660156, 204.51583862304688, 1.0], [139.72756958007812, 185.72560119628906, 1.0], [141.12008666992188, 165.75186157226562, 1.0], [240.041259765625, 229.80943298339844, 1.0], [187.616943359375, 226.7481231689453, 1.0], [143.1645050048828, 210.02227783203125, 1.0], [128.57757568359375, 191.55459594726562, 1.0], [238.18890380859375, 259.6372375488281, 1.0], [186.2535400390625, 272.41766357421875, 1.0], [169.46627807617188, 260.864501953125, 1.0], [195.1820526123047, 233.7582244873047, 1.0]], "is_left": 0}