{"hand_pts": [[341.05706787109375, 178.1349639892578, 1.0], [284.86834716796875, 139.67333984375, 1.0], [259.3661193847656, 97.53538513183594, 1.0], [208.88064575195312, 91.47953796386719, 1.0], [181.40859985351562, 118.16954803466797, 1.0], [227.32579040527344, 164.7602996826172, 1.0], [166.6430206298828, 152.02578735351562, 1.0], [153.3279266357422, 141.16639709472656, 1.0], [161.5437469482422, 134.25775146484375, 1.0], [229.0703887939453, 199.7812042236328, 1.0], [159.5292510986328, 207.52938842773438, 1.0], [123.00399780273438, 193.7345428466797, 1.0], [93.1009750366211, 178.85345458984375, 1.0], [229.92742919921875, 224.67364501953125, 1.0], [159.1510467529297, 239.9039764404297, 1.0], [145.66188049316406, 222.72027587890625, 1.0], [151.80694580078125, 200.7964324951172, 1.0], [236.53866577148438, 245.21315002441406, 1.0], [192.3926239013672, 260.27978515625, 1.0], [177.93923950195312, 246.06118774414062, 1.0], [193.6991729736328, 219.7178497314453, 1.0]], "is_left": 0}