{"hand_pts": [[272.6744384765625, 70.6935043334961, 1.0], [211.0444793701172, 90.03251647949219, 1.0], [154.65000915527344, 85.0498046875, 1.0], [113.23311614990234, 92.26325988769531, 1.0], [101.93331909179688, 115.93376159667969, 1.0], [160.5147705078125, 167.94287109375, 1.0], [120.89106750488281, 205.9599609375, 1.0], [137.45970153808594, 192.09825134277344, 1.0], [168.19203186035156, 164.96632385253906, 1.0], [195.6637725830078, 183.50404357910156, 1.0], [157.16615295410156, 248.22618103027344, 1.0], [134.856689453125, 280.50091552734375, 1.0], [130.23822021484375, 278.2456359863281, 1.0], [225.8549346923828, 191.94805908203125, 1.0], [214.80130004882812, 215.14535522460938, 1.0], [228.25186157226562, 181.92987060546875, 1.0], [238.79161071777344, 150.13372802734375, 1.0], [258.4683837890625, 192.11471557617188, 1.0], [250.02197265625, 227.52381896972656, 1.0], [245.45619201660156, 225.64541625976562, 1.0], [245.03663635253906, 194.78994750976562, 1.0]], "is_left": 0}