{"hand_pts": [[326.1307067871094, 239.9163818359375, 1.0], [258.0161437988281, 259.9421691894531, 1.0], [207.75682067871094, 290.8095703125, 1.0], [167.37451171875, 266.89349365234375, 1.0], [166.82594299316406, 226.06637573242188, 1.0], [208.21878051757812, 193.39198303222656, 1.0], [150.31695556640625, 202.06594848632812, 1.0], [116.23263549804688, 210.24171447753906, 1.0], [93.80716705322266, 225.8633270263672, 1.0], [225.6319122314453, 163.52394104003906, 1.0], [154.32984924316406, 163.51434326171875, 1.0], [122.30186462402344, 186.35891723632812, 1.0], [100.86253356933594, 214.75091552734375, 1.0], [238.4086151123047, 145.9120635986328, 1.0], [191.5646209716797, 141.98028564453125, 1.0], [207.60006713867188, 177.72119140625, 1.0], [234.03895568847656, 197.5188446044922, 1.0], [255.08152770996094, 136.31471252441406, 1.0], [223.49851989746094, 103.97001647949219, 1.0], [194.9125518798828, 98.61884307861328, 1.0], [163.5854034423828, 95.53727722167969, 1.0]], "is_left": 0}