{"hand_pts": [[62.79640579223633, 140.96324157714844, 1.0], [91.64917755126953, 118.13111114501953, 1.0], [85.15587615966797, 99.97006225585938, 1.0], [117.4222183227539, 85.04988861083984, 1.0], [170.02200317382812, 80.40731048583984, 1.0], [116.64591217041016, 189.45706176757812, 1.0], [174.5648193359375, 147.02593994140625, 1.0], [206.79330444335938, 112.59819793701172, 1.0], [229.1243438720703, 76.98941040039062, 1.0], [132.38925170898438, 211.8819580078125, 1.0], [184.74815368652344, 258.83123779296875, 1.0], [232.5826416015625, 246.38751220703125, 1.0], [269.316162109375, 213.26161193847656, 1.0], [147.73599243164062, 221.87481689453125, 1.0], [186.67413330078125, 267.7438049316406, 1.0], [220.31588745117188, 278.05023193359375, 1.0], [257.4557800292969, 269.7140197753906, 1.0], [158.81219482421875, 224.2351531982422, 1.0], [211.9781036376953, 212.5558319091797, 1.0], [239.6055145263672, 185.6658172607422, 1.0], [222.3543243408203, 153.2095184326172, 1.0]], "is_left": 0}