{"hand_pts": [[82.38230895996094, 233.92137145996094, 1.0], [123.84857940673828, 256.1138916015625, 1.0], [129.929443359375, 289.1217956542969, 1.0], [186.79283142089844, 286.2521057128906, 1.0], [215.01295471191406, 258.4422912597656, 1.0], [121.7416000366211, 185.14175415039062, 1.0], [192.04489135742188, 191.17416381835938, 1.0], [208.76751708984375, 216.31666564941406, 1.0], [181.5292205810547, 228.18862915039062, 1.0], [126.70122528076172, 148.30081176757812, 1.0], [213.61770629882812, 146.1086883544922, 1.0], [224.49191284179688, 185.62257385253906, 1.0], [186.2180633544922, 208.9718780517578, 1.0], [136.58729553222656, 124.30675506591797, 1.0], [220.66738891601562, 114.57361602783203, 1.0], [227.54165649414062, 152.06507873535156, 1.0], [187.6413116455078, 174.5869903564453, 1.0], [145.59190368652344, 108.65040588378906, 1.0], [202.24984741210938, 97.64518737792969, 1.0], [211.96237182617188, 132.65284729003906, 1.0], [175.27525329589844, 155.51162719726562, 1.0]], "is_left": 0}