{"hand_pts": [[301.59722900390625, 103.3394546508789, 1.0], [282.4312744140625, 134.21499633789062, 1.0], [287.3154296875, 145.9948272705078, 1.0], [272.1817626953125, 178.89617919921875, 1.0], [249.3524932861328, 215.11317443847656, 1.0], [212.4547119140625, 139.45249938964844, 1.0], [163.26953125, 157.2760467529297, 1.0], [147.07606506347656, 188.65220642089844, 1.0], [133.3782196044922, 218.19235229492188, 1.0], [198.50595092773438, 141.6179962158203, 1.0], [153.7490234375, 194.6527862548828, 1.0], [140.25900268554688, 228.89805603027344, 1.0], [149.55857849121094, 253.640625, 1.0], [190.9052276611328, 146.752197265625, 1.0], [136.64002990722656, 178.3316650390625, 1.0], [113.35734558105469, 204.54258728027344, 1.0], [88.41388702392578, 227.4235382080078, 1.0], [190.64381408691406, 150.5701446533203, 1.0], [181.0846405029297, 184.37355041503906, 1.0], [194.94308471679688, 197.87677001953125, 1.0], [222.78021240234375, 181.6321258544922, 1.0]], "is_left": 0}