{"hand_pts": [[316.199462890625, 202.74240112304688, 1.0], [301.9131164550781, 151.24403381347656, 1.0], [288.37384033203125, 90.26178741455078, 1.0], [256.87628173828125, 69.88945770263672, 1.0], [223.5553436279297, 78.76707458496094, 1.0], [198.76806640625, 147.93655395507812, 1.0], [140.0780029296875, 138.62477111816406, 1.0], [142.09071350097656, 139.70350646972656, 1.0], [163.4315948486328, 145.09698486328125, 1.0], [191.16371154785156, 190.52952575683594, 1.0], [118.78582763671875, 192.9455108642578, 1.0], [129.56881713867188, 185.04669189453125, 1.0], [165.28819274902344, 174.8115997314453, 1.0], [193.1426239013672, 223.42201232910156, 1.0], [137.37142944335938, 237.7156524658203, 1.0], [132.33554077148438, 237.99981689453125, 1.0], [131.29151916503906, 236.80540466308594, 1.0], [204.67861938476562, 253.7000274658203, 1.0], [183.66241455078125, 270.2133483886719, 1.0], [198.64791870117188, 265.71502685546875, 1.0], [220.55726623535156, 255.07688903808594, 1.0]], "is_left": 0}