{"hand_pts": [[301.509521484375, 183.65213012695312, 1.0], [231.38311767578125, 227.69052124023438, 1.0], [181.57020568847656, 278.129150390625, 1.0], [141.5814971923828, 269.1488342285156, 1.0], [116.18830108642578, 243.3699951171875, 1.0], [226.6001434326172, 237.68771362304688, 1.0], [197.45069885253906, 255.01722717285156, 1.0], [165.8697052001953, 259.71392822265625, 1.0], [121.48173522949219, 245.96664428710938, 1.0], [245.8961181640625, 193.85641479492188, 1.0], [179.47972106933594, 170.1351318359375, 1.0], [127.96283721923828, 160.9528350830078, 1.0], [124.01493072509766, 169.79164123535156, 1.0], [255.26309204101562, 157.99191284179688, 1.0], [175.53578186035156, 136.95620727539062, 1.0], [167.8299102783203, 142.06065368652344, 1.0], [184.94161987304688, 153.8596649169922, 1.0], [264.6794128417969, 124.49311065673828, 1.0], [220.9279022216797, 90.25584411621094, 1.0], [193.7665557861328, 82.3564682006836, 1.0], [166.60031127929688, 79.63297271728516, 1.0]], "is_left": 0}