{"hand_pts": [[22.588756561279297, 208.44346618652344, 1.0], [69.37654876708984, 158.5028839111328, 1.0], [104.24485778808594, 117.2879867553711, 1.0], [155.59678649902344, 117.8771743774414, 1.0], [179.4202880859375, 149.75347900390625, 1.0], [165.91477966308594, 188.90145874023438, 1.0], [226.45932006835938, 168.962890625, 1.0], [235.7629852294922, 138.28602600097656, 1.0], [220.9495849609375, 114.58355712890625, 1.0], [164.63314819335938, 217.36988830566406, 1.0], [243.4420928955078, 230.06643676757812, 1.0], [266.96875, 200.2655487060547, 1.0], [245.01087951660156, 164.205810546875, 1.0], [158.99583435058594, 233.91705322265625, 1.0], [228.31703186035156, 244.60438537597656, 1.0], [213.77725219726562, 207.9894561767578, 1.0], [197.5370635986328, 172.5619659423828, 1.0], [144.60496520996094, 246.27651977539062, 1.0], [149.6404266357422, 224.54290771484375, 1.0], [138.17864990234375, 202.26486206054688, 1.0], [110.43336486816406, 176.29307556152344, 1.0]], "is_left": 0}