{"hand_pts": [[242.89297485351562, 344.3480529785156, 1.0], [235.7915802001953, 289.2197570800781, 1.0], [236.7878875732422, 256.6116943359375, 1.0], [227.63226318359375, 204.212158203125, 1.0], [216.08941650390625, 164.98008728027344, 1.0], [150.33892822265625, 244.54917907714844, 1.0], [160.04727172851562, 181.8871307373047, 1.0], [187.67449951171875, 149.39889526367188, 1.0], [227.81190490722656, 146.83544921875, 1.0], [146.51710510253906, 244.88563537597656, 1.0], [133.59814453125, 167.38650512695312, 1.0], [172.90818786621094, 139.17822265625, 1.0], [217.256591796875, 133.64404296875, 1.0], [151.42527770996094, 243.15963745117188, 1.0], [136.3575897216797, 168.18748474121094, 1.0], [156.076416015625, 128.52552795410156, 1.0], [188.47256469726562, 101.89136505126953, 1.0], [164.09567260742188, 246.30133056640625, 1.0], [167.29330444335938, 195.11575317382812, 1.0], [195.08486938476562, 172.41969299316406, 1.0], [228.72164916992188, 167.4270782470703, 1.0]], "is_left": 0}