{"hand_pts": [[66.03099822998047, 256.765380859375, 1.0], [146.609619140625, 252.1198272705078, 1.0], [213.0911407470703, 257.3671569824219, 1.0], [243.86825561523438, 237.24171447753906, 1.0], [208.30987548828125, 215.1764678955078, 1.0], [183.60951232910156, 168.6191864013672, 1.0], [229.68325805664062, 157.8044891357422, 1.0], [256.9600524902344, 158.71746826171875, 1.0], [258.299560546875, 192.5707244873047, 1.0], [145.71432495117188, 158.98890686035156, 1.0], [189.85328674316406, 137.07107543945312, 1.0], [218.6655731201172, 150.03890991210938, 1.0], [245.00660705566406, 167.29286193847656, 1.0], [116.54456329345703, 158.62063598632812, 1.0], [165.98104858398438, 155.7293243408203, 1.0], [191.36065673828125, 178.0361785888672, 1.0], [202.6800537109375, 216.74337768554688, 1.0], [85.77239990234375, 166.3844757080078, 1.0], [107.82867431640625, 165.35858154296875, 1.0], [123.07902526855469, 196.61770629882812, 1.0], [123.02058410644531, 223.03404235839844, 1.0]], "is_left": 0}