{"hand_pts": [[297.29107666015625, 179.26382446289062, 1.0], [296.39227294921875, 132.8874969482422, 1.0], [303.5237731933594, 82.15398406982422, 1.0], [290.2614440917969, 62.67082595825195, 1.0], [263.8733215332031, 70.42086791992188, 1.0], [200.4074249267578, 161.54580688476562, 1.0], [161.1064453125, 150.49459838867188, 1.0], [148.5400848388672, 141.2877655029297, 1.0], [139.81918334960938, 132.9569549560547, 1.0], [189.174072265625, 201.60043334960938, 1.0], [137.57095336914062, 204.298095703125, 1.0], [131.9380645751953, 193.11953735351562, 1.0], [132.88998413085938, 179.68162536621094, 1.0], [188.4533233642578, 229.33404541015625, 1.0], [138.5172119140625, 240.337646484375, 1.0], [134.61532592773438, 233.33453369140625, 1.0], [138.68443298339844, 222.1265411376953, 1.0], [196.48402404785156, 251.9181365966797, 1.0], [167.8277587890625, 266.85601806640625, 1.0], [165.93946838378906, 263.7594909667969, 1.0], [174.70086669921875, 251.0764617919922, 1.0]], "is_left": 0}