{"hand_pts": [[340.13232421875, 201.57144165039062, 1.0], [282.5876159667969, 187.17799377441406, 1.0], [235.43991088867188, 174.58456420898438, 1.0], [188.48239135742188, 171.5165252685547, 1.0], [145.53216552734375, 172.9821014404297, 1.0], [223.57891845703125, 164.8264923095703, 1.0], [171.13526916503906, 145.44851684570312, 1.0], [134.74549865722656, 139.29580688476562, 1.0], [101.0373306274414, 130.9365997314453, 1.0], [235.6358642578125, 186.81629943847656, 1.0], [173.6143341064453, 171.3030242919922, 1.0], [131.6204833984375, 169.55601501464844, 1.0], [92.20213317871094, 167.22181701660156, 1.0], [245.60739135742188, 207.3779296875, 1.0], [190.57333374023438, 195.9324188232422, 1.0], [154.5797576904297, 195.2529296875, 1.0], [119.81771850585938, 193.9851837158203, 1.0], [260.43560791015625, 227.92770385742188, 1.0], [224.2371063232422, 229.68923950195312, 1.0], [195.93524169921875, 233.28419494628906, 1.0], [164.70004272460938, 236.62681579589844, 1.0]], "is_left": 0}