{"hand_pts": [[302.4210205078125, 73.36767578125, 1.0], [263.1046142578125, 87.258544921875, 1.0], [216.72406005859375, 84.11536407470703, 1.0], [172.35272216796875, 109.79193878173828, 1.0], [154.34828186035156, 153.3596954345703, 1.0], [143.73797607421875, 129.8701171875, 1.0], [130.87474060058594, 178.30252075195312, 1.0], [127.88543701171875, 210.4246063232422, 1.0], [156.43240356445312, 236.82510375976562, 1.0], [164.75067138671875, 151.67820739746094, 1.0], [106.9249038696289, 194.50743103027344, 1.0], [164.5906524658203, 197.20993041992188, 1.0], [215.6711883544922, 201.7719268798828, 1.0], [191.2166748046875, 168.63470458984375, 1.0], [194.23129272460938, 224.07611083984375, 1.0], [232.39540100097656, 238.04818725585938, 1.0], [276.15338134765625, 216.22361755371094, 1.0], [225.9766082763672, 179.4241943359375, 1.0], [202.42672729492188, 219.5614013671875, 1.0], [189.0870361328125, 247.7071990966797, 1.0], [214.575439453125, 250.107177734375, 1.0]], "is_left": 0}