{"hand_pts": [[270.262939453125, 250.2677764892578, 1.0], [200.29351806640625, 256.89117431640625, 1.0], [142.2828369140625, 275.6757507324219, 1.0], [125.90531158447266, 243.82431030273438, 1.0], [126.96839141845703, 206.58506774902344, 1.0], [199.56748962402344, 214.03868103027344, 1.0], [145.51150512695312, 199.253173828125, 1.0], [112.96468353271484, 192.0262451171875, 1.0], [83.28663635253906, 182.84478759765625, 1.0], [234.47940063476562, 185.33367919921875, 1.0], [209.16603088378906, 159.7982635498047, 1.0], [165.52960205078125, 152.1058807373047, 1.0], [130.3584442138672, 156.25738525390625, 1.0], [257.8926086425781, 164.4979248046875, 1.0], [195.33656311035156, 147.2952880859375, 1.0], [176.86680603027344, 168.44430541992188, 1.0], [185.49879455566406, 192.32818603515625, 1.0], [279.52880859375, 150.02825927734375, 1.0], [254.0712127685547, 122.74041748046875, 1.0], [225.8689422607422, 141.5508270263672, 1.0], [220.2463836669922, 168.6732177734375, 1.0]], "is_left": 0}