{"hand_pts": [[314.5099182128906, 124.11370086669922, 1.0], [284.59051513671875, 167.8634033203125, 1.0], [281.125244140625, 217.95065307617188, 1.0], [255.52117919921875, 246.3087921142578, 1.0], [219.7935028076172, 222.85606384277344, 1.0], [236.6790008544922, 208.3170623779297, 1.0], [196.205078125, 234.4664306640625, 1.0], [166.76280212402344, 226.49610900878906, 1.0], [136.89308166503906, 219.1217041015625, 1.0], [225.20362854003906, 179.6725616455078, 1.0], [156.5879669189453, 187.00335693359375, 1.0], [131.34011840820312, 179.9063262939453, 1.0], [123.6844482421875, 169.67897033691406, 1.0], [216.07797241210938, 154.29922485351562, 1.0], [155.8044891357422, 167.92584228515625, 1.0], [118.91971588134766, 172.94107055664062, 1.0], [82.9563980102539, 177.87847900390625, 1.0], [212.68833923339844, 127.1805191040039, 1.0], [167.56234741210938, 130.6879425048828, 1.0], [144.32723999023438, 132.80580139160156, 1.0], [161.7457733154297, 133.5341339111328, 1.0]], "is_left": 0,"label":4}