{"hand_pts": [[243.1953887939453, 321.776123046875, 1.0], [194.01026916503906, 297.1095275878906, 1.0], [156.62696838378906, 295.4892272949219, 1.0], [156.74603271484375, 246.93780517578125, 1.0], [187.48605346679688, 216.82186889648438, 1.0], [118.37715911865234, 222.2647247314453, 1.0], [125.22772216796875, 202.1048126220703, 1.0], [154.27980041503906, 210.6774139404297, 1.0], [175.53565979003906, 210.1428985595703, 1.0], [150.30117797851562, 203.05526733398438, 1.0], [174.84938049316406, 162.76617431640625, 1.0], [202.2676239013672, 158.9371795654297, 1.0], [232.86622619628906, 172.0369415283203, 1.0], [181.66131591796875, 190.4764862060547, 1.0], [172.11219787597656, 115.01441955566406, 1.0], [192.59378051757812, 116.0676498413086, 1.0], [212.09375, 132.626220703125, 1.0], [217.3645782470703, 186.51287841796875, 1.0], [221.0021514892578, 146.14569091796875, 1.0], [226.9564208984375, 123.50713348388672, 1.0], [240.22190856933594, 148.04562377929688, 1.0]], "is_left": 0}