{"hand_pts": [[324.2406005859375, 164.47955322265625, 1.0], [284.2298583984375, 132.47186279296875, 1.0], [275.91265869140625, 105.73416900634766, 1.0], [241.65802001953125, 126.98751068115234, 1.0], [208.7577362060547, 151.0940704345703, 1.0], [182.73419189453125, 132.21299743652344, 1.0], [114.46440124511719, 141.61837768554688, 1.0], [94.16485595703125, 156.57936096191406, 1.0], [116.46503448486328, 168.04518127441406, 1.0], [183.4464111328125, 168.6631622314453, 1.0], [111.21000671386719, 180.83921813964844, 1.0], [125.99405670166016, 184.86741638183594, 1.0], [173.15614318847656, 177.3914794921875, 1.0], [189.83786010742188, 198.00872802734375, 1.0], [166.23390197753906, 229.00779724121094, 1.0], [198.6151123046875, 231.27503967285156, 1.0], [238.73411560058594, 216.2410430908203, 1.0], [205.49649047851562, 224.53494262695312, 1.0], [176.44830322265625, 253.7830047607422, 1.0], [182.5915985107422, 257.64013671875, 1.0], [211.25013732910156, 236.12753295898438, 1.0]], "is_left": 0}