{"hand_pts": [[31.211223602294922, 192.93014526367188, 1.0], [112.12049102783203, 193.07679748535156, 1.0], [170.87606811523438, 201.71463012695312, 1.0], [210.61631774902344, 168.4326934814453, 1.0], [194.19491577148438, 140.3695068359375, 1.0], [183.82492065429688, 257.98236083984375, 1.0], [246.8756103515625, 225.9375457763672, 1.0], [260.6291198730469, 185.45616149902344, 1.0], [234.46231079101562, 148.23374938964844, 1.0], [159.94419860839844, 248.5063018798828, 1.0], [198.23318481445312, 174.55404663085938, 1.0], [167.2612762451172, 141.0370330810547, 1.0], [134.39720153808594, 166.38653564453125, 1.0], [140.40541076660156, 232.95654296875, 1.0], [194.70883178710938, 205.992919921875, 1.0], [206.3013916015625, 162.44630432128906, 1.0], [192.28439331054688, 138.6202850341797, 1.0], [115.51844024658203, 212.92800903320312, 1.0], [154.75717163085938, 190.1306915283203, 1.0], [179.85763549804688, 163.69012451171875, 1.0], [199.2516632080078, 130.7691650390625, 1.0]], "is_left": 0,"label":1}