{"hand_pts": [[294.14697265625, 198.4417266845703, 1.0], [228.68896484375, 221.18186950683594, 1.0], [165.6088409423828, 221.06163024902344, 1.0], [145.9028778076172, 223.65451049804688, 1.0], [145.38511657714844, 225.8657989501953, 1.0], [163.20657348632812, 151.7924041748047, 1.0], [108.04386901855469, 119.72437286376953, 1.0], [112.92259979248047, 156.62562561035156, 1.0], [143.0929412841797, 193.7300262451172, 1.0], [196.24154663085938, 139.37001037597656, 1.0], [165.7678985595703, 143.07679748535156, 1.0], [165.18959045410156, 186.1377410888672, 1.0], [182.2262420654297, 227.62063598632812, 1.0], [225.24436950683594, 138.28504943847656, 1.0], [193.82095336914062, 155.0018310546875, 1.0], [186.14599609375, 187.93309020996094, 1.0], [181.940185546875, 224.74903869628906, 1.0], [257.7861328125, 143.62567138671875, 1.0], [253.34095764160156, 183.04527282714844, 1.0], [252.63906860351562, 214.3852996826172, 1.0], [251.89723205566406, 250.28196716308594, 1.0]], "is_left": 0}