{"hand_pts": [[104.52310180664062, 282.4058532714844, 1.0], [119.79949188232422, 275.9195556640625, 1.0], [104.99981689453125, 272.2923583984375, 1.0], [111.21040344238281, 260.733154296875, 1.0], [125.38480377197266, 246.60260009765625, 1.0], [117.19935607910156, 197.9164276123047, 1.0], [124.62322998046875, 150.51380920410156, 1.0], [159.698486328125, 137.07888793945312, 1.0], [209.32574462890625, 151.1053009033203, 1.0], [145.72503662109375, 189.15975952148438, 1.0], [164.65382385253906, 133.82168579101562, 1.0], [195.14231872558594, 115.33284759521484, 1.0], [235.46417236328125, 140.3829345703125, 1.0], [174.03848266601562, 188.8675994873047, 1.0], [203.8643035888672, 136.09580993652344, 1.0], [245.48257446289062, 146.77880859375, 1.0], [263.2311706542969, 179.60006713867188, 1.0], [199.6293182373047, 195.98057556152344, 1.0], [250.480224609375, 176.97598266601562, 1.0], [284.5867919921875, 189.26837158203125, 1.0], [269.3047180175781, 216.51609802246094, 1.0]], "is_left": 0}