{"hand_pts": [[324.84796142578125, 185.0424041748047, 1.0], [285.0277404785156, 150.68643188476562, 1.0], [279.6983337402344, 126.86043548583984, 1.0], [251.0332489013672, 135.43931579589844, 1.0], [219.6060333251953, 153.68359375, 1.0], [210.95005798339844, 137.56495666503906, 1.0], [169.35203552246094, 142.81027221679688, 1.0], [147.927001953125, 149.77853393554688, 1.0], [157.42172241210938, 163.86024475097656, 1.0], [207.96470642089844, 171.22760009765625, 1.0], [141.80738830566406, 163.8565673828125, 1.0], [111.71196746826172, 164.84982299804688, 1.0], [85.0548324584961, 166.10699462890625, 1.0], [208.11390686035156, 199.15206909179688, 1.0], [150.3487091064453, 221.90225219726562, 1.0], [130.42897033691406, 234.2733612060547, 1.0], [139.8220672607422, 235.91543579101562, 1.0], [215.45716857910156, 225.7274627685547, 1.0], [182.01644897460938, 249.65679931640625, 1.0], [182.73150634765625, 252.8736572265625, 1.0], [209.7730712890625, 234.43588256835938, 1.0]], "is_left": 0}