{"hand_pts": [[70.40823364257812, 163.98275756835938, 1.0], [98.91547393798828, 125.47415161132812, 1.0], [93.2415771484375, 87.10574340820312, 1.0], [99.4023666381836, 77.44973754882812, 1.0], [121.26901245117188, 121.08464813232422, 1.0], [195.23143005371094, 132.12998962402344, 1.0], [208.2320556640625, 122.32978820800781, 1.0], [183.29295349121094, 124.04765319824219, 1.0], [161.68966674804688, 126.6020736694336, 1.0], [197.18215942382812, 174.4139862060547, 1.0], [210.19554138183594, 188.53746032714844, 1.0], [206.67819213867188, 193.87872314453125, 1.0], [208.69876098632812, 199.84585571289062, 1.0], [192.04942321777344, 207.5035858154297, 1.0], [247.94271850585938, 244.52093505859375, 1.0], [245.57806396484375, 250.61868286132812, 1.0], [211.93701171875, 229.74449157714844, 1.0], [178.3408660888672, 236.77682495117188, 1.0], [200.7719268798828, 270.0121765136719, 1.0], [200.67384338378906, 280.6822814941406, 1.0], [190.4483642578125, 279.02386474609375, 1.0]], "is_left": 0}