{"hand_pts": [[81.43987274169922, 220.3746795654297, 1.0], [96.25361633300781, 166.1351776123047, 1.0], [85.37774658203125, 120.10880279541016, 1.0], [130.0953826904297, 117.51932525634766, 1.0], [174.6470947265625, 122.82430267333984, 1.0], [114.0089340209961, 179.29583740234375, 1.0], [170.7972869873047, 150.5172882080078, 1.0], [182.9894561767578, 139.3104705810547, 1.0], [197.2196807861328, 128.77658081054688, 1.0], [135.78341674804688, 212.82513427734375, 1.0], [171.3132781982422, 189.17982482910156, 1.0], [204.24609375, 156.7512664794922, 1.0], [234.81678771972656, 123.8202896118164, 1.0], [155.7269287109375, 235.0885772705078, 1.0], [212.69610595703125, 242.83627319335938, 1.0], [251.78688049316406, 235.98855590820312, 1.0], [288.9358215332031, 234.38677978515625, 1.0], [171.6459503173828, 254.05271911621094, 1.0], [221.26806640625, 240.85751342773438, 1.0], [245.1123504638672, 221.40145874023438, 1.0], [227.99349975585938, 201.85650634765625, 1.0]], "is_left": 0}