{"hand_pts": [[169.69200134277344, 284.2561340332031, 1.0], [188.42083740234375, 284.4275817871094, 1.0], [171.0818634033203, 303.32623291015625, 1.0], [169.24478149414062, 270.13214111328125, 1.0], [176.9686279296875, 226.37387084960938, 1.0], [143.42727661132812, 223.7562713623047, 1.0], [190.62960815429688, 220.16244506835938, 1.0], [228.44422912597656, 229.04820251464844, 1.0], [264.4943542480469, 239.19886779785156, 1.0], [142.0821990966797, 195.89541625976562, 1.0], [147.30599975585938, 141.47097778320312, 1.0], [190.00039672851562, 144.80075073242188, 1.0], [229.1892547607422, 147.9626922607422, 1.0], [148.19677734375, 176.60476684570312, 1.0], [168.86878967285156, 130.37506103515625, 1.0], [207.3501434326172, 138.05487060546875, 1.0], [234.3255615234375, 167.15505981445312, 1.0], [158.0149688720703, 164.70225524902344, 1.0], [159.89834594726562, 122.66024017333984, 1.0], [176.60049438476562, 105.45094299316406, 1.0], [200.31698608398438, 98.57708740234375, 1.0]], "is_left": 0}