{"hand_pts": [[21.30739974975586, 142.6846923828125, 1.0], [105.0549545288086, 184.62232971191406, 1.0], [149.39744567871094, 198.1405487060547, 1.0], [196.6127166748047, 209.35267639160156, 1.0], [233.63990783691406, 212.33282470703125, 1.0], [168.94810485839844, 160.07859802246094, 1.0], [231.99765014648438, 169.5377197265625, 1.0], [258.71588134765625, 198.05828857421875, 1.0], [241.13906860351562, 211.76541137695312, 1.0], [150.25387573242188, 142.2124481201172, 1.0], [224.48818969726562, 196.5298309326172, 1.0], [237.42306518554688, 232.08021545410156, 1.0], [217.57701110839844, 249.79087829589844, 1.0], [135.39137268066406, 133.19859313964844, 1.0], [176.25730895996094, 176.55398559570312, 1.0], [157.83358764648438, 195.30709838867188, 1.0], [126.30217742919922, 192.5307159423828, 1.0], [114.6601333618164, 126.83566284179688, 1.0], [160.15078735351562, 137.05145263671875, 1.0], [188.71253967285156, 165.87667846679688, 1.0], [202.4453582763672, 195.7363739013672, 1.0]], "is_left": 0}