{"hand_pts": [[232.29318237304688, 42.05991744995117, 1.0], [227.4235382080078, 76.31560516357422, 1.0], [226.1886749267578, 79.72405242919922, 1.0], [246.98043823242188, 131.71836853027344, 1.0], [267.70086669921875, 181.90719604492188, 1.0], [118.60890197753906, 131.76226806640625, 1.0], [159.4739990234375, 178.09080505371094, 1.0], [214.15025329589844, 164.4012451171875, 1.0], [240.94691467285156, 136.83314514160156, 1.0], [119.2192153930664, 147.175048828125, 1.0], [69.48057556152344, 218.90365600585938, 1.0], [121.97396850585938, 244.93345642089844, 1.0], [182.0808868408203, 235.69407653808594, 1.0], [130.68356323242188, 159.59405517578125, 1.0], [153.62002563476562, 236.33692932128906, 1.0], [194.8315887451172, 267.15924072265625, 1.0], [246.9159393310547, 255.5225067138672, 1.0], [151.07386779785156, 165.0374755859375, 1.0], [162.3889617919922, 217.9529571533203, 1.0], [204.3157196044922, 223.45826721191406, 1.0], [243.0249786376953, 206.41958618164062, 1.0]], "is_left": 0}