{"hand_pts": [[72.11263275146484, 95.13430786132812, 1.0], [83.09635925292969, 120.0711669921875, 1.0], [79.17005157470703, 142.8450927734375, 1.0], [97.38380432128906, 172.74044799804688, 1.0], [125.9991455078125, 202.16944885253906, 1.0], [184.57994079589844, 123.9159164428711, 1.0], [193.31045532226562, 171.1715545654297, 1.0], [180.9474334716797, 205.42306518554688, 1.0], [169.10543823242188, 238.37364196777344, 1.0], [196.6938934326172, 134.49851989746094, 1.0], [271.9849853515625, 151.84829711914062, 1.0], [265.60491943359375, 189.34156799316406, 1.0], [255.1904296875, 224.07562255859375, 1.0], [197.99349975585938, 147.0485382080078, 1.0], [254.93601989746094, 182.7598114013672, 1.0], [242.995361328125, 216.14602661132812, 1.0], [211.83712768554688, 242.77305603027344, 1.0], [189.2393035888672, 157.85260009765625, 1.0], [181.80902099609375, 203.12045288085938, 1.0], [149.40927124023438, 222.7554168701172, 1.0], [109.26643371582031, 221.031005859375, 1.0]], "is_left": 0}