{"hand_pts": [[8.971833229064941, 207.76333618164062, 1.0], [76.8193588256836, 208.47804260253906, 1.0], [106.25542449951172, 212.3909454345703, 1.0], [134.03919982910156, 184.5501251220703, 1.0], [139.37957763671875, 157.4839630126953, 1.0], [164.43524169921875, 223.07174682617188, 1.0], [219.8663330078125, 208.88134765625, 1.0], [240.0663299560547, 192.57089233398438, 1.0], [260.8944396972656, 176.82958984375, 1.0], [151.0292510986328, 209.73573303222656, 1.0], [214.46435546875, 183.81768798828125, 1.0], [230.3360137939453, 162.33602905273438, 1.0], [217.25279235839844, 145.99618530273438, 1.0], [137.63018798828125, 196.0374755859375, 1.0], [204.0696563720703, 193.85269165039062, 1.0], [229.11810302734375, 177.8416748046875, 1.0], [215.65936279296875, 167.3458251953125, 1.0], [116.94142150878906, 182.2496337890625, 1.0], [162.2614288330078, 176.34841918945312, 1.0], [193.98594665527344, 169.44729614257812, 1.0], [226.98239135742188, 161.4385223388672, 1.0]], "is_left": 0}