{"hand_pts": [[292.9027404785156, 100.87445831298828, 1.0], [284.6036071777344, 172.21823120117188, 1.0], [297.376708984375, 232.4752655029297, 1.0], [279.48382568359375, 264.72283935546875, 1.0], [241.3690185546875, 256.4091491699219, 1.0], [178.1002960205078, 202.0391845703125, 1.0], [120.40950775146484, 244.7955322265625, 1.0], [116.1516342163086, 260.5980529785156, 1.0], [148.36508178710938, 244.60963439941406, 1.0], [158.4429473876953, 160.01287841796875, 1.0], [163.6787109375, 187.07843017578125, 1.0], [213.6782684326172, 189.0380096435547, 1.0], [264.7301330566406, 184.48435974121094, 1.0], [151.00262451171875, 127.10356140136719, 1.0], [154.02377319335938, 153.42755126953125, 1.0], [177.3277587890625, 165.5701446533203, 1.0], [200.64210510253906, 177.02835083007812, 1.0], [154.5205078125, 94.18860626220703, 1.0], [108.90245056152344, 88.86688232421875, 1.0], [133.58421325683594, 110.36486053466797, 1.0], [166.79629516601562, 134.3334197998047, 1.0]], "is_left": 0}