{"hand_pts": [[183.23001098632812, 123.9408950805664, 1.0], [228.92669677734375, 116.09091186523438, 1.0], [259.1897277832031, 73.87773132324219, 1.0], [261.9964599609375, 81.40361785888672, 1.0], [243.3225555419922, 121.02928161621094, 1.0], [163.8964385986328, 113.15557861328125, 1.0], [188.4046630859375, 144.06785583496094, 1.0], [221.45114135742188, 174.99908447265625, 1.0], [250.2701873779297, 205.2804718017578, 1.0], [128.5707244873047, 147.32830810546875, 1.0], [189.59095764160156, 195.03248596191406, 1.0], [242.1619873046875, 218.57688903808594, 1.0], [293.0817565917969, 235.50010681152344, 1.0], [109.15996551513672, 177.69664001464844, 1.0], [93.14383697509766, 237.06272888183594, 1.0], [139.39100646972656, 257.3960876464844, 1.0], [162.46087646484375, 227.79835510253906, 1.0], [97.72174835205078, 204.96755981445312, 1.0], [100.4268569946289, 250.26095581054688, 1.0], [140.65621948242188, 261.91876220703125, 1.0], [160.6013946533203, 232.702392578125, 1.0]], "is_left": 0}