{"hand_pts": [[257.26226806640625, 324.0849914550781, 1.0], [206.6531219482422, 267.8398742675781, 1.0], [168.05917358398438, 222.2020263671875, 1.0], [129.9051513671875, 180.26821899414062, 1.0], [99.75303649902344, 148.96531677246094, 1.0], [234.4975128173828, 197.8831787109375, 1.0], [211.351806640625, 143.25497436523438, 1.0], [175.26303100585938, 117.18732452392578, 1.0], [132.41783142089844, 100.02333068847656, 1.0], [244.97982788085938, 219.38442993164062, 1.0], [205.20501708984375, 161.9116973876953, 1.0], [156.88284301757812, 137.404541015625, 1.0], [105.98602294921875, 119.69227600097656, 1.0], [245.43661499023438, 239.1064453125, 1.0], [223.69776916503906, 189.4810333251953, 1.0], [182.65769958496094, 169.604736328125, 1.0], [134.87144470214844, 157.7421112060547, 1.0], [243.7187042236328, 263.4852294921875, 1.0], [219.86351013183594, 237.8199005126953, 1.0], [186.2180633544922, 223.1456756591797, 1.0], [143.59500122070312, 211.98574829101562, 1.0]], "is_left": 0}