{"hand_pts": [[114.6798324584961, 289.2209167480469, 1.0], [184.17823791503906, 257.35491943359375, 1.0], [249.70277404785156, 273.1532287597656, 1.0], [270.7638854980469, 238.35687255859375, 1.0], [260.0305480957031, 195.83505249023438, 1.0], [211.18612670898438, 247.25314331054688, 1.0], [255.40174865722656, 207.6769561767578, 1.0], [275.970947265625, 172.14222717285156, 1.0], [286.0643615722656, 135.53382873535156, 1.0], [166.93997192382812, 236.54893493652344, 1.0], [197.29202270507812, 181.67660522460938, 1.0], [200.87442016601562, 155.9693145751953, 1.0], [204.4766845703125, 131.13243103027344, 1.0], [131.70701599121094, 223.82376098632812, 1.0], [141.6271514892578, 151.9383087158203, 1.0], [140.71775817871094, 139.5894012451172, 1.0], [140.3010711669922, 121.45787811279297, 1.0], [96.60115051269531, 213.4544677734375, 1.0], [87.93143463134766, 163.9824676513672, 1.0], [83.31851959228516, 128.3097381591797, 1.0], [80.75769805908203, 90.51274871826172, 1.0]], "is_left": 0}