{"hand_pts": [[103.24858856201172, 197.10812377929688, 1.0], [98.38408660888672, 180.61965942382812, 1.0], [68.25889587402344, 175.35556030273438, 1.0], [104.93782043457031, 161.430419921875, 1.0], [163.17800903320312, 151.23512268066406, 1.0], [95.18207550048828, 251.96383666992188, 1.0], [125.37593078613281, 243.06895446777344, 1.0], [164.49478149414062, 193.8340301513672, 1.0], [187.4348602294922, 151.67189025878906, 1.0], [130.47503662109375, 256.2572021484375, 1.0], [204.39846801757812, 194.8727569580078, 1.0], [234.2451934814453, 135.55287170410156, 1.0], [238.46998596191406, 91.94274139404297, 1.0], [162.8657989501953, 250.55133056640625, 1.0], [235.57501220703125, 210.3120880126953, 1.0], [248.5353240966797, 162.72335815429688, 1.0], [223.43939208984375, 148.58262634277344, 1.0], [192.48851013183594, 238.67335510253906, 1.0], [252.81675720214844, 205.89329528808594, 1.0], [258.2654724121094, 168.3859405517578, 1.0], [231.92733764648438, 152.13417053222656, 1.0]], "is_left": 0}