{"hand_pts": [[63.501338958740234, 127.14512634277344, 1.0], [128.05772399902344, 115.07369995117188, 1.0], [186.8409881591797, 104.74475860595703, 1.0], [223.66358947753906, 95.46588897705078, 1.0], [243.15733337402344, 88.87110137939453, 1.0], [193.63681030273438, 180.813720703125, 1.0], [243.5399932861328, 185.05978393554688, 1.0], [250.84371948242188, 169.11732482910156, 1.0], [222.38681030273438, 146.2637939453125, 1.0], [163.8358612060547, 202.7614288330078, 1.0], [224.77586364746094, 242.26422119140625, 1.0], [261.5355529785156, 259.75469970703125, 1.0], [271.3704528808594, 241.70314025878906, 1.0], [137.233154296875, 214.35536193847656, 1.0], [152.2972412109375, 204.66294860839844, 1.0], [130.55909729003906, 173.13662719726562, 1.0], [114.40103912353516, 158.46701049804688, 1.0], [106.52798461914062, 218.75790405273438, 1.0], [127.87234497070312, 232.4144744873047, 1.0], [138.80006408691406, 225.3461456298828, 1.0], [150.2216339111328, 213.26524353027344, 1.0]], "is_left": 0}