{"hand_pts": [[274.58135986328125, 251.61187744140625, 1.0], [275.80810546875, 202.9215087890625, 1.0], [302.2261657714844, 168.49905395507812, 1.0], [267.6279602050781, 144.41835021972656, 1.0], [231.16012573242188, 159.05831909179688, 1.0], [242.79290771484375, 192.5291290283203, 1.0], [213.04959106445312, 174.64755249023438, 1.0], [193.71017456054688, 158.36167907714844, 1.0], [191.5091552734375, 154.7221221923828, 1.0], [214.0528564453125, 212.37013244628906, 1.0], [174.45518493652344, 179.0453643798828, 1.0], [157.92152404785156, 152.64784240722656, 1.0], [148.35719299316406, 130.05372619628906, 1.0], [191.4285430908203, 225.6843719482422, 1.0], [139.11349487304688, 206.34439086914062, 1.0], [112.28567504882812, 188.1051788330078, 1.0], [88.38651275634766, 169.19017028808594, 1.0], [174.03651428222656, 239.0030975341797, 1.0], [135.1240692138672, 223.82437133789062, 1.0], [118.3690414428711, 206.44114685058594, 1.0], [113.37815856933594, 186.54360961914062, 1.0]], "is_left": 0}