{"hand_pts": [[138.8256378173828, 38.803138732910156, 1.0], [125.32267761230469, 120.12926483154297, 1.0], [122.59538269042969, 178.068359375, 1.0], [120.25477600097656, 231.9342803955078, 1.0], [120.9454116821289, 231.7366485595703, 1.0], [211.21263122558594, 184.31175231933594, 1.0], [252.010498046875, 243.09251403808594, 1.0], [223.9226837158203, 255.87716674804688, 1.0], [190.7251739501953, 255.54669189453125, 1.0], [234.09182739257812, 157.19137573242188, 1.0], [204.3931427001953, 211.2092742919922, 1.0], [155.91111755371094, 188.4361114501953, 1.0], [111.10985565185547, 166.44921875, 1.0], [244.22390747070312, 135.3227996826172, 1.0], [199.709716796875, 182.10714721679688, 1.0], [157.16851806640625, 160.8971710205078, 1.0], [114.25250244140625, 143.99342346191406, 1.0], [245.2679901123047, 108.69197845458984, 1.0], [237.69964599609375, 149.25790405273438, 1.0], [214.7763671875, 172.05702209472656, 1.0], [172.62542724609375, 175.35830688476562, 1.0]], "is_left": 0}