{"hand_pts": [[47.875240325927734, 227.50814819335938, 1.0], [73.3330078125, 214.2925567626953, 1.0], [72.49085998535156, 224.45030212402344, 1.0], [106.88145446777344, 191.91806030273438, 1.0], [141.29115295410156, 153.31947326660156, 1.0], [176.94216918945312, 256.9695129394531, 1.0], [207.52508544921875, 210.84320068359375, 1.0], [188.060546875, 169.12094116210938, 1.0], [152.0326690673828, 141.83132934570312, 1.0], [195.1279754638672, 249.54884338378906, 1.0], [257.8949890136719, 204.70010375976562, 1.0], [236.7076416015625, 159.5440216064453, 1.0], [186.1143798828125, 142.7219696044922, 1.0], [204.0963897705078, 236.90931701660156, 1.0], [248.27102661132812, 179.05760192871094, 1.0], [214.6334686279297, 145.74070739746094, 1.0], [166.41343688964844, 145.4590301513672, 1.0], [202.4204864501953, 221.97450256347656, 1.0], [232.417236328125, 181.0441436767578, 1.0], [211.31207275390625, 151.6673126220703, 1.0], [169.09632873535156, 150.89358520507812, 1.0]], "is_left": 0}