{"hand_pts": [[289.6116027832031, 269.1700134277344, 1.0], [231.806640625, 224.3374481201172, 1.0], [183.1682891845703, 199.7183074951172, 1.0], [166.7923583984375, 146.2279815673828, 1.0], [201.90081787109375, 128.51296997070312, 1.0], [168.8953094482422, 236.26734924316406, 1.0], [114.15308380126953, 216.68588256835938, 1.0], [102.71693420410156, 171.8922882080078, 1.0], [108.53234100341797, 125.17335510253906, 1.0], [199.95034790039062, 240.053466796875, 1.0], [138.09658813476562, 241.5818634033203, 1.0], [115.62246704101562, 195.2768096923828, 1.0], [92.11433410644531, 153.45680236816406, 1.0], [228.37753295898438, 236.41702270507812, 1.0], [189.11727905273438, 195.52699279785156, 1.0], [201.4847869873047, 158.77760314941406, 1.0], [221.123291015625, 150.28268432617188, 1.0], [260.8052062988281, 232.2994842529297, 1.0], [261.5389404296875, 187.02496337890625, 1.0], [264.2513122558594, 146.2982177734375, 1.0], [266.03814697265625, 136.58694458007812, 1.0]], "is_left": 0}