{"hand_pts": [[194.34786987304688, 325.86541748046875, 1.0], [176.68267822265625, 269.47705078125, 1.0], [179.4541778564453, 232.478271484375, 1.0], [181.51905822753906, 193.5680694580078, 1.0], [182.74929809570312, 169.83914184570312, 1.0], [226.531005859375, 203.7443084716797, 1.0], [182.8218994140625, 156.3077392578125, 1.0], [142.84457397460938, 146.34161376953125, 1.0], [104.45429229736328, 136.83932495117188, 1.0], [228.5146484375, 212.3023223876953, 1.0], [249.14088439941406, 149.57174682617188, 1.0], [230.57327270507812, 108.39118194580078, 1.0], [213.6279754638672, 69.65443420410156, 1.0], [222.8824005126953, 219.9676971435547, 1.0], [180.74649047851562, 168.29156494140625, 1.0], [141.2823486328125, 156.3472137451172, 1.0], [102.49076080322266, 154.4357452392578, 1.0], [213.3642120361328, 233.35292053222656, 1.0], [170.91696166992188, 216.04541015625, 1.0], [148.62982177734375, 231.68077087402344, 1.0], [164.12950134277344, 253.78033447265625, 1.0]], "is_left": 0}