{"hand_pts": [[83.55339813232422, 200.61672973632812, 1.0], [114.60090637207031, 147.3027801513672, 1.0], [134.08950805664062, 83.73564147949219, 1.0], [158.3254852294922, 74.22413635253906, 1.0], [167.48828125, 115.95210266113281, 1.0], [220.6391143798828, 145.8863067626953, 1.0], [223.8068084716797, 135.10064697265625, 1.0], [185.6667022705078, 138.55735778808594, 1.0], [142.60507202148438, 147.2650909423828, 1.0], [222.60765075683594, 191.0642547607422, 1.0], [243.81039428710938, 190.0256805419922, 1.0], [197.20883178710938, 182.98086547851562, 1.0], [154.73745727539062, 176.07269287109375, 1.0], [216.84275817871094, 225.9219207763672, 1.0], [239.0218048095703, 235.77032470703125, 1.0], [199.02578735351562, 227.062744140625, 1.0], [157.39710998535156, 213.80198669433594, 1.0], [201.49658203125, 257.70477294921875, 1.0], [193.89793395996094, 276.9664611816406, 1.0], [163.23287963867188, 272.312255859375, 1.0], [137.9546356201172, 248.77902221679688, 1.0]], "is_left": 0}