{"hand_pts": [[74.083984375, 211.5718536376953, 1.0], [93.4840316772461, 155.20932006835938, 1.0], [104.3386459350586, 96.4200439453125, 1.0], [155.0304718017578, 89.82749938964844, 1.0], [189.60841369628906, 126.11141204833984, 1.0], [98.24644470214844, 174.88319396972656, 1.0], [156.9951934814453, 134.42169189453125, 1.0], [193.89724731445312, 109.25618743896484, 1.0], [220.49609375, 91.56977081298828, 1.0], [116.96083068847656, 214.0027313232422, 1.0], [164.7812042236328, 227.4105224609375, 1.0], [212.90162658691406, 205.3422393798828, 1.0], [233.596923828125, 172.01202392578125, 1.0], [136.13064575195312, 240.36314392089844, 1.0], [215.93136596679688, 224.4481964111328, 1.0], [260.85260009765625, 208.7710723876953, 1.0], [269.5611572265625, 183.5549774169922, 1.0], [152.55996704101562, 262.32000732421875, 1.0], [200.6395721435547, 260.6920166015625, 1.0], [236.116455078125, 255.5238037109375, 1.0], [269.47210693359375, 231.2186279296875, 1.0]], "is_left": 0}