{"hand_pts": [[221.8494415283203, 285.937744140625, 1.0], [219.6039581298828, 276.9873352050781, 1.0], [244.70204162597656, 272.7411193847656, 1.0], [232.94290161132812, 232.9355926513672, 1.0], [204.13861083984375, 202.00860595703125, 1.0], [241.9247589111328, 189.1519775390625, 1.0], [200.17176818847656, 192.9261016845703, 1.0], [168.19020080566406, 213.61782836914062, 1.0], [141.93109130859375, 245.0534210205078, 1.0], [224.23486328125, 173.54425048828125, 1.0], [227.6860809326172, 115.80006408691406, 1.0], [219.83078002929688, 89.72349548339844, 1.0], [198.93252563476562, 84.56596374511719, 1.0], [205.43653869628906, 167.54544067382812, 1.0], [154.50746154785156, 143.78741455078125, 1.0], [120.8544692993164, 154.52294921875, 1.0], [112.4714584350586, 194.8080596923828, 1.0], [186.60870361328125, 170.5868682861328, 1.0], [141.54835510253906, 174.4429473876953, 1.0], [116.92974090576172, 197.91226196289062, 1.0], [93.26496887207031, 224.8660430908203, 1.0]], "is_left": 0}