{"hand_pts": [[202.9220733642578, 312.0898742675781, 1.0], [239.0069122314453, 273.893310546875, 1.0], [283.7555847167969, 242.40411376953125, 1.0], [299.92047119140625, 210.27464294433594, 1.0], [266.8382873535156, 207.29254150390625, 1.0], [216.75189208984375, 192.2103729248047, 1.0], [208.05934143066406, 135.6045684814453, 1.0], [200.46226501464844, 100.01316833496094, 1.0], [191.7299041748047, 78.88216400146484, 1.0], [176.99420166015625, 196.45443725585938, 1.0], [182.95498657226562, 185.15933227539062, 1.0], [197.86575317382812, 208.87510681152344, 1.0], [212.43714904785156, 232.80123901367188, 1.0], [147.18179321289062, 204.365966796875, 1.0], [127.87770080566406, 149.02455139160156, 1.0], [123.33951568603516, 126.53070831298828, 1.0], [130.80308532714844, 123.161865234375, 1.0], [122.05387878417969, 219.6508026123047, 1.0], [97.3304443359375, 192.5394744873047, 1.0], [115.10712432861328, 205.14520263671875, 1.0], [137.22421264648438, 219.62420654296875, 1.0]], "is_left": 0}