{"hand_pts": [[69.42790985107422, 82.32203674316406, 1.0], [152.8588104248047, 107.240966796875, 1.0], [221.70108032226562, 100.35227966308594, 1.0], [249.08433532714844, 143.54623413085938, 1.0], [213.4204864501953, 176.01312255859375, 1.0], [221.28863525390625, 139.6913604736328, 1.0], [259.8426513671875, 191.12889099121094, 1.0], [235.88194274902344, 194.64141845703125, 1.0], [198.4599151611328, 170.30593872070312, 1.0], [186.9937744140625, 156.57872009277344, 1.0], [222.47352600097656, 223.6250457763672, 1.0], [203.0196533203125, 218.3458251953125, 1.0], [176.39222717285156, 182.62451171875, 1.0], [157.8385772705078, 171.76864624023438, 1.0], [176.11306762695312, 237.63197326660156, 1.0], [157.07424926757812, 224.2138671875, 1.0], [143.3430633544922, 185.29165649414062, 1.0], [124.04035186767578, 182.21348571777344, 1.0], [124.50484466552734, 227.9560546875, 1.0], [118.70237731933594, 221.1563720703125, 1.0], [116.86273956298828, 185.59324645996094, 1.0]], "is_left": 0}