{"hand_pts": [[175.47647094726562, 17.718725204467773, 1.0], [158.42242431640625, 76.36349487304688, 1.0], [126.2620849609375, 114.07483673095703, 1.0], [132.0060577392578, 163.40541076660156, 1.0], [157.71971130371094, 204.43069458007812, 1.0], [136.19873046875, 141.7165069580078, 1.0], [137.75567626953125, 202.59205627441406, 1.0], [163.6781463623047, 228.26046752929688, 1.0], [194.75836181640625, 232.47312927246094, 1.0], [167.01626586914062, 133.4975128173828, 1.0], [157.2217254638672, 198.57373046875, 1.0], [172.35635375976562, 239.2250518798828, 1.0], [191.95628356933594, 269.87188720703125, 1.0], [195.29107666015625, 126.39173889160156, 1.0], [207.24293518066406, 188.93121337890625, 1.0], [225.3681640625, 224.39891052246094, 1.0], [242.78781127929688, 258.9653625488281, 1.0], [222.75628662109375, 113.550537109375, 1.0], [231.503173828125, 154.2305145263672, 1.0], [239.6537628173828, 184.37693786621094, 1.0], [248.86956787109375, 204.41275024414062, 1.0]], "is_left": 0}