{"hand_pts": [[309.3948059082031, 270.35760498046875, 1.0], [290.3101501464844, 256.1979064941406, 1.0], [311.5540466308594, 232.51365661621094, 1.0], [260.0862121582031, 205.9786834716797, 1.0], [217.85304260253906, 212.9328155517578, 1.0], [247.00726318359375, 154.1275634765625, 1.0], [190.77813720703125, 156.1561279296875, 1.0], [158.47232055664062, 179.70721435546875, 1.0], [150.78868103027344, 224.54185485839844, 1.0], [220.18235778808594, 149.59469604492188, 1.0], [157.20693969726562, 115.80770874023438, 1.0], [118.55909729003906, 113.02786254882812, 1.0], [111.892822265625, 159.71470642089844, 1.0], [197.87579345703125, 154.44845581054688, 1.0], [139.23712158203125, 186.5366973876953, 1.0], [173.5928497314453, 224.3601531982422, 1.0], [215.20864868164062, 243.22145080566406, 1.0], [182.32205200195312, 168.55250549316406, 1.0], [131.10626220703125, 164.67100524902344, 1.0], [113.12882995605469, 188.41111755371094, 1.0], [108.39461517333984, 221.8608856201172, 1.0]], "is_left": 0}