{"hand_pts": [[83.44979858398438, 163.167236328125, 1.0], [157.57154846191406, 177.0651092529297, 1.0], [217.1449737548828, 197.38900756835938, 1.0], [259.8644104003906, 169.67245483398438, 1.0], [272.00274658203125, 136.938720703125, 1.0], [166.82647705078125, 215.2599334716797, 1.0], [191.8165740966797, 226.72122192382812, 1.0], [220.02330017089844, 221.6372833251953, 1.0], [253.00747680664062, 199.9390106201172, 1.0], [139.33888244628906, 199.55609130859375, 1.0], [150.54408264160156, 217.83555603027344, 1.0], [198.29074096679688, 200.98008728027344, 1.0], [243.00828552246094, 182.605712890625, 1.0], [122.54485321044922, 183.080078125, 1.0], [151.0393829345703, 186.0573272705078, 1.0], [192.95510864257812, 169.62844848632812, 1.0], [234.10211181640625, 153.853759765625, 1.0], [106.10810852050781, 164.76004028320312, 1.0], [117.0941162109375, 160.11288452148438, 1.0], [128.88536071777344, 155.47409057617188, 1.0], [166.282958984375, 146.0603790283203, 1.0]], "is_left": 0}