{"hand_pts": [[103.38521575927734, 140.07736206054688, 1.0], [97.02417755126953, 169.59921264648438, 1.0], [59.793067932128906, 184.68894958496094, 1.0], [51.22005844116211, 185.98260498046875, 1.0], [83.23858642578125, 171.3901824951172, 1.0], [168.0902557373047, 201.59548950195312, 1.0], [190.72445678710938, 219.8855743408203, 1.0], [172.3909149169922, 211.58262634277344, 1.0], [155.93788146972656, 203.50169372558594, 1.0], [188.05308532714844, 184.4637908935547, 1.0], [216.525390625, 192.6681365966797, 1.0], [217.98663330078125, 193.52757263183594, 1.0], [192.6195831298828, 187.23529052734375, 1.0], [198.14593505859375, 169.11854553222656, 1.0], [250.56387329101562, 188.27163696289062, 1.0], [256.146484375, 194.993896484375, 1.0], [239.4610595703125, 195.9291534423828, 1.0], [200.72341918945312, 152.1221466064453, 1.0], [238.3920440673828, 152.99484252929688, 1.0], [251.91273498535156, 156.1296844482422, 1.0], [236.05487060546875, 161.8337860107422, 1.0]], "is_left": 0}