{"hand_pts": [[32.17103958129883, 147.39395141601562, 1.0], [64.9284439086914, 162.99655151367188, 1.0], [80.08403778076172, 162.18858337402344, 1.0], [113.29185485839844, 172.4055938720703, 1.0], [148.66275024414062, 190.52407836914062, 1.0], [144.78196716308594, 137.5777130126953, 1.0], [193.65008544921875, 124.44236755371094, 1.0], [207.14468383789062, 161.0629425048828, 1.0], [225.21250915527344, 192.0810089111328, 1.0], [155.9576416015625, 147.61216735839844, 1.0], [224.04946899414062, 173.48016357421875, 1.0], [234.46917724609375, 213.70010375976562, 1.0], [243.71202087402344, 249.9326934814453, 1.0], [161.37075805664062, 161.76150512695312, 1.0], [226.52157592773438, 189.33566284179688, 1.0], [248.3507843017578, 221.48025512695312, 1.0], [265.9552001953125, 252.8553466796875, 1.0], [158.44046020507812, 177.05918884277344, 1.0], [204.44297790527344, 191.0234375, 1.0], [203.59718322753906, 214.9009246826172, 1.0], [170.73623657226562, 209.31105041503906, 1.0]], "is_left": 0}