{"hand_pts": [[232.23483276367188, 198.29835510253906, 1.0], [252.61866760253906, 182.0069122314453, 1.0], [296.7637634277344, 202.7217254638672, 1.0], [278.94732666015625, 225.50331115722656, 1.0], [243.93833923339844, 241.66441345214844, 1.0], [188.7332305908203, 108.79031372070312, 1.0], [182.1885986328125, 86.07923126220703, 1.0], [195.75045776367188, 125.3146743774414, 1.0], [208.2952880859375, 166.72390747070312, 1.0], [152.18666076660156, 122.29777526855469, 1.0], [164.46560668945312, 169.0243377685547, 1.0], [184.293701171875, 206.31715393066406, 1.0], [219.8568878173828, 243.21023559570312, 1.0], [128.19967651367188, 140.479248046875, 1.0], [131.23287963867188, 172.45578002929688, 1.0], [164.72166442871094, 208.4946746826172, 1.0], [195.2115936279297, 224.7113494873047, 1.0], [112.76006317138672, 163.85360717773438, 1.0], [100.51908874511719, 204.37112426757812, 1.0], [120.7559814453125, 237.5699462890625, 1.0], [153.19607543945312, 230.568359375, 1.0]], "is_left": 0}