{"hand_pts": [[86.60270690917969, 316.47613525390625, 1.0], [134.7904510498047, 282.4620666503906, 1.0], [167.7898712158203, 275.6003112792969, 1.0], [188.2239227294922, 231.5971221923828, 1.0], [187.40159606933594, 177.44493103027344, 1.0], [193.6763458251953, 251.02813720703125, 1.0], [238.1811981201172, 216.76307678222656, 1.0], [258.2798156738281, 183.51890563964844, 1.0], [252.93882751464844, 149.8185272216797, 1.0], [173.4156494140625, 236.30703735351562, 1.0], [191.2594451904297, 159.95187377929688, 1.0], [192.88572692871094, 118.3426513671875, 1.0], [177.37350463867188, 107.79179382324219, 1.0], [155.05563354492188, 222.32528686523438, 1.0], [182.60508728027344, 165.99317932128906, 1.0], [191.1630401611328, 127.28633880615234, 1.0], [198.81216430664062, 90.75598907470703, 1.0], [133.27426147460938, 212.90792846679688, 1.0], [151.0176544189453, 167.74505615234375, 1.0], [155.98167419433594, 140.60476684570312, 1.0], [146.5840301513672, 149.3984832763672, 1.0]], "is_left": 0}