{"hand_pts": [[241.82138061523438, 290.8595886230469, 1.0], [194.7269744873047, 289.69622802734375, 1.0], [154.8792266845703, 308.5369873046875, 1.0], [130.15419006347656, 266.295654296875, 1.0], [141.71890258789062, 227.10342407226562, 1.0], [206.605224609375, 243.11090087890625, 1.0], [193.44281005859375, 203.72409057617188, 1.0], [162.65504455566406, 193.03384399414062, 1.0], [136.59927368164062, 187.5389404296875, 1.0], [223.77053833007812, 214.67588806152344, 1.0], [218.33639526367188, 175.5875701904297, 1.0], [198.41558837890625, 150.1511688232422, 1.0], [163.26019287109375, 132.1527862548828, 1.0], [232.179931640625, 193.537353515625, 1.0], [193.3313751220703, 141.2939453125, 1.0], [158.53717041015625, 125.8007583618164, 1.0], [124.07041931152344, 120.27086639404297, 1.0], [238.90740966796875, 179.15438842773438, 1.0], [223.22535705566406, 140.39480590820312, 1.0], [203.94122314453125, 116.82637023925781, 1.0], [174.7227783203125, 101.8561782836914, 1.0]], "is_left": 0}