{"hand_pts": [[32.20886993408203, 114.58399963378906, 1.0], [113.15298461914062, 111.24575805664062, 1.0], [172.49928283691406, 92.68160247802734, 1.0], [221.32528686523438, 87.93785858154297, 1.0], [228.16046142578125, 107.54552459716797, 1.0], [194.35687255859375, 162.4090118408203, 1.0], [219.35174560546875, 163.397705078125, 1.0], [208.2795867919922, 153.72964477539062, 1.0], [169.2146759033203, 137.9171600341797, 1.0], [167.59811401367188, 188.71707153320312, 1.0], [236.54629516601562, 230.1744384765625, 1.0], [250.4263458251953, 228.5727081298828, 1.0], [260.1398010253906, 225.1463623046875, 1.0], [143.4445037841797, 206.99114990234375, 1.0], [170.02877807617188, 218.13587951660156, 1.0], [153.93927001953125, 200.07994079589844, 1.0], [125.3027114868164, 174.8268585205078, 1.0], [113.1210708618164, 218.86668395996094, 1.0], [149.82130432128906, 252.64889526367188, 1.0], [178.17723083496094, 266.9029541015625, 1.0], [189.10768127441406, 251.82644653320312, 1.0]], "is_left": 0}