{"hand_pts": [[339.78582763671875, 260.4538269042969, 1.0], [293.8509826660156, 201.5379180908203, 1.0], [262.965576171875, 187.97140502929688, 1.0], [221.50302124023438, 166.78443908691406, 1.0], [188.4942169189453, 147.08560180664062, 1.0], [203.83428955078125, 221.8123321533203, 1.0], [161.53614807128906, 162.69984436035156, 1.0], [142.7931365966797, 119.0141830444336, 1.0], [120.91869354248047, 78.13514709472656, 1.0], [206.03280639648438, 242.94850158691406, 1.0], [136.0557403564453, 201.04766845703125, 1.0], [151.62538146972656, 151.4437713623047, 1.0], [194.97906494140625, 145.8806915283203, 1.0], [212.02041625976562, 252.95904541015625, 1.0], [148.13409423828125, 204.19944763183594, 1.0], [151.68270874023438, 155.54542541503906, 1.0], [189.4620819091797, 140.59295654296875, 1.0], [226.55104064941406, 260.6105041503906, 1.0], [191.27215576171875, 243.55113220214844, 1.0], [169.7529754638672, 220.65988159179688, 1.0], [160.4687042236328, 178.15570068359375, 1.0]], "is_left": 0}