{"hand_pts": [[65.4417724609375, 224.34576416015625, 1.0], [98.662841796875, 243.49217224121094, 1.0], [88.82939147949219, 259.3365173339844, 1.0], [134.94888305664062, 262.6662902832031, 1.0], [181.4578094482422, 264.0291748046875, 1.0], [113.75544738769531, 172.9442596435547, 1.0], [162.64112854003906, 184.64952087402344, 1.0], [196.74647521972656, 214.90126037597656, 1.0], [192.35691833496094, 230.79556274414062, 1.0], [129.2493438720703, 146.45040893554688, 1.0], [169.6666259765625, 110.26570892333984, 1.0], [213.72679138183594, 139.95587158203125, 1.0], [207.9320526123047, 173.51617431640625, 1.0], [146.18826293945312, 131.85238647460938, 1.0], [233.55111694335938, 147.87808227539062, 1.0], [270.5439147949219, 177.51205444335938, 1.0], [265.6187744140625, 215.02987670898438, 1.0], [159.98130798339844, 125.08367919921875, 1.0], [218.8059844970703, 133.8682861328125, 1.0], [238.56655883789062, 161.859130859375, 1.0], [258.2694091796875, 193.30316162109375, 1.0]], "is_left": 0}