{"hand_pts": [[322.62921142578125, 261.3298034667969, 1.0], [289.83294677734375, 217.17483520507812, 1.0], [286.95867919921875, 181.67445373535156, 1.0], [269.8664855957031, 163.0830078125, 1.0], [233.10324096679688, 184.1331329345703, 1.0], [220.58494567871094, 142.5682830810547, 1.0], [167.89634704589844, 93.12982177734375, 1.0], [128.27542114257812, 80.1922378540039, 1.0], [102.84838104248047, 98.15160369873047, 1.0], [210.4169464111328, 173.097412109375, 1.0], [154.94338989257812, 153.11920166015625, 1.0], [141.18258666992188, 164.86886596679688, 1.0], [159.5635528564453, 196.02606201171875, 1.0], [204.22439575195312, 202.50013732910156, 1.0], [148.69898986816406, 224.5681915283203, 1.0], [165.6613006591797, 254.50030517578125, 1.0], [192.29544067382812, 279.0329895019531, 1.0], [205.4447021484375, 235.48805236816406, 1.0], [160.9241180419922, 223.27735900878906, 1.0], [134.05747985839844, 221.2224884033203, 1.0], [126.3568344116211, 224.68214416503906, 1.0]], "is_left": 0}