{"hand_pts": [[216.8787078857422, 318.4796142578125, 1.0], [170.5041046142578, 279.9059753417969, 1.0], [127.89849090576172, 265.8487548828125, 1.0], [103.82576751708984, 216.91055297851562, 1.0], [88.88848876953125, 165.08554077148438, 1.0], [215.3746337890625, 238.48941040039062, 1.0], [153.78515625, 188.20761108398438, 1.0], [118.619873046875, 184.8864288330078, 1.0], [117.19340515136719, 204.7778778076172, 1.0], [241.70767211914062, 227.8907470703125, 1.0], [179.8162841796875, 151.8092498779297, 1.0], [155.19210815429688, 176.192626953125, 1.0], [141.17945861816406, 207.9081573486328, 1.0], [254.7901153564453, 217.63088989257812, 1.0], [239.0875244140625, 140.6865234375, 1.0], [195.20867919921875, 115.87979888916016, 1.0], [152.27545166015625, 88.79851531982422, 1.0], [262.3989562988281, 212.8269500732422, 1.0], [271.21490478515625, 168.45947265625, 1.0], [268.8841552734375, 133.44613647460938, 1.0], [229.68707275390625, 111.1475601196289, 1.0]], "is_left": 0}