{"hand_pts": [[129.85220336914062, 71.42584991455078, 1.0], [189.92747497558594, 107.8776626586914, 1.0], [247.972900390625, 120.39502716064453, 1.0], [280.1697998046875, 143.77255249023438, 1.0], [295.1166687011719, 168.02301025390625, 1.0], [193.1261444091797, 187.60614013671875, 1.0], [224.5058135986328, 237.4477081298828, 1.0], [232.87623596191406, 232.2900390625, 1.0], [242.36415100097656, 232.52841186523438, 1.0], [153.5507049560547, 188.62826538085938, 1.0], [186.6427459716797, 221.666015625, 1.0], [198.57037353515625, 191.09654235839844, 1.0], [211.66708374023438, 166.6879119873047, 1.0], [124.26673889160156, 185.40892028808594, 1.0], [137.77740478515625, 216.43423461914062, 1.0], [150.62155151367188, 211.84495544433594, 1.0], [164.7981414794922, 193.45196533203125, 1.0], [97.11746978759766, 174.66424560546875, 1.0], [99.70303344726562, 179.03359985351562, 1.0], [109.46339416503906, 162.53814697265625, 1.0], [123.45684051513672, 135.16383361816406, 1.0]], "is_left": 0}