{"hand_pts": [[42.470245361328125, 150.89894104003906, 1.0], [101.53373718261719, 128.66815185546875, 1.0], [136.5163116455078, 94.86760711669922, 1.0], [178.14707946777344, 83.4453353881836, 1.0], [182.60324096679688, 102.26568603515625, 1.0], [150.17630004882812, 180.64669799804688, 1.0], [207.8667755126953, 194.21168518066406, 1.0], [244.63087463378906, 197.85179138183594, 1.0], [279.8702087402344, 205.9175567626953, 1.0], [139.34039306640625, 208.54954528808594, 1.0], [210.70138549804688, 204.16183471679688, 1.0], [249.05484008789062, 186.72132873535156, 1.0], [280.3705749511719, 165.77163696289062, 1.0], [131.70790100097656, 225.61427307128906, 1.0], [188.17044067382812, 239.1545867919922, 1.0], [207.3514404296875, 222.70639038085938, 1.0], [189.310791015625, 192.81292724609375, 1.0], [119.88155364990234, 236.08380126953125, 1.0], [151.54458618164062, 226.04486083984375, 1.0], [153.53970336914062, 201.56179809570312, 1.0], [152.94728088378906, 173.74513244628906, 1.0]], "is_left": 0}