{"hand_pts": [[240.99143981933594, 318.9539489746094, 1.0], [235.17774963378906, 298.5080261230469, 1.0], [271.9670715332031, 279.594970703125, 1.0], [288.42010498046875, 253.40805053710938, 1.0], [260.1907653808594, 220.82325744628906, 1.0], [242.6629638671875, 195.44818115234375, 1.0], [206.8662567138672, 174.95530700683594, 1.0], [175.25942993164062, 181.74612426757812, 1.0], [154.2130126953125, 221.56289672851562, 1.0], [220.53964233398438, 184.9896240234375, 1.0], [196.39166259765625, 125.23413848876953, 1.0], [169.2395782470703, 110.06131744384766, 1.0], [146.70419311523438, 151.45278930664062, 1.0], [199.07911682128906, 183.59141540527344, 1.0], [136.64395141601562, 155.22801208496094, 1.0], [106.21438598632812, 180.51705932617188, 1.0], [78.67793273925781, 208.76931762695312, 1.0], [179.5814208984375, 192.19093322753906, 1.0], [149.53404235839844, 146.59788513183594, 1.0], [123.88297271728516, 120.332763671875, 1.0], [101.83076477050781, 124.53970336914062, 1.0]], "is_left": 0}