{"hand_pts": [[233.47146606445312, 264.8240051269531, 1.0], [205.945556640625, 204.11529541015625, 1.0], [181.639892578125, 150.853759765625, 1.0], [167.7731475830078, 110.0874252319336, 1.0], [161.85519409179688, 81.27734375, 1.0], [162.8301239013672, 202.70877075195312, 1.0], [132.9163055419922, 172.1800537109375, 1.0], [124.21647644042969, 145.72640991210938, 1.0], [115.61515045166016, 121.37662506103516, 1.0], [190.14193725585938, 230.46986389160156, 1.0], [162.3918914794922, 196.06109619140625, 1.0], [157.78819274902344, 160.77117919921875, 1.0], [154.8768310546875, 126.42826843261719, 1.0], [216.3228302001953, 248.33242797851562, 1.0], [197.96080017089844, 225.04867553710938, 1.0], [199.11839294433594, 195.73251342773438, 1.0], [203.53981018066406, 163.59527587890625, 1.0], [244.0594482421875, 264.9076232910156, 1.0], [244.23939514160156, 248.36077880859375, 1.0], [247.60830688476562, 228.38729858398438, 1.0], [252.4148712158203, 199.235595703125, 1.0]], "is_left": 0}