{"hand_pts": [[77.65809631347656, 68.43656921386719, 1.0], [149.5862579345703, 93.47252655029297, 1.0], [211.3279571533203, 99.51014709472656, 1.0], [261.2599182128906, 116.54669952392578, 1.0], [253.46981811523438, 135.75408935546875, 1.0], [165.82786560058594, 195.10153198242188, 1.0], [218.70059204101562, 239.10321044921875, 1.0], [255.18080139160156, 234.97036743164062, 1.0], [264.2705993652344, 200.49465942382812, 1.0], [135.34481811523438, 197.9849853515625, 1.0], [169.34608459472656, 264.17547607421875, 1.0], [208.48431396484375, 264.1312561035156, 1.0], [243.8155059814453, 246.7198028564453, 1.0], [114.67584991455078, 192.86752319335938, 1.0], [161.2231903076172, 173.94100952148438, 1.0], [175.40843200683594, 133.1640167236328, 1.0], [160.6763153076172, 107.10334014892578, 1.0], [94.07884216308594, 178.58291625976562, 1.0], [104.9875259399414, 208.30812072753906, 1.0], [135.12643432617188, 192.40069580078125, 1.0], [166.51153564453125, 170.83506774902344, 1.0]], "is_left": 0}