{"hand_pts": [[217.41317749023438, 53.32541275024414, 1.0], [165.72454833984375, 99.2986068725586, 1.0], [111.31400299072266, 121.7484130859375, 1.0], [70.86865997314453, 146.6072540283203, 1.0], [91.53340148925781, 162.09207153320312, 1.0], [194.36985778808594, 183.6427764892578, 1.0], [174.0225067138672, 240.5013885498047, 1.0], [146.8140411376953, 232.92567443847656, 1.0], [130.48284912109375, 206.6516571044922, 1.0], [227.30442810058594, 173.5832977294922, 1.0], [198.15113830566406, 233.37416076660156, 1.0], [161.37026977539062, 248.4435272216797, 1.0], [122.07855987548828, 238.02281188964844, 1.0], [248.43771362304688, 160.60568237304688, 1.0], [250.86065673828125, 217.72976684570312, 1.0], [214.72189331054688, 209.69078063964844, 1.0], [179.36907958984375, 187.59439086914062, 1.0], [265.4123229980469, 139.9462127685547, 1.0], [275.5735778808594, 163.999267578125, 1.0], [241.07618713378906, 157.02345275878906, 1.0], [218.836669921875, 138.76942443847656, 1.0]], "is_left": 0}