{"hand_pts": [[59.469024658203125, 284.4091796875, 1.0], [74.10514068603516, 219.50819396972656, 1.0], [67.72882843017578, 172.22007751464844, 1.0], [119.83159637451172, 158.8419647216797, 1.0], [172.36831665039062, 160.20751953125, 1.0], [140.87745666503906, 169.78839111328125, 1.0], [178.09619140625, 116.3624267578125, 1.0], [203.81834411621094, 87.31365203857422, 1.0], [220.0668182373047, 80.11058807373047, 1.0], [167.58128356933594, 200.3900909423828, 1.0], [242.03807067871094, 165.6062774658203, 1.0], [250.49069213867188, 155.73902893066406, 1.0], [226.10899353027344, 160.53402709960938, 1.0], [186.5821990966797, 225.59686279296875, 1.0], [218.92396545410156, 191.43585205078125, 1.0], [194.6246795654297, 198.6309051513672, 1.0], [167.15530395507812, 208.38363647460938, 1.0], [197.14834594726562, 253.29464721679688, 1.0], [234.9086456298828, 251.5283966064453, 1.0], [223.3411865234375, 252.9479217529297, 1.0], [184.98423767089844, 253.75601196289062, 1.0]], "is_left": 0}