{"hand_pts": [[337.9911193847656, 167.3574981689453, 1.0], [279.98797607421875, 194.36431884765625, 1.0], [234.0277557373047, 213.2082061767578, 1.0], [184.4326629638672, 215.7510986328125, 1.0], [152.94566345214844, 205.25865173339844, 1.0], [233.29617309570312, 237.68283081054688, 1.0], [169.99746704101562, 243.4163818359375, 1.0], [128.71417236328125, 235.7752685546875, 1.0], [90.3824691772461, 223.42457580566406, 1.0], [238.77880859375, 211.98902893066406, 1.0], [165.64114379882812, 187.45074462890625, 1.0], [168.11685180664062, 163.8578643798828, 1.0], [166.74453735351562, 141.26316833496094, 1.0], [241.58355712890625, 186.93344116210938, 1.0], [174.43968200683594, 150.64712524414062, 1.0], [141.61351013183594, 124.55039978027344, 1.0], [123.25350189208984, 99.92302703857422, 1.0], [249.06781005859375, 159.95877075195312, 1.0], [213.0396728515625, 164.16859436035156, 1.0], [180.37753295898438, 159.74452209472656, 1.0], [181.4723663330078, 154.34722900390625, 1.0]], "is_left": 0}