{"hand_pts": [[159.17649841308594, 194.82254028320312, 1.0], [123.73799896240234, 213.7425994873047, 1.0], [75.8381118774414, 240.12298583984375, 1.0], [62.544105529785156, 215.9412078857422, 1.0], [89.55792999267578, 178.68154907226562, 1.0], [190.5211181640625, 238.8297119140625, 1.0], [194.3853759765625, 227.2696533203125, 1.0], [174.08326721191406, 205.09263610839844, 1.0], [145.7309112548828, 179.68804931640625, 1.0], [223.42532348632812, 213.49819946289062, 1.0], [262.26654052734375, 209.49693298339844, 1.0], [234.59963989257812, 190.9438018798828, 1.0], [202.2989501953125, 172.93150329589844, 1.0], [241.79383850097656, 189.82054138183594, 1.0], [234.86289978027344, 156.51222229003906, 1.0], [191.4893035888672, 147.5970001220703, 1.0], [164.4144744873047, 155.0370635986328, 1.0], [251.9647216796875, 166.0206298828125, 1.0], [238.14306640625, 135.94244384765625, 1.0], [204.46701049804688, 120.92296600341797, 1.0], [165.47573852539062, 122.96076965332031, 1.0]], "is_left": 0}