{"hand_pts": [[190.2036895751953, 112.0359115600586, 1.0], [134.42730712890625, 146.51966857910156, 1.0], [73.72277069091797, 180.2239532470703, 1.0], [79.34166717529297, 216.9786834716797, 1.0], [106.09365844726562, 243.43516540527344, 1.0], [147.2983856201172, 128.6475067138672, 1.0], [151.6661834716797, 161.67222595214844, 1.0], [153.40756225585938, 196.4010772705078, 1.0], [155.74295043945312, 230.507080078125, 1.0], [193.79830932617188, 124.68807983398438, 1.0], [204.78582763671875, 168.8574676513672, 1.0], [189.6544952392578, 205.68453979492188, 1.0], [175.8801727294922, 240.633544921875, 1.0], [228.9774169921875, 127.17237091064453, 1.0], [238.1715850830078, 171.78253173828125, 1.0], [225.23452758789062, 208.12249755859375, 1.0], [210.10789489746094, 241.6759796142578, 1.0], [260.52337646484375, 130.87222290039062, 1.0], [266.5967712402344, 173.2792205810547, 1.0], [250.68658447265625, 198.22393798828125, 1.0], [225.5233154296875, 198.2198944091797, 1.0]], "is_left": 0}