{"hand_pts": [[343.4503173828125, 212.48934936523438, 1.0], [282.32470703125, 231.87644958496094, 1.0], [245.6488494873047, 268.2637634277344, 1.0], [196.68707275390625, 257.3926696777344, 1.0], [160.9025421142578, 220.7007598876953, 1.0], [230.06625366210938, 242.62869262695312, 1.0], [169.926513671875, 231.45819091796875, 1.0], [138.25877380371094, 207.40475463867188, 1.0], [124.3034896850586, 182.4130096435547, 1.0], [239.80438232421875, 210.67750549316406, 1.0], [166.9160919189453, 200.93829345703125, 1.0], [128.8611602783203, 185.3500213623047, 1.0], [97.75202941894531, 170.55923461914062, 1.0], [246.72305297851562, 182.50204467773438, 1.0], [182.1820068359375, 151.39161682128906, 1.0], [147.20236206054688, 131.00335693359375, 1.0], [124.1063003540039, 116.93790435791016, 1.0], [258.45379638671875, 155.97422790527344, 1.0], [218.52511596679688, 121.15403747558594, 1.0], [199.39686584472656, 110.69692993164062, 1.0], [188.18511962890625, 110.24927520751953, 1.0]], "is_left": 0}