{"hand_pts": [[334.7438049316406, 228.3724822998047, 1.0], [291.515625, 241.73728942871094, 1.0], [270.1755676269531, 276.36712646484375, 1.0], [236.53477478027344, 277.14202880859375, 1.0], [201.51901245117188, 247.2595672607422, 1.0], [176.93728637695312, 236.17324829101562, 1.0], [140.84353637695312, 217.33958435058594, 1.0], [173.6176300048828, 201.63796997070312, 1.0], [218.1743927001953, 192.78521728515625, 1.0], [173.10118103027344, 202.9444580078125, 1.0], [110.66650390625, 176.15321350097656, 1.0], [159.38832092285156, 172.49032592773438, 1.0], [202.17933654785156, 167.99896240234375, 1.0], [176.79441833496094, 174.5020751953125, 1.0], [150.69325256347656, 134.25787353515625, 1.0], [185.56773376464844, 128.43301391601562, 1.0], [216.64971923828125, 121.36840057373047, 1.0], [191.58670043945312, 149.28343200683594, 1.0], [136.5228729248047, 117.09138488769531, 1.0], [143.2714385986328, 116.66749572753906, 1.0], [158.93032836914062, 123.49272918701172, 1.0]], "is_left": 0}