{"hand_pts": [[219.95309448242188, 93.25888061523438, 1.0], [184.88754272460938, 143.67279052734375, 1.0], [173.69683837890625, 194.4142608642578, 1.0], [154.04310607910156, 234.2928009033203, 1.0], [129.1982421875, 262.56964111328125, 1.0], [214.4225311279297, 204.72476196289062, 1.0], [224.7841796875, 250.87184143066406, 1.0], [226.97132873535156, 278.5338439941406, 1.0], [208.9394073486328, 292.7663269042969, 1.0], [225.03164672851562, 178.10867309570312, 1.0], [171.54794311523438, 199.72927856445312, 1.0], [135.2703857421875, 179.35292053222656, 1.0], [135.64749145507812, 155.2343292236328, 1.0], [227.19927978515625, 153.1992645263672, 1.0], [164.17506408691406, 158.24099731445312, 1.0], [140.23695373535156, 138.68910217285156, 1.0], [161.87742614746094, 127.14688110351562, 1.0], [226.60479736328125, 124.39469909667969, 1.0], [218.18630981445312, 124.81599426269531, 1.0], [196.3323516845703, 125.189697265625, 1.0], [163.26268005371094, 127.41765594482422, 1.0]], "is_left": 0}