{"hand_pts": [[117.15519714355469, 323.8879699707031, 1.0], [157.3172607421875, 302.40435791015625, 1.0], [167.97068786621094, 306.2375793457031, 1.0], [208.5187530517578, 282.8433532714844, 1.0], [250.1970672607422, 249.6693572998047, 1.0], [126.33633422851562, 220.5211944580078, 1.0], [168.67694091796875, 178.49301147460938, 1.0], [211.48193359375, 188.21705627441406, 1.0], [205.41275024414062, 217.10682678222656, 1.0], [120.2640151977539, 200.12301635742188, 1.0], [175.05767822265625, 139.75326538085938, 1.0], [228.6393280029297, 133.20465087890625, 1.0], [261.8909606933594, 164.7125701904297, 1.0], [123.00503540039062, 187.3974609375, 1.0], [151.1925506591797, 115.12686920166016, 1.0], [196.0957489013672, 127.96827697753906, 1.0], [241.7352752685547, 134.81626892089844, 1.0], [128.14010620117188, 183.76776123046875, 1.0], [151.72227478027344, 132.92298889160156, 1.0], [188.17503356933594, 115.54058074951172, 1.0], [228.714599609375, 103.75151062011719, 1.0]], "is_left": 0}