{"hand_pts": [[3.3875977993011475, 236.49932861328125, 1.0], [65.34123992919922, 234.79083251953125, 1.0], [105.35325622558594, 276.1230163574219, 1.0], [163.96437072753906, 249.681396484375, 1.0], [197.8734130859375, 205.0803680419922, 1.0], [175.02931213378906, 264.4468994140625, 1.0], [233.92520141601562, 217.75311279296875, 1.0], [228.49591064453125, 171.9767608642578, 1.0], [189.13796997070312, 144.1984100341797, 1.0], [170.00791931152344, 239.78814697265625, 1.0], [219.80355834960938, 164.29611206054688, 1.0], [173.13389587402344, 143.48858642578125, 1.0], [134.0953369140625, 181.1674346923828, 1.0], [161.5655975341797, 213.92034912109375, 1.0], [241.5918426513672, 176.0302276611328, 1.0], [224.52618408203125, 143.25726318359375, 1.0], [214.47207641601562, 108.23588562011719, 1.0], [143.29205322265625, 187.99124145507812, 1.0], [191.58465576171875, 151.3555145263672, 1.0], [191.15521240234375, 125.00587463378906, 1.0], [189.73495483398438, 99.53419494628906, 1.0]], "is_left": 0}