{"hand_pts": [[273.6905212402344, 287.5876770019531, 1.0], [205.8288116455078, 281.6253662109375, 1.0], [167.79380798339844, 307.44598388671875, 1.0], [165.70188903808594, 272.03607177734375, 1.0], [175.1243438720703, 229.40725708007812, 1.0], [148.16180419921875, 201.35562133789062, 1.0], [111.42642211914062, 203.6400909423828, 1.0], [140.31134033203125, 231.97784423828125, 1.0], [165.3216552734375, 257.9370422363281, 1.0], [184.409423828125, 173.7601776123047, 1.0], [130.58197021484375, 111.83965301513672, 1.0], [117.72917938232422, 107.75306701660156, 1.0], [132.18321228027344, 135.37277221679688, 1.0], [215.60252380371094, 156.36888122558594, 1.0], [204.06658935546875, 129.76727294921875, 1.0], [214.25177001953125, 154.30694580078125, 1.0], [224.52816772460938, 179.5009765625, 1.0], [249.72207641601562, 148.39227294921875, 1.0], [246.98411560058594, 113.82786560058594, 1.0], [246.85128784179688, 137.88671875, 1.0], [245.4142303466797, 170.57113647460938, 1.0]], "is_left": 0}