{"hand_pts": [[209.66860961914062, 205.87948608398438, 1.0], [206.0598602294922, 149.71145629882812, 1.0], [221.64553833007812, 93.19661712646484, 1.0], [240.9373779296875, 70.41173553466797, 1.0], [255.86483764648438, 83.7186508178711, 1.0], [138.091064453125, 163.67640686035156, 1.0], [98.9258041381836, 159.03717041015625, 1.0], [95.94587707519531, 152.49215698242188, 1.0], [91.51531219482422, 147.81919860839844, 1.0], [148.7747039794922, 206.0463104248047, 1.0], [120.50514221191406, 202.5115509033203, 1.0], [154.9500274658203, 179.1519775390625, 1.0], [195.9554443359375, 155.18995666503906, 1.0], [165.43687438964844, 236.23565673828125, 1.0], [215.2253875732422, 234.94580078125, 1.0], [244.96966552734375, 216.41787719726562, 1.0], [268.8455505371094, 198.8180694580078, 1.0], [186.85626220703125, 262.3412170410156, 1.0], [195.29747009277344, 267.0782470703125, 1.0], [205.71214294433594, 266.81298828125, 1.0], [235.08372497558594, 240.99925231933594, 1.0]], "is_left": 0}