{"hand_pts": [[326.0333557128906, 207.1529998779297, 1.0], [258.0953369140625, 150.99578857421875, 1.0], [225.5598907470703, 87.26801300048828, 1.0], [157.50865173339844, 85.42496490478516, 1.0], [123.33446502685547, 135.40744018554688, 1.0], [246.10116577148438, 124.71749877929688, 1.0], [164.15956115722656, 119.52777862548828, 1.0], [134.1964111328125, 137.39524841308594, 1.0], [152.8704833984375, 155.40499877929688, 1.0], [253.3077392578125, 170.62451171875, 1.0], [152.44273376464844, 182.8011016845703, 1.0], [135.97549438476562, 191.2191162109375, 1.0], [176.91119384765625, 187.3928680419922, 1.0], [252.8981475830078, 208.63136291503906, 1.0], [161.5087890625, 231.32919311523438, 1.0], [136.375244140625, 237.80780029296875, 1.0], [161.527587890625, 228.32521057128906, 1.0], [254.1723175048828, 245.76731872558594, 1.0], [196.41473388671875, 275.6841125488281, 1.0], [177.43890380859375, 273.87579345703125, 1.0], [203.04290771484375, 250.99961853027344, 1.0]], "is_left": 0}