{"hand_pts": [[114.33654022216797, 72.06483459472656, 1.0], [183.748779296875, 108.54829406738281, 1.0], [249.30613708496094, 122.27592468261719, 1.0], [257.4177551269531, 153.4152374267578, 1.0], [215.61338806152344, 173.09933471679688, 1.0], [257.8896179199219, 171.00961303710938, 1.0], [269.88763427734375, 208.34323120117188, 1.0], [238.56886291503906, 204.13772583007812, 1.0], [199.7191925048828, 182.92832946777344, 1.0], [215.52401733398438, 176.07518005371094, 1.0], [216.78793334960938, 223.0290069580078, 1.0], [187.85963439941406, 212.33343505859375, 1.0], [163.6781463623047, 182.27468872070312, 1.0], [175.2369384765625, 178.2169647216797, 1.0], [163.11790466308594, 223.2508087158203, 1.0], [137.52796936035156, 210.42279052734375, 1.0], [125.94050598144531, 180.2767791748047, 1.0], [129.75436401367188, 173.83560180664062, 1.0], [105.18766021728516, 201.4895477294922, 1.0], [88.8833999633789, 194.6995086669922, 1.0], [92.662841796875, 169.2524871826172, 1.0]], "is_left": 0}