{"hand_pts": [[57.9543342590332, 90.15805053710938, 1.0], [65.72686767578125, 138.70053100585938, 1.0], [62.58526611328125, 182.16259765625, 1.0], [98.69888305664062, 210.8185577392578, 1.0], [139.1703643798828, 229.61451721191406, 1.0], [147.3337860107422, 177.54652404785156, 1.0], [183.24603271484375, 215.99642944335938, 1.0], [199.54629516601562, 236.03326416015625, 1.0], [208.74331665039062, 248.62615966796875, 1.0], [168.9962615966797, 156.69296264648438, 1.0], [207.055419921875, 195.6885223388672, 1.0], [198.88230895996094, 207.96766662597656, 1.0], [195.60574340820312, 222.1661376953125, 1.0], [181.5025634765625, 139.3914031982422, 1.0], [242.19729614257812, 166.99880981445312, 1.0], [257.8431701660156, 183.9275360107422, 1.0], [251.02284240722656, 194.8218994140625, 1.0], [185.51168823242188, 119.75355529785156, 1.0], [223.2813262939453, 137.00547790527344, 1.0], [228.9877471923828, 149.4264373779297, 1.0], [213.36141967773438, 158.6654815673828, 1.0]], "is_left": 0}