{"hand_pts": [[334.7051086425781, 155.1764678955078, 1.0], [288.4755859375, 120.98812103271484, 1.0], [253.89599609375, 73.79850769042969, 1.0], [213.82188415527344, 74.68852233886719, 1.0], [194.8994598388672, 117.4858169555664, 1.0], [181.45225524902344, 148.31178283691406, 1.0], [138.8141326904297, 148.17054748535156, 1.0], [145.54638671875, 146.90390014648438, 1.0], [178.50177001953125, 145.7882537841797, 1.0], [189.46334838867188, 188.8095245361328, 1.0], [126.95228576660156, 201.78761291503906, 1.0], [127.37834930419922, 196.10250854492188, 1.0], [153.57177734375, 182.64584350585938, 1.0], [202.43299865722656, 218.76348876953125, 1.0], [142.13229370117188, 241.49368286132812, 1.0], [143.66592407226562, 237.4323272705078, 1.0], [171.17526245117188, 220.37672424316406, 1.0], [224.54776000976562, 243.36471557617188, 1.0], [206.86962890625, 267.75146484375, 1.0], [219.61329650878906, 261.4331359863281, 1.0], [248.21665954589844, 233.59707641601562, 1.0]], "is_left": 0}