{"hand_pts": [[151.2628936767578, 212.07943725585938, 1.0], [206.25779724121094, 175.38778686523438, 1.0], [269.16064453125, 151.40277099609375, 1.0], [287.2798156738281, 122.62133026123047, 1.0], [275.5619201660156, 99.9683837890625, 1.0], [224.3481903076172, 222.76022338867188, 1.0], [243.1981658935547, 201.7639923095703, 1.0], [241.15647888183594, 165.03382873535156, 1.0], [237.0306854248047, 129.729736328125, 1.0], [178.4859161376953, 234.4453582763672, 1.0], [184.44854736328125, 225.2296142578125, 1.0], [185.81398010253906, 189.0718231201172, 1.0], [186.14996337890625, 145.6057586669922, 1.0], [141.3433380126953, 235.75856018066406, 1.0], [141.7921142578125, 232.97384643554688, 1.0], [142.89942932128906, 195.0726776123047, 1.0], [146.22605895996094, 153.0050048828125, 1.0], [105.81140899658203, 232.94520568847656, 1.0], [88.64005279541016, 209.9403076171875, 1.0], [85.41620635986328, 176.6434783935547, 1.0], [97.14479064941406, 143.05404663085938, 1.0]], "is_left": 0}