{"hand_pts": [[150.0067596435547, 99.28598022460938, 1.0], [208.0532684326172, 150.97935485839844, 1.0], [251.62677001953125, 210.86814880371094, 1.0], [277.1518859863281, 205.85939025878906, 1.0], [289.4174499511719, 184.8042755126953, 1.0], [167.56698608398438, 227.42819213867188, 1.0], [194.19314575195312, 232.97158813476562, 1.0], [223.56622314453125, 193.68423461914062, 1.0], [233.2590789794922, 160.24053955078125, 1.0], [132.73289489746094, 194.38661193847656, 1.0], [134.9566650390625, 252.95664978027344, 1.0], [157.72491455078125, 273.5065002441406, 1.0], [187.5902099609375, 283.41253662109375, 1.0], [112.15536499023438, 162.11093139648438, 1.0], [151.92481994628906, 169.51622009277344, 1.0], [192.29898071289062, 154.3124542236328, 1.0], [220.4470672607422, 130.0792236328125, 1.0], [96.86890411376953, 125.38738250732422, 1.0], [111.25761413574219, 127.09601593017578, 1.0], [148.79498291015625, 114.24844360351562, 1.0], [183.9549102783203, 101.24211120605469, 1.0]], "is_left": 0}