{"hand_pts": [[68.57972717285156, 77.17963409423828, 1.0], [82.43607330322266, 145.61526489257812, 1.0], [98.13101196289062, 182.6523895263672, 1.0], [125.1324462890625, 218.29234313964844, 1.0], [160.0437469482422, 232.8758087158203, 1.0], [178.23416137695312, 164.51788330078125, 1.0], [189.6222686767578, 222.24151611328125, 1.0], [163.52554321289062, 247.0677490234375, 1.0], [126.1318130493164, 241.5727081298828, 1.0], [191.13758850097656, 136.42527770996094, 1.0], [261.84527587890625, 164.23825073242188, 1.0], [244.8487548828125, 198.91014099121094, 1.0], [213.08717346191406, 221.94854736328125, 1.0], [194.56333923339844, 116.84154510498047, 1.0], [205.719970703125, 165.8267822265625, 1.0], [193.8446044921875, 194.50218200683594, 1.0], [187.10861206054688, 223.12017822265625, 1.0], [188.50070190429688, 96.63960266113281, 1.0], [213.84996032714844, 129.2388153076172, 1.0], [213.27684020996094, 158.02734375, 1.0], [186.55743408203125, 184.53282165527344, 1.0]], "is_left": 0}