{"hand_pts": [[197.36204528808594, 63.155426025390625, 1.0], [224.9733428955078, 137.73304748535156, 1.0], [254.1893768310547, 199.7828826904297, 1.0], [225.96542358398438, 213.7134552001953, 1.0], [195.31887817382812, 218.5470428466797, 1.0], [263.99755859375, 155.23849487304688, 1.0], [270.2872314453125, 185.18673706054688, 1.0], [233.15220642089844, 226.3291778564453, 1.0], [191.2128448486328, 264.2178039550781, 1.0], [219.96018981933594, 130.4075469970703, 1.0], [242.51841735839844, 162.30789184570312, 1.0], [205.57046508789062, 212.07254028320312, 1.0], [189.41128540039062, 205.76426696777344, 1.0], [179.1962432861328, 115.56777954101562, 1.0], [134.91055297851562, 169.96047973632812, 1.0], [99.27023315429688, 213.54904174804688, 1.0], [87.48915100097656, 233.750244140625, 1.0], [139.2806396484375, 100.22764587402344, 1.0], [124.1390609741211, 130.0270538330078, 1.0], [108.81547546386719, 169.98715209960938, 1.0], [105.99478149414062, 190.03231811523438, 1.0]], "is_left": 0}