{"hand_pts": [[340.271728515625, 216.85618591308594, 1.0], [261.64019775390625, 238.67103576660156, 1.0], [210.3656768798828, 280.85455322265625, 1.0], [159.35694885253906, 268.38385009765625, 1.0], [147.0421905517578, 227.29803466796875, 1.0], [199.80831909179688, 238.94332885742188, 1.0], [129.5988006591797, 230.26295471191406, 1.0], [113.7336196899414, 213.5341339111328, 1.0], [138.86447143554688, 203.68655395507812, 1.0], [219.94566345214844, 206.07029724121094, 1.0], [154.9687957763672, 164.88113403320312, 1.0], [131.08375549316406, 145.41551208496094, 1.0], [145.7207794189453, 149.07281494140625, 1.0], [235.52667236328125, 178.3800048828125, 1.0], [195.81411743164062, 148.17100524902344, 1.0], [154.2346649169922, 131.7563018798828, 1.0], [121.36620330810547, 128.37185668945312, 1.0], [256.1803283691406, 153.1912384033203, 1.0], [231.9373779296875, 114.7503890991211, 1.0], [231.0115203857422, 113.92862701416016, 1.0], [247.9137725830078, 144.35693359375, 1.0]], "is_left": 0}