{"hand_pts": [[213.504638671875, 61.89887237548828, 1.0], [236.12643432617188, 84.6007308959961, 1.0], [279.03338623046875, 101.66793823242188, 1.0], [266.61859130859375, 140.74525451660156, 1.0], [241.66880798339844, 176.83216857910156, 1.0], [234.86773681640625, 194.877197265625, 1.0], [237.90634155273438, 231.37484741210938, 1.0], [231.4071502685547, 236.5498809814453, 1.0], [213.98220825195312, 198.91864013671875, 1.0], [199.5954132080078, 203.35174560546875, 1.0], [191.51815795898438, 198.5802459716797, 1.0], [188.35272216796875, 185.7624969482422, 1.0], [185.21263122558594, 176.06451416015625, 1.0], [170.06625366210938, 202.0210723876953, 1.0], [120.35013580322266, 208.7310791015625, 1.0], [119.47586059570312, 161.35670471191406, 1.0], [140.8861083984375, 122.18565368652344, 1.0], [143.3411102294922, 190.27996826171875, 1.0], [107.33785247802734, 212.28623962402344, 1.0], [84.42184448242188, 218.71131896972656, 1.0], [91.29180145263672, 185.2992401123047, 1.0]], "is_left": 0}