{"hand_pts": [[316.19403076171875, 173.9684600830078, 1.0], [277.944580078125, 157.64486694335938, 1.0], [250.5773468017578, 123.291015625, 1.0], [215.3468780517578, 114.03978729248047, 1.0], [182.5110321044922, 117.20114135742188, 1.0], [198.17349243164062, 157.18716430664062, 1.0], [183.0522918701172, 164.63394165039062, 1.0], [177.784423828125, 170.85467529296875, 1.0], [197.28285217285156, 178.8129425048828, 1.0], [199.7642364501953, 181.604248046875, 1.0], [136.602783203125, 170.7546844482422, 1.0], [98.99622344970703, 166.28184509277344, 1.0], [66.14495086669922, 164.13253784179688, 1.0], [204.90841674804688, 202.01478576660156, 1.0], [172.2955322265625, 226.96929931640625, 1.0], [203.6487274169922, 223.6754150390625, 1.0], [230.8870391845703, 208.91098022460938, 1.0], [217.2432861328125, 220.576416015625, 1.0], [180.77711486816406, 238.5302276611328, 1.0], [157.35879516601562, 250.14804077148438, 1.0], [143.8890838623047, 255.0541534423828, 1.0]], "is_left": 0}