{"hand_pts": [[269.3523864746094, 320.08416748046875, 1.0], [238.5811004638672, 256.24981689453125, 1.0], [234.01719665527344, 204.60598754882812, 1.0], [225.82070922851562, 159.25595092773438, 1.0], [220.71981811523438, 148.02354431152344, 1.0], [131.1473388671875, 241.16384887695312, 1.0], [94.29964447021484, 183.32568359375, 1.0], [126.0658187866211, 139.95870971679688, 1.0], [155.7820587158203, 97.12162780761719, 1.0], [139.45887756347656, 251.79762268066406, 1.0], [162.44313049316406, 162.0128631591797, 1.0], [212.10369873046875, 128.9310302734375, 1.0], [256.8675231933594, 143.17208862304688, 1.0], [155.1644744873047, 255.34878540039062, 1.0], [138.99684143066406, 177.6324005126953, 1.0], [186.50331115722656, 155.78665161132812, 1.0], [217.98355102539062, 180.12767028808594, 1.0], [180.19418334960938, 260.5767822265625, 1.0], [175.24363708496094, 220.35459899902344, 1.0], [200.3035430908203, 182.5062255859375, 1.0], [230.23318481445312, 156.60777282714844, 1.0]], "is_left": 0}