{"hand_pts": [[21.515256881713867, 140.0814971923828, 1.0], [74.22895050048828, 137.04934692382812, 1.0], [107.45474243164062, 123.36036682128906, 1.0], [159.50173950195312, 129.4237823486328, 1.0], [205.2640380859375, 137.41287231445312, 1.0], [134.155029296875, 204.2932891845703, 1.0], [197.91058349609375, 214.29380798339844, 1.0], [238.84112548828125, 216.84234619140625, 1.0], [277.4527587890625, 214.04286193847656, 1.0], [134.8497314453125, 210.8202362060547, 1.0], [207.41787719726562, 194.60848999023438, 1.0], [204.6272735595703, 154.6707763671875, 1.0], [207.81866455078125, 117.75391387939453, 1.0], [135.65847778320312, 209.2763214111328, 1.0], [193.00750732421875, 250.02670288085938, 1.0], [231.0269775390625, 239.887939453125, 1.0], [231.61192321777344, 207.08145141601562, 1.0], [130.41583251953125, 201.6880645751953, 1.0], [171.62576293945312, 182.2803497314453, 1.0], [197.55551147460938, 165.71658325195312, 1.0], [223.1669464111328, 146.22833251953125, 1.0]], "is_left": 0}