{"hand_pts": [[303.300537109375, 314.36419677734375, 1.0], [237.6865234375, 282.4201354980469, 1.0], [200.92869567871094, 266.0979309082031, 1.0], [149.73095703125, 235.37301635742188, 1.0], [109.7904281616211, 209.8407440185547, 1.0], [249.11911010742188, 175.20945739746094, 1.0], [183.8850555419922, 135.31004333496094, 1.0], [142.9257354736328, 169.10321044921875, 1.0], [146.09051513671875, 210.00498962402344, 1.0], [262.4837646484375, 170.6489715576172, 1.0], [162.68544006347656, 157.33914184570312, 1.0], [130.00962829589844, 205.30783081054688, 1.0], [149.7800750732422, 248.44764709472656, 1.0], [265.236083984375, 173.9874267578125, 1.0], [211.72511291503906, 111.59654235839844, 1.0], [159.82362365722656, 134.94422912597656, 1.0], [108.59231567382812, 154.61532592773438, 1.0], [267.1224060058594, 187.2588653564453, 1.0], [221.2338409423828, 154.1360626220703, 1.0], [179.56915283203125, 143.16986083984375, 1.0], [138.46360778808594, 166.138916015625, 1.0]], "is_left": 0}