{"hand_pts": [[203.55006408691406, 208.43753051757812, 1.0], [237.3188934326172, 192.15003967285156, 1.0], [286.8401794433594, 178.74606323242188, 1.0], [279.51898193359375, 151.38363647460938, 1.0], [264.5495910644531, 126.63060760498047, 1.0], [208.82911682128906, 234.21961975097656, 1.0], [205.8291473388672, 212.3295135498047, 1.0], [207.4579315185547, 177.1012420654297, 1.0], [210.3590087890625, 160.5180206298828, 1.0], [170.16444396972656, 234.83526611328125, 1.0], [174.7406463623047, 191.93341064453125, 1.0], [193.3535614013672, 158.59434509277344, 1.0], [210.48995971679688, 125.19300079345703, 1.0], [141.85366821289062, 228.94866943359375, 1.0], [133.1320037841797, 215.68792724609375, 1.0], [145.42295837402344, 182.31700134277344, 1.0], [163.73971557617188, 155.74403381347656, 1.0], [118.65624237060547, 219.87786865234375, 1.0], [90.2960205078125, 208.88734436035156, 1.0], [105.02498626708984, 182.42108154296875, 1.0], [131.73489379882812, 159.83203125, 1.0]], "is_left": 0}