{"hand_pts": [[73.89130401611328, 254.88534545898438, 1.0], [126.1831283569336, 205.46319580078125, 1.0], [159.9028778076172, 158.9180145263672, 1.0], [181.68894958496094, 116.53211975097656, 1.0], [194.21389770507812, 83.48157501220703, 1.0], [207.7511444091797, 215.2292938232422, 1.0], [221.84141540527344, 165.0966033935547, 1.0], [204.73440551757812, 134.11935424804688, 1.0], [166.63433837890625, 129.21212768554688, 1.0], [183.947509765625, 234.21450805664062, 1.0], [249.69790649414062, 232.74095153808594, 1.0], [285.8622741699219, 217.89190673828125, 1.0], [281.170166015625, 181.2232666015625, 1.0], [160.36109924316406, 244.2171173095703, 1.0], [176.612060546875, 195.49261474609375, 1.0], [159.09715270996094, 164.456787109375, 1.0], [139.880126953125, 135.860595703125, 1.0], [131.52516174316406, 252.55653381347656, 1.0], [140.58132934570312, 238.8859100341797, 1.0], [139.39358520507812, 213.15907287597656, 1.0], [130.683837890625, 197.6273956298828, 1.0]], "is_left": 0}