{"hand_pts": [[58.180030822753906, 246.81539916992188, 1.0], [106.57357788085938, 248.70860290527344, 1.0], [131.05392456054688, 292.38763427734375, 1.0], [171.5161590576172, 289.1717834472656, 1.0], [207.97093200683594, 279.60699462890625, 1.0], [149.94769287109375, 156.44654846191406, 1.0], [184.49610900878906, 187.90406799316406, 1.0], [203.81893920898438, 216.59996032714844, 1.0], [227.0429229736328, 235.8512420654297, 1.0], [149.11172485351562, 138.13992309570312, 1.0], [196.2108917236328, 162.01507568359375, 1.0], [205.46141052246094, 208.24850463867188, 1.0], [180.6814727783203, 244.92367553710938, 1.0], [149.02561950683594, 130.27978515625, 1.0], [198.5110321044922, 102.91474914550781, 1.0], [225.69151306152344, 108.46460723876953, 1.0], [252.6288299560547, 107.88402557373047, 1.0], [144.80421447753906, 130.5350799560547, 1.0], [180.60694885253906, 125.24075317382812, 1.0], [201.5414276123047, 140.15611267089844, 1.0], [192.94158935546875, 179.56895446777344, 1.0]], "is_left": 0}