{"hand_pts": [[211.41969299316406, 22.08774185180664, 1.0], [191.43310546875, 69.68700408935547, 1.0], [200.7417755126953, 91.99070739746094, 1.0], [195.1397705078125, 118.29702758789062, 1.0], [164.81195068359375, 151.69602966308594, 1.0], [241.52023315429688, 162.35560607910156, 1.0], [230.8133087158203, 227.9989776611328, 1.0], [178.88681030273438, 220.12893676757812, 1.0], [140.0324249267578, 193.5296630859375, 1.0], [234.66563415527344, 166.6373291015625, 1.0], [166.8560791015625, 226.89736938476562, 1.0], [131.8396453857422, 187.1148681640625, 1.0], [120.1631088256836, 141.24171447753906, 1.0], [220.32437133789062, 166.4546356201172, 1.0], [235.70297241210938, 240.33702087402344, 1.0], [191.00750732421875, 258.83978271484375, 1.0], [148.7384033203125, 252.7058563232422, 1.0], [202.65887451171875, 157.0498504638672, 1.0], [196.57057189941406, 210.79795837402344, 1.0], [160.86383056640625, 210.4066162109375, 1.0], [133.5977325439453, 186.2527313232422, 1.0]], "is_left": 0}