{"hand_pts": [[208.97262573242188, 97.19671630859375, 1.0], [237.6836395263672, 160.5054473876953, 1.0], [274.10321044921875, 211.7374725341797, 1.0], [241.37742614746094, 220.0037841796875, 1.0], [205.37669372558594, 220.44044494628906, 1.0], [234.7294464111328, 152.1623077392578, 1.0], [224.3029022216797, 216.14573669433594, 1.0], [213.9754180908203, 258.4387512207031, 1.0], [201.99334716796875, 291.7947998046875, 1.0], [196.78482055664062, 128.50802612304688, 1.0], [196.2711181640625, 149.38133239746094, 1.0], [194.8831787109375, 176.5926513671875, 1.0], [190.98873901367188, 223.0817108154297, 1.0], [165.81008911132812, 115.69844818115234, 1.0], [119.7093276977539, 166.28073120117188, 1.0], [127.58112335205078, 187.3957061767578, 1.0], [146.21177673339844, 193.64988708496094, 1.0], [138.05958557128906, 104.50662231445312, 1.0], [120.38018035888672, 142.51058959960938, 1.0], [118.38719940185547, 180.0447235107422, 1.0], [133.6226806640625, 199.6846160888672, 1.0]], "is_left": 0}