{"hand_pts": [[296.0183410644531, 30.999244689941406, 1.0], [257.0730285644531, 77.72122192382812, 1.0], [268.5114440917969, 106.03474426269531, 1.0], [237.0892791748047, 152.9885711669922, 1.0], [184.77310180664062, 188.85301208496094, 1.0], [263.5800476074219, 192.0290985107422, 1.0], [183.72059631347656, 208.89682006835938, 1.0], [132.3651123046875, 208.78443908691406, 1.0], [104.57929992675781, 172.49026489257812, 1.0], [252.84425354003906, 197.21473693847656, 1.0], [153.4051055908203, 217.48797607421875, 1.0], [156.45567321777344, 160.81480407714844, 1.0], [206.2920379638672, 126.65979766845703, 1.0], [237.35923767089844, 195.25885009765625, 1.0], [145.17994689941406, 220.41015625, 1.0], [131.1196746826172, 175.14675903320312, 1.0], [123.96212005615234, 128.89776611328125, 1.0], [223.00439453125, 182.239013671875, 1.0], [176.13734436035156, 231.89547729492188, 1.0], [140.99392700195312, 263.7350769042969, 1.0], [114.16584014892578, 243.31854248046875, 1.0]], "is_left": 0}