{"hand_pts": [[306.225830078125, 193.9607696533203, 1.0], [254.60043334960938, 141.68788146972656, 1.0], [225.74948120117188, 85.04461669921875, 1.0], [202.7801055908203, 78.39111328125, 1.0], [215.42550659179688, 121.06377410888672, 1.0], [161.5469512939453, 161.78115844726562, 1.0], [129.45306396484375, 143.07025146484375, 1.0], [162.26609802246094, 137.06468200683594, 1.0], [199.3142852783203, 145.65185546875, 1.0], [164.1094207763672, 204.29812622070312, 1.0], [125.71126556396484, 199.14764404296875, 1.0], [167.7897491455078, 181.2043914794922, 1.0], [205.06915283203125, 173.28347778320312, 1.0], [169.97552490234375, 234.81195068359375, 1.0], [139.4208526611328, 238.05181884765625, 1.0], [177.09178161621094, 219.7030487060547, 1.0], [202.39747619628906, 209.81492614746094, 1.0], [184.4577178955078, 260.9158630371094, 1.0], [172.57809448242188, 274.3623046875, 1.0], [198.32769775390625, 253.41404724121094, 1.0], [216.6619873046875, 233.88815307617188, 1.0]], "is_left": 0}