{"hand_pts": [[33.41750717163086, 136.3122100830078, 1.0], [66.30831909179688, 151.4200897216797, 1.0], [81.54446411132812, 161.3183135986328, 1.0], [121.17630767822266, 180.28904724121094, 1.0], [154.96983337402344, 192.48858642578125, 1.0], [170.15231323242188, 132.2942352294922, 1.0], [184.26443481445312, 180.34222412109375, 1.0], [142.8788604736328, 194.9861297607422, 1.0], [104.10589599609375, 194.2073211669922, 1.0], [180.38319396972656, 142.75515747070312, 1.0], [248.23936462402344, 158.92396545410156, 1.0], [252.18255615234375, 191.7549285888672, 1.0], [226.49842834472656, 222.362548828125, 1.0], [182.58245849609375, 156.40280151367188, 1.0], [242.86093139648438, 184.73269653320312, 1.0], [212.60391235351562, 210.94459533691406, 1.0], [175.08447265625, 230.50123596191406, 1.0], [174.5154571533203, 170.52655029296875, 1.0], [224.32937622070312, 184.4941864013672, 1.0], [248.85858154296875, 201.75823974609375, 1.0], [238.51039123535156, 224.02052307128906, 1.0]], "is_left": 0}