{"hand_pts": [[238.3478546142578, 251.3742218017578, 1.0], [228.9195556640625, 184.85287475585938, 1.0], [230.55555725097656, 120.47127532958984, 1.0], [236.3952178955078, 89.66173553466797, 1.0], [241.99607849121094, 98.72298431396484, 1.0], [138.111572265625, 167.06517028808594, 1.0], [116.32745361328125, 127.57331848144531, 1.0], [144.9485321044922, 114.72095489501953, 1.0], [187.5399169921875, 124.47266387939453, 1.0], [135.71029663085938, 208.7233428955078, 1.0], [145.33792114257812, 186.85003662109375, 1.0], [190.3555450439453, 175.30279541015625, 1.0], [235.3932342529297, 171.85321044921875, 1.0], [142.11947631835938, 240.52638244628906, 1.0], [143.3450469970703, 229.0839385986328, 1.0], [183.0099639892578, 217.82545471191406, 1.0], [225.82913208007812, 207.029541015625, 1.0], [156.64532470703125, 271.32391357421875, 1.0], [169.7150115966797, 272.1697998046875, 1.0], [204.54103088378906, 258.9652404785156, 1.0], [217.54824829101562, 248.23312377929688, 1.0]], "is_left": 0}