{"hand_pts": [[30.900983810424805, 203.53802490234375, 1.0], [86.37244415283203, 245.04421997070312, 1.0], [123.39959716796875, 293.7784729003906, 1.0], [167.59713745117188, 279.5924072265625, 1.0], [186.16604614257812, 228.42625427246094, 1.0], [190.92800903320312, 211.5137481689453, 1.0], [250.81956481933594, 228.10610961914062, 1.0], [257.8003845214844, 241.5870361328125, 1.0], [242.20877075195312, 251.64044189453125, 1.0], [179.57595825195312, 168.85028076171875, 1.0], [237.27395629882812, 163.86997985839844, 1.0], [211.85923767089844, 186.40411376953125, 1.0], [166.26052856445312, 210.59710693359375, 1.0], [165.03819274902344, 138.24197387695312, 1.0], [228.2787322998047, 100.29100036621094, 1.0], [225.8819122314453, 112.54200744628906, 1.0], [211.67623901367188, 133.9986572265625, 1.0], [141.48065185546875, 113.40526580810547, 1.0], [143.39373779296875, 108.22080993652344, 1.0], [124.82598114013672, 122.21049499511719, 1.0], [93.8263931274414, 152.47633361816406, 1.0]], "is_left": 0}