{"hand_pts": [[67.1873779296875, 117.12689208984375, 1.0], [145.0654754638672, 106.92608642578125, 1.0], [201.04376220703125, 68.78140258789062, 1.0], [217.0518798828125, 82.74858856201172, 1.0], [184.40090942382812, 121.21377563476562, 1.0], [216.18185424804688, 195.4798126220703, 1.0], [255.48416137695312, 192.591796875, 1.0], [270.0152893066406, 181.68946838378906, 1.0], [254.1329803466797, 152.6638641357422, 1.0], [182.073974609375, 225.58795166015625, 1.0], [208.5729217529297, 230.39280700683594, 1.0], [209.6139373779297, 207.67298889160156, 1.0], [193.4315185546875, 165.4343719482422, 1.0], [152.8677520751953, 242.34898376464844, 1.0], [191.95863342285156, 232.00059509277344, 1.0], [177.79296875, 188.50343322753906, 1.0], [165.65933227539062, 147.08407592773438, 1.0], [119.3840103149414, 249.1387176513672, 1.0], [111.40874481201172, 257.0636901855469, 1.0], [101.67820739746094, 224.2883758544922, 1.0], [102.69559478759766, 193.80931091308594, 1.0]], "is_left": 0}