{"hand_pts": [[244.09864807128906, 377.8497619628906, 1.0], [247.3821258544922, 303.5778503417969, 1.0], [279.80096435546875, 258.4005432128906, 1.0], [230.08154296875, 200.9571075439453, 1.0], [180.8195037841797, 202.5437774658203, 1.0], [281.074462890625, 177.71640014648438, 1.0], [245.81338500976562, 114.81610870361328, 1.0], [203.02786254882812, 128.23013305664062, 1.0], [161.5557403564453, 152.42625427246094, 1.0], [250.0388641357422, 183.8021697998047, 1.0], [172.78343200683594, 119.26715850830078, 1.0], [153.90835571289062, 175.02615356445312, 1.0], [161.67909240722656, 236.41543579101562, 1.0], [218.5448455810547, 193.3963623046875, 1.0], [132.24014282226562, 154.7319793701172, 1.0], [104.90573120117188, 193.9172821044922, 1.0], [135.96783447265625, 243.69947814941406, 1.0], [187.18190002441406, 214.31829833984375, 1.0], [144.80471801757812, 162.06790161132812, 1.0], [108.72368621826172, 137.91014099121094, 1.0], [102.95899963378906, 151.79232788085938, 1.0]], "is_left": 0}