{"hand_pts": [[217.74244689941406, 23.859214782714844, 1.0], [235.84280395507812, 69.4797134399414, 1.0], [252.22145080566406, 97.42918395996094, 1.0], [237.965087890625, 146.81846618652344, 1.0], [208.86456298828125, 193.14439392089844, 1.0], [146.5953369140625, 124.18356323242188, 1.0], [164.07913208007812, 189.45790100097656, 1.0], [199.756103515625, 222.4470977783203, 1.0], [225.45928955078125, 259.0870056152344, 1.0], [128.50631713867188, 131.43063354492188, 1.0], [165.43362426757812, 203.7552490234375, 1.0], [205.60595703125, 238.56455993652344, 1.0], [258.8504638671875, 233.095947265625, 1.0], [124.0977554321289, 137.96969604492188, 1.0], [180.2665557861328, 198.9779510498047, 1.0], [230.3520050048828, 198.1063232421875, 1.0], [276.91387939453125, 189.50677490234375, 1.0], [128.56698608398438, 138.14979553222656, 1.0], [112.8622055053711, 187.5315704345703, 1.0], [110.3367691040039, 223.17166137695312, 1.0], [122.21930694580078, 260.16571044921875, 1.0]], "is_left": 0}