{"hand_pts": [[71.5369644165039, 78.76226043701172, 1.0], [107.99071502685547, 145.29612731933594, 1.0], [137.60369873046875, 185.28781127929688, 1.0], [202.83570861816406, 196.69863891601562, 1.0], [230.98696899414062, 171.2897491455078, 1.0], [104.11702728271484, 210.5199737548828, 1.0], [152.9958038330078, 261.12640380859375, 1.0], [200.66627502441406, 257.35833740234375, 1.0], [212.72569274902344, 221.5457305908203, 1.0], [115.39531707763672, 178.38267517089844, 1.0], [173.49510192871094, 222.48666381835938, 1.0], [229.58863830566406, 236.70904541015625, 1.0], [261.14801025390625, 224.6728515625, 1.0], [130.67337036132812, 150.14906311035156, 1.0], [168.1798858642578, 182.95774841308594, 1.0], [204.98985290527344, 201.57225036621094, 1.0], [252.00033569335938, 215.61190795898438, 1.0], [144.55673217773438, 118.02694702148438, 1.0], [210.0508575439453, 108.30095672607422, 1.0], [220.4635009765625, 97.99073791503906, 1.0], [211.0908203125, 91.79270935058594, 1.0]], "is_left": 0}