{"hand_pts": [[37.307594299316406, 265.2470397949219, 1.0], [106.66893005371094, 234.99229431152344, 1.0], [152.6837921142578, 207.20851135253906, 1.0], [205.04209899902344, 180.2967071533203, 1.0], [247.32150268554688, 162.09530639648438, 1.0], [150.19300842285156, 145.52688598632812, 1.0], [200.83309936523438, 91.35920715332031, 1.0], [244.4783477783203, 96.34323120117188, 1.0], [270.0840148925781, 126.83019256591797, 1.0], [136.33059692382812, 156.41505432128906, 1.0], [221.5354461669922, 152.42684936523438, 1.0], [208.83314514160156, 197.91748046875, 1.0], [160.7613067626953, 204.49586486816406, 1.0], [127.63240051269531, 172.4566650390625, 1.0], [208.36756896972656, 169.79515075683594, 1.0], [245.81927490234375, 189.1291961669922, 1.0], [235.17672729492188, 225.05543518066406, 1.0], [115.01190185546875, 195.85891723632812, 1.0], [145.57412719726562, 229.9666290283203, 1.0], [148.9120635986328, 263.9313659667969, 1.0], [133.4453887939453, 284.150390625, 1.0]], "is_left": 0}