{"hand_pts": [[224.3768310546875, 360.65203857421875, 1.0], [199.63742065429688, 298.2976989746094, 1.0], [186.4696502685547, 251.1273193359375, 1.0], [167.83665466308594, 198.49044799804688, 1.0], [151.13491821289062, 155.4278106689453, 1.0], [241.70419311523438, 210.9158935546875, 1.0], [214.21343994140625, 147.73497009277344, 1.0], [169.77415466308594, 131.89736938476562, 1.0], [124.02629852294922, 128.91476440429688, 1.0], [239.0184783935547, 223.6131134033203, 1.0], [229.5998992919922, 145.90481567382812, 1.0], [184.990478515625, 119.12779235839844, 1.0], [137.25588989257812, 112.26861572265625, 1.0], [229.0754852294922, 236.63870239257812, 1.0], [211.67111206054688, 170.08982849121094, 1.0], [175.24649047851562, 143.0198516845703, 1.0], [135.35426330566406, 123.09674072265625, 1.0], [216.51438903808594, 256.82073974609375, 1.0], [181.3714599609375, 221.64674377441406, 1.0], [144.96417236328125, 217.0274200439453, 1.0], [114.07044219970703, 224.53121948242188, 1.0]], "is_left": 0,"label":4}