{"hand_pts": [[329.9619140625, 229.6055908203125, 1.0], [296.2037353515625, 208.0865936279297, 1.0], [285.3002624511719, 195.89173889160156, 1.0], [266.755615234375, 178.7864532470703, 1.0], [232.85748291015625, 153.1283721923828, 1.0], [208.92893981933594, 232.55224609375, 1.0], [160.4412384033203, 225.48046875, 1.0], [164.13258361816406, 189.9821014404297, 1.0], [185.8716278076172, 163.91709899902344, 1.0], [201.28021240234375, 229.7969970703125, 1.0], [138.22518920898438, 207.7449951171875, 1.0], [133.33444213867188, 170.7564239501953, 1.0], [168.9600830078125, 150.54812622070312, 1.0], [199.54251098632812, 221.89871215820312, 1.0], [147.8640899658203, 184.3223876953125, 1.0], [125.96588134765625, 157.3075714111328, 1.0], [104.14759826660156, 131.73574829101562, 1.0], [206.5177459716797, 212.55409240722656, 1.0], [170.6619873046875, 186.01113891601562, 1.0], [158.0112762451172, 158.1952362060547, 1.0], [172.43629455566406, 133.98348999023438, 1.0]], "is_left": 0}