{"hand_pts": [[358.88812255859375, 126.6954116821289, 1.0], [279.9634704589844, 167.36109924316406, 1.0], [238.05816650390625, 224.56460571289062, 1.0], [186.15940856933594, 225.67059326171875, 1.0], [156.25648498535156, 202.73963928222656, 1.0], [222.03887939453125, 237.82139587402344, 1.0], [152.43621826171875, 261.5862121582031, 1.0], [122.27725219726562, 230.72311401367188, 1.0], [130.26756286621094, 190.6610565185547, 1.0], [237.92454528808594, 207.39227294921875, 1.0], [149.6177978515625, 213.70970153808594, 1.0], [152.15606689453125, 177.33103942871094, 1.0], [192.9284210205078, 160.60269165039062, 1.0], [249.16998291015625, 176.4078369140625, 1.0], [167.79246520996094, 162.54263305664062, 1.0], [131.53013610839844, 144.42567443847656, 1.0], [132.10035705566406, 119.6440658569336, 1.0], [265.60870361328125, 141.1262969970703, 1.0], [214.5467987060547, 151.18624877929688, 1.0], [179.95608520507812, 142.43643188476562, 1.0], [190.37252807617188, 128.29246520996094, 1.0]], "is_left": 0}