{"hand_pts": [[332.5788879394531, 275.93927001953125, 1.0], [300.8583679199219, 222.04583740234375, 1.0], [279.8796691894531, 176.3143310546875, 1.0], [247.60336303710938, 138.32183837890625, 1.0], [212.86216735839844, 108.1044692993164, 1.0], [222.40216064453125, 208.39881896972656, 1.0], [170.4602813720703, 173.97567749023438, 1.0], [141.03709411621094, 144.25843811035156, 1.0], [113.53650665283203, 114.25055694580078, 1.0], [222.04769897460938, 229.123046875, 1.0], [156.77452087402344, 193.02059936523438, 1.0], [125.12301635742188, 157.5015411376953, 1.0], [96.79889678955078, 121.93197631835938, 1.0], [226.11012268066406, 242.77474975585938, 1.0], [163.297119140625, 214.1268310546875, 1.0], [136.4183349609375, 183.70156860351562, 1.0], [116.1891860961914, 150.3963623046875, 1.0], [237.73350524902344, 256.85308837890625, 1.0], [199.1079864501953, 236.93272399902344, 1.0], [178.0267333984375, 213.7466583251953, 1.0], [161.3785858154297, 184.20559692382812, 1.0]], "is_left": 0}