{"hand_pts": [[44.104740142822266, 270.22900390625, 1.0], [92.98322296142578, 208.04371643066406, 1.0], [123.611572265625, 162.5601806640625, 1.0], [183.64796447753906, 146.24966430664062, 1.0], [230.41854858398438, 155.038330078125, 1.0], [111.22769927978516, 148.3443603515625, 1.0], [180.48764038085938, 113.58550262451172, 1.0], [227.07839965820312, 98.30865478515625, 1.0], [263.3299865722656, 107.79906463623047, 1.0], [117.62120056152344, 180.70277404785156, 1.0], [204.5166015625, 158.5584716796875, 1.0], [226.5640411376953, 170.64453125, 1.0], [226.27125549316406, 189.68385314941406, 1.0], [127.68131256103516, 209.2421112060547, 1.0], [214.39129638671875, 201.78196716308594, 1.0], [235.74407958984375, 213.5979766845703, 1.0], [205.1763153076172, 220.551025390625, 1.0], [134.58665466308594, 241.11961364746094, 1.0], [195.8477783203125, 249.57850646972656, 1.0], [187.81004333496094, 256.36798095703125, 1.0], [158.3197784423828, 257.5726013183594, 1.0]], "is_left": 0}