{"hand_pts": [[330.3775329589844, 217.9560089111328, 1.0], [271.43170166015625, 247.7515106201172, 1.0], [225.99842834472656, 278.9969787597656, 1.0], [179.97508239746094, 249.0064239501953, 1.0], [192.67886352539062, 206.49183654785156, 1.0], [194.4048614501953, 211.6501922607422, 1.0], [159.67909240722656, 228.16650390625, 1.0], [195.19593811035156, 237.61288452148438, 1.0], [227.79495239257812, 245.72998046875, 1.0], [201.02696228027344, 176.15216064453125, 1.0], [139.5172576904297, 188.49954223632812, 1.0], [161.84432983398438, 212.97189331054688, 1.0], [199.00820922851562, 232.3801727294922, 1.0], [207.9415740966797, 151.4214630126953, 1.0], [146.64024353027344, 105.0035171508789, 1.0], [107.20785522460938, 98.28439331054688, 1.0], [67.78387451171875, 88.66030883789062, 1.0], [221.9427947998047, 132.6370849609375, 1.0], [197.35826110839844, 116.71636962890625, 1.0], [208.5143585205078, 136.55311584472656, 1.0], [224.16880798339844, 162.3790740966797, 1.0]], "is_left": 0}