{"hand_pts": [[128.2733612060547, 70.15977478027344, 1.0], [149.46771240234375, 78.50682067871094, 1.0], [188.99464416503906, 59.82783508300781, 1.0], [216.94277954101562, 55.76667785644531, 1.0], [237.4696044921875, 60.03821563720703, 1.0], [219.68580627441406, 136.47076416015625, 1.0], [242.1635284423828, 188.34280395507812, 1.0], [228.81292724609375, 216.85836791992188, 1.0], [207.96449279785156, 239.464599609375, 1.0], [207.14601135253906, 164.1753387451172, 1.0], [233.79409790039062, 203.9736785888672, 1.0], [230.139892578125, 220.0669708251953, 1.0], [205.04551696777344, 219.64944458007812, 1.0], [190.6001434326172, 184.40565490722656, 1.0], [161.39927673339844, 241.0679931640625, 1.0], [130.23211669921875, 253.24256896972656, 1.0], [97.905517578125, 255.7223663330078, 1.0], [168.88491821289062, 197.12847900390625, 1.0], [136.67691040039062, 230.59288024902344, 1.0], [107.47628784179688, 232.88531494140625, 1.0], [81.77278137207031, 212.80393981933594, 1.0]], "is_left": 0}