{"hand_pts": [[273.9540710449219, 180.63031005859375, 1.0], [261.9106140136719, 226.6313934326172, 1.0], [268.8191223144531, 277.7160949707031, 1.0], [268.1953125, 280.7253112792969, 1.0], [263.61578369140625, 258.1996765136719, 1.0], [171.03382873535156, 230.33026123046875, 1.0], [135.536865234375, 230.67706298828125, 1.0], [131.1341552734375, 224.82699584960938, 1.0], [120.51739501953125, 219.67135620117188, 1.0], [164.22698974609375, 187.10910034179688, 1.0], [106.37535858154297, 192.59999084472656, 1.0], [79.82217407226562, 196.91079711914062, 1.0], [73.38422393798828, 201.0017852783203, 1.0], [166.5496063232422, 152.02655029296875, 1.0], [199.96609497070312, 119.0980453491211, 1.0], [241.57810974121094, 121.17488098144531, 1.0], [278.715576171875, 129.03472900390625, 1.0], [177.37753295898438, 119.174072265625, 1.0], [170.4785919189453, 91.12509155273438, 1.0], [197.71331787109375, 95.63009643554688, 1.0], [220.31410217285156, 121.38773345947266, 1.0]], "is_left": 0}