{"hand_pts": [[271.71514892578125, 156.32565307617188, 1.0], [268.34393310546875, 144.0580291748047, 1.0], [301.285888671875, 146.94810485839844, 1.0], [280.772216796875, 190.69773864746094, 1.0], [245.444580078125, 215.95260620117188, 1.0], [183.14590454101562, 104.82524871826172, 1.0], [157.96885681152344, 104.0376205444336, 1.0], [182.240234375, 142.88787841796875, 1.0], [203.5823211669922, 180.48910522460938, 1.0], [164.38673400878906, 131.3026885986328, 1.0], [139.90737915039062, 162.46136474609375, 1.0], [170.30181884765625, 197.44322204589844, 1.0], [202.9362030029297, 229.0697784423828, 1.0], [155.97787475585938, 157.6523895263672, 1.0], [147.32005310058594, 223.0053253173828, 1.0], [187.64540100097656, 237.6792449951172, 1.0], [218.9247589111328, 221.53103637695312, 1.0], [156.6500701904297, 184.51478576660156, 1.0], [119.61445617675781, 203.36073303222656, 1.0], [110.01412200927734, 223.60813903808594, 1.0], [114.046142578125, 244.5859375, 1.0]], "is_left": 0}