{"hand_pts": [[57.14055633544922, 211.96102905273438, 1.0], [85.9328842163086, 171.2649688720703, 1.0], [93.26353454589844, 138.46612548828125, 1.0], [114.81068420410156, 122.09668731689453, 1.0], [147.51678466796875, 140.01817321777344, 1.0], [189.42080688476562, 160.91534423828125, 1.0], [197.37257385253906, 151.4732666015625, 1.0], [186.68441772460938, 149.31063842773438, 1.0], [170.54673767089844, 149.53025817871094, 1.0], [191.16073608398438, 191.92620849609375, 1.0], [270.23223876953125, 169.92335510253906, 1.0], [271.55377197265625, 158.47637939453125, 1.0], [271.0135803222656, 148.24246215820312, 1.0], [185.06700134277344, 216.20468139648438, 1.0], [219.48080444335938, 216.0453338623047, 1.0], [210.76304626464844, 213.0181121826172, 1.0], [194.8013916015625, 209.01461791992188, 1.0], [169.5347137451172, 239.08657836914062, 1.0], [177.51565551757812, 253.0071563720703, 1.0], [158.6121063232422, 252.35208129882812, 1.0], [129.47018432617188, 237.32058715820312, 1.0]], "is_left": 0}