{"hand_pts": [[237.82972717285156, 292.1086120605469, 1.0], [211.13427734375, 286.24273681640625, 1.0], [216.99977111816406, 303.5682373046875, 1.0], [188.61968994140625, 270.3001403808594, 1.0], [160.34779357910156, 226.798828125, 1.0], [255.51637268066406, 210.71469116210938, 1.0], [220.68206787109375, 172.65342712402344, 1.0], [170.63607788085938, 181.27110290527344, 1.0], [136.33984375, 200.7110595703125, 1.0], [254.06329345703125, 183.50515747070312, 1.0], [191.51251220703125, 140.74276733398438, 1.0], [149.10630798339844, 173.61000061035156, 1.0], [142.9257049560547, 214.67910766601562, 1.0], [244.6842803955078, 165.98150634765625, 1.0], [189.17955017089844, 116.52501678466797, 1.0], [139.24195861816406, 123.88914489746094, 1.0], [121.1093978881836, 163.59384155273438, 1.0], [232.4410400390625, 157.71035766601562, 1.0], [195.7832794189453, 117.44258880615234, 1.0], [160.32545471191406, 134.36878967285156, 1.0], [146.1006622314453, 172.28111267089844, 1.0]], "is_left": 0}