{"hand_pts": [[9.92885971069336, 205.0682830810547, 1.0], [81.0512924194336, 234.07933044433594, 1.0], [123.26093292236328, 271.4281311035156, 1.0], [180.00538635253906, 251.245361328125, 1.0], [182.98951721191406, 202.0584259033203, 1.0], [155.27691650390625, 242.32931518554688, 1.0], [228.37998962402344, 239.291015625, 1.0], [218.32269287109375, 221.26702880859375, 1.0], [190.1649169921875, 205.2711181640625, 1.0], [146.4072723388672, 204.94143676757812, 1.0], [233.58555603027344, 212.32229614257812, 1.0], [242.46859741210938, 201.01121520996094, 1.0], [196.67767333984375, 196.8695831298828, 1.0], [139.21084594726562, 173.29100036621094, 1.0], [212.3207244873047, 131.61758422851562, 1.0], [254.19163513183594, 107.0956802368164, 1.0], [262.4819641113281, 104.90022277832031, 1.0], [125.19072723388672, 143.7250518798828, 1.0], [167.0944366455078, 108.12847900390625, 1.0], [154.8349609375, 115.57794952392578, 1.0], [137.34426879882812, 129.7929229736328, 1.0]], "is_left": 0}