{"hand_pts": [[43.336246490478516, 249.19033813476562, 1.0], [83.65089416503906, 214.30853271484375, 1.0], [91.4918212890625, 170.6306915283203, 1.0], [121.09215545654297, 143.88290405273438, 1.0], [166.77296447753906, 145.3306121826172, 1.0], [129.08949279785156, 152.5854949951172, 1.0], [182.19921875, 134.0481719970703, 1.0], [205.5215301513672, 157.80348205566406, 1.0], [197.2635955810547, 191.48202514648438, 1.0], [137.90139770507812, 176.53726196289062, 1.0], [207.31605529785156, 165.83973693847656, 1.0], [229.18576049804688, 188.10670471191406, 1.0], [250.39236450195312, 207.90919494628906, 1.0], [146.09519958496094, 200.9789581298828, 1.0], [208.43084716796875, 175.67547607421875, 1.0], [245.6236114501953, 175.34341430664062, 1.0], [280.1508483886719, 177.581787109375, 1.0], [148.80145263671875, 229.1324005126953, 1.0], [194.54493713378906, 227.7644805908203, 1.0], [225.36338806152344, 233.99807739257812, 1.0], [240.78851318359375, 242.51841735839844, 1.0]], "is_left": 0}