{"hand_pts": [[177.98553466796875, 67.36210632324219, 1.0], [145.672119140625, 81.6734848022461, 1.0], [97.33354187011719, 77.93821716308594, 1.0], [80.56353759765625, 74.29154968261719, 1.0], [97.2965316772461, 72.05374908447266, 1.0], [134.9600067138672, 179.2987060546875, 1.0], [120.2799301147461, 220.67333984375, 1.0], [135.47679138183594, 207.23707580566406, 1.0], [159.14410400390625, 168.5463409423828, 1.0], [175.31573486328125, 187.33474731445312, 1.0], [198.12973022460938, 210.87673950195312, 1.0], [212.84693908691406, 212.5121612548828, 1.0], [226.7173309326172, 200.85162353515625, 1.0], [208.8071746826172, 186.27137756347656, 1.0], [207.61363220214844, 257.5604248046875, 1.0], [216.51683044433594, 235.45347595214844, 1.0], [225.39927673339844, 214.4321746826172, 1.0], [239.62384033203125, 176.07435607910156, 1.0], [263.0164489746094, 217.7892303466797, 1.0], [279.0505065917969, 242.71820068359375, 1.0], [275.9137878417969, 228.071533203125, 1.0]], "is_left": 0}