{"hand_pts": [[101.61302185058594, 318.2653503417969, 1.0], [95.845458984375, 259.7088317871094, 1.0], [70.59140014648438, 213.79466247558594, 1.0], [96.12813568115234, 177.29061889648438, 1.0], [128.27838134765625, 148.89991760253906, 1.0], [144.22122192382812, 185.7427215576172, 1.0], [151.5980224609375, 137.8592529296875, 1.0], [148.12432861328125, 147.21116638183594, 1.0], [146.95423889160156, 152.01962280273438, 1.0], [176.25645446777344, 205.16812133789062, 1.0], [221.32286071777344, 142.27194213867188, 1.0], [216.33775329589844, 147.3502655029297, 1.0], [195.89779663085938, 171.5711669921875, 1.0], [199.7149200439453, 223.784423828125, 1.0], [234.54251098632812, 169.41949462890625, 1.0], [229.63613891601562, 168.1761016845703, 1.0], [222.447021484375, 169.92613220214844, 1.0], [216.20262145996094, 248.0639190673828, 1.0], [257.6083068847656, 219.29043579101562, 1.0], [275.8428955078125, 200.85926818847656, 1.0], [249.36187744140625, 206.90817260742188, 1.0]], "is_left": 0}