{"hand_pts": [[305.12054443359375, 270.9548034667969, 1.0], [221.81410217285156, 256.2135925292969, 1.0], [152.8331756591797, 262.5989685058594, 1.0], [115.2724609375, 232.5925750732422, 1.0], [139.5977783203125, 203.22265625, 1.0], [155.7586669921875, 211.4903106689453, 1.0], [106.21149444580078, 175.80699157714844, 1.0], [121.10218811035156, 177.98011779785156, 1.0], [158.57275390625, 196.60931396484375, 1.0], [193.99111938476562, 194.62838745117188, 1.0], [146.2996368408203, 147.54910278320312, 1.0], [157.62046813964844, 158.43008422851562, 1.0], [185.55258178710938, 188.3681640625, 1.0], [224.9123992919922, 182.2666473388672, 1.0], [191.71115112304688, 134.55368041992188, 1.0], [201.1017608642578, 146.67837524414062, 1.0], [219.48997497558594, 177.03025817871094, 1.0], [259.0309753417969, 175.8080596923828, 1.0], [250.23251342773438, 144.32278442382812, 1.0], [250.25051879882812, 152.0527801513672, 1.0], [254.6242218017578, 179.9038848876953, 1.0]], "is_left": 0}