{"hand_pts": [[62.39873504638672, 286.96673583984375, 1.0], [80.77084350585938, 209.0996856689453, 1.0], [75.70137023925781, 142.30120849609375, 1.0], [121.15452575683594, 112.05581665039062, 1.0], [172.79345703125, 119.49552154541016, 1.0], [121.57682800292969, 177.70822143554688, 1.0], [170.6077880859375, 128.47625732421875, 1.0], [197.21694946289062, 108.0184097290039, 1.0], [201.7813262939453, 114.26844787597656, 1.0], [146.81585693359375, 218.417236328125, 1.0], [208.1720428466797, 163.7678985595703, 1.0], [205.2853546142578, 157.3560791015625, 1.0], [177.40481567382812, 172.06532287597656, 1.0], [167.8456573486328, 249.31471252441406, 1.0], [242.4622344970703, 220.34669494628906, 1.0], [241.16558837890625, 211.80747985839844, 1.0], [225.1611328125, 208.154296875, 1.0], [182.634033203125, 280.5643310546875, 1.0], [233.6984405517578, 261.93328857421875, 1.0], [234.44650268554688, 244.35520935058594, 1.0], [215.60421752929688, 232.09072875976562, 1.0]], "is_left": 0}