{"hand_pts": [[84.60042572021484, 268.54718017578125, 1.0], [140.35504150390625, 275.2244567871094, 1.0], [167.13113403320312, 297.932861328125, 1.0], [212.83836364746094, 305.96209716796875, 1.0], [258.3046569824219, 293.8498229980469, 1.0], [141.67576599121094, 208.24583435058594, 1.0], [164.24288940429688, 170.16232299804688, 1.0], [202.94866943359375, 153.95863342285156, 1.0], [239.20266723632812, 136.68638610839844, 1.0], [129.5797119140625, 175.6350860595703, 1.0], [208.2220001220703, 178.00509643554688, 1.0], [201.6854248046875, 215.3059539794922, 1.0], [174.86209106445312, 245.5802764892578, 1.0], [125.16586303710938, 153.54872131347656, 1.0], [169.25311279296875, 106.10574340820312, 1.0], [204.71725463867188, 124.017822265625, 1.0], [218.75070190429688, 155.46324157714844, 1.0], [120.59255981445312, 139.77725219726562, 1.0], [164.5431671142578, 112.79893493652344, 1.0], [199.54917907714844, 111.7806396484375, 1.0], [236.57089233398438, 115.78853607177734, 1.0]], "is_left": 0}