{"hand_pts": [[145.9194793701172, 168.1480255126953, 1.0], [148.03384399414062, 142.70169067382812, 1.0], [149.9001007080078, 99.6447525024414, 1.0], [149.6722869873047, 74.6498794555664, 1.0], [145.44784545898438, 94.8087158203125, 1.0], [257.9051208496094, 135.9118194580078, 1.0], [289.14739990234375, 130.1912384033203, 1.0], [236.60877990722656, 153.24615478515625, 1.0], [181.80076599121094, 176.20584106445312, 1.0], [260.31982421875, 173.2021484375, 1.0], [217.01470947265625, 179.8180389404297, 1.0], [155.06187438964844, 182.11830139160156, 1.0], [103.52032470703125, 182.53875732421875, 1.0], [250.57894897460938, 204.88558959960938, 1.0], [191.74481201171875, 238.9342498779297, 1.0], [135.53260803222656, 247.53713989257812, 1.0], [82.598388671875, 253.7191162109375, 1.0], [231.43887329101562, 234.01087951660156, 1.0], [194.11587524414062, 269.5221252441406, 1.0], [147.82321166992188, 275.49432373046875, 1.0], [133.6830596923828, 250.3280029296875, 1.0]], "is_left": 0}