{"hand_pts": [[17.8603458404541, 197.8289031982422, 1.0], [75.82524108886719, 150.2911376953125, 1.0], [112.2905044555664, 98.66046142578125, 1.0], [166.29762268066406, 93.09587860107422, 1.0], [210.482666015625, 110.71534729003906, 1.0], [158.55474853515625, 185.22695922851562, 1.0], [221.59921264648438, 207.5233154296875, 1.0], [249.6344451904297, 190.80819702148438, 1.0], [272.8742980957031, 174.43063354492188, 1.0], [156.3629913330078, 219.62225341796875, 1.0], [226.2559051513672, 200.14891052246094, 1.0], [253.37115478515625, 176.06854248046875, 1.0], [246.75857543945312, 144.9996337890625, 1.0], [152.84567260742188, 241.15785217285156, 1.0], [209.33676147460938, 223.1319122314453, 1.0], [194.6602325439453, 195.04052734375, 1.0], [179.1761016845703, 167.98789978027344, 1.0], [141.4596710205078, 257.3418884277344, 1.0], [165.23159790039062, 232.77220153808594, 1.0], [143.5381317138672, 208.435791015625, 1.0], [109.60104370117188, 204.7501220703125, 1.0]], "is_left": 0}