{"hand_pts": [[334.0830993652344, 216.44546508789062, 1.0], [280.673583984375, 224.42474365234375, 1.0], [239.6573028564453, 237.64898681640625, 1.0], [197.73475646972656, 238.02435302734375, 1.0], [161.09666442871094, 225.41720581054688, 1.0], [218.7053680419922, 213.15109252929688, 1.0], [164.97828674316406, 210.71859741210938, 1.0], [129.34043884277344, 204.2351837158203, 1.0], [96.03770446777344, 195.89605712890625, 1.0], [232.91986083984375, 192.9875946044922, 1.0], [168.02957153320312, 185.0220947265625, 1.0], [129.02220153808594, 178.6124725341797, 1.0], [93.58328247070312, 172.48287963867188, 1.0], [245.77281188964844, 176.8230743408203, 1.0], [188.80001831054688, 157.68930053710938, 1.0], [157.40487670898438, 146.88853454589844, 1.0], [127.80443572998047, 136.86294555664062, 1.0], [263.58306884765625, 163.5126953125, 1.0], [228.13499450683594, 147.0891571044922, 1.0], [202.69143676757812, 136.51280212402344, 1.0], [176.6202850341797, 128.57298278808594, 1.0]], "is_left": 0}