{"hand_pts": [[331.24627685546875, 197.55177307128906, 1.0], [262.0164489746094, 152.1883544921875, 1.0], [206.77552795410156, 108.72879791259766, 1.0], [166.15895080566406, 123.91627502441406, 1.0], [135.49435424804688, 145.2669219970703, 1.0], [162.73724365234375, 205.34652709960938, 1.0], [105.60189056396484, 187.89077758789062, 1.0], [100.53135681152344, 161.07334899902344, 1.0], [135.2229766845703, 136.86895751953125, 1.0], [182.43345642089844, 242.2001495361328, 1.0], [136.884033203125, 193.076904296875, 1.0], [140.1072235107422, 147.2792510986328, 1.0], [160.8804473876953, 103.43258666992188, 1.0], [202.5326385498047, 264.7275695800781, 1.0], [188.69686889648438, 220.33544921875, 1.0], [219.65992736816406, 183.5679168701172, 1.0], [257.2988586425781, 154.69444274902344, 1.0], [230.64833068847656, 280.3437805175781, 1.0], [222.738525390625, 254.1449737548828, 1.0], [238.36050415039062, 220.8597869873047, 1.0], [263.56121826171875, 185.95126342773438, 1.0]], "is_left": 0}