{"hand_pts": [[128.9683074951172, 30.350719451904297, 1.0], [120.83145141601562, 68.8218994140625, 1.0], [106.55799102783203, 97.36235046386719, 1.0], [114.65763092041016, 132.96990966796875, 1.0], [134.8674774169922, 169.00238037109375, 1.0], [130.4149932861328, 153.65382385253906, 1.0], [131.54241943359375, 209.71115112304688, 1.0], [143.20521545410156, 240.52149963378906, 1.0], [155.24420166015625, 270.6196594238281, 1.0], [164.79562377929688, 147.3494415283203, 1.0], [178.15460205078125, 213.24208068847656, 1.0], [194.51913452148438, 244.3063507080078, 1.0], [210.29641723632812, 272.76922607421875, 1.0], [193.79591369628906, 137.6979522705078, 1.0], [217.69146728515625, 197.83189392089844, 1.0], [237.7947540283203, 222.55474853515625, 1.0], [257.7472839355469, 243.79925537109375, 1.0], [218.655029296875, 121.10198211669922, 1.0], [246.8894500732422, 156.89517211914062, 1.0], [267.3027648925781, 176.91766357421875, 1.0], [285.98712158203125, 193.64480590820312, 1.0]], "is_left": 0}