{"hand_pts": [[192.97732543945312, 52.05630111694336, 1.0], [185.37551879882812, 78.3935775756836, 1.0], [209.76568603515625, 84.15264892578125, 1.0], [199.37335205078125, 124.31631469726562, 1.0], [175.19041442871094, 150.01303100585938, 1.0], [218.1393280029297, 152.5253448486328, 1.0], [181.01821899414062, 169.91317749023438, 1.0], [151.77847290039062, 160.4925079345703, 1.0], [123.98082733154297, 155.3016357421875, 1.0], [212.316162109375, 166.17616271972656, 1.0], [225.4625244140625, 236.9258270263672, 1.0], [210.51055908203125, 272.4450988769531, 1.0], [180.38168334960938, 256.7980041503906, 1.0], [201.9220428466797, 173.83837890625, 1.0], [183.8259735107422, 241.09727478027344, 1.0], [156.50958251953125, 221.58975219726562, 1.0], [154.63206481933594, 182.89291381835938, 1.0], [189.03173828125, 173.17013549804688, 1.0], [185.118896484375, 221.91156005859375, 1.0], [165.83013916015625, 224.05374145507812, 1.0], [155.75486755371094, 198.49343872070312, 1.0]], "is_left": 0}