{"hand_pts": [[308.1700134277344, 107.73009490966797, 1.0], [256.41796875, 162.87709045410156, 1.0], [204.57028198242188, 198.37283325195312, 1.0], [156.7802276611328, 229.4376983642578, 1.0], [118.66111755371094, 252.3330535888672, 1.0], [154.79685974121094, 139.7834014892578, 1.0], [97.56963348388672, 173.7181854248047, 1.0], [128.63742065429688, 213.34242248535156, 1.0], [151.24887084960938, 252.68515014648438, 1.0], [175.41908264160156, 120.35399627685547, 1.0], [136.3687744140625, 176.81692504882812, 1.0], [127.4706802368164, 221.52996826171875, 1.0], [146.9569091796875, 268.25732421875, 1.0], [198.53651428222656, 111.99903106689453, 1.0], [210.31063842773438, 187.11203002929688, 1.0], [247.81912231445312, 194.82122802734375, 1.0], [257.11572265625, 164.06021118164062, 1.0], [228.9596405029297, 106.28654479980469, 1.0], [221.4310302734375, 140.4757537841797, 1.0], [236.06590270996094, 177.07656860351562, 1.0], [256.1225891113281, 183.7236785888672, 1.0]], "is_left": 0}