{"hand_pts": [[138.364501953125, 308.8732604980469, 1.0], [175.2730712890625, 302.5225524902344, 1.0], [214.6705322265625, 303.388427734375, 1.0], [238.34469604492188, 285.5295715332031, 1.0], [252.58192443847656, 260.0104675292969, 1.0], [203.98355102539062, 227.74293518066406, 1.0], [221.56394958496094, 197.26687622070312, 1.0], [227.14407348632812, 182.06582641601562, 1.0], [232.71788024902344, 165.29550170898438, 1.0], [172.36280822753906, 209.0745086669922, 1.0], [199.3718719482422, 157.3719940185547, 1.0], [212.3212890625, 133.17567443847656, 1.0], [226.2454376220703, 106.95938873291016, 1.0], [144.80636596679688, 199.1116180419922, 1.0], [157.03512573242188, 141.32017517089844, 1.0], [160.82192993164062, 117.39012908935547, 1.0], [161.84329223632812, 109.44183349609375, 1.0], [116.95296478271484, 197.3193359375, 1.0], [112.80376434326172, 160.42063903808594, 1.0], [109.8778305053711, 139.41297912597656, 1.0], [109.66092681884766, 131.45248413085938, 1.0]], "is_left": 0}