{"hand_pts": [[85.43750762939453, 298.68896484375, 1.0], [160.07395935058594, 271.0232238769531, 1.0], [224.7630615234375, 264.9443054199219, 1.0], [270.3995056152344, 241.2234344482422, 1.0], [257.95111083984375, 209.77813720703125, 1.0], [178.5658416748047, 166.5242919921875, 1.0], [223.56942749023438, 161.21267700195312, 1.0], [227.55792236328125, 201.1702117919922, 1.0], [221.8330078125, 243.57810974121094, 1.0], [142.0287628173828, 161.8377227783203, 1.0], [183.32823181152344, 85.44268798828125, 1.0], [216.92529296875, 104.41417694091797, 1.0], [219.6328887939453, 151.57614135742188, 1.0], [115.74600219726562, 165.3013153076172, 1.0], [153.921630859375, 135.98545837402344, 1.0], [165.1823272705078, 180.16517639160156, 1.0], [171.4777374267578, 224.4564971923828, 1.0], [89.6695556640625, 178.62216186523438, 1.0], [116.11605072021484, 163.70144653320312, 1.0], [139.99070739746094, 181.92698669433594, 1.0], [154.99777221679688, 218.48028564453125, 1.0]], "is_left": 0}