{"hand_pts": [[194.674560546875, 321.3117980957031, 1.0], [143.85879516601562, 286.6881103515625, 1.0], [80.25232696533203, 276.6789855957031, 1.0], [79.95745086669922, 250.05311584472656, 1.0], [133.39700317382812, 232.8760986328125, 1.0], [117.82374572753906, 167.81138610839844, 1.0], [118.08836364746094, 132.72035217285156, 1.0], [138.7267608642578, 164.4888916015625, 1.0], [158.634765625, 210.4571075439453, 1.0], [164.3807373046875, 156.05482482910156, 1.0], [183.03428649902344, 112.9254150390625, 1.0], [194.7920684814453, 157.0152587890625, 1.0], [194.15829467773438, 212.3726806640625, 1.0], [203.68690490722656, 153.85552978515625, 1.0], [236.44528198242188, 117.53789520263672, 1.0], [245.86988830566406, 157.78323364257812, 1.0], [236.913818359375, 208.19090270996094, 1.0], [241.9281768798828, 163.43247985839844, 1.0], [274.64532470703125, 141.8148956298828, 1.0], [275.6962585449219, 173.4370880126953, 1.0], [253.77093505859375, 214.04354858398438, 1.0]], "is_left": 0}