{"hand_pts": [[188.27041625976562, 257.66925048828125, 1.0], [187.3533172607422, 193.8099365234375, 1.0], [196.96865844726562, 134.28329467773438, 1.0], [188.4917755126953, 85.6535415649414, 1.0], [156.20712280273438, 96.88822174072266, 1.0], [248.10748291015625, 181.5065155029297, 1.0], [208.46615600585938, 141.3511199951172, 1.0], [175.18753051757812, 120.21563720703125, 1.0], [137.80810546875, 116.00753784179688, 1.0], [242.8900146484375, 216.40231323242188, 1.0], [192.18765258789062, 179.09228515625, 1.0], [151.17898559570312, 168.2772674560547, 1.0], [112.02236938476562, 157.29315185546875, 1.0], [231.56101989746094, 241.7582550048828, 1.0], [226.03746032714844, 231.24049377441406, 1.0], [189.92933654785156, 211.6963653564453, 1.0], [154.96226501464844, 192.7386474609375, 1.0], [215.75743103027344, 266.17669677734375, 1.0], [173.36317443847656, 268.44268798828125, 1.0], [153.37451171875, 261.6317138671875, 1.0], [143.2474365234375, 252.23033142089844, 1.0]], "is_left": 0}