{"hand_pts": [[94.66193389892578, 272.2890625, 1.0], [95.29682922363281, 253.69015502929688, 1.0], [64.30547332763672, 239.68545532226562, 1.0], [113.10447692871094, 236.7482452392578, 1.0], [160.3175811767578, 245.11740112304688, 1.0], [117.54198455810547, 155.4378662109375, 1.0], [149.81822204589844, 143.53805541992188, 1.0], [173.2925262451172, 148.70213317871094, 1.0], [195.36758422851562, 142.33094787597656, 1.0], [151.38931274414062, 147.30258178710938, 1.0], [197.45384216308594, 143.10604858398438, 1.0], [208.67636108398438, 181.52565002441406, 1.0], [192.2136688232422, 225.9705047607422, 1.0], [180.51934814453125, 148.31883239746094, 1.0], [250.26629638671875, 153.30990600585938, 1.0], [254.9694366455078, 195.5873565673828, 1.0], [223.6991729736328, 231.35302734375, 1.0], [204.88136291503906, 158.895751953125, 1.0], [254.64646911621094, 149.1154327392578, 1.0], [245.7035675048828, 183.54649353027344, 1.0], [208.53323364257812, 206.89743041992188, 1.0]], "is_left": 0}