{"hand_pts": [[312.7264099121094, 103.27802276611328, 1.0], [242.76954650878906, 97.70410919189453, 1.0], [186.92242431640625, 77.53266143798828, 1.0], [138.73277282714844, 95.93154907226562, 1.0], [108.62188720703125, 132.06680297851562, 1.0], [222.3807830810547, 133.08428955078125, 1.0], [174.57359313964844, 156.9744110107422, 1.0], [138.01885986328125, 175.554443359375, 1.0], [110.62220764160156, 190.33294677734375, 1.0], [245.8244171142578, 164.3983917236328, 1.0], [178.41281127929688, 196.6765594482422, 1.0], [137.16844177246094, 204.61386108398438, 1.0], [100.23257446289062, 210.0807647705078, 1.0], [261.06292724609375, 188.82015991210938, 1.0], [200.05780029296875, 226.89886474609375, 1.0], [167.32003784179688, 231.14820861816406, 1.0], [154.76100158691406, 217.93519592285156, 1.0], [277.3582458496094, 207.72808837890625, 1.0], [246.37542724609375, 246.21932983398438, 1.0], [217.09176635742188, 261.3528747558594, 1.0], [191.71160888671875, 252.76904296875, 1.0]], "is_left": 0,"label":5}