{"hand_pts": [[91.30748748779297, 302.81866455078125, 1.0], [106.9077377319336, 231.19119262695312, 1.0], [114.17701721191406, 170.91912841796875, 1.0], [140.1870574951172, 123.20890808105469, 1.0], [176.17039489746094, 98.34257507324219, 1.0], [113.96150207519531, 188.04588317871094, 1.0], [162.66220092773438, 141.2379608154297, 1.0], [190.81373596191406, 133.7281036376953, 1.0], [216.21426391601562, 131.1154327392578, 1.0], [131.2456817626953, 218.99432373046875, 1.0], [194.63063049316406, 170.4290771484375, 1.0], [228.21084594726562, 151.4136199951172, 1.0], [250.681884765625, 141.78564453125, 1.0], [148.32919311523438, 242.91751098632812, 1.0], [202.40463256835938, 200.0670166015625, 1.0], [225.11395263671875, 185.4944305419922, 1.0], [241.4866943359375, 175.1142120361328, 1.0], [162.79244995117188, 268.9927062988281, 1.0], [209.43125915527344, 255.04725646972656, 1.0], [231.42840576171875, 241.5150604248047, 1.0], [223.58067321777344, 233.82415771484375, 1.0]], "is_left": 0}