{"hand_pts": [[101.98419189453125, 237.7827606201172, 1.0], [171.0775909423828, 199.591064453125, 1.0], [218.32362365722656, 161.98709106445312, 1.0], [225.62167358398438, 157.5942840576172, 1.0], [188.38597106933594, 187.21055603027344, 1.0], [144.72998046875, 155.22215270996094, 1.0], [179.63380432128906, 136.05621337890625, 1.0], [233.29071044921875, 149.40060424804688, 1.0], [276.4125061035156, 170.95509338378906, 1.0], [121.65850830078125, 181.42225646972656, 1.0], [107.768310546875, 160.48350524902344, 1.0], [175.40142822265625, 165.8022003173828, 1.0], [236.52613830566406, 174.75624084472656, 1.0], [112.2363510131836, 205.9572296142578, 1.0], [146.5596466064453, 176.32020568847656, 1.0], [187.5487060546875, 164.8115997314453, 1.0], [244.6317138671875, 163.85960388183594, 1.0], [105.86611938476562, 232.78945922851562, 1.0], [163.88926696777344, 242.52224731445312, 1.0], [210.1739044189453, 250.69882202148438, 1.0], [259.8943176269531, 257.9589538574219, 1.0]], "is_left": 0,"label":4}