{"hand_pts": [[190.06863403320312, 193.1208953857422, 1.0], [197.08287048339844, 235.03262329101562, 1.0], [217.18466186523438, 287.6734924316406, 1.0], [187.97183227539062, 291.01531982421875, 1.0], [150.41986083984375, 249.94677734375, 1.0], [259.626953125, 212.96597290039062, 1.0], [217.00238037109375, 216.88807678222656, 1.0], [177.78414916992188, 220.639404296875, 1.0], [167.61865234375, 220.66476440429688, 1.0], [247.26620483398438, 170.91390991210938, 1.0], [191.5960693359375, 163.1234893798828, 1.0], [156.53192138671875, 180.25393676757812, 1.0], [162.2519989013672, 196.3786163330078, 1.0], [229.98695373535156, 139.84503173828125, 1.0], [179.86581420898438, 121.5104751586914, 1.0], [149.4222869873047, 140.4165496826172, 1.0], [159.5521240234375, 161.15281677246094, 1.0], [208.3712921142578, 113.6524429321289, 1.0], [166.710205078125, 93.9560546875, 1.0], [142.9619140625, 114.42474365234375, 1.0], [162.607666015625, 138.73504638671875, 1.0]], "is_left": 0}