{"hand_pts": [[56.41091537475586, 279.2240295410156, 1.0], [76.16280364990234, 251.95005798339844, 1.0], [68.98580169677734, 219.452880859375, 1.0], [112.32024383544922, 200.2027587890625, 1.0], [150.2642822265625, 203.4989013671875, 1.0], [123.005126953125, 173.537841796875, 1.0], [154.74761962890625, 123.86884307861328, 1.0], [182.57325744628906, 133.53196716308594, 1.0], [197.3084259033203, 160.6239013671875, 1.0], [142.87423706054688, 182.44322204589844, 1.0], [203.60472106933594, 146.1722412109375, 1.0], [240.0755157470703, 137.83999633789062, 1.0], [273.82373046875, 130.77305603027344, 1.0], [158.6129913330078, 195.94094848632812, 1.0], [216.16668701171875, 180.1880340576172, 1.0], [239.1583251953125, 190.8884735107422, 1.0], [259.43121337890625, 203.20401000976562, 1.0], [168.19749450683594, 215.9500732421875, 1.0], [208.18295288085938, 215.85836791992188, 1.0], [233.7604217529297, 219.44473266601562, 1.0], [238.067626953125, 238.61740112304688, 1.0]], "is_left": 0,"label":4}