{"hand_pts": [[337.13970947265625, 249.6217803955078, 1.0], [285.55157470703125, 210.4349365234375, 1.0], [246.3677215576172, 176.45751953125, 1.0], [198.95423889160156, 154.33935546875, 1.0], [158.5906219482422, 152.09580993652344, 1.0], [235.0272979736328, 154.5940704345703, 1.0], [183.44631958007812, 118.75713348388672, 1.0], [144.73458862304688, 128.02442932128906, 1.0], [118.46847534179688, 151.7801971435547, 1.0], [233.38685607910156, 182.7089385986328, 1.0], [182.1392364501953, 132.42112731933594, 1.0], [142.6485595703125, 139.3491668701172, 1.0], [120.29988861083984, 159.91477966308594, 1.0], [230.83682250976562, 209.40029907226562, 1.0], [159.0579833984375, 196.08615112304688, 1.0], [119.34388732910156, 196.13243103027344, 1.0], [90.44424438476562, 204.7184295654297, 1.0], [233.6388397216797, 238.79931640625, 1.0], [190.6568603515625, 265.7534484863281, 1.0], [201.06411743164062, 275.5006103515625, 1.0], [234.30496215820312, 260.90118408203125, 1.0]], "is_left": 0}