{"hand_pts": [[45.485382080078125, 126.29192352294922, 1.0], [105.36735534667969, 104.1478042602539, 1.0], [155.04611206054688, 65.6278076171875, 1.0], [197.73670959472656, 79.91287231445312, 1.0], [184.1516876220703, 128.38595581054688, 1.0], [194.2838897705078, 153.20315551757812, 1.0], [245.48568725585938, 183.34202575683594, 1.0], [231.72467041015625, 183.37249755859375, 1.0], [213.18582153320312, 181.68614196777344, 1.0], [176.2931365966797, 192.0503387451172, 1.0], [247.9891815185547, 210.33888244628906, 1.0], [241.4016571044922, 197.07632446289062, 1.0], [236.43417358398438, 185.45664978027344, 1.0], [157.69696044921875, 219.30564880371094, 1.0], [167.0353240966797, 218.13462829589844, 1.0], [132.8189239501953, 190.96273803710938, 1.0], [112.72335052490234, 175.25653076171875, 1.0], [132.42845153808594, 239.17315673828125, 1.0], [171.54833984375, 268.20660400390625, 1.0], [184.53089904785156, 264.1878662109375, 1.0], [164.95761108398438, 234.50839233398438, 1.0]], "is_left": 0}