{"hand_pts": [[327.220703125, 258.3760986328125, 1.0], [298.8813781738281, 210.35595703125, 1.0], [303.193359375, 153.9127197265625, 1.0], [255.00990295410156, 137.03123474121094, 1.0], [206.1709442138672, 145.19705200195312, 1.0], [241.15066528320312, 154.72743225097656, 1.0], [186.3286895751953, 127.78646850585938, 1.0], [174.0372772216797, 148.06439208984375, 1.0], [161.47946166992188, 168.528076171875, 1.0], [224.67144775390625, 183.2040557861328, 1.0], [154.8381805419922, 179.6337890625, 1.0], [144.69146728515625, 196.77110290527344, 1.0], [132.89382934570312, 212.38543701171875, 1.0], [212.19276428222656, 209.0161895751953, 1.0], [149.18447875976562, 181.14390563964844, 1.0], [130.9260711669922, 183.7709503173828, 1.0], [117.80024719238281, 188.74705505371094, 1.0], [206.58555603027344, 237.62503051757812, 1.0], [161.79769897460938, 233.03805541992188, 1.0], [129.9459228515625, 229.77224731445312, 1.0], [98.75128173828125, 221.75892639160156, 1.0]], "is_left": 0}