{"hand_pts": [[139.50271606445312, 302.88275146484375, 1.0], [151.26329040527344, 231.1125946044922, 1.0], [194.0562286376953, 163.6585693359375, 1.0], [233.001953125, 115.38604736328125, 1.0], [223.61611938476562, 140.468994140625, 1.0], [82.06028747558594, 223.9629669189453, 1.0], [147.50669860839844, 152.9806671142578, 1.0], [187.43014526367188, 150.50442504882812, 1.0], [213.0002899169922, 163.6628875732422, 1.0], [84.54635620117188, 251.8085479736328, 1.0], [166.08839416503906, 172.7770538330078, 1.0], [227.96527099609375, 130.37240600585938, 1.0], [278.4424743652344, 109.18798065185547, 1.0], [95.71307373046875, 269.09228515625, 1.0], [154.92288208007812, 193.28472900390625, 1.0], [208.16847229003906, 153.01947021484375, 1.0], [261.5398864746094, 115.29798126220703, 1.0], [112.41541290283203, 286.02838134765625, 1.0], [169.37277221679688, 250.24395751953125, 1.0], [215.24549865722656, 224.810302734375, 1.0], [251.39476013183594, 208.45645141601562, 1.0]], "is_left": 0}