{"hand_pts": [[341.3569641113281, 145.5727996826172, 1.0], [293.541015625, 195.0358428955078, 1.0], [270.6951599121094, 252.43548583984375, 1.0], [233.4799346923828, 291.4741516113281, 1.0], [186.6562042236328, 307.6234130859375, 1.0], [220.87664794921875, 231.99929809570312, 1.0], [180.40948486328125, 248.99302673339844, 1.0], [188.55970764160156, 234.6175537109375, 1.0], [221.44113159179688, 209.78076171875, 1.0], [214.53054809570312, 193.41635131835938, 1.0], [156.5786895751953, 175.54519653320312, 1.0], [150.48158264160156, 159.73829650878906, 1.0], [158.90234375, 145.4796905517578, 1.0], [210.59744262695312, 160.0762481689453, 1.0], [141.73870849609375, 131.1057891845703, 1.0], [120.83122253417969, 112.65325164794922, 1.0], [149.03524780273438, 113.31743621826172, 1.0], [214.37234497070312, 126.15919494628906, 1.0], [162.8798828125, 121.30979919433594, 1.0], [139.38052368164062, 124.01573944091797, 1.0], [117.3262710571289, 129.3093719482422, 1.0]], "is_left": 0}