{"hand_pts": [[188.52142333984375, 280.305419921875, 1.0], [200.73748779296875, 266.6072692871094, 1.0], [225.3824005126953, 262.53375244140625, 1.0], [241.7833709716797, 250.4588165283203, 1.0], [244.4140167236328, 224.67674255371094, 1.0], [223.56971740722656, 196.12904357910156, 1.0], [199.78517150878906, 189.0050048828125, 1.0], [184.31443786621094, 217.13894653320312, 1.0], [190.2757110595703, 231.91549682617188, 1.0], [202.44439697265625, 183.35475158691406, 1.0], [213.40199279785156, 126.17101287841797, 1.0], [209.24378967285156, 98.2147216796875, 1.0], [209.63790893554688, 67.88761901855469, 1.0], [182.21194458007812, 177.42959594726562, 1.0], [151.33615112304688, 152.2138671875, 1.0], [130.19500732421875, 153.7521209716797, 1.0], [118.27738189697266, 180.81333923339844, 1.0], [161.84193420410156, 178.88668823242188, 1.0], [132.00518798828125, 160.21615600585938, 1.0], [117.95758056640625, 175.6780548095703, 1.0], [133.52000427246094, 201.31124877929688, 1.0]], "is_left": 0}