{"hand_pts": [[100.54173278808594, 74.33344268798828, 1.0], [150.8742218017578, 86.46351623535156, 1.0], [195.29684448242188, 85.53240966796875, 1.0], [228.9512176513672, 111.2859878540039, 1.0], [239.0442657470703, 152.7908935546875, 1.0], [194.48570251464844, 148.98390197753906, 1.0], [236.5635986328125, 179.4969482421875, 1.0], [254.56727600097656, 193.4878387451172, 1.0], [261.8913269042969, 200.70510864257812, 1.0], [169.7123260498047, 170.54800415039062, 1.0], [200.7196502685547, 238.8195343017578, 1.0], [220.7707061767578, 272.9208984375, 1.0], [228.1543731689453, 271.9270935058594, 1.0], [148.4054412841797, 184.77349853515625, 1.0], [165.09564208984375, 216.59927368164062, 1.0], [152.01715087890625, 183.5525665283203, 1.0], [139.99598693847656, 153.19338989257812, 1.0], [124.67843627929688, 190.97427368164062, 1.0], [116.71719360351562, 206.80191040039062, 1.0], [109.724609375, 206.039794921875, 1.0], [104.61711120605469, 178.59140014648438, 1.0]], "is_left": 0}