{"hand_pts": [[324.63055419921875, 181.0677947998047, 1.0], [299.65264892578125, 199.36692810058594, 1.0], [297.5652770996094, 223.59747314453125, 1.0], [250.0374755859375, 238.7193603515625, 1.0], [237.68865966796875, 223.10110473632812, 1.0], [234.26539611816406, 148.5480194091797, 1.0], [196.9058380126953, 165.456787109375, 1.0], [189.07398986816406, 203.98146057128906, 1.0], [202.14035034179688, 233.5659637451172, 1.0], [218.52943420410156, 144.62234497070312, 1.0], [160.4387969970703, 147.97640991210938, 1.0], [146.36904907226562, 187.4368896484375, 1.0], [144.1990966796875, 228.56951904296875, 1.0], [207.98834228515625, 148.7572784423828, 1.0], [141.6527557373047, 137.50283813476562, 1.0], [114.81743621826172, 163.62501525878906, 1.0], [108.90772247314453, 199.69485473632812, 1.0], [204.9286346435547, 157.09146118164062, 1.0], [158.97958374023438, 161.384521484375, 1.0], [131.18820190429688, 175.5862274169922, 1.0], [102.82962036132812, 191.36549377441406, 1.0]], "is_left": 0}