{"hand_pts": [[265.46942138671875, 302.6811828613281, 1.0], [204.7167205810547, 276.5343933105469, 1.0], [147.97781372070312, 292.2920837402344, 1.0], [109.0611343383789, 278.9902648925781, 1.0], [76.4461898803711, 264.2615966796875, 1.0], [208.21827697753906, 182.53895568847656, 1.0], [173.747802734375, 130.6998291015625, 1.0], [142.66558837890625, 129.3256072998047, 1.0], [127.19961547851562, 154.6551971435547, 1.0], [235.7108154296875, 172.23402404785156, 1.0], [218.8040008544922, 97.92036437988281, 1.0], [180.80332946777344, 112.71231079101562, 1.0], [148.7481231689453, 136.78164672851562, 1.0], [252.75808715820312, 169.7067108154297, 1.0], [202.48907470703125, 158.80886840820312, 1.0], [184.158935546875, 194.5834503173828, 1.0], [176.45797729492188, 234.67774963378906, 1.0], [268.0736389160156, 176.5620574951172, 1.0], [239.70701599121094, 154.00128173828125, 1.0], [214.1504669189453, 175.77725219726562, 1.0], [193.00856018066406, 206.97210693359375, 1.0]], "is_left": 0}