{"hand_pts": [[318.1435546875, 130.24905395507812, 1.0], [259.28765869140625, 109.52383422851562, 1.0], [225.27947998046875, 73.95175170898438, 1.0], [199.9117889404297, 84.18746948242188, 1.0], [188.4424591064453, 111.77523803710938, 1.0], [193.4175262451172, 154.10006713867188, 1.0], [145.9835662841797, 180.23483276367188, 1.0], [130.67738342285156, 184.36331176757812, 1.0], [140.29083251953125, 174.59320068359375, 1.0], [212.77142333984375, 183.54598999023438, 1.0], [150.95106506347656, 208.03887939453125, 1.0], [117.78955078125, 209.9087677001953, 1.0], [83.67938232421875, 216.17117309570312, 1.0], [230.45462036132812, 203.50633239746094, 1.0], [171.931640625, 226.28927612304688, 1.0], [152.49853515625, 218.226318359375, 1.0], [164.62643432617188, 195.44960021972656, 1.0], [253.28172302246094, 217.6361846923828, 1.0], [239.68727111816406, 237.9759063720703, 1.0], [235.21456909179688, 236.52590942382812, 1.0], [230.2974090576172, 230.49606323242188, 1.0]], "is_left": 0}