{"hand_pts": [[334.80218505859375, 105.88469696044922, 1.0], [307.4977722167969, 169.2910614013672, 1.0], [296.0553283691406, 225.28712463378906, 1.0], [262.6771545410156, 261.337890625, 1.0], [221.1813507080078, 277.6614990234375, 1.0], [233.79327392578125, 177.53274536132812, 1.0], [185.9167938232422, 213.73577880859375, 1.0], [158.31460571289062, 239.7298126220703, 1.0], [133.87918090820312, 263.38067626953125, 1.0], [219.90850830078125, 142.88552856445312, 1.0], [156.74562072753906, 177.852783203125, 1.0], [129.0601806640625, 209.20022583007812, 1.0], [108.92672729492188, 239.2830810546875, 1.0], [211.7364044189453, 118.26042175292969, 1.0], [147.7687225341797, 143.45069885253906, 1.0], [124.63645935058594, 169.31973266601562, 1.0], [110.7220458984375, 196.08180236816406, 1.0], [211.6171417236328, 94.96981811523438, 1.0], [167.0859375, 106.47783660888672, 1.0], [145.5037384033203, 125.20179748535156, 1.0], [135.99270629882812, 151.4009246826172, 1.0]], "is_left": 0}