{"hand_pts": [[265.699951171875, 26.162872314453125, 1.0], [212.65611267089844, 70.59954833984375, 1.0], [186.54354858398438, 90.63368225097656, 1.0], [155.12872314453125, 139.36289978027344, 1.0], [127.98997497558594, 187.84120178222656, 1.0], [244.6346435546875, 179.5470733642578, 1.0], [167.19488525390625, 189.95167541503906, 1.0], [134.66014099121094, 153.6427459716797, 1.0], [152.87759399414062, 114.33590698242188, 1.0], [260.1903381347656, 190.14459228515625, 1.0], [196.15338134765625, 253.93264770507812, 1.0], [149.7960205078125, 217.91525268554688, 1.0], [130.54396057128906, 168.3841552734375, 1.0], [264.54248046875, 193.38438415527344, 1.0], [182.5644073486328, 232.55223083496094, 1.0], [130.5304412841797, 224.068115234375, 1.0], [119.48206329345703, 174.3157958984375, 1.0], [265.83154296875, 185.24429321289062, 1.0], [249.29429626464844, 243.71343994140625, 1.0], [205.13803100585938, 239.2296142578125, 1.0], [203.29281616210938, 195.3296661376953, 1.0]], "is_left": 0}