{"hand_pts": [[141.8356170654297, 63.72686767578125, 1.0], [169.86000061035156, 76.67133331298828, 1.0], [198.7050323486328, 64.9173355102539, 1.0], [211.11260986328125, 89.66326141357422, 1.0], [205.09381103515625, 131.80784606933594, 1.0], [209.0101776123047, 127.48812103271484, 1.0], [214.7842254638672, 150.97369384765625, 1.0], [203.57574462890625, 153.440185546875, 1.0], [184.2034149169922, 137.46710205078125, 1.0], [192.41888427734375, 153.8790283203125, 1.0], [211.80947875976562, 215.10911560058594, 1.0], [211.7184600830078, 240.061279296875, 1.0], [196.03948974609375, 225.0434112548828, 1.0], [174.99713134765625, 175.07467651367188, 1.0], [189.4771270751953, 245.91488647460938, 1.0], [181.25527954101562, 253.2669219970703, 1.0], [171.3124237060547, 247.4230194091797, 1.0], [154.03639221191406, 189.2183380126953, 1.0], [139.16024780273438, 244.596435546875, 1.0], [127.2830810546875, 262.36151123046875, 1.0], [119.2879409790039, 256.611328125, 1.0]], "is_left": 0}