{"hand_pts": [[188.2440185546875, 110.15077209472656, 1.0], [146.3508758544922, 172.4966278076172, 1.0], [89.99176788330078, 222.45364379882812, 1.0], [123.44672393798828, 250.89889526367188, 1.0], [181.77110290527344, 227.6434783935547, 1.0], [99.05479431152344, 145.02479553222656, 1.0], [104.03938293457031, 183.22149658203125, 1.0], [141.8905792236328, 220.76148986816406, 1.0], [173.34764099121094, 237.74075317382812, 1.0], [141.37547302246094, 120.36512756347656, 1.0], [146.8925018310547, 150.47305297851562, 1.0], [172.86756896972656, 202.81100463867188, 1.0], [197.55320739746094, 251.29238891601562, 1.0], [179.87570190429688, 108.3901596069336, 1.0], [220.7501983642578, 163.73095703125, 1.0], [249.79046630859375, 208.16815185546875, 1.0], [259.4095458984375, 234.1656036376953, 1.0], [219.09747314453125, 99.693603515625, 1.0], [271.235107421875, 139.21224975585938, 1.0], [282.092529296875, 163.07736206054688, 1.0], [270.1976318359375, 173.40966796875, 1.0]], "is_left": 0}