{"hand_pts": [[208.51052856445312, 169.71714782714844, 1.0], [221.42762756347656, 128.2034912109375, 1.0], [249.8082733154297, 85.1596908569336, 1.0], [242.76873779296875, 72.02912139892578, 1.0], [218.04379272460938, 79.3434066772461, 1.0], [252.9119110107422, 193.01004028320312, 1.0], [243.0662841796875, 176.2645721435547, 1.0], [215.80963134765625, 148.3529510498047, 1.0], [181.76547241210938, 117.25699615478516, 1.0], [223.43310546875, 227.99903869628906, 1.0], [198.33334350585938, 219.62474060058594, 1.0], [169.0680389404297, 187.4667510986328, 1.0], [139.25474548339844, 146.1912384033203, 1.0], [194.4664764404297, 248.1409912109375, 1.0], [161.7389373779297, 255.05899047851562, 1.0], [130.77911376953125, 220.5992431640625, 1.0], [107.84513854980469, 177.37539672851562, 1.0], [165.19374084472656, 260.6220703125, 1.0], [136.76742553710938, 266.7567138671875, 1.0], [113.19751739501953, 246.0279541015625, 1.0], [97.92005157470703, 204.85305786132812, 1.0]], "is_left": 0}