{"hand_pts": [[140.9585723876953, 113.50627899169922, 1.0], [174.8831329345703, 174.46728515625, 1.0], [179.92306518554688, 237.53512573242188, 1.0], [193.3277130126953, 272.13623046875, 1.0], [207.33509826660156, 288.9423522949219, 1.0], [139.92637634277344, 208.79974365234375, 1.0], [162.8374786376953, 253.86428833007812, 1.0], [205.02674865722656, 242.05067443847656, 1.0], [234.77064514160156, 218.309326171875, 1.0], [136.3325958251953, 170.14398193359375, 1.0], [137.71434020996094, 187.91282653808594, 1.0], [187.00772094726562, 191.12322998046875, 1.0], [233.72988891601562, 195.74700927734375, 1.0], [140.86204528808594, 138.4879150390625, 1.0], [156.7053680419922, 140.42410278320312, 1.0], [200.05543518066406, 145.1160430908203, 1.0], [223.21946716308594, 150.77743530273438, 1.0], [147.91136169433594, 106.22949981689453, 1.0], [185.91781616210938, 103.45368194580078, 1.0], [213.73968505859375, 108.74542236328125, 1.0], [203.3112335205078, 114.91106414794922, 1.0]], "is_left": 0}