{"hand_pts": [[282.9507751464844, 106.68894958496094, 1.0], [269.15069580078125, 159.36346435546875, 1.0], [278.4958801269531, 202.3329620361328, 1.0], [276.1723937988281, 237.10040283203125, 1.0], [263.23846435546875, 244.1680908203125, 1.0], [171.89004516601562, 181.21914672851562, 1.0], [151.35552978515625, 224.5789337158203, 1.0], [182.452392578125, 232.0745849609375, 1.0], [217.45419311523438, 227.49374389648438, 1.0], [157.86631774902344, 157.6290740966797, 1.0], [88.20571899414062, 190.50550842285156, 1.0], [90.22613525390625, 217.74481201171875, 1.0], [123.4323959350586, 232.2607421875, 1.0], [153.94149780273438, 140.4734344482422, 1.0], [127.56146240234375, 165.37940979003906, 1.0], [167.17254638671875, 172.64352416992188, 1.0], [205.54795837402344, 168.1179962158203, 1.0], [159.8837432861328, 122.7751235961914, 1.0], [168.4220428466797, 129.05812072753906, 1.0], [199.34327697753906, 132.50267028808594, 1.0], [236.71792602539062, 134.62881469726562, 1.0]], "is_left": 0}