{"hand_pts": [[97.2807846069336, 331.1061706542969, 1.0], [144.6723175048828, 269.0918884277344, 1.0], [176.46826171875, 214.4160919189453, 1.0], [203.87600708007812, 159.97250366210938, 1.0], [224.55442810058594, 112.24738311767578, 1.0], [220.26736450195312, 235.34124755859375, 1.0], [225.86181640625, 168.4991455078125, 1.0], [188.46395874023438, 175.72384643554688, 1.0], [172.11558532714844, 217.5095672607422, 1.0], [194.6029510498047, 240.45957946777344, 1.0], [197.69139099121094, 155.65982055664062, 1.0], [183.21800231933594, 112.29207611083984, 1.0], [154.1917724609375, 101.99559783935547, 1.0], [169.41409301757812, 241.05853271484375, 1.0], [200.05386352539062, 202.23587036132812, 1.0], [212.57151794433594, 167.59579467773438, 1.0], [219.1170196533203, 126.01134490966797, 1.0], [139.74972534179688, 245.09886169433594, 1.0], [150.547607421875, 212.13331604003906, 1.0], [149.2584686279297, 179.357666015625, 1.0], [146.35403442382812, 154.32833862304688, 1.0]], "is_left": 0}