{"hand_pts": [[59.846317291259766, 72.97223663330078, 1.0], [117.64595031738281, 104.16830444335938, 1.0], [145.31800842285156, 135.71963500976562, 1.0], [193.127197265625, 157.98475646972656, 1.0], [242.7235107421875, 149.20425415039062, 1.0], [131.4890594482422, 193.54859924316406, 1.0], [166.3859100341797, 249.4928436279297, 1.0], [212.99232482910156, 258.2947692871094, 1.0], [250.99822998046875, 227.79214477539062, 1.0], [124.68872833251953, 183.78245544433594, 1.0], [185.43785095214844, 228.05784606933594, 1.0], [234.34042358398438, 243.06747436523438, 1.0], [284.8380126953125, 223.6880645751953, 1.0], [124.2435073852539, 169.58865356445312, 1.0], [201.3960723876953, 195.89402770996094, 1.0], [228.5692138671875, 160.1095733642578, 1.0], [195.7015380859375, 134.80165100097656, 1.0], [122.12850189208984, 148.5253143310547, 1.0], [149.78407287597656, 175.51112365722656, 1.0], [187.67259216308594, 167.28887939453125, 1.0], [179.148681640625, 145.7703399658203, 1.0]], "is_left": 0,"label":4}