{"hand_pts": [[285.5216979980469, 100.68551635742188, 1.0], [282.33502197265625, 132.79855346679688, 1.0], [298.8389892578125, 139.04405212402344, 1.0], [278.9471740722656, 183.62315368652344, 1.0], [246.65269470214844, 220.38858032226562, 1.0], [193.7784423828125, 116.35198974609375, 1.0], [157.37210083007812, 162.72193908691406, 1.0], [173.3462371826172, 204.25485229492188, 1.0], [203.69964599609375, 221.24490356445312, 1.0], [166.4602508544922, 119.06061553955078, 1.0], [135.94314575195312, 192.94984436035156, 1.0], [176.4312286376953, 223.5185089111328, 1.0], [221.52105712890625, 215.01280212402344, 1.0], [150.6874542236328, 127.43853759765625, 1.0], [112.29425811767578, 196.14920043945312, 1.0], [134.49227905273438, 235.250244140625, 1.0], [179.2676544189453, 241.3487548828125, 1.0], [145.26943969726562, 136.15708923339844, 1.0], [113.69294738769531, 180.83148193359375, 1.0], [138.34173583984375, 208.5645294189453, 1.0], [179.96420288085938, 202.22238159179688, 1.0]], "is_left": 0}