{"hand_pts": [[101.81743621826172, 72.73548126220703, 1.0], [122.61076354980469, 63.54719924926758, 1.0], [98.53944396972656, 62.288490295410156, 1.0], [110.89854431152344, 75.59162902832031, 1.0], [138.662841796875, 94.044189453125, 1.0], [130.96063232421875, 151.43594360351562, 1.0], [159.85877990722656, 209.08016967773438, 1.0], [191.164306640625, 239.3144989013672, 1.0], [232.5983123779297, 227.04635620117188, 1.0], [146.11880493164062, 176.01004028320312, 1.0], [170.84475708007812, 236.5263671875, 1.0], [209.57089233398438, 239.7942352294922, 1.0], [240.25003051757812, 200.8726806640625, 1.0], [161.644287109375, 187.50865173339844, 1.0], [208.56158447265625, 230.79104614257812, 1.0], [235.25909423828125, 194.56265258789062, 1.0], [259.6034851074219, 158.1216583251953, 1.0], [174.11114501953125, 188.9832000732422, 1.0], [211.5136260986328, 229.4043426513672, 1.0], [244.35385131835938, 238.33383178710938, 1.0], [279.06707763671875, 241.9701690673828, 1.0]], "is_left": 0}