{"hand_pts": [[44.27421188354492, 172.5851593017578, 1.0], [121.63198852539062, 212.17947387695312, 1.0], [175.3920440673828, 256.2718505859375, 1.0], [211.8286895751953, 253.93563842773438, 1.0], [197.7719268798828, 213.63522338867188, 1.0], [151.58404541015625, 226.41455078125, 1.0], [187.85861206054688, 240.92076110839844, 1.0], [229.52005004882812, 236.62176513671875, 1.0], [270.122802734375, 226.71035766601562, 1.0], [132.9761505126953, 189.12152099609375, 1.0], [177.6238555908203, 187.86492919921875, 1.0], [213.3599395751953, 186.90069580078125, 1.0], [238.932373046875, 186.65513610839844, 1.0], [121.97185516357422, 157.9483642578125, 1.0], [184.3511199951172, 148.66204833984375, 1.0], [226.18267822265625, 142.8826141357422, 1.0], [270.0782165527344, 138.314697265625, 1.0], [108.55140686035156, 127.92340087890625, 1.0], [133.98365783691406, 106.86365509033203, 1.0], [171.92819213867188, 109.61980438232422, 1.0], [202.9156951904297, 121.64586639404297, 1.0]], "is_left": 0}