{"hand_pts": [[356.0633544921875, 213.78384399414062, 1.0], [305.9228515625, 229.91622924804688, 1.0], [272.7718811035156, 251.4247589111328, 1.0], [229.3377227783203, 249.0705108642578, 1.0], [187.22552490234375, 232.01824951171875, 1.0], [225.19229125976562, 230.2999725341797, 1.0], [165.24789428710938, 230.04534912109375, 1.0], [133.03932189941406, 219.9072723388672, 1.0], [106.13219451904297, 206.57183837890625, 1.0], [229.07456970214844, 200.07083129882812, 1.0], [156.36212158203125, 188.33685302734375, 1.0], [124.20904541015625, 176.1302947998047, 1.0], [101.05045318603516, 164.30581665039062, 1.0], [235.1746368408203, 174.1725616455078, 1.0], [166.8573455810547, 153.52902221679688, 1.0], [140.88824462890625, 139.42774963378906, 1.0], [126.05890655517578, 127.88677215576172, 1.0], [248.83604431152344, 150.69284057617188, 1.0], [205.3955535888672, 127.84477233886719, 1.0], [181.06124877929688, 113.95756530761719, 1.0], [166.0889434814453, 106.08893585205078, 1.0]], "is_left": 0}