{"hand_pts": [[153.0716552734375, 101.94737243652344, 1.0], [121.8015365600586, 139.1069793701172, 1.0], [87.3196792602539, 164.51675415039062, 1.0], [104.08783721923828, 182.17030334472656, 1.0], [142.66452026367188, 187.49160766601562, 1.0], [163.822265625, 209.40750122070312, 1.0], [172.28216552734375, 255.54110717773438, 1.0], [176.7279052734375, 280.58917236328125, 1.0], [184.52943420410156, 309.2430725097656, 1.0], [197.46282958984375, 190.77120971679688, 1.0], [212.63937377929688, 227.86270141601562, 1.0], [186.19113159179688, 200.8793182373047, 1.0], [165.17051696777344, 172.23219299316406, 1.0], [220.0253143310547, 170.68276977539062, 1.0], [246.854248046875, 190.09945678710938, 1.0], [225.65826416015625, 171.33538818359375, 1.0], [194.81597900390625, 149.13438415527344, 1.0], [236.61383056640625, 145.52987670898438, 1.0], [232.36099243164062, 126.03074645996094, 1.0], [214.62791442871094, 105.3134765625, 1.0], [187.3052520751953, 92.41852569580078, 1.0]], "is_left": 0}