{"hand_pts": [[207.43251037597656, 88.50528717041016, 1.0], [244.24575805664062, 139.900390625, 1.0], [292.9693298339844, 150.31491088867188, 1.0], [279.3263854980469, 192.34664916992188, 1.0], [240.53468322753906, 220.5049591064453, 1.0], [230.46316528320312, 141.5930938720703, 1.0], [224.96559143066406, 205.6959991455078, 1.0], [222.7350311279297, 221.97068786621094, 1.0], [223.28677368164062, 197.84352111816406, 1.0], [189.02723693847656, 131.46243286132812, 1.0], [163.32135009765625, 172.15130615234375, 1.0], [170.72015380859375, 210.75228881835938, 1.0], [178.8412322998047, 244.3692626953125, 1.0], [157.173828125, 128.5318603515625, 1.0], [132.21011352539062, 187.88540649414062, 1.0], [124.38697814941406, 228.73934936523438, 1.0], [141.02523803710938, 246.2940673828125, 1.0], [129.7107391357422, 125.34724426269531, 1.0], [97.1270751953125, 150.60340881347656, 1.0], [107.38719177246094, 182.97048950195312, 1.0], [136.006591796875, 176.0797119140625, 1.0]], "is_left": 0}