{"hand_pts": [[150.2236785888672, 225.01425170898438, 1.0], [216.0998077392578, 195.9994659423828, 1.0], [287.2322692871094, 185.73023986816406, 1.0], [287.591796875, 139.7298126220703, 1.0], [233.5758056640625, 118.59204864501953, 1.0], [234.5778045654297, 258.51654052734375, 1.0], [245.0532989501953, 193.52810668945312, 1.0], [232.53475952148438, 150.6741485595703, 1.0], [216.14321899414062, 151.60418701171875, 1.0], [186.6414031982422, 264.2001647949219, 1.0], [183.04776000976562, 187.04177856445312, 1.0], [181.3482666015625, 143.28273010253906, 1.0], [184.60833740234375, 150.96653747558594, 1.0], [148.70838928222656, 259.1678161621094, 1.0], [132.80223083496094, 194.6385955810547, 1.0], [136.19911193847656, 157.45970153808594, 1.0], [149.10963439941406, 174.32955932617188, 1.0], [112.206298828125, 249.02084350585938, 1.0], [91.41925048828125, 198.45834350585938, 1.0], [99.88577270507812, 166.36387634277344, 1.0], [120.48291015625, 187.3109130859375, 1.0]], "is_left": 0}