{"hand_pts": [[225.816650390625, 38.941978454589844, 1.0], [155.1407470703125, 89.83853912353516, 1.0], [87.56449890136719, 114.53690338134766, 1.0], [104.00015258789062, 151.454345703125, 1.0], [123.950439453125, 184.8209991455078, 1.0], [158.74159240722656, 201.5712432861328, 1.0], [117.69442749023438, 235.5977325439453, 1.0], [99.12503051757812, 218.88693237304688, 1.0], [93.6577377319336, 182.3705596923828, 1.0], [208.097412109375, 195.78115844726562, 1.0], [195.41635131835938, 215.6370849609375, 1.0], [180.98756408691406, 195.90634155273438, 1.0], [166.3238067626953, 170.69229125976562, 1.0], [244.72714233398438, 184.6470184326172, 1.0], [258.5510559082031, 263.4631652832031, 1.0], [231.97657775878906, 251.95892333984375, 1.0], [204.6132354736328, 232.28335571289062, 1.0], [278.3232727050781, 163.418212890625, 1.0], [271.10833740234375, 158.18539428710938, 1.0], [255.26759338378906, 130.12789916992188, 1.0], [236.0089874267578, 100.86451721191406, 1.0]], "is_left": 0}