{"hand_pts": [[306.7642517089844, 216.37783813476562, 1.0], [287.7356262207031, 166.34146118164062, 1.0], [304.0461120605469, 111.84629821777344, 1.0], [272.3998107910156, 64.94096374511719, 1.0], [210.42822265625, 64.09516906738281, 1.0], [242.96890258789062, 211.29849243164062, 1.0], [219.68580627441406, 210.68345642089844, 1.0], [198.50868225097656, 205.4148406982422, 1.0], [180.35975646972656, 204.35684204101562, 1.0], [211.94070434570312, 239.46946716308594, 1.0], [142.4628143310547, 217.8058624267578, 1.0], [125.74772644042969, 171.03939819335938, 1.0], [133.1463623046875, 135.10806274414062, 1.0], [185.83424377441406, 254.54409790039062, 1.0], [110.12847137451172, 221.17877197265625, 1.0], [120.05772399902344, 186.30718994140625, 1.0], [141.56643676757812, 159.3084716796875, 1.0], [166.4224853515625, 264.46136474609375, 1.0], [118.82180786132812, 226.3984375, 1.0], [138.9246826171875, 199.67193603515625, 1.0], [167.30294799804688, 174.83961486816406, 1.0]], "is_left": 0}