{"hand_pts": [[154.08056640625, 210.9091033935547, 1.0], [210.46453857421875, 214.3433380126953, 1.0], [263.5857238769531, 231.07858276367188, 1.0], [301.2491760253906, 237.2447509765625, 1.0], [283.7211608886719, 211.83924865722656, 1.0], [207.20101928710938, 218.2679901123047, 1.0], [212.97543334960938, 217.13946533203125, 1.0], [217.3201904296875, 206.5265350341797, 1.0], [221.03402709960938, 186.76629638671875, 1.0], [166.54725646972656, 199.4241943359375, 1.0], [190.0771942138672, 169.6894989013672, 1.0], [200.21556091308594, 164.0659637451172, 1.0], [205.9918212890625, 164.80960083007812, 1.0], [135.05780029296875, 181.43373107910156, 1.0], [129.9630126953125, 170.3101348876953, 1.0], [147.75274658203125, 154.988525390625, 1.0], [166.0824432373047, 142.1060333251953, 1.0], [105.33032989501953, 164.1245574951172, 1.0], [100.0182876586914, 154.40924072265625, 1.0], [100.15637969970703, 146.2139434814453, 1.0], [104.66699981689453, 138.16795349121094, 1.0]], "is_left": 0}