{"hand_pts": [[296.5831298828125, 276.492919921875, 1.0], [270.5984802246094, 211.84323120117188, 1.0], [274.0593566894531, 156.15687561035156, 1.0], [274.3667907714844, 105.45027923583984, 1.0], [265.5184326171875, 97.12296295166016, 1.0], [179.58604431152344, 204.11911010742188, 1.0], [124.3094253540039, 178.17672729492188, 1.0], [91.28125762939453, 158.9041748046875, 1.0], [70.0936279296875, 133.11822509765625, 1.0], [181.0170135498047, 230.6431121826172, 1.0], [123.62338256835938, 203.31907653808594, 1.0], [99.02433013916016, 175.23167419433594, 1.0], [67.98622131347656, 156.3157501220703, 1.0], [188.91319274902344, 247.83389282226562, 1.0], [199.8518829345703, 192.5453338623047, 1.0], [217.29432678222656, 160.70260620117188, 1.0], [249.50782775878906, 135.5220184326172, 1.0], [204.9562225341797, 264.6283874511719, 1.0], [183.48484802246094, 245.24234008789062, 1.0], [194.03140258789062, 215.39425659179688, 1.0], [221.2832489013672, 202.61239624023438, 1.0]], "is_left": 0}