{"hand_pts": [[271.8172912597656, 197.09486389160156, 1.0], [264.64666748046875, 206.05409240722656, 1.0], [283.19659423828125, 225.4491424560547, 1.0], [290.0644226074219, 228.83045959472656, 1.0], [285.2861633300781, 217.1177978515625, 1.0], [183.9681396484375, 240.7840576171875, 1.0], [181.52894592285156, 216.94091796875, 1.0], [200.4892120361328, 189.43426513671875, 1.0], [225.5459747314453, 174.72657775878906, 1.0], [160.45062255859375, 221.5131378173828, 1.0], [108.03901672363281, 222.66493225097656, 1.0], [90.00361633300781, 211.3041229248047, 1.0], [116.050048828125, 184.80859375, 1.0], [146.6409454345703, 200.5909881591797, 1.0], [137.8519287109375, 156.3226776123047, 1.0], [160.57289123535156, 129.70460510253906, 1.0], [183.4147186279297, 104.6952896118164, 1.0], [141.86019897460938, 177.911376953125, 1.0], [145.07203674316406, 136.52076721191406, 1.0], [177.81434631347656, 124.64327239990234, 1.0], [214.1153106689453, 116.64897918701172, 1.0]], "is_left": 0}