{"hand_pts": [[303.6953125, 103.42243957519531, 1.0], [266.2649230957031, 109.46224212646484, 1.0], [275.3152770996094, 111.08553314208984, 1.0], [268.74566650390625, 153.90139770507812, 1.0], [255.53158569335938, 205.55091857910156, 1.0], [160.1871337890625, 104.49149322509766, 1.0], [162.52511596679688, 151.37466430664062, 1.0], [203.076416015625, 171.68942260742188, 1.0], [244.22047424316406, 169.13021850585938, 1.0], [159.3529815673828, 130.227783203125, 1.0], [116.15523529052734, 195.06512451171875, 1.0], [143.79039001464844, 229.78115844726562, 1.0], [184.1913299560547, 247.92660522460938, 1.0], [165.12693786621094, 154.97860717773438, 1.0], [86.37443542480469, 169.7157440185547, 1.0], [94.01191711425781, 200.56033325195312, 1.0], [122.02200317382812, 220.56027221679688, 1.0], [180.4900360107422, 177.50559997558594, 1.0], [183.94686889648438, 230.52902221679688, 1.0], [192.24009704589844, 265.88568115234375, 1.0], [225.08184814453125, 277.2755126953125, 1.0]], "is_left": 0}