{"hand_pts": [[64.74940490722656, 79.49584197998047, 1.0], [137.8038330078125, 83.94081115722656, 1.0], [199.8800811767578, 74.72987365722656, 1.0], [249.77288818359375, 92.59107971191406, 1.0], [263.17822265625, 139.84918212890625, 1.0], [168.16146850585938, 131.33493041992188, 1.0], [216.95925903320312, 157.09825134277344, 1.0], [245.88571166992188, 179.1858673095703, 1.0], [249.85606384277344, 188.6622314453125, 1.0], [139.2516326904297, 161.2864532470703, 1.0], [200.50352478027344, 215.19171142578125, 1.0], [205.15802001953125, 198.4122772216797, 1.0], [192.30995178222656, 169.22933959960938, 1.0], [118.71428680419922, 184.12767028808594, 1.0], [161.3578338623047, 249.02049255371094, 1.0], [182.1739044189453, 254.0791015625, 1.0], [195.70872497558594, 243.71258544921875, 1.0], [96.90727233886719, 199.99893188476562, 1.0], [125.9944076538086, 239.5877685546875, 1.0], [147.13394165039062, 260.71978759765625, 1.0], [159.4685516357422, 241.17462158203125, 1.0]], "is_left": 0}