{"hand_pts": [[221.38519287109375, 82.2854232788086, 1.0], [251.4375, 98.2169418334961, 1.0], [284.382568359375, 93.44869995117188, 1.0], [292.5742492675781, 122.79006958007812, 1.0], [279.2583312988281, 166.55551147460938, 1.0], [167.28128051757812, 106.93697357177734, 1.0], [164.18194580078125, 139.73294067382812, 1.0], [190.98939514160156, 177.0511932373047, 1.0], [225.65553283691406, 214.54217529296875, 1.0], [141.636474609375, 130.35353088378906, 1.0], [128.89625549316406, 178.247802734375, 1.0], [164.3236541748047, 217.63555908203125, 1.0], [210.52996826171875, 250.13868713378906, 1.0], [131.2471160888672, 152.74160766601562, 1.0], [120.5305404663086, 209.16604614257812, 1.0], [155.82369995117188, 244.7959747314453, 1.0], [202.2466278076172, 269.9696960449219, 1.0], [129.86972045898438, 171.57611083984375, 1.0], [126.0735855102539, 217.99412536621094, 1.0], [151.75636291503906, 248.181640625, 1.0], [194.7457275390625, 264.6940002441406, 1.0]], "is_left": 0,"label":4}