{"hand_pts": [[66.10575103759766, 137.4826202392578, 1.0], [137.37477111816406, 122.86648559570312, 1.0], [202.356201171875, 103.71659851074219, 1.0], [240.3595733642578, 101.01554107666016, 1.0], [247.24659729003906, 111.04005432128906, 1.0], [200.6536407470703, 201.04861450195312, 1.0], [246.31517028808594, 202.98165893554688, 1.0], [252.80702209472656, 178.57315063476562, 1.0], [248.0482177734375, 148.62132263183594, 1.0], [163.23545837402344, 216.76644897460938, 1.0], [208.0498809814453, 231.74575805664062, 1.0], [220.92181396484375, 206.4807891845703, 1.0], [222.45013427734375, 169.2597198486328, 1.0], [130.55093383789062, 221.07785034179688, 1.0], [164.1602325439453, 238.18771362304688, 1.0], [172.03237915039062, 212.66893005371094, 1.0], [171.2242431640625, 173.85826110839844, 1.0], [94.43998718261719, 217.87705993652344, 1.0], [105.86710357666016, 224.70611572265625, 1.0], [113.03472137451172, 203.297119140625, 1.0], [118.6124496459961, 167.19427490234375, 1.0]], "is_left": 0}