{"hand_pts": [[69.44635009765625, 293.4673156738281, 1.0], [134.823974609375, 281.5166931152344, 1.0], [193.30670166015625, 286.05059814453125, 1.0], [244.77752685546875, 274.9412841796875, 1.0], [265.08209228515625, 241.83111572265625, 1.0], [184.34844970703125, 213.32229614257812, 1.0], [215.27317810058594, 181.9669189453125, 1.0], [224.5459747314453, 172.3424072265625, 1.0], [220.72154235839844, 175.51011657714844, 1.0], [152.74903869628906, 194.9817657470703, 1.0], [206.60243225097656, 164.28269958496094, 1.0], [237.86378479003906, 152.41860961914062, 1.0], [261.4425048828125, 151.25489807128906, 1.0], [126.8569564819336, 183.84715270996094, 1.0], [164.68023681640625, 126.95604705810547, 1.0], [192.69610595703125, 99.55258178710938, 1.0], [220.18902587890625, 77.8340835571289, 1.0], [98.45490264892578, 180.3907928466797, 1.0], [103.36273956298828, 152.5072021484375, 1.0], [103.93119812011719, 176.0552215576172, 1.0], [104.55620574951172, 207.5846405029297, 1.0]], "is_left": 0}