{"hand_pts": [[93.3115463256836, 79.78616333007812, 1.0], [91.95886993408203, 153.40484619140625, 1.0], [79.5831069946289, 218.22486877441406, 1.0], [105.853759765625, 263.36175537109375, 1.0], [156.17005920410156, 257.81103515625, 1.0], [121.8423843383789, 159.9647674560547, 1.0], [156.2919158935547, 217.50404357910156, 1.0], [175.14991760253906, 249.0584259033203, 1.0], [177.65997314453125, 253.2246856689453, 1.0], [154.53028869628906, 127.27330017089844, 1.0], [193.33799743652344, 184.55364990234375, 1.0], [204.7323760986328, 222.71705627441406, 1.0], [200.35797119140625, 239.86172485351562, 1.0], [181.3837890625, 105.39730072021484, 1.0], [236.51144409179688, 150.6246337890625, 1.0], [248.26370239257812, 183.33938598632812, 1.0], [239.30372619628906, 203.16859436035156, 1.0], [203.00363159179688, 84.30379486083984, 1.0], [246.82733154296875, 97.07413482666016, 1.0], [254.55206298828125, 130.2780303955078, 1.0], [231.79090881347656, 149.74815368652344, 1.0]], "is_left": 0}