{"hand_pts": [[221.18710327148438, 291.0436096191406, 1.0], [200.12013244628906, 293.0769958496094, 1.0], [149.65554809570312, 300.6574401855469, 1.0], [117.26319885253906, 287.4146728515625, 1.0], [136.11355590820312, 253.35992431640625, 1.0], [153.694580078125, 220.97900390625, 1.0], [133.04454040527344, 171.85714721679688, 1.0], [123.55735778808594, 140.68087768554688, 1.0], [136.95245361328125, 123.7968978881836, 1.0], [175.99281311035156, 195.98504638671875, 1.0], [153.1905059814453, 132.1320343017578, 1.0], [155.02037048339844, 106.196044921875, 1.0], [173.44247436523438, 110.60304260253906, 1.0], [198.9934844970703, 181.06031799316406, 1.0], [226.6902618408203, 176.7979736328125, 1.0], [249.54067993164062, 193.58978271484375, 1.0], [271.5321960449219, 219.8411102294922, 1.0], [224.33102416992188, 174.40557861328125, 1.0], [234.8018798828125, 140.06044006347656, 1.0], [249.3236083984375, 140.73924255371094, 1.0], [262.87396240234375, 158.84271240234375, 1.0]], "is_left": 0}