{"hand_pts": [[89.50116729736328, 299.1585693359375, 1.0], [153.08212280273438, 266.7361145019531, 1.0], [210.0069580078125, 251.4940643310547, 1.0], [257.54449462890625, 230.23123168945312, 1.0], [286.7442321777344, 197.97926330566406, 1.0], [202.19482421875, 243.49354553222656, 1.0], [222.58120727539062, 184.41603088378906, 1.0], [216.94102478027344, 155.09527587890625, 1.0], [193.3607940673828, 153.69627380371094, 1.0], [168.8868408203125, 232.39935302734375, 1.0], [200.68283081054688, 179.14877319335938, 1.0], [216.3428497314453, 135.6584014892578, 1.0], [217.52947998046875, 112.9069595336914, 1.0], [141.01007080078125, 220.6784210205078, 1.0], [175.08712768554688, 157.8970947265625, 1.0], [175.74127197265625, 136.63540649414062, 1.0], [177.58203125, 113.62290954589844, 1.0], [110.83161926269531, 212.54893493652344, 1.0], [110.7120361328125, 163.32228088378906, 1.0], [109.29916381835938, 166.959228515625, 1.0], [109.54358673095703, 180.68472290039062, 1.0]], "is_left": 0}