{"hand_pts": [[337.924072265625, 170.5357666015625, 1.0], [273.59783935546875, 210.6843719482422, 1.0], [226.15774536132812, 249.17642211914062, 1.0], [180.80079650878906, 263.6824951171875, 1.0], [144.56886291503906, 260.3262023925781, 1.0], [226.18833923339844, 201.4769744873047, 1.0], [172.00341796875, 216.12600708007812, 1.0], [135.68931579589844, 224.7724609375, 1.0], [103.27751159667969, 231.41725158691406, 1.0], [240.49278259277344, 168.05618286132812, 1.0], [175.10302734375, 177.44911193847656, 1.0], [135.18869018554688, 190.52207946777344, 1.0], [100.84600067138672, 203.17311096191406, 1.0], [251.06700134277344, 143.13502502441406, 1.0], [191.87156677246094, 142.19204711914062, 1.0], [155.66799926757812, 150.17074584960938, 1.0], [125.04920196533203, 162.02679443359375, 1.0], [265.74609375, 121.17520141601562, 1.0], [227.24948120117188, 113.75320434570312, 1.0], [197.81585693359375, 119.13427734375, 1.0], [171.35055541992188, 133.87220764160156, 1.0]], "is_left": 0}