{"hand_pts": [[42.4697151184082, 117.19349670410156, 1.0], [109.14392852783203, 112.50872802734375, 1.0], [167.5472412109375, 102.74922943115234, 1.0], [199.57264709472656, 139.801025390625, 1.0], [218.02195739746094, 176.43069458007812, 1.0], [139.03016662597656, 188.80528259277344, 1.0], [181.67262268066406, 226.70606994628906, 1.0], [217.12991333007812, 248.34217834472656, 1.0], [249.25787353515625, 271.7935791015625, 1.0], [124.26704406738281, 204.49945068359375, 1.0], [204.63027954101562, 191.93931579589844, 1.0], [249.54974365234375, 170.0646514892578, 1.0], [243.38027954101562, 128.8255157470703, 1.0], [116.38883972167969, 210.16172790527344, 1.0], [193.07608032226562, 209.92051696777344, 1.0], [227.73387145996094, 182.17715454101562, 1.0], [250.6789093017578, 146.8107452392578, 1.0], [106.22570037841797, 208.14462280273438, 1.0], [148.9944610595703, 202.7637176513672, 1.0], [174.70477294921875, 180.99609375, 1.0], [167.3451385498047, 150.1011962890625, 1.0]], "is_left": 0}