{"hand_pts": [[347.8508605957031, 155.28172302246094, 1.0], [280.09857177734375, 189.58493041992188, 1.0], [233.50445556640625, 223.9058380126953, 1.0], [172.83282470703125, 231.8924560546875, 1.0], [150.84942626953125, 203.92581176757812, 1.0], [239.1267547607422, 222.8190155029297, 1.0], [162.48843383789062, 233.3202667236328, 1.0], [119.40592193603516, 229.27239990234375, 1.0], [122.8633041381836, 208.46209716796875, 1.0], [248.64321899414062, 195.04335021972656, 1.0], [157.53892517089844, 190.7956085205078, 1.0], [117.20807647705078, 181.9217987060547, 1.0], [123.85588073730469, 171.0025634765625, 1.0], [253.05218505859375, 170.32579040527344, 1.0], [181.37826538085938, 177.32510375976562, 1.0], [147.87155151367188, 169.75096130371094, 1.0], [145.45849609375, 163.00003051757812, 1.0], [261.5094909667969, 144.7503662109375, 1.0], [207.96519470214844, 127.14213562011719, 1.0], [187.0858612060547, 119.5606918334961, 1.0], [190.0555419921875, 121.27741241455078, 1.0]], "is_left": 0}