{"hand_pts": [[141.94224548339844, 93.69596862792969, 1.0], [187.66172790527344, 89.29776000976562, 1.0], [215.8174591064453, 61.87811279296875, 1.0], [238.59298706054688, 101.38838958740234, 1.0], [250.5220184326172, 149.3607940673828, 1.0], [132.8061065673828, 132.7454376220703, 1.0], [128.04754638671875, 159.1242218017578, 1.0], [174.31582641601562, 177.52828979492188, 1.0], [209.8509063720703, 179.2100372314453, 1.0], [112.75434112548828, 165.97109985351562, 1.0], [189.3158721923828, 189.17015075683594, 1.0], [247.18930053710938, 193.65338134765625, 1.0], [300.601318359375, 181.30935668945312, 1.0], [106.06402587890625, 191.0896759033203, 1.0], [126.39939880371094, 256.677734375, 1.0], [178.0089874267578, 255.5104522705078, 1.0], [219.2964630126953, 233.61474609375, 1.0], [104.90525817871094, 209.40798950195312, 1.0], [142.0080108642578, 241.12841796875, 1.0], [180.6478271484375, 252.6090087890625, 1.0], [207.68870544433594, 224.9659881591797, 1.0]], "is_left": 0}