{"hand_pts": [[200.32305908203125, 283.4283447265625, 1.0], [236.85621643066406, 247.38108825683594, 1.0], [281.85650634765625, 216.28903198242188, 1.0], [298.56829833984375, 179.04794311523438, 1.0], [272.2235107421875, 146.51622009277344, 1.0], [215.89625549316406, 148.2318572998047, 1.0], [202.56155395507812, 108.94969177246094, 1.0], [200.66717529296875, 145.11073303222656, 1.0], [206.60275268554688, 180.02337646484375, 1.0], [173.77505493164062, 154.2587890625, 1.0], [176.30007934570312, 158.5215606689453, 1.0], [189.64315795898438, 195.9736785888672, 1.0], [203.83926391601562, 232.5821533203125, 1.0], [141.95083618164062, 165.852294921875, 1.0], [112.49871063232422, 139.70663452148438, 1.0], [127.33836364746094, 177.33119201660156, 1.0], [144.86947631835938, 215.53353881835938, 1.0], [115.07025909423828, 185.94456481933594, 1.0], [100.10040283203125, 207.0353240966797, 1.0], [121.98207092285156, 236.28907775878906, 1.0], [146.2051239013672, 243.24815368652344, 1.0]], "is_left": 0}