{"hand_pts": [[188.089111328125, 118.33523559570312, 1.0], [165.07028198242188, 164.53207397460938, 1.0], [143.13278198242188, 204.1046142578125, 1.0], [164.07394409179688, 207.24403381347656, 1.0], [185.16799926757812, 208.23074340820312, 1.0], [253.97918701171875, 218.20498657226562, 1.0], [199.43838500976562, 236.3925323486328, 1.0], [145.90289306640625, 208.49790954589844, 1.0], [148.19117736816406, 183.75155639648438, 1.0], [260.9229431152344, 190.11276245117188, 1.0], [224.64459228515625, 217.67584228515625, 1.0], [184.5601348876953, 229.76242065429688, 1.0], [121.32791137695312, 227.6894989013672, 1.0], [255.0374755859375, 164.02850341796875, 1.0], [202.7605438232422, 175.30117797851562, 1.0], [138.35601806640625, 164.65121459960938, 1.0], [75.0248794555664, 150.0524139404297, 1.0], [241.36029052734375, 134.63966369628906, 1.0], [220.51425170898438, 129.52151489257812, 1.0], [172.42735290527344, 124.34364318847656, 1.0], [185.13772583007812, 129.0203399658203, 1.0]], "is_left": 0}