{"hand_pts": [[68.06697845458984, 140.51724243164062, 1.0], [107.46192169189453, 119.96843719482422, 1.0], [151.20352172851562, 81.59947204589844, 1.0], [194.55935668945312, 70.16857147216797, 1.0], [234.00656127929688, 71.10342407226562, 1.0], [195.8747100830078, 151.09341430664062, 1.0], [217.56248474121094, 145.8456573486328, 1.0], [205.6227569580078, 142.63796997070312, 1.0], [165.72695922851562, 142.44955444335938, 1.0], [182.68629455566406, 188.44937133789062, 1.0], [245.01182556152344, 206.97203063964844, 1.0], [238.21990966796875, 209.42955017089844, 1.0], [201.7598876953125, 200.61944580078125, 1.0], [165.93118286132812, 216.758056640625, 1.0], [224.91600036621094, 244.95083618164062, 1.0], [209.1298065185547, 242.38461303710938, 1.0], [188.08689880371094, 236.27598571777344, 1.0], [142.2445526123047, 239.37603759765625, 1.0], [145.9287109375, 273.978515625, 1.0], [126.34381103515625, 262.571044921875, 1.0], [105.84134674072266, 237.1281280517578, 1.0]], "is_left": 0}