{"hand_pts": [[205.650634765625, 195.23001098632812, 1.0], [156.91378784179688, 175.82530212402344, 1.0], [102.60154724121094, 138.70233154296875, 1.0], [71.08406066894531, 95.06532287597656, 1.0], [105.23458862304688, 70.71607971191406, 1.0], [163.18605041503906, 233.46910095214844, 1.0], [138.19276428222656, 183.7996826171875, 1.0], [128.0760498046875, 137.49937438964844, 1.0], [118.81900024414062, 93.25504302978516, 1.0], [205.35470581054688, 235.38157653808594, 1.0], [191.9676055908203, 248.8214111328125, 1.0], [177.60379028320312, 229.09927368164062, 1.0], [162.96376037597656, 181.4573974609375, 1.0], [237.04254150390625, 228.48057556152344, 1.0], [240.37039184570312, 255.61355590820312, 1.0], [230.19505310058594, 229.19290161132812, 1.0], [220.72360229492188, 204.7122344970703, 1.0], [265.1007385253906, 216.98184204101562, 1.0], [277.9670104980469, 194.05091857910156, 1.0], [258.18255615234375, 162.3926239013672, 1.0], [236.2841796875, 152.72305297851562, 1.0]], "is_left": 0}