{"hand_pts": [[72.22557830810547, 122.92032623291016, 1.0], [111.07862091064453, 183.5130615234375, 1.0], [116.5479965209961, 244.895263671875, 1.0], [117.63066101074219, 293.0072937011719, 1.0], [113.95539093017578, 298.3595275878906, 1.0], [218.3457489013672, 168.53395080566406, 1.0], [221.40509033203125, 232.50889587402344, 1.0], [171.12240600585938, 242.05943298339844, 1.0], [150.9889678955078, 208.904052734375, 1.0], [207.84481811523438, 138.2303466796875, 1.0], [259.3995666503906, 181.1092987060547, 1.0], [213.15562438964844, 217.8009490966797, 1.0], [168.34286499023438, 249.6263427734375, 1.0], [191.34078979492188, 119.68607330322266, 1.0], [236.80335998535156, 130.81092834472656, 1.0], [204.0284881591797, 169.46841430664062, 1.0], [175.5644073486328, 172.54608154296875, 1.0], [165.731201171875, 103.99649047851562, 1.0], [200.86856079101562, 91.8982925415039, 1.0], [217.8837890625, 104.47054290771484, 1.0], [238.3448944091797, 117.84428405761719, 1.0]], "is_left": 0}