{"hand_pts": [[289.5518493652344, 159.6974334716797, 1.0], [285.9833984375, 130.16567993164062, 1.0], [258.6607666015625, 77.21324157714844, 1.0], [222.56459045410156, 86.11458587646484, 1.0], [189.8192596435547, 99.55695343017578, 1.0], [178.53085327148438, 141.0093536376953, 1.0], [134.29922485351562, 130.24288940429688, 1.0], [126.291748046875, 132.1962890625, 1.0], [164.89146423339844, 148.9752960205078, 1.0], [169.35057067871094, 182.19700622558594, 1.0], [120.48920440673828, 192.356201171875, 1.0], [160.080810546875, 197.7921600341797, 1.0], [215.97052001953125, 197.45729064941406, 1.0], [171.82286071777344, 215.00466918945312, 1.0], [168.8714141845703, 244.2291717529297, 1.0], [222.22042846679688, 237.81686401367188, 1.0], [266.7890319824219, 222.51148986816406, 1.0], [184.13475036621094, 243.60443115234375, 1.0], [153.96034240722656, 264.63690185546875, 1.0], [158.1562957763672, 272.55072021484375, 1.0], [182.5460662841797, 270.87347412109375, 1.0]], "is_left": 0}