{"hand_pts": [[145.58175659179688, 339.3324279785156, 1.0], [164.2064971923828, 297.18365478515625, 1.0], [180.67483520507812, 260.24249267578125, 1.0], [194.62210083007812, 210.8726806640625, 1.0], [202.76675415039062, 175.17062377929688, 1.0], [225.547119140625, 230.67364501953125, 1.0], [218.85935974121094, 180.2722930908203, 1.0], [209.63082885742188, 148.5821990966797, 1.0], [186.0984649658203, 127.94536590576172, 1.0], [208.7576141357422, 225.0122528076172, 1.0], [211.56549072265625, 153.95140075683594, 1.0], [185.11505126953125, 127.36858367919922, 1.0], [160.78765869140625, 100.6731948852539, 1.0], [190.3315887451172, 221.37179565429688, 1.0], [213.01405334472656, 165.97579956054688, 1.0], [194.422607421875, 144.23382568359375, 1.0], [179.23304748535156, 168.04783630371094, 1.0], [168.84222412109375, 224.22482299804688, 1.0], [139.9292755126953, 191.8391571044922, 1.0], [118.21408081054688, 171.66090393066406, 1.0], [104.21681213378906, 193.3419189453125, 1.0]], "is_left": 0}