{"hand_pts": [[137.66485595703125, 176.1750030517578, 1.0], [173.39715576171875, 135.3664093017578, 1.0], [219.56024169921875, 92.90790557861328, 1.0], [264.4781188964844, 76.23262786865234, 1.0], [282.2385559082031, 110.384765625, 1.0], [131.23876953125, 138.44895935058594, 1.0], [175.3108673095703, 116.91252136230469, 1.0], [207.92076110839844, 104.98768615722656, 1.0], [246.44970703125, 97.7086181640625, 1.0], [118.39360809326172, 181.00669860839844, 1.0], [184.4141387939453, 203.2361297607422, 1.0], [222.1175537109375, 201.44691467285156, 1.0], [259.2835998535156, 201.28175354003906, 1.0], [115.69886779785156, 214.37879943847656, 1.0], [117.2548599243164, 248.87979125976562, 1.0], [128.8866424560547, 267.05517578125, 1.0], [153.09054565429688, 279.7556457519531, 1.0], [117.01331329345703, 244.16859436035156, 1.0], [150.27166748046875, 258.80194091796875, 1.0], [184.21182250976562, 260.2162170410156, 1.0], [216.18531799316406, 245.86888122558594, 1.0]], "is_left": 0}