{"hand_pts": [[50.81328201293945, 202.39602661132812, 1.0], [122.09725189208984, 233.8385467529297, 1.0], [175.7127685546875, 268.4490051269531, 1.0], [216.44369506835938, 274.7601318359375, 1.0], [225.7714080810547, 247.8921356201172, 1.0], [135.02859497070312, 232.4407958984375, 1.0], [205.5478973388672, 230.53677368164062, 1.0], [230.5279998779297, 222.3753662109375, 1.0], [253.5675506591797, 213.2082977294922, 1.0], [115.4895248413086, 196.3485565185547, 1.0], [194.24209594726562, 175.80072021484375, 1.0], [233.9697723388672, 169.92543029785156, 1.0], [255.59262084960938, 170.61888122558594, 1.0], [104.73834991455078, 166.96566772460938, 1.0], [177.2066192626953, 143.24179077148438, 1.0], [216.8624725341797, 135.5735626220703, 1.0], [244.8333740234375, 135.74569702148438, 1.0], [93.17781829833984, 140.10289001464844, 1.0], [132.2699737548828, 110.02323913574219, 1.0], [164.7402801513672, 97.76287841796875, 1.0], [181.17098999023438, 112.71731567382812, 1.0]], "is_left": 0}