{"hand_pts": [[91.71427917480469, 60.839599609375, 1.0], [92.96943664550781, 132.958984375, 1.0], [66.0906982421875, 189.02066040039062, 1.0], [91.6657485961914, 237.8123779296875, 1.0], [147.3775177001953, 254.26400756835938, 1.0], [108.76431274414062, 160.42877197265625, 1.0], [145.7708740234375, 214.94407653808594, 1.0], [176.27325439453125, 244.73789978027344, 1.0], [203.61973571777344, 262.3426208496094, 1.0], [141.26036071777344, 134.02479553222656, 1.0], [198.08848571777344, 191.80055236816406, 1.0], [216.1763458251953, 212.38204956054688, 1.0], [223.73794555664062, 223.34523010253906, 1.0], [169.38406372070312, 115.6980209350586, 1.0], [230.6639404296875, 160.09613037109375, 1.0], [257.48736572265625, 186.8446044921875, 1.0], [259.8009033203125, 199.87335205078125, 1.0], [193.30859375, 96.1285629272461, 1.0], [240.98834228515625, 124.26667785644531, 1.0], [256.11279296875, 146.55955505371094, 1.0], [240.45263671875, 154.3450164794922, 1.0]], "is_left": 0}