{"hand_pts": [[363.6261901855469, 170.86077880859375, 1.0], [305.63336181640625, 209.11854553222656, 1.0], [273.82916259765625, 231.1795196533203, 1.0], [219.5215301513672, 216.5404815673828, 1.0], [191.1437225341797, 191.19058227539062, 1.0], [230.63668823242188, 154.9338836669922, 1.0], [186.70179748535156, 217.30677795410156, 1.0], [179.32662963867188, 261.2433166503906, 1.0], [187.6222686767578, 298.2911071777344, 1.0], [229.42050170898438, 133.4888916015625, 1.0], [144.5697479248047, 159.47824096679688, 1.0], [125.16487121582031, 207.92930603027344, 1.0], [115.75205993652344, 253.70643615722656, 1.0], [229.10433959960938, 124.56107330322266, 1.0], [152.0342254638672, 116.04701232910156, 1.0], [137.89805603027344, 159.5626678466797, 1.0], [122.80168151855469, 200.8609161376953, 1.0], [236.28492736816406, 121.39669036865234, 1.0], [182.11085510253906, 132.0489044189453, 1.0], [145.48580932617188, 143.0283203125, 1.0], [128.01004028320312, 180.2918701171875, 1.0]], "is_left": 0}