{"hand_pts": [[322.71282958984375, 106.6373519897461, 1.0], [304.4393005371094, 108.18470001220703, 1.0], [302.38140869140625, 110.79360961914062, 1.0], [270.5192565917969, 134.50465393066406, 1.0], [225.71954345703125, 166.68679809570312, 1.0], [197.06622314453125, 103.8156967163086, 1.0], [139.77084350585938, 120.11786651611328, 1.0], [122.46458435058594, 150.76004028320312, 1.0], [139.4223175048828, 186.9107208251953, 1.0], [180.68319702148438, 131.69287109375, 1.0], [167.41696166992188, 205.02464294433594, 1.0], [213.77935791015625, 225.48779296875, 1.0], [253.04714965820312, 250.11155700683594, 1.0], [174.7320556640625, 157.5716552734375, 1.0], [128.11575317382812, 212.78907775878906, 1.0], [156.63165283203125, 238.05142211914062, 1.0], [183.09686279296875, 263.7936706542969, 1.0], [179.48098754882812, 180.94235229492188, 1.0], [136.8722381591797, 213.24282836914062, 1.0], [118.41426849365234, 238.59857177734375, 1.0], [132.24212646484375, 257.6557312011719, 1.0]], "is_left": 0}