{"hand_pts": [[138.394775390625, 348.81842041015625, 1.0], [125.60859680175781, 307.3443908691406, 1.0], [106.86322021484375, 294.2255554199219, 1.0], [102.96625518798828, 243.90438842773438, 1.0], [113.04417419433594, 189.90762329101562, 1.0], [212.60308837890625, 250.51954650878906, 1.0], [216.70416259765625, 186.69285583496094, 1.0], [185.72030639648438, 152.7231903076172, 1.0], [145.84957885742188, 135.47027587890625, 1.0], [228.81024169921875, 237.69650268554688, 1.0], [237.0506591796875, 155.9299774169922, 1.0], [196.09938049316406, 124.27535247802734, 1.0], [146.21104431152344, 118.066650390625, 1.0], [232.6820526123047, 226.82095336914062, 1.0], [239.93173217773438, 145.37063598632812, 1.0], [201.81396484375, 119.51936340332031, 1.0], [155.1344451904297, 120.3131103515625, 1.0], [228.00575256347656, 222.82994079589844, 1.0], [227.76220703125, 166.4209442138672, 1.0], [198.3909912109375, 143.16134643554688, 1.0], [157.49774169921875, 148.64801025390625, 1.0]], "is_left": 0}