{"hand_pts": [[87.43994903564453, 278.2923583984375, 1.0], [116.71315002441406, 270.7654113769531, 1.0], [154.04425048828125, 294.3598937988281, 1.0], [192.1593475341797, 299.3057556152344, 1.0], [217.50479125976562, 258.1145935058594, 1.0], [210.28309631347656, 236.21421813964844, 1.0], [192.198486328125, 194.23873901367188, 1.0], [148.65797424316406, 198.923095703125, 1.0], [107.7779769897461, 206.5152587890625, 1.0], [203.22335815429688, 209.75559997558594, 1.0], [240.27452087402344, 151.79949951171875, 1.0], [212.92808532714844, 132.91476440429688, 1.0], [170.81761169433594, 146.2205047607422, 1.0], [190.5450439453125, 188.28016662597656, 1.0], [231.30320739746094, 142.2222137451172, 1.0], [205.61856079101562, 131.47860717773438, 1.0], [185.2790985107422, 117.01925659179688, 1.0], [170.20257568359375, 172.3396453857422, 1.0], [168.2715301513672, 135.81861877441406, 1.0], [159.4410858154297, 114.58332824707031, 1.0], [148.74900817871094, 94.74236297607422, 1.0]], "is_left": 0}