{"hand_pts": [[62.925228118896484, 50.1339225769043, 1.0], [85.2371597290039, 101.1771011352539, 1.0], [80.9466781616211, 143.74624633789062, 1.0], [99.96353912353516, 186.4127197265625, 1.0], [128.4951171875, 225.1199951171875, 1.0], [112.9057388305664, 185.83091735839844, 1.0], [159.27902221679688, 229.576416015625, 1.0], [194.39097595214844, 235.08157348632812, 1.0], [227.8814697265625, 233.54998779296875, 1.0], [134.04153442382812, 169.8085479736328, 1.0], [197.7633056640625, 215.23196411132812, 1.0], [230.8647003173828, 213.02574157714844, 1.0], [242.9251708984375, 189.5311737060547, 1.0], [153.10009765625, 152.6797332763672, 1.0], [220.25418090820312, 193.27645874023438, 1.0], [252.14935302734375, 190.001708984375, 1.0], [272.74078369140625, 177.59226989746094, 1.0], [167.4127655029297, 129.20079040527344, 1.0], [215.25157165527344, 153.22109985351562, 1.0], [248.6374053955078, 164.118896484375, 1.0], [276.59564208984375, 168.4716339111328, 1.0]], "is_left": 0}