{"hand_pts": [[333.51153564453125, 174.61341857910156, 1.0], [297.58367919921875, 209.93177795410156, 1.0], [273.9617614746094, 247.29107666015625, 1.0], [239.45689392089844, 260.6717529296875, 1.0], [204.43499755859375, 258.9232177734375, 1.0], [221.0496826171875, 205.5520782470703, 1.0], [167.8138427734375, 215.74185180664062, 1.0], [134.89633178710938, 220.4375, 1.0], [104.7577896118164, 223.35919189453125, 1.0], [220.77029418945312, 173.68038940429688, 1.0], [159.19505310058594, 180.81378173828125, 1.0], [126.31744384765625, 187.7981414794922, 1.0], [95.84325408935547, 194.2376708984375, 1.0], [224.49246215820312, 149.40208435058594, 1.0], [170.5366668701172, 146.65464782714844, 1.0], [155.57229614257812, 151.3035125732422, 1.0], [139.44761657714844, 154.95306396484375, 1.0], [235.4839324951172, 127.87843322753906, 1.0], [202.16676330566406, 121.18101501464844, 1.0], [185.0106658935547, 121.1888198852539, 1.0], [172.29293823242188, 126.24324035644531, 1.0]], "is_left": 0}