{"hand_pts": [[234.90713500976562, 145.04185485839844, 1.0], [162.45599365234375, 151.08041381835938, 1.0], [92.55728149414062, 130.99359130859375, 1.0], [92.03763580322266, 103.52747344970703, 1.0], [151.1084747314453, 104.97718048095703, 1.0], [148.45870971679688, 246.88572692871094, 1.0], [115.06962585449219, 239.93634033203125, 1.0], [106.2256088256836, 199.7587890625, 1.0], [119.4157943725586, 152.62290954589844, 1.0], [200.86204528808594, 246.81748962402344, 1.0], [171.78109741210938, 192.31219482421875, 1.0], [173.95790100097656, 150.33013916015625, 1.0], [184.38380432128906, 148.85902404785156, 1.0], [241.5867919921875, 237.1392059326172, 1.0], [225.56820678710938, 247.22146606445312, 1.0], [210.4596405029297, 203.26202392578125, 1.0], [199.35360717773438, 156.81788635253906, 1.0], [280.2514343261719, 219.17166137695312, 1.0], [287.95819091796875, 222.1637725830078, 1.0], [266.97772216796875, 185.68673706054688, 1.0], [257.1374206542969, 179.55447387695312, 1.0]], "is_left": 0}