{"hand_pts": [[168.13949584960938, 312.77374267578125, 1.0], [211.4703369140625, 252.74566650390625, 1.0], [265.26666259765625, 214.52239990234375, 1.0], [254.82708740234375, 177.5311737060547, 1.0], [216.1715087890625, 164.5364532470703, 1.0], [239.4226837158203, 221.12274169921875, 1.0], [247.47024536132812, 170.54542541503906, 1.0], [229.9223175048828, 140.2406005859375, 1.0], [211.1252899169922, 111.91183471679688, 1.0], [200.4601287841797, 232.9949951171875, 1.0], [199.7147674560547, 165.9231719970703, 1.0], [194.638671875, 139.89523315429688, 1.0], [188.09938049316406, 144.9386444091797, 1.0], [166.704345703125, 240.0429229736328, 1.0], [164.17649841308594, 180.6197509765625, 1.0], [155.5557098388672, 151.99098205566406, 1.0], [150.36227416992188, 147.5738525390625, 1.0], [132.95822143554688, 249.88938903808594, 1.0], [97.00233459472656, 218.76800537109375, 1.0], [80.73139953613281, 206.93959045410156, 1.0], [67.72381591796875, 195.81124877929688, 1.0]], "is_left": 0}