{"hand_pts": [[319.5577392578125, 304.6982727050781, 1.0], [297.30902099609375, 242.31854248046875, 1.0], [305.6944885253906, 199.53399658203125, 1.0], [274.0500793457031, 151.3755340576172, 1.0], [224.704833984375, 133.83200073242188, 1.0], [224.75332641601562, 199.04547119140625, 1.0], [173.4617156982422, 144.8631591796875, 1.0], [172.27676391601562, 136.8133544921875, 1.0], [197.10032653808594, 156.7494659423828, 1.0], [201.60116577148438, 217.92086791992188, 1.0], [139.6337890625, 157.61341857910156, 1.0], [157.91493225097656, 154.89434814453125, 1.0], [192.57891845703125, 167.29754638671875, 1.0], [184.97813415527344, 232.03807067871094, 1.0], [111.13794708251953, 177.49220275878906, 1.0], [133.7565460205078, 177.38124084472656, 1.0], [181.30337524414062, 200.18646240234375, 1.0], [177.11557006835938, 249.54164123535156, 1.0], [120.30689239501953, 221.03073120117188, 1.0], [106.82823181152344, 200.07333374023438, 1.0], [129.7181854248047, 191.38255310058594, 1.0]], "is_left": 0}