{"hand_pts": [[286.5813903808594, 125.4935073852539, 1.0], [232.1221160888672, 152.6692352294922, 1.0], [176.49783325195312, 156.59619140625, 1.0], [135.96209716796875, 149.1363067626953, 1.0], [128.60763549804688, 140.76693725585938, 1.0], [244.6817169189453, 221.08956909179688, 1.0], [182.2965850830078, 223.90090942382812, 1.0], [132.3128662109375, 208.0183563232422, 1.0], [101.71529388427734, 172.06072998046875, 1.0], [255.91725158691406, 205.74777221679688, 1.0], [234.9130096435547, 251.40818786621094, 1.0], [201.27676391601562, 268.8063659667969, 1.0], [147.93557739257812, 247.84494018554688, 1.0], [258.05426025390625, 187.44754028320312, 1.0], [187.89126586914062, 197.2886199951172, 1.0], [149.7516632080078, 168.24258422851562, 1.0], [124.78157806396484, 138.6291046142578, 1.0], [259.22552490234375, 163.86114501953125, 1.0], [206.58714294433594, 156.18853759765625, 1.0], [188.23138427734375, 136.84458923339844, 1.0], [183.3251953125, 121.2762680053711, 1.0]], "is_left": 0}