{"hand_pts": [[263.7395935058594, 76.14692687988281, 1.0], [267.4796447753906, 122.9515151977539, 1.0], [297.5988464355469, 162.00035095214844, 1.0], [263.8408508300781, 187.14710998535156, 1.0], [229.68704223632812, 205.42807006835938, 1.0], [227.68988037109375, 190.17892456054688, 1.0], [200.2709197998047, 207.03114318847656, 1.0], [198.2399139404297, 188.93399047851562, 1.0], [195.49803161621094, 171.33352661132812, 1.0], [198.0274200439453, 177.661865234375, 1.0], [191.32940673828125, 198.31399536132812, 1.0], [202.72067260742188, 189.63894653320312, 1.0], [210.21421813964844, 185.6678466796875, 1.0], [175.72149658203125, 164.68563842773438, 1.0], [127.08972930908203, 208.52769470214844, 1.0], [119.3950424194336, 213.0982208251953, 1.0], [110.74803161621094, 218.52796936035156, 1.0], [159.44711303710938, 146.41940307617188, 1.0], [118.36096954345703, 162.40972900390625, 1.0], [97.57579040527344, 170.12461853027344, 1.0], [120.33026885986328, 162.386962890625, 1.0]], "is_left": 0}