{"hand_pts": [[151.13522338867188, 98.71858978271484, 1.0], [127.3836441040039, 160.2864227294922, 1.0], [85.21453094482422, 207.98934936523438, 1.0], [96.0575180053711, 249.75587463378906, 1.0], [139.2848358154297, 263.91290283203125, 1.0], [124.3968505859375, 129.2748260498047, 1.0], [135.39273071289062, 176.9561004638672, 1.0], [154.34335327148438, 223.10931396484375, 1.0], [174.55226135253906, 261.5604248046875, 1.0], [159.5349578857422, 106.84540557861328, 1.0], [184.34080505371094, 159.21282958984375, 1.0], [199.7041015625, 213.81617736816406, 1.0], [206.81614685058594, 257.2476806640625, 1.0], [189.47628784179688, 96.60332489013672, 1.0], [223.38641357421875, 141.72093200683594, 1.0], [237.73272705078125, 189.6201171875, 1.0], [238.5186309814453, 226.6720428466797, 1.0], [217.403564453125, 89.49711608886719, 1.0], [250.9664306640625, 120.39723205566406, 1.0], [262.77349853515625, 160.68341064453125, 1.0], [254.4600372314453, 194.9148406982422, 1.0]], "is_left": 0}