{"hand_pts": [[287.2168884277344, 130.51844787597656, 1.0], [250.23446655273438, 187.9896240234375, 1.0], [231.38009643554688, 247.7426300048828, 1.0], [199.88674926757812, 284.5059814453125, 1.0], [165.41368103027344, 270.3006286621094, 1.0], [207.8003692626953, 220.5813446044922, 1.0], [165.9709014892578, 263.1486511230469, 1.0], [137.21900939941406, 263.8716125488281, 1.0], [138.7483673095703, 238.4550018310547, 1.0], [207.16725158691406, 176.4456329345703, 1.0], [156.00344848632812, 207.40512084960938, 1.0], [156.21202087402344, 208.24366760253906, 1.0], [152.1748046875, 211.15359497070312, 1.0], [206.27120971679688, 141.44741821289062, 1.0], [163.61880493164062, 116.85570526123047, 1.0], [179.5860595703125, 113.03321075439453, 1.0], [197.19544982910156, 111.4925765991211, 1.0], [209.8307647705078, 108.03033447265625, 1.0], [181.3953094482422, 86.3006362915039, 1.0], [190.2049102783203, 93.26490783691406, 1.0], [205.73683166503906, 107.31726837158203, 1.0]], "is_left": 0}