{"hand_pts": [[201.79833984375, 265.9903564453125, 1.0], [226.60400390625, 205.84500122070312, 1.0], [246.3507537841797, 144.72372436523438, 1.0], [260.36505126953125, 99.49309539794922, 1.0], [260.8611145019531, 91.92870330810547, 1.0], [168.98892211914062, 168.8679962158203, 1.0], [135.94384765625, 135.9691619873047, 1.0], [144.0177001953125, 123.28446197509766, 1.0], [177.98207092285156, 131.29913330078125, 1.0], [155.212158203125, 206.8174285888672, 1.0], [124.49464416503906, 164.71286010742188, 1.0], [164.50831604003906, 154.27749633789062, 1.0], [208.2613067626953, 156.5850830078125, 1.0], [151.91285705566406, 237.94131469726562, 1.0], [128.2320098876953, 205.63961791992188, 1.0], [165.92803955078125, 195.8645782470703, 1.0], [206.7533416748047, 192.9458770751953, 1.0], [154.25367736816406, 269.80474853515625, 1.0], [178.20953369140625, 280.4014892578125, 1.0], [208.902099609375, 276.409423828125, 1.0], [224.3754425048828, 266.5235900878906, 1.0]], "is_left": 0}