{"hand_pts": [[137.6717071533203, 343.40008544921875, 1.0], [181.78114318847656, 299.4524841308594, 1.0], [225.23849487304688, 279.3124694824219, 1.0], [248.88021850585938, 234.04061889648438, 1.0], [248.3869171142578, 179.48057556152344, 1.0], [242.22640991210938, 234.64810180664062, 1.0], [227.16824340820312, 186.60372924804688, 1.0], [201.45484924316406, 173.30711364746094, 1.0], [171.83843994140625, 166.88096618652344, 1.0], [209.53195190429688, 225.97055053710938, 1.0], [191.90023803710938, 150.72366333007812, 1.0], [162.5936279296875, 143.7175750732422, 1.0], [145.87429809570312, 181.1155242919922, 1.0], [179.5469207763672, 219.2721405029297, 1.0], [197.15402221679688, 151.1425018310547, 1.0], [191.03114318847656, 113.30974578857422, 1.0], [177.38223266601562, 123.05804443359375, 1.0], [147.2567596435547, 219.50955200195312, 1.0], [123.06497955322266, 173.26681518554688, 1.0], [103.17759704589844, 148.24176025390625, 1.0], [85.3643569946289, 141.53517150878906, 1.0]], "is_left": 0}