{"hand_pts": [[74.57543182373047, 109.75252532958984, 1.0], [140.44505310058594, 152.17129516601562, 1.0], [179.82765197753906, 200.63107299804688, 1.0], [211.63345336914062, 217.69363403320312, 1.0], [223.96322631835938, 210.9827880859375, 1.0], [142.70848083496094, 212.66395568847656, 1.0], [201.95794677734375, 238.6100616455078, 1.0], [239.3874053955078, 215.3623504638672, 1.0], [270.7960205078125, 188.50698852539062, 1.0], [124.58678436279297, 185.73565673828125, 1.0], [167.0419464111328, 215.1815643310547, 1.0], [209.2555694580078, 223.44476318359375, 1.0], [251.63824462890625, 206.79222106933594, 1.0], [115.923583984375, 160.23263549804688, 1.0], [187.2039794921875, 163.24972534179688, 1.0], [221.80116271972656, 143.76109313964844, 1.0], [214.1914520263672, 128.0052032470703, 1.0], [107.44762420654297, 131.58609008789062, 1.0], [127.24588775634766, 146.48768615722656, 1.0], [156.1954803466797, 153.15591430664062, 1.0], [196.19110107421875, 155.2064971923828, 1.0]], "is_left": 0}