{"hand_pts": [[70.71094512939453, 125.47344970703125, 1.0], [98.84276580810547, 110.42779541015625, 1.0], [126.75640106201172, 95.3161849975586, 1.0], [168.62185668945312, 119.55866241455078, 1.0], [181.90760803222656, 156.7454376220703, 1.0], [118.51033020019531, 149.3953857421875, 1.0], [174.2835235595703, 151.30174255371094, 1.0], [183.55029296875, 140.81338500976562, 1.0], [161.33985900878906, 133.48048400878906, 1.0], [133.5207977294922, 178.14395141601562, 1.0], [150.11358642578125, 195.9729766845703, 1.0], [179.1880645751953, 202.7505340576172, 1.0], [215.0325927734375, 200.51223754882812, 1.0], [148.31918334960938, 197.84310913085938, 1.0], [212.30564880371094, 222.90802001953125, 1.0], [248.3743133544922, 225.56564331054688, 1.0], [282.7533874511719, 228.4686737060547, 1.0], [159.22586059570312, 211.58839416503906, 1.0], [201.9250946044922, 232.99009704589844, 1.0], [231.96046447753906, 245.94651794433594, 1.0], [260.4346923828125, 244.8611602783203, 1.0]], "is_left": 0}