{"hand_pts": [[203.97503662109375, 68.57405090332031, 1.0], [179.6460723876953, 148.96742248535156, 1.0], [163.5560302734375, 213.10009765625, 1.0], [145.94586181640625, 259.9664001464844, 1.0], [137.60166931152344, 263.8183288574219, 1.0], [254.12754821777344, 199.5297393798828, 1.0], [237.74842834472656, 251.42257690429688, 1.0], [187.60202026367188, 245.99017333984375, 1.0], [157.25543212890625, 220.25685119628906, 1.0], [263.56365966796875, 163.1474609375, 1.0], [215.6031494140625, 214.0992889404297, 1.0], [158.22659301757812, 230.12794494628906, 1.0], [122.97632598876953, 215.1819610595703, 1.0], [260.93560791015625, 134.11904907226562, 1.0], [187.7349395751953, 168.24766540527344, 1.0], [138.53543090820312, 166.613525390625, 1.0], [123.81549072265625, 149.60411071777344, 1.0], [251.49624633789062, 102.35879516601562, 1.0], [204.43357849121094, 101.93077087402344, 1.0], [163.71231079101562, 99.32735443115234, 1.0], [160.47413635253906, 98.86258697509766, 1.0]], "is_left": 0,"label":3}