{"hand_pts": [[158.64825439453125, 312.3050842285156, 1.0], [150.70120239257812, 232.81468200683594, 1.0], [161.3050994873047, 166.92127990722656, 1.0], [168.50433349609375, 128.84010314941406, 1.0], [173.18881225585938, 108.4083480834961, 1.0], [214.11923217773438, 188.0487060546875, 1.0], [230.9781951904297, 146.67120361328125, 1.0], [192.77687072753906, 127.60745239257812, 1.0], [152.07237243652344, 134.524658203125, 1.0], [209.96775817871094, 221.03184509277344, 1.0], [236.84005737304688, 157.86856079101562, 1.0], [197.96194458007812, 123.27445983886719, 1.0], [153.02610778808594, 103.56620788574219, 1.0], [198.50872802734375, 246.12767028808594, 1.0], [185.56634521484375, 211.31690979003906, 1.0], [162.395751953125, 187.7862548828125, 1.0], [125.1497573852539, 164.40614318847656, 1.0], [182.41761779785156, 273.4300537109375, 1.0], [187.18814086914062, 267.1283874511719, 1.0], [187.5529327392578, 260.32958984375, 1.0], [172.56204223632812, 235.305908203125, 1.0]], "is_left": 0}