{"hand_pts": [[51.843040466308594, 187.69830322265625, 1.0], [75.52526092529297, 177.6676788330078, 1.0], [70.92007446289062, 174.84678649902344, 1.0], [106.14420318603516, 163.94691467285156, 1.0], [159.74635314941406, 152.16563415527344, 1.0], [133.8176727294922, 227.4971160888672, 1.0], [182.8500213623047, 201.0315399169922, 1.0], [196.62594604492188, 165.5771026611328, 1.0], [188.80638122558594, 134.8272247314453, 1.0], [154.01138305664062, 228.94329833984375, 1.0], [230.26251220703125, 233.68272399902344, 1.0], [249.1462860107422, 195.617431640625, 1.0], [257.6128845214844, 157.75743103027344, 1.0], [169.38162231445312, 223.67471313476562, 1.0], [243.30995178222656, 210.22402954101562, 1.0], [244.96746826171875, 175.15159606933594, 1.0], [212.08096313476562, 155.06936645507812, 1.0], [177.19337463378906, 214.28981018066406, 1.0], [218.14459228515625, 181.60980224609375, 1.0], [197.23260498046875, 160.36610412597656, 1.0], [157.84877014160156, 159.09027099609375, 1.0]], "is_left": 0}