{"hand_pts": [[364.19610595703125, 149.329345703125, 1.0], [295.7640686035156, 168.82769775390625, 1.0], [251.03904724121094, 161.91091918945312, 1.0], [203.70848083496094, 200.4054718017578, 1.0], [196.6791229248047, 238.32485961914062, 1.0], [198.05963134765625, 116.70318603515625, 1.0], [130.64804077148438, 142.75682067871094, 1.0], [134.2222900390625, 190.3445281982422, 1.0], [143.92398071289062, 236.27825927734375, 1.0], [208.84725952148438, 119.98623657226562, 1.0], [151.64112854003906, 182.9059295654297, 1.0], [181.746337890625, 224.20960998535156, 1.0], [227.9917449951172, 230.66458129882812, 1.0], [220.2109375, 130.53585815429688, 1.0], [144.04934692382812, 140.79360961914062, 1.0], [119.30297088623047, 178.29656982421875, 1.0], [107.14242553710938, 219.50344848632812, 1.0], [239.5217742919922, 144.39129638671875, 1.0], [202.17185974121094, 179.2763671875, 1.0], [187.48606872558594, 213.78457641601562, 1.0], [202.7987060546875, 240.9611358642578, 1.0]], "is_left": 0}