{"hand_pts": [[39.58141326904297, 284.2331848144531, 1.0], [75.72903442382812, 217.62037658691406, 1.0], [82.13191223144531, 156.3166961669922, 1.0], [135.57418823242188, 136.42250061035156, 1.0], [185.42587280273438, 148.18507385253906, 1.0], [124.6418228149414, 160.82972717285156, 1.0], [168.287109375, 123.14920806884766, 1.0], [212.07789611816406, 106.29671478271484, 1.0], [237.81703186035156, 115.0759048461914, 1.0], [139.27952575683594, 196.297119140625, 1.0], [202.39566040039062, 151.5971221923828, 1.0], [236.29794311523438, 127.94818115234375, 1.0], [261.84222412109375, 111.5364761352539, 1.0], [151.9922637939453, 226.65548706054688, 1.0], [221.35179138183594, 219.06051635742188, 1.0], [217.88558959960938, 231.98526000976562, 1.0], [173.97987365722656, 240.87779235839844, 1.0], [158.3957061767578, 259.8517761230469, 1.0], [205.83277893066406, 259.0524597167969, 1.0], [229.49742126464844, 260.67010498046875, 1.0], [210.28518676757812, 264.12420654296875, 1.0]], "is_left": 0}