{"hand_pts": [[78.15347290039062, 239.43740844726562, 1.0], [99.03443908691406, 234.88172912597656, 1.0], [88.91764068603516, 234.41485595703125, 1.0], [113.2004623413086, 232.8459930419922, 1.0], [151.18038940429688, 230.76577758789062, 1.0], [112.71104431152344, 170.8740997314453, 1.0], [136.5270233154297, 148.74258422851562, 1.0], [167.9136199951172, 150.08944702148438, 1.0], [204.7276153564453, 164.66893005371094, 1.0], [136.77406311035156, 167.2797088623047, 1.0], [189.26171875, 155.0518341064453, 1.0], [225.26112365722656, 167.11961364746094, 1.0], [255.74378967285156, 186.0811004638672, 1.0], [159.86517333984375, 170.5258331298828, 1.0], [214.2616729736328, 145.09674072265625, 1.0], [250.67897033691406, 160.61419677734375, 1.0], [277.8019714355469, 182.35794067382812, 1.0], [179.25811767578125, 179.47930908203125, 1.0], [234.66749572753906, 186.0870361328125, 1.0], [260.68701171875, 205.77536010742188, 1.0], [256.52978515625, 229.66036987304688, 1.0]], "is_left": 0}