{"hand_pts": [[91.82488250732422, 99.45130920410156, 1.0], [131.13462829589844, 159.97705078125, 1.0], [164.06442260742188, 209.3634490966797, 1.0], [191.10006713867188, 220.85171508789062, 1.0], [188.16488647460938, 191.44223022460938, 1.0], [236.5784454345703, 161.63699340820312, 1.0], [227.7086181640625, 220.39498901367188, 1.0], [179.20144653320312, 243.97434997558594, 1.0], [130.2186279296875, 238.05154418945312, 1.0], [215.47767639160156, 137.13180541992188, 1.0], [277.2673034667969, 173.39476013183594, 1.0], [280.5890808105469, 212.5982666015625, 1.0], [252.6123504638672, 251.27955627441406, 1.0], [189.2008514404297, 121.69831848144531, 1.0], [194.284423828125, 171.59779357910156, 1.0], [179.29727172851562, 206.4107666015625, 1.0], [137.5625, 234.0504913330078, 1.0], [154.71481323242188, 106.93876647949219, 1.0], [121.83226013183594, 132.9019012451172, 1.0], [88.05763244628906, 150.6522216796875, 1.0], [107.44721984863281, 135.56625366210938, 1.0]], "is_left": 0}