{"hand_pts": [[280.24560546875, 149.529541015625, 1.0], [263.5240478515625, 184.3603973388672, 1.0], [287.68475341796875, 208.44920349121094, 1.0], [299.00469970703125, 222.4391326904297, 1.0], [276.260009765625, 206.7433624267578, 1.0], [183.14524841308594, 199.25999450683594, 1.0], [138.1459503173828, 218.40130615234375, 1.0], [114.68250274658203, 228.63365173339844, 1.0], [89.8458023071289, 238.1630096435547, 1.0], [174.85238647460938, 176.94125366210938, 1.0], [169.9086151123047, 186.3479461669922, 1.0], [193.7124481201172, 188.8101348876953, 1.0], [216.9998779296875, 190.9246826171875, 1.0], [173.80873107910156, 159.10118103027344, 1.0], [137.9566650390625, 154.56390380859375, 1.0], [151.46365356445312, 155.64585876464844, 1.0], [176.34400939941406, 159.01712036132812, 1.0], [180.39300537109375, 141.3395538330078, 1.0], [156.3771209716797, 146.8831787109375, 1.0], [143.69590759277344, 151.2581787109375, 1.0], [162.3916778564453, 159.37191772460938, 1.0]], "is_left": 0}