{"hand_pts": [[321.2265930175781, 201.69093322753906, 1.0], [276.5005187988281, 158.8763885498047, 1.0], [271.6161193847656, 121.92708587646484, 1.0], [252.47622680664062, 88.99334716796875, 1.0], [212.19850158691406, 62.84001541137695, 1.0], [234.90086364746094, 194.80841064453125, 1.0], [196.51458740234375, 191.77696228027344, 1.0], [154.56280517578125, 177.26144409179688, 1.0], [112.7471923828125, 158.73898315429688, 1.0], [224.87940979003906, 224.76400756835938, 1.0], [137.78343200683594, 202.15167236328125, 1.0], [121.21663665771484, 169.35531616210938, 1.0], [95.40707397460938, 139.10577392578125, 1.0], [214.50648498535156, 243.30787658691406, 1.0], [132.4619598388672, 225.58682250976562, 1.0], [142.65853881835938, 198.92652893066406, 1.0], [175.64144897460938, 184.85523986816406, 1.0], [209.3679962158203, 257.1075744628906, 1.0], [153.3466033935547, 248.63966369628906, 1.0], [151.2348175048828, 219.17349243164062, 1.0], [184.3748779296875, 205.52386474609375, 1.0]], "is_left": 0}