{"hand_pts": [[151.71304321289062, 109.01847839355469, 1.0], [207.89181518554688, 120.70159149169922, 1.0], [262.8096618652344, 113.99403381347656, 1.0], [278.5694580078125, 150.65817260742188, 1.0], [280.4101867675781, 190.0924835205078, 1.0], [189.1956787109375, 113.3235092163086, 1.0], [222.04852294921875, 165.2174072265625, 1.0], [239.85479736328125, 196.0411834716797, 1.0], [246.72085571289062, 211.5872344970703, 1.0], [152.22735595703125, 132.07553100585938, 1.0], [184.50595092773438, 194.67007446289062, 1.0], [214.1915283203125, 233.95669555664062, 1.0], [239.96449279785156, 271.8196716308594, 1.0], [127.50507354736328, 151.541015625, 1.0], [113.38705444335938, 166.84999084472656, 1.0], [132.3854217529297, 196.8201446533203, 1.0], [164.64605712890625, 224.4552764892578, 1.0], [106.74938201904297, 169.55560302734375, 1.0], [85.91975402832031, 197.634521484375, 1.0], [92.74873352050781, 225.21719360351562, 1.0], [128.1470489501953, 228.45498657226562, 1.0]], "is_left": 0}