{"hand_pts": [[59.5861930847168, 262.228759765625, 1.0], [73.83705139160156, 255.39962768554688, 1.0], [65.97307586669922, 246.59976196289062, 1.0], [89.57979583740234, 230.39889526367188, 1.0], [135.8341522216797, 211.71987915039062, 1.0], [123.71346282958984, 156.20237731933594, 1.0], [170.19558715820312, 156.1307830810547, 1.0], [186.99790954589844, 198.341552734375, 1.0], [189.400146484375, 245.72784423828125, 1.0], [151.85389709472656, 152.88900756835938, 1.0], [199.65509033203125, 160.08358764648438, 1.0], [206.19204711914062, 207.61373901367188, 1.0], [209.8990478515625, 252.8662872314453, 1.0], [174.2711639404297, 160.11178588867188, 1.0], [230.48153686523438, 107.38914489746094, 1.0], [248.61341857910156, 138.53179931640625, 1.0], [242.53453063964844, 185.68026733398438, 1.0], [189.8121795654297, 176.34518432617188, 1.0], [235.3188018798828, 140.9355926513672, 1.0], [255.0614013671875, 152.3863525390625, 1.0], [254.96783447265625, 182.97457885742188, 1.0]], "is_left": 0}