{"hand_pts": [[167.906494140625, 25.31167984008789, 1.0], [213.1269073486328, 84.28602600097656, 1.0], [249.9781036376953, 129.294921875, 1.0], [269.7404479980469, 177.343505859375, 1.0], [251.31422424316406, 191.63584899902344, 1.0], [173.62112426757812, 176.3408966064453, 1.0], [194.80345153808594, 238.7505340576172, 1.0], [227.55555725097656, 231.63113403320312, 1.0], [243.0621795654297, 196.5164337158203, 1.0], [146.91770935058594, 161.54603576660156, 1.0], [137.87033081054688, 241.4677734375, 1.0], [173.12139892578125, 259.9344482421875, 1.0], [209.67140197753906, 265.7213439941406, 1.0], [132.33847045898438, 145.50877380371094, 1.0], [115.48188781738281, 206.94668579101562, 1.0], [118.5776138305664, 239.0582275390625, 1.0], [153.48300170898438, 244.5872802734375, 1.0], [122.6079330444336, 122.1128158569336, 1.0], [157.25169372558594, 120.69402313232422, 1.0], [185.97520446777344, 108.1777114868164, 1.0], [217.50596618652344, 94.51398468017578, 1.0]], "is_left": 0}