{"hand_pts": [[82.05158233642578, 122.24284362792969, 1.0], [94.8492431640625, 159.60581970214844, 1.0], [77.48400115966797, 188.27615356445312, 1.0], [72.02145385742188, 220.97177124023438, 1.0], [98.7000961303711, 261.3844299316406, 1.0], [168.94125366210938, 118.09981536865234, 1.0], [200.72166442871094, 135.1161346435547, 1.0], [201.9662322998047, 180.54481506347656, 1.0], [185.13243103027344, 192.44960021972656, 1.0], [194.05567932128906, 108.83487701416016, 1.0], [213.34840393066406, 182.6387939453125, 1.0], [184.63902282714844, 225.45114135742188, 1.0], [146.64047241210938, 235.46800231933594, 1.0], [210.80381774902344, 109.44898986816406, 1.0], [256.14178466796875, 173.9429168701172, 1.0], [264.0828857421875, 219.14369201660156, 1.0], [233.85745239257812, 250.36318969726562, 1.0], [218.84434509277344, 113.66265869140625, 1.0], [242.36546325683594, 162.6411895751953, 1.0], [222.06622314453125, 195.3958740234375, 1.0], [183.80039978027344, 204.03504943847656, 1.0]], "is_left": 0}