{"hand_pts": [[171.1903839111328, 15.342428207397461, 1.0], [203.92727661132812, 66.43986511230469, 1.0], [250.1023712158203, 88.68965911865234, 1.0], [238.57525634765625, 134.91140747070312, 1.0], [194.71327209472656, 148.84458923339844, 1.0], [245.49578857421875, 159.55108642578125, 1.0], [253.97052001953125, 226.997802734375, 1.0], [234.0843048095703, 242.27174377441406, 1.0], [205.5856170654297, 215.6017608642578, 1.0], [214.46478271484375, 165.21307373046875, 1.0], [202.800048828125, 250.7591094970703, 1.0], [180.29835510253906, 259.87457275390625, 1.0], [162.8515167236328, 232.20269775390625, 1.0], [185.16822814941406, 166.50335693359375, 1.0], [149.71615600585938, 222.34375, 1.0], [128.31581115722656, 206.19842529296875, 1.0], [123.3124771118164, 164.7256622314453, 1.0], [154.44195556640625, 157.9438018798828, 1.0], [126.5989761352539, 195.94630432128906, 1.0], [113.78633117675781, 185.00657653808594, 1.0], [120.356689453125, 148.29754638671875, 1.0]], "is_left": 0}