{"hand_pts": [[340.3778076171875, 114.15635681152344, 1.0], [272.5055847167969, 106.29682159423828, 1.0], [227.45498657226562, 89.4358139038086, 1.0], [177.11346435546875, 91.27945709228516, 1.0], [157.175048828125, 125.58924865722656, 1.0], [219.62890625, 181.70193481445312, 1.0], [163.03688049316406, 171.14108276367188, 1.0], [186.2938232421875, 142.1634063720703, 1.0], [222.09661865234375, 121.79314422607422, 1.0], [231.12779235839844, 204.9443817138672, 1.0], [153.0159454345703, 225.5316925048828, 1.0], [113.3023452758789, 209.94615173339844, 1.0], [105.86420440673828, 173.68734741210938, 1.0], [239.11029052734375, 217.3458251953125, 1.0], [168.9249267578125, 230.14279174804688, 1.0], [149.65298461914062, 203.04153442382812, 1.0], [128.8440704345703, 178.30137634277344, 1.0], [251.9110107421875, 221.57167053222656, 1.0], [212.359375, 256.294921875, 1.0], [178.26783752441406, 266.4078674316406, 1.0], [155.74354553222656, 240.96026611328125, 1.0]], "is_left": 0}