{"hand_pts": [[95.55607604980469, 78.98784637451172, 1.0], [160.08839416503906, 94.0884017944336, 1.0], [208.57064819335938, 91.07969665527344, 1.0], [238.0350341796875, 117.2017822265625, 1.0], [216.52392578125, 157.34959411621094, 1.0], [197.00926208496094, 139.6487274169922, 1.0], [239.08786010742188, 177.89132690429688, 1.0], [263.8323059082031, 204.66604614257812, 1.0], [285.93939208984375, 231.30894470214844, 1.0], [161.85731506347656, 160.61106872558594, 1.0], [210.7550506591797, 198.97171020507812, 1.0], [226.2816925048828, 214.7454833984375, 1.0], [239.1128387451172, 227.942626953125, 1.0], [133.86476135253906, 176.7523651123047, 1.0], [157.6329345703125, 212.8297576904297, 1.0], [152.9514617919922, 196.41273498535156, 1.0], [140.29605102539062, 164.35182189941406, 1.0], [104.87435150146484, 186.71533203125, 1.0], [100.47817993164062, 229.08436584472656, 1.0], [102.27450561523438, 246.6196746826172, 1.0], [112.52252960205078, 223.5535430908203, 1.0]], "is_left": 0}