{"hand_pts": [[56.307899475097656, 259.8677673339844, 1.0], [122.98531341552734, 260.0860290527344, 1.0], [172.51634216308594, 282.4520568847656, 1.0], [214.38148498535156, 264.54986572265625, 1.0], [211.68582153320312, 227.94126892089844, 1.0], [174.1550750732422, 225.35659790039062, 1.0], [225.56675720214844, 202.5447540283203, 1.0], [252.79872131347656, 186.70654296875, 1.0], [274.158447265625, 171.35693359375, 1.0], [147.96890258789062, 200.91806030273438, 1.0], [199.3046112060547, 166.2220916748047, 1.0], [223.4781036376953, 152.8870086669922, 1.0], [235.59698486328125, 148.84852600097656, 1.0], [126.41889190673828, 182.00230407714844, 1.0], [177.735595703125, 148.15780639648438, 1.0], [185.9977569580078, 148.80474853515625, 1.0], [170.2740478515625, 167.4148406982422, 1.0], [101.4156265258789, 168.00228881835938, 1.0], [126.16460418701172, 137.6782684326172, 1.0], [149.8034210205078, 122.46037292480469, 1.0], [174.92161560058594, 114.14779663085938, 1.0]], "is_left": 0}