{"hand_pts": [[24.332454681396484, 225.7645721435547, 1.0], [109.14492797851562, 213.21231079101562, 1.0], [160.16937255859375, 198.017822265625, 1.0], [222.185302734375, 213.14500427246094, 1.0], [219.79116821289062, 234.37612915039062, 1.0], [168.5149383544922, 122.4137191772461, 1.0], [249.29513549804688, 143.21861267089844, 1.0], [239.2671661376953, 188.90335083007812, 1.0], [188.99110412597656, 205.97886657714844, 1.0], [150.62547302246094, 122.66241455078125, 1.0], [242.33192443847656, 150.00473022460938, 1.0], [227.726806640625, 200.18409729003906, 1.0], [175.9576416015625, 209.69947814941406, 1.0], [138.49818420410156, 131.271484375, 1.0], [216.8457794189453, 161.23048400878906, 1.0], [202.21536254882812, 204.40740966796875, 1.0], [159.22830200195312, 204.19874572753906, 1.0], [121.01478576660156, 148.093994140625, 1.0], [162.0220184326172, 175.08026123046875, 1.0], [158.72305297851562, 209.5375213623047, 1.0], [129.71514892578125, 205.42893981933594, 1.0]], "is_left": 0}