{"hand_pts": [[245.31326293945312, 319.19952392578125, 1.0], [191.7855682373047, 292.0614929199219, 1.0], [144.97573852539062, 289.6559753417969, 1.0], [97.1934814453125, 259.30670166015625, 1.0], [75.46084594726562, 219.5121612548828, 1.0], [228.9772491455078, 222.5927734375, 1.0], [198.03903198242188, 171.32125854492188, 1.0], [151.63162231445312, 158.63201904296875, 1.0], [118.06967163085938, 168.7601318359375, 1.0], [250.9368438720703, 210.04144287109375, 1.0], [227.07870483398438, 141.67752075195312, 1.0], [179.5290985107422, 114.91095733642578, 1.0], [130.12582397460938, 124.30570983886719, 1.0], [260.1317138671875, 202.46556091308594, 1.0], [227.5689239501953, 139.0630645751953, 1.0], [179.46044921875, 133.68179321289062, 1.0], [138.4207000732422, 150.4393310546875, 1.0], [265.20623779296875, 202.4346923828125, 1.0], [242.07066345214844, 161.2395477294922, 1.0], [202.37969970703125, 155.74771118164062, 1.0], [173.10084533691406, 179.29727172851562, 1.0]], "is_left": 0}