{"hand_pts": [[204.8069305419922, 75.78639221191406, 1.0], [239.55677795410156, 124.36672973632812, 1.0], [274.6103820800781, 162.110595703125, 1.0], [296.5302429199219, 196.56642150878906, 1.0], [284.123046875, 217.00169372558594, 1.0], [193.86105346679688, 180.63275146484375, 1.0], [195.4320526123047, 220.94114685058594, 1.0], [212.60232543945312, 224.18731689453125, 1.0], [230.16221618652344, 207.41583251953125, 1.0], [161.59190368652344, 163.58358764648438, 1.0], [155.2930450439453, 211.48020935058594, 1.0], [170.1570587158203, 231.38381958007812, 1.0], [201.1136932373047, 222.05706787109375, 1.0], [141.3087921142578, 147.70387268066406, 1.0], [100.0299301147461, 183.1655731201172, 1.0], [101.44286346435547, 202.0775146484375, 1.0], [121.42625427246094, 213.34783935546875, 1.0], [127.17797088623047, 127.67478942871094, 1.0], [136.02001953125, 145.2167510986328, 1.0], [162.71163940429688, 143.9481658935547, 1.0], [179.09017944335938, 128.80787658691406, 1.0]], "is_left": 0}