{"hand_pts": [[144.7947235107422, 343.23419189453125, 1.0], [154.628662109375, 280.35858154296875, 1.0], [199.5067138671875, 255.16590881347656, 1.0], [200.58619689941406, 198.42315673828125, 1.0], [164.88021850585938, 198.74781799316406, 1.0], [238.06898498535156, 207.73426818847656, 1.0], [270.3770751953125, 143.2891082763672, 1.0], [259.2427978515625, 101.28929138183594, 1.0], [215.930908203125, 87.9276351928711, 1.0], [228.42221069335938, 212.7217254638672, 1.0], [171.552001953125, 156.25161743164062, 1.0], [120.78829956054688, 153.1215057373047, 1.0], [83.57019805908203, 184.58865356445312, 1.0], [212.40322875976562, 217.0093536376953, 1.0], [170.44967651367188, 155.3560333251953, 1.0], [136.2659454345703, 179.9780731201172, 1.0], [157.25027465820312, 214.49696350097656, 1.0], [190.54515075683594, 227.8500518798828, 1.0], [190.10940551757812, 183.64695739746094, 1.0], [162.9025115966797, 168.96897888183594, 1.0], [136.59149169921875, 168.16287231445312, 1.0]], "is_left": 0}