{"hand_pts": [[230.66162109375, 180.96080017089844, 1.0], [225.808837890625, 133.67129516601562, 1.0], [274.6750183105469, 84.51726531982422, 1.0], [282.48193359375, 73.4152603149414, 1.0], [244.8709716796875, 107.5115966796875, 1.0], [256.46490478515625, 165.15280151367188, 1.0], [219.59278869628906, 168.5557098388672, 1.0], [175.08163452148438, 158.94862365722656, 1.0], [130.6082000732422, 151.3172607421875, 1.0], [229.47723388671875, 206.89706420898438, 1.0], [181.34637451171875, 186.0079803466797, 1.0], [139.66061401367188, 160.67547607421875, 1.0], [123.4095458984375, 142.5606689453125, 1.0], [201.2826385498047, 235.7649688720703, 1.0], [174.07102966308594, 241.89340209960938, 1.0], [140.43458557128906, 218.43914794921875, 1.0], [104.96199035644531, 196.60240173339844, 1.0], [173.3546142578125, 259.1239013671875, 1.0], [148.30892944335938, 271.0684814453125, 1.0], [125.1558609008789, 271.0964050292969, 1.0], [99.97364807128906, 246.56625366210938, 1.0]], "is_left": 0}