{"hand_pts": [[221.98318481445312, 288.8229675292969, 1.0], [159.3437957763672, 258.4166564941406, 1.0], [98.91303253173828, 250.73439025878906, 1.0], [89.66517639160156, 207.65489196777344, 1.0], [131.40289306640625, 190.76422119140625, 1.0], [195.88665771484375, 220.43161010742188, 1.0], [155.57644653320312, 171.48828125, 1.0], [125.8887939453125, 162.9984588623047, 1.0], [103.4839859008789, 161.34585571289062, 1.0], [235.65213012695312, 212.5681915283203, 1.0], [190.04034423828125, 154.67848205566406, 1.0], [162.59608459472656, 171.7933807373047, 1.0], [164.3080291748047, 206.15780639648438, 1.0], [259.8063049316406, 205.5801239013672, 1.0], [254.23410034179688, 146.4978485107422, 1.0], [215.7721405029297, 131.20130920410156, 1.0], [185.01954650878906, 149.33349609375, 1.0], [278.1874694824219, 203.18601989746094, 1.0], [258.87164306640625, 168.0663299560547, 1.0], [228.9115447998047, 159.6569061279297, 1.0], [206.1228485107422, 181.8441925048828, 1.0]], "is_left": 0}