{"hand_pts": [[193.56033325195312, 325.3962097167969, 1.0], [145.6485595703125, 289.4602966308594, 1.0], [94.01473236083984, 278.0443420410156, 1.0], [68.93971252441406, 240.0420684814453, 1.0], [99.51371765136719, 217.06129455566406, 1.0], [179.29954528808594, 229.16067504882812, 1.0], [179.11859130859375, 175.20945739746094, 1.0], [156.604736328125, 154.893310546875, 1.0], [139.59646606445312, 128.3721923828125, 1.0], [211.3773651123047, 221.67445373535156, 1.0], [230.74661254882812, 158.67576599121094, 1.0], [199.34417724609375, 133.11041259765625, 1.0], [162.6727752685547, 128.77894592285156, 1.0], [231.03045654296875, 216.82479858398438, 1.0], [201.90721130371094, 172.6958770751953, 1.0], [176.38845825195312, 165.50714111328125, 1.0], [149.0849151611328, 173.47308349609375, 1.0], [245.7476806640625, 218.5229949951172, 1.0], [265.87213134765625, 177.06356811523438, 1.0], [271.0721435546875, 146.8870849609375, 1.0], [267.55615234375, 115.34738159179688, 1.0]], "is_left": 0}