{"hand_pts": [[208.3895263671875, 112.18496704101562, 1.0], [158.21072387695312, 169.1376953125, 1.0], [101.54621887207031, 206.2600860595703, 1.0], [77.40174865722656, 224.94947814941406, 1.0], [104.13191223144531, 212.2890625, 1.0], [210.92422485351562, 224.0849151611328, 1.0], [209.3479766845703, 256.4205017089844, 1.0], [173.90142822265625, 249.7390899658203, 1.0], [144.02951049804688, 221.54653930664062, 1.0], [240.09169006347656, 188.05621337890625, 1.0], [174.21214294433594, 197.83897399902344, 1.0], [143.88723754882812, 175.17794799804688, 1.0], [164.156982421875, 164.80747985839844, 1.0], [254.88424682617188, 155.95742797851562, 1.0], [268.43450927734375, 202.01113891601562, 1.0], [224.2877960205078, 206.81472778320312, 1.0], [194.171630859375, 185.67835998535156, 1.0], [263.5233459472656, 121.24029541015625, 1.0], [238.0525360107422, 109.60794067382812, 1.0], [197.2754669189453, 102.12417602539062, 1.0], [161.32763671875, 100.90863800048828, 1.0]], "is_left": 0}