{"hand_pts": [[136.26919555664062, 168.83743286132812, 1.0], [189.08909606933594, 170.6439971923828, 1.0], [237.2089080810547, 194.78781127929688, 1.0], [269.94659423828125, 223.70823669433594, 1.0], [296.6607666015625, 251.87222290039062, 1.0], [190.390869140625, 121.76852416992188, 1.0], [203.06503295898438, 133.05221557617188, 1.0], [211.1872100830078, 165.92343139648438, 1.0], [213.24501037597656, 202.6180419921875, 1.0], [154.61228942871094, 131.51089477539062, 1.0], [184.66232299804688, 159.9108428955078, 1.0], [206.94711303710938, 189.2046356201172, 1.0], [225.1935577392578, 225.26995849609375, 1.0], [128.4303741455078, 145.92649841308594, 1.0], [154.0932159423828, 183.16897583007812, 1.0], [172.46658325195312, 215.8594970703125, 1.0], [190.76119995117188, 248.8866729736328, 1.0], [104.508544921875, 163.44842529296875, 1.0], [89.61551666259766, 166.36727905273438, 1.0], [110.89148712158203, 187.72950744628906, 1.0], [125.24183654785156, 187.11444091796875, 1.0]], "is_left": 0}