{"hand_pts": [[250.50128173828125, 320.86962890625, 1.0], [226.1632537841797, 259.326904296875, 1.0], [230.80548095703125, 207.7071990966797, 1.0], [184.34800720214844, 186.89620971679688, 1.0], [153.9239044189453, 219.9774627685547, 1.0], [236.95846557617188, 181.27093505859375, 1.0], [229.50167846679688, 118.92704010009766, 1.0], [196.26670837402344, 96.03728485107422, 1.0], [156.95352172851562, 103.1923599243164, 1.0], [227.3563995361328, 204.1632537841797, 1.0], [195.05352783203125, 139.0625457763672, 1.0], [162.13128662109375, 157.6129913330078, 1.0], [169.61598205566406, 195.1365509033203, 1.0], [214.45388793945312, 225.6055450439453, 1.0], [202.9563446044922, 183.2942657470703, 1.0], [170.7178497314453, 160.8080596923828, 1.0], [136.0862579345703, 148.17095947265625, 1.0], [202.1184539794922, 252.48477172851562, 1.0], [165.10720825195312, 232.25784301757812, 1.0], [134.2646026611328, 220.81695556640625, 1.0], [101.12235260009766, 212.6299285888672, 1.0]], "is_left": 0}