{"hand_pts": [[310.5875549316406, 191.59967041015625, 1.0], [274.09600830078125, 169.89320373535156, 1.0], [270.1870422363281, 163.0016632080078, 1.0], [247.76124572753906, 157.57862854003906, 1.0], [204.62779235839844, 158.3660125732422, 1.0], [231.43028259277344, 213.8349609375, 1.0], [186.59405517578125, 175.29823303222656, 1.0], [198.83192443847656, 154.88800048828125, 1.0], [226.812255859375, 159.1054229736328, 1.0], [221.1023712158203, 226.61891174316406, 1.0], [154.0440216064453, 186.03395080566406, 1.0], [115.77293395996094, 155.74658203125, 1.0], [73.98333740234375, 132.4258575439453, 1.0], [211.4504852294922, 231.10787963867188, 1.0], [142.396728515625, 198.44664001464844, 1.0], [145.47377014160156, 167.81646728515625, 1.0], [169.4547576904297, 147.22055053710938, 1.0], [206.95054626464844, 231.17758178710938, 1.0], [160.00958251953125, 232.76422119140625, 1.0], [126.27616882324219, 222.51712036132812, 1.0], [128.8062286376953, 194.19659423828125, 1.0]], "is_left": 0}