{"hand_pts": [[72.46340942382812, 190.73902893066406, 1.0], [153.77122497558594, 188.71246337890625, 1.0], [222.6592254638672, 181.26576232910156, 1.0], [252.23292541503906, 172.0623016357422, 1.0], [240.15223693847656, 166.06398010253906, 1.0], [174.5628204345703, 235.5475616455078, 1.0], [215.8600311279297, 263.58978271484375, 1.0], [245.62417602539062, 258.6725158691406, 1.0], [261.2814636230469, 219.17816162109375, 1.0], [135.3321075439453, 219.1724090576172, 1.0], [190.5237274169922, 204.94329833984375, 1.0], [226.22181701660156, 190.0774383544922, 1.0], [249.51998901367188, 152.8694305419922, 1.0], [107.39921569824219, 199.53732299804688, 1.0], [150.08160400390625, 174.39564514160156, 1.0], [175.01031494140625, 138.32916259765625, 1.0], [192.3658905029297, 106.46267700195312, 1.0], [80.00569152832031, 177.9527587890625, 1.0], [101.5970230102539, 165.1494903564453, 1.0], [128.07968139648438, 140.06573486328125, 1.0], [149.33387756347656, 118.9261703491211, 1.0]], "is_left": 0}