{"hand_pts": [[166.0105438232422, 127.26712799072266, 1.0], [216.2621307373047, 165.6385498046875, 1.0], [270.5824890136719, 205.3446807861328, 1.0], [289.4617004394531, 206.78785705566406, 1.0], [266.2814636230469, 178.4850616455078, 1.0], [175.4534912109375, 243.32850646972656, 1.0], [199.74427795410156, 250.53086853027344, 1.0], [224.138671875, 216.86410522460938, 1.0], [238.19261169433594, 178.29983520507812, 1.0], [138.9411163330078, 221.6537628173828, 1.0], [156.58892822265625, 220.76312255859375, 1.0], [191.3729248046875, 187.5475311279297, 1.0], [220.24148559570312, 155.81614685058594, 1.0], [115.91615295410156, 198.17324829101562, 1.0], [131.15089416503906, 184.58441162109375, 1.0], [162.63270568847656, 153.4823455810547, 1.0], [188.06443786621094, 131.48138427734375, 1.0], [98.46888732910156, 169.6159210205078, 1.0], [99.73775482177734, 152.5593719482422, 1.0], [127.68077850341797, 130.8894500732422, 1.0], [158.16976928710938, 120.45643615722656, 1.0]], "is_left": 0}