{"hand_pts": [[55.15224075317383, 190.5195770263672, 1.0], [82.25288391113281, 183.25631713867188, 1.0], [97.1230697631836, 154.19691467285156, 1.0], [127.25259399414062, 138.2765655517578, 1.0], [158.8153076171875, 153.04794311523438, 1.0], [156.2730255126953, 155.95802307128906, 1.0], [195.8932647705078, 152.0999298095703, 1.0], [213.67242431640625, 160.78273010253906, 1.0], [232.97528076171875, 167.3663330078125, 1.0], [163.13597106933594, 171.71022033691406, 1.0], [192.49574279785156, 205.88230895996094, 1.0], [156.52963256835938, 219.62913513183594, 1.0], [124.64724731445312, 233.79888916015625, 1.0], [164.6435089111328, 188.4756317138672, 1.0], [225.08737182617188, 190.2427520751953, 1.0], [256.2279052734375, 197.4029541015625, 1.0], [280.54547119140625, 208.53109741210938, 1.0], [158.5649871826172, 206.35427856445312, 1.0], [199.71803283691406, 203.06541442871094, 1.0], [220.72344970703125, 208.01007080078125, 1.0], [241.5614471435547, 212.66452026367188, 1.0]], "is_left": 0}