{"hand_pts": [[302.2155456542969, 256.3286437988281, 1.0], [284.7550354003906, 201.52261352539062, 1.0], [288.1927795410156, 149.85617065429688, 1.0], [280.3993835449219, 106.59601593017578, 1.0], [269.3964538574219, 68.03150939941406, 1.0], [209.9685821533203, 181.19703674316406, 1.0], [167.62916564941406, 149.3382568359375, 1.0], [166.6305694580078, 141.75289916992188, 1.0], [161.05345153808594, 132.87689208984375, 1.0], [193.1699981689453, 211.7261505126953, 1.0], [156.85806274414062, 180.6248779296875, 1.0], [167.91970825195312, 168.02420043945312, 1.0], [190.2584228515625, 160.85948181152344, 1.0], [183.4489288330078, 235.08326721191406, 1.0], [124.58776092529297, 225.1286163330078, 1.0], [114.83251190185547, 214.08123779296875, 1.0], [137.35252380371094, 203.5774383544922, 1.0], [181.75167846679688, 258.4688720703125, 1.0], [142.66856384277344, 254.7093505859375, 1.0], [143.016357421875, 241.64163208007812, 1.0], [155.48316955566406, 225.53793334960938, 1.0]], "is_left": 0}