{"hand_pts": [[249.92111206054688, 67.90316772460938, 1.0], [253.57228088378906, 147.2989044189453, 1.0], [278.67138671875, 210.9103546142578, 1.0], [239.24392700195312, 246.3821258544922, 1.0], [193.7205047607422, 215.87335205078125, 1.0], [261.4098205566406, 186.384033203125, 1.0], [221.72039794921875, 240.62954711914062, 1.0], [188.8373260498047, 260.16796875, 1.0], [159.47312927246094, 266.0656433105469, 1.0], [232.8185577392578, 152.20697021484375, 1.0], [178.59751892089844, 212.3115997314453, 1.0], [158.78265380859375, 221.46888732910156, 1.0], [170.53338623046875, 200.0460662841797, 1.0], [205.99032592773438, 126.41226959228516, 1.0], [140.74497985839844, 166.93585205078125, 1.0], [141.0285186767578, 159.1884765625, 1.0], [167.30636596679688, 140.6027374267578, 1.0], [181.017578125, 98.7613525390625, 1.0], [132.4551239013672, 115.51872253417969, 1.0], [103.71336364746094, 133.6117401123047, 1.0], [94.40127563476562, 152.204345703125, 1.0]], "is_left": 0}