{"hand_pts": [[321.4278259277344, 119.7364501953125, 1.0], [246.89584350585938, 114.23186492919922, 1.0], [191.14419555664062, 113.20638275146484, 1.0], [169.3454132080078, 152.53883361816406, 1.0], [204.5193634033203, 169.86599731445312, 1.0], [200.3546905517578, 208.13442993164062, 1.0], [138.81761169433594, 179.02406311035156, 1.0], [142.54859924316406, 133.58615112304688, 1.0], [168.38931274414062, 100.18694305419922, 1.0], [223.93727111816406, 226.18923950195312, 1.0], [152.75921630859375, 195.21990966796875, 1.0], [121.12805938720703, 153.94566345214844, 1.0], [139.9119873046875, 108.10665893554688, 1.0], [241.7499237060547, 231.83384704589844, 1.0], [191.40748596191406, 282.4420166015625, 1.0], [154.76698303222656, 265.5549621582031, 1.0], [118.75443267822266, 249.8088836669922, 1.0], [263.2848815917969, 227.69744873046875, 1.0], [227.3503875732422, 210.98985290527344, 1.0], [209.60427856445312, 176.89459228515625, 1.0], [222.89280700683594, 144.17385864257812, 1.0]], "is_left": 0}