{"hand_pts": [[29.639019012451172, 173.820068359375, 1.0], [81.33612060546875, 227.26898193359375, 1.0], [106.0667724609375, 286.28076171875, 1.0], [157.91233825683594, 287.089111328125, 1.0], [188.0042724609375, 243.13699340820312, 1.0], [161.8655548095703, 225.27145385742188, 1.0], [213.61143493652344, 225.9258270263672, 1.0], [224.4646759033203, 222.53427124023438, 1.0], [197.68817138671875, 216.3988494873047, 1.0], [164.54910278320312, 179.7863006591797, 1.0], [242.9453125, 186.74990844726562, 1.0], [246.22763061523438, 197.2207794189453, 1.0], [203.16941833496094, 202.00698852539062, 1.0], [164.85003662109375, 144.70367431640625, 1.0], [206.04319763183594, 123.56311798095703, 1.0], [195.77053833007812, 121.99809265136719, 1.0], [154.4458465576172, 139.7011260986328, 1.0], [157.10867309570312, 112.72236633300781, 1.0], [204.8301544189453, 91.07438659667969, 1.0], [203.83778381347656, 107.33187866210938, 1.0], [172.05230712890625, 132.13436889648438, 1.0]], "is_left": 0}