{"hand_pts": [[226.35675048828125, 25.36368179321289, 1.0], [174.63755798339844, 72.80076599121094, 1.0], [141.99090576171875, 96.3332748413086, 1.0], [139.47622680664062, 146.78489685058594, 1.0], [139.63209533691406, 192.0305633544922, 1.0], [201.99407958984375, 156.7451171875, 1.0], [148.90916442871094, 192.69308471679688, 1.0], [127.18659973144531, 169.05223083496094, 1.0], [104.66043090820312, 149.33363342285156, 1.0], [228.16282653808594, 160.5577392578125, 1.0], [188.19534301757812, 229.9378204345703, 1.0], [148.49815368652344, 218.51792907714844, 1.0], [117.08094787597656, 195.36009216308594, 1.0], [242.9864959716797, 160.87449645996094, 1.0], [260.37982177734375, 229.8773193359375, 1.0], [225.37998962402344, 253.1457061767578, 1.0], [187.2296600341797, 262.7991943359375, 1.0], [254.26148986816406, 152.81512451171875, 1.0], [237.75363159179688, 189.7643585205078, 1.0], [216.10812377929688, 206.8220672607422, 1.0], [182.1831817626953, 201.97958374023438, 1.0]], "is_left": 0,"label":5}