{"hand_pts": [[111.94869232177734, 304.07354736328125, 1.0], [155.58096313476562, 248.06614685058594, 1.0], [200.86178588867188, 209.4483642578125, 1.0], [239.89535522460938, 176.47360229492188, 1.0], [240.16690063476562, 175.8645782470703, 1.0], [118.10248565673828, 172.3672332763672, 1.0], [149.9320526123047, 118.44978332519531, 1.0], [189.3416748046875, 98.46001434326172, 1.0], [234.0986328125, 121.51956176757812, 1.0], [108.77709197998047, 196.87306213378906, 1.0], [183.99942016601562, 160.6087188720703, 1.0], [238.30918884277344, 151.4613037109375, 1.0], [286.78887939453125, 163.1830291748047, 1.0], [109.93899536132812, 220.75457763671875, 1.0], [143.54603576660156, 181.07183837890625, 1.0], [192.77041625976562, 176.40013122558594, 1.0], [233.55218505859375, 192.67178344726562, 1.0], [114.30517578125, 250.0547637939453, 1.0], [139.23448181152344, 230.3018341064453, 1.0], [180.13125610351562, 232.5735626220703, 1.0], [209.83668518066406, 241.02365112304688, 1.0]], "is_left": 0}