{"hand_pts": [[305.6976318359375, 301.8486022949219, 1.0], [288.0204772949219, 258.56219482421875, 1.0], [295.1426086425781, 235.53440856933594, 1.0], [250.08775329589844, 207.64915466308594, 1.0], [187.17828369140625, 190.91705322265625, 1.0], [258.1745910644531, 154.91030883789062, 1.0], [201.4340057373047, 132.49098205566406, 1.0], [181.531982421875, 166.89845275878906, 1.0], [197.42698669433594, 211.28094482421875, 1.0], [231.09434509277344, 162.71533203125, 1.0], [157.9720458984375, 97.51538848876953, 1.0], [126.14208984375, 118.34932708740234, 1.0], [148.8330841064453, 165.43357849121094, 1.0], [207.2495880126953, 174.97071838378906, 1.0], [117.67017364501953, 169.89114379882812, 1.0], [132.57196044921875, 212.82070922851562, 1.0], [174.80828857421875, 244.41439819335938, 1.0], [188.98622131347656, 195.95071411132812, 1.0], [126.93192291259766, 177.1925506591797, 1.0], [103.989990234375, 190.91549682617188, 1.0], [138.67361450195312, 215.9505157470703, 1.0]], "is_left": 0}