{"hand_pts": [[213.04884338378906, 290.14385986328125, 1.0], [215.45089721679688, 209.7123565673828, 1.0], [231.880859375, 150.41998291015625, 1.0], [259.8044128417969, 129.40272521972656, 1.0], [281.97509765625, 134.16880798339844, 1.0], [133.2884979248047, 152.34283447265625, 1.0], [155.1349334716797, 106.27021026611328, 1.0], [199.89125061035156, 119.31961822509766, 1.0], [241.680908203125, 136.36865234375, 1.0], [131.1922607421875, 195.82086181640625, 1.0], [94.6653060913086, 162.37393188476562, 1.0], [133.17449951171875, 145.7980499267578, 1.0], [164.85971069335938, 128.25961303710938, 1.0], [138.61366271972656, 231.4525146484375, 1.0], [188.2369842529297, 229.96368408203125, 1.0], [233.05335998535156, 240.76834106445312, 1.0], [271.6126708984375, 252.16107177734375, 1.0], [153.31222534179688, 269.4310302734375, 1.0], [129.29685974121094, 258.50177001953125, 1.0], [138.84994506835938, 236.4333038330078, 1.0], [169.52645874023438, 216.22738647460938, 1.0]], "is_left": 0,"label":4}