{"hand_pts": [[84.23977661132812, 78.90238189697266, 1.0], [89.2711181640625, 138.53302001953125, 1.0], [60.98792266845703, 173.7850799560547, 1.0], [77.22254943847656, 183.68698120117188, 1.0], [106.48986053466797, 171.09225463867188, 1.0], [164.26028442382812, 189.79164123535156, 1.0], [186.26150512695312, 223.9693145751953, 1.0], [186.5750732421875, 235.4071807861328, 1.0], [191.60496520996094, 248.8765106201172, 1.0], [182.7984619140625, 166.8367462158203, 1.0], [244.54562377929688, 205.78819274902344, 1.0], [257.3292236328125, 231.8617706298828, 1.0], [249.58412170410156, 248.33653259277344, 1.0], [192.5281982421875, 147.51559448242188, 1.0], [245.99078369140625, 179.34361267089844, 1.0], [259.4410705566406, 197.89349365234375, 1.0], [230.493408203125, 200.17904663085938, 1.0], [194.28213500976562, 124.67900085449219, 1.0], [192.343994140625, 132.2999267578125, 1.0], [180.95713806152344, 133.8060760498047, 1.0], [154.92254638671875, 130.72314453125, 1.0]], "is_left": 0}