{"hand_pts": [[186.76217651367188, 116.10646057128906, 1.0], [167.37081909179688, 174.90438842773438, 1.0], [120.27767181396484, 214.82699584960938, 1.0], [87.73751831054688, 217.41688537597656, 1.0], [85.73141479492188, 195.19082641601562, 1.0], [237.2174072265625, 214.50848388671875, 1.0], [279.3182067871094, 240.6123046875, 1.0], [265.7612609863281, 250.74319458007812, 1.0], [222.26707458496094, 244.26614379882812, 1.0], [245.80203247070312, 180.5500030517578, 1.0], [202.752685546875, 196.50198364257812, 1.0], [148.77125549316406, 189.8997039794922, 1.0], [101.61361694335938, 181.76226806640625, 1.0], [243.73312377929688, 152.3541259765625, 1.0], [183.20960998535156, 168.6332244873047, 1.0], [156.33631896972656, 157.17828369140625, 1.0], [187.29054260253906, 150.44891357421875, 1.0], [235.32215881347656, 122.61306762695312, 1.0], [215.25387573242188, 134.37843322753906, 1.0], [179.31317138671875, 142.64431762695312, 1.0], [146.7994842529297, 145.72508239746094, 1.0]], "is_left": 0}