{"hand_pts": [[309.5849609375, 261.6875, 1.0], [294.8749694824219, 211.08670043945312, 1.0], [310.547119140625, 171.2215576171875, 1.0], [278.8524475097656, 135.0281524658203, 1.0], [228.02235412597656, 115.78003692626953, 1.0], [243.4230194091797, 205.2630615234375, 1.0], [195.69606018066406, 167.9786376953125, 1.0], [168.48927307128906, 141.396484375, 1.0], [155.46701049804688, 124.60871887207031, 1.0], [215.77191162109375, 225.22808837890625, 1.0], [146.41282653808594, 192.35336303710938, 1.0], [132.6952667236328, 163.90968322753906, 1.0], [151.33935546875, 153.11839294433594, 1.0], [193.6479949951172, 238.173583984375, 1.0], [122.93788146972656, 198.68260192871094, 1.0], [113.2758560180664, 175.5537567138672, 1.0], [139.26063537597656, 168.2098388671875, 1.0], [178.4093780517578, 251.0186309814453, 1.0], [126.99899291992188, 231.14596557617188, 1.0], [132.51731872558594, 215.2958526611328, 1.0], [168.61485290527344, 209.66001892089844, 1.0]], "is_left": 0}