{"hand_pts": [[102.59532928466797, 241.08924865722656, 1.0], [168.6038818359375, 197.01304626464844, 1.0], [231.57542419433594, 164.146728515625, 1.0], [256.89556884765625, 114.4401626586914, 1.0], [224.5269012451172, 79.5118637084961, 1.0], [234.30735778808594, 239.0497589111328, 1.0], [256.2232971191406, 188.06036376953125, 1.0], [240.63623046875, 141.67221069335938, 1.0], [206.19410705566406, 115.64887237548828, 1.0], [194.88192749023438, 253.1016845703125, 1.0], [204.653564453125, 171.2223358154297, 1.0], [178.7217254638672, 146.10459899902344, 1.0], [154.05902099609375, 122.82301330566406, 1.0], [159.64242553710938, 256.1632385253906, 1.0], [178.53001403808594, 279.6897888183594, 1.0], [187.63284301757812, 256.8182373046875, 1.0], [191.4472198486328, 211.8753662109375, 1.0], [121.0934066772461, 255.38111877441406, 1.0], [100.87045288085938, 213.792236328125, 1.0], [86.90155792236328, 176.06353759765625, 1.0], [77.85076904296875, 141.16664123535156, 1.0]], "is_left": 0}