{"hand_pts": [[113.70162963867188, 328.1912841796875, 1.0], [175.55345153808594, 293.2221984863281, 1.0], [239.13662719726562, 276.891845703125, 1.0], [275.00555419921875, 239.72882080078125, 1.0], [264.6856994628906, 201.90963745117188, 1.0], [194.20828247070312, 202.2054443359375, 1.0], [232.77195739746094, 161.87721252441406, 1.0], [246.0699005126953, 161.02854919433594, 1.0], [241.5947723388672, 183.5075225830078, 1.0], [154.90350341796875, 195.62033081054688, 1.0], [188.755615234375, 148.23365783691406, 1.0], [203.96084594726562, 160.64869689941406, 1.0], [211.62774658203125, 190.02833557128906, 1.0], [124.62706756591797, 194.85543823242188, 1.0], [140.1617889404297, 127.59382629394531, 1.0], [155.012939453125, 130.57688903808594, 1.0], [167.2887725830078, 153.4512176513672, 1.0], [95.17172241210938, 203.0343017578125, 1.0], [98.894775390625, 165.7584686279297, 1.0], [111.00482940673828, 161.0432891845703, 1.0], [128.87969970703125, 179.4530029296875, 1.0]], "is_left": 0}