{"hand_pts": [[319.476806640625, 227.8853302001953, 1.0], [254.90882873535156, 216.19662475585938, 1.0], [205.13192749023438, 201.5006561279297, 1.0], [162.10028076171875, 187.65237426757812, 1.0], [156.58570861816406, 183.56556701660156, 1.0], [226.08056640625, 159.02487182617188, 1.0], [165.9314422607422, 155.4664764404297, 1.0], [127.75497436523438, 168.38589477539062, 1.0], [104.56448364257812, 196.36082458496094, 1.0], [242.6935272216797, 168.3706512451172, 1.0], [173.0194549560547, 169.9781494140625, 1.0], [132.00637817382812, 189.7752227783203, 1.0], [93.75113677978516, 207.49452209472656, 1.0], [253.00416564941406, 181.56312561035156, 1.0], [208.8350372314453, 154.09451293945312, 1.0], [173.08993530273438, 151.8116455078125, 1.0], [137.1133575439453, 153.17648315429688, 1.0], [265.4318542480469, 198.7946014404297, 1.0], [227.2425537109375, 204.349365234375, 1.0], [201.04100036621094, 222.7997283935547, 1.0], [202.1809539794922, 236.9259033203125, 1.0]], "is_left": 0}