{"hand_pts": [[52.79747009277344, 227.73001098632812, 1.0], [111.91870880126953, 193.36514282226562, 1.0], [139.7733612060547, 146.71694946289062, 1.0], [188.43389892578125, 134.23974609375, 1.0], [232.9147491455078, 140.14419555664062, 1.0], [138.76414489746094, 147.94004821777344, 1.0], [202.07249450683594, 134.9126434326172, 1.0], [243.8251953125, 133.13687133789062, 1.0], [269.3621826171875, 152.58827209472656, 1.0], [125.93754577636719, 174.97669982910156, 1.0], [178.72439575195312, 159.3628692626953, 1.0], [211.4807586669922, 177.5057373046875, 1.0], [245.27020263671875, 193.44342041015625, 1.0], [118.86638641357422, 200.441650390625, 1.0], [184.55477905273438, 206.09783935546875, 1.0], [223.72314453125, 218.36903381347656, 1.0], [260.9991455078125, 230.9803009033203, 1.0], [109.44718170166016, 227.94332885742188, 1.0], [138.19970703125, 239.79393005371094, 1.0], [170.72630310058594, 248.72256469726562, 1.0], [189.81857299804688, 248.07887268066406, 1.0]], "is_left": 0}