{"hand_pts": [[295.9516296386719, 72.52474975585938, 1.0], [231.9042510986328, 102.18800354003906, 1.0], [190.27099609375, 124.1005859375, 1.0], [137.87908935546875, 142.58602905273438, 1.0], [88.61070251464844, 159.4180145263672, 1.0], [221.91506958007812, 180.7050323486328, 1.0], [208.26661682128906, 232.3878173828125, 1.0], [170.90072631835938, 246.54214477539062, 1.0], [130.86868286132812, 252.64181518554688, 1.0], [237.93333435058594, 173.80520629882812, 1.0], [214.01548767089844, 233.46205139160156, 1.0], [161.6207275390625, 223.8397979736328, 1.0], [115.87154388427734, 206.07899475097656, 1.0], [245.68377685546875, 162.62989807128906, 1.0], [229.55894470214844, 220.61961364746094, 1.0], [182.29417419433594, 224.8293914794922, 1.0], [137.10421752929688, 214.36264038085938, 1.0], [254.19729614257812, 144.6241912841797, 1.0], [209.96807861328125, 147.55247497558594, 1.0], [179.7104949951172, 128.11288452148438, 1.0], [154.48861694335938, 105.9862289428711, 1.0]], "is_left": 0}