{"hand_pts": [[328.15130615234375, 202.25433349609375, 1.0], [285.3550720214844, 181.0789337158203, 1.0], [249.57875061035156, 161.23818969726562, 1.0], [201.15504455566406, 159.00958251953125, 1.0], [200.49627685546875, 174.91197204589844, 1.0], [212.1902313232422, 159.80235290527344, 1.0], [152.30335998535156, 140.6515655517578, 1.0], [125.59638214111328, 143.07737731933594, 1.0], [103.4339599609375, 148.2230682373047, 1.0], [210.8050994873047, 176.22128295898438, 1.0], [145.90016174316406, 179.4001922607422, 1.0], [117.91898345947266, 184.6405029296875, 1.0], [89.78500366210938, 189.6443634033203, 1.0], [211.56661987304688, 190.6084747314453, 1.0], [171.94618225097656, 208.78753662109375, 1.0], [191.70162963867188, 218.4971923828125, 1.0], [228.55734252929688, 217.1145477294922, 1.0], [219.5997772216797, 205.53060913085938, 1.0], [188.05604553222656, 215.9227294921875, 1.0], [203.06214904785156, 218.71560668945312, 1.0], [232.07443237304688, 211.5279998779297, 1.0]], "is_left": 0}