{"hand_pts": [[25.69165802001953, 223.37921142578125, 1.0], [92.10353088378906, 230.29592895507812, 1.0], [117.604248046875, 243.1116485595703, 1.0], [173.8719482421875, 242.5648193359375, 1.0], [223.782470703125, 233.8279571533203, 1.0], [119.9247055053711, 178.4563446044922, 1.0], [181.087890625, 172.71058654785156, 1.0], [218.96728515625, 187.4656982421875, 1.0], [246.78404235839844, 203.0684814453125, 1.0], [116.4483413696289, 161.26622009277344, 1.0], [204.3997039794922, 176.54061889648438, 1.0], [214.56552124023438, 205.0355987548828, 1.0], [219.61880493164062, 231.79287719726562, 1.0], [118.03275299072266, 151.82638549804688, 1.0], [202.20924377441406, 143.2943572998047, 1.0], [226.0435791015625, 166.55490112304688, 1.0], [205.68678283691406, 189.77328491210938, 1.0], [116.34391021728516, 147.95748901367188, 1.0], [168.85203552246094, 133.4480438232422, 1.0], [209.2279510498047, 136.08416748046875, 1.0], [240.92433166503906, 153.8807373046875, 1.0]], "is_left": 0}