{"hand_pts": [[116.16177368164062, 9.090924263000488, 1.0], [106.64476013183594, 61.776424407958984, 1.0], [71.4553451538086, 89.00438690185547, 1.0], [94.6028060913086, 133.05690002441406, 1.0], [134.8921356201172, 169.39120483398438, 1.0], [131.02662658691406, 151.37295532226562, 1.0], [147.751953125, 212.10545349121094, 1.0], [161.9921875, 247.6897735595703, 1.0], [180.0018310546875, 259.1664123535156, 1.0], [163.4849395751953, 149.42022705078125, 1.0], [193.4114990234375, 223.96734619140625, 1.0], [208.42660522460938, 239.26849365234375, 1.0], [222.76486206054688, 254.08482360839844, 1.0], [189.2516326904297, 144.85140991210938, 1.0], [226.8760986328125, 211.10690307617188, 1.0], [241.99012756347656, 228.16165161132812, 1.0], [253.9932861328125, 239.47500610351562, 1.0], [210.29153442382812, 132.42349243164062, 1.0], [247.58200073242188, 173.23779296875, 1.0], [256.3466796875, 181.54930114746094, 1.0], [251.69509887695312, 176.87545776367188, 1.0]], "is_left": 0}