{"hand_pts": [[321.0179443359375, 290.2322692871094, 1.0], [303.6011962890625, 230.96385192871094, 1.0], [309.47479248046875, 182.899169921875, 1.0], [279.3771057128906, 143.33984375, 1.0], [234.4954071044922, 126.47945404052734, 1.0], [225.4384002685547, 207.17697143554688, 1.0], [181.29501342773438, 160.42129516601562, 1.0], [169.6705322265625, 134.3364715576172, 1.0], [172.24732971191406, 119.9486312866211, 1.0], [204.05880737304688, 230.4118194580078, 1.0], [142.36448669433594, 180.27552795410156, 1.0], [136.95204162597656, 149.59637451171875, 1.0], [153.21868896484375, 131.2012481689453, 1.0], [190.4085693359375, 247.1018829345703, 1.0], [126.18740844726562, 205.40579223632812, 1.0], [125.61422729492188, 180.77145385742188, 1.0], [150.21803283691406, 167.77719116210938, 1.0], [185.6611328125, 265.08587646484375, 1.0], [142.57598876953125, 241.96240234375, 1.0], [140.7197723388672, 220.87667846679688, 1.0], [167.6128692626953, 206.473876953125, 1.0]], "is_left": 0}