{"hand_pts": [[262.8761291503906, 120.49664306640625, 1.0], [278.8485412597656, 144.7469482421875, 1.0], [307.1325988769531, 170.344482421875, 1.0], [288.8538513183594, 191.11842346191406, 1.0], [260.3662414550781, 206.99752807617188, 1.0], [217.99737548828125, 225.93450927734375, 1.0], [192.2549591064453, 236.30645751953125, 1.0], [184.74807739257812, 220.76060485839844, 1.0], [199.3654022216797, 181.20016479492188, 1.0], [182.61947631835938, 214.2425537109375, 1.0], [137.50706481933594, 268.2308654785156, 1.0], [140.1891632080078, 249.96607971191406, 1.0], [167.82472229003906, 210.79098510742188, 1.0], [158.59075927734375, 197.7007598876953, 1.0], [117.41118621826172, 183.5448760986328, 1.0], [130.50877380371094, 148.53175354003906, 1.0], [157.98179626464844, 114.24577331542969, 1.0], [142.38143920898438, 174.997314453125, 1.0], [129.32992553710938, 137.00918579101562, 1.0], [140.36962890625, 103.62738800048828, 1.0], [168.11611938476562, 72.7830581665039, 1.0]], "is_left": 0}