{"hand_pts": [[33.02885055541992, 249.973876953125, 1.0], [104.12248229980469, 237.82461547851562, 1.0], [146.2043914794922, 233.63722229003906, 1.0], [200.6309356689453, 225.17135620117188, 1.0], [237.12689208984375, 217.44020080566406, 1.0], [134.5927276611328, 154.74208068847656, 1.0], [203.6778564453125, 144.00308227539062, 1.0], [237.35560607910156, 170.86300659179688, 1.0], [247.86123657226562, 206.0253448486328, 1.0], [120.83118438720703, 148.85342407226562, 1.0], [204.9167938232422, 142.5116424560547, 1.0], [231.3509979248047, 182.94656372070312, 1.0], [226.0784454345703, 223.42234802246094, 1.0], [113.28914642333984, 151.24452209472656, 1.0], [192.33956909179688, 149.23577880859375, 1.0], [215.34349060058594, 186.05972290039062, 1.0], [212.7268829345703, 223.54953002929688, 1.0], [102.7735366821289, 161.6929168701172, 1.0], [151.82359313964844, 153.40399169921875, 1.0], [181.297119140625, 178.14047241210938, 1.0], [185.9687957763672, 209.38218688964844, 1.0]], "is_left": 0, "label": 4}