{"hand_pts": [[59.069522857666016, 247.1189422607422, 1.0], [114.51654815673828, 262.4267272949219, 1.0], [145.2427215576172, 299.9920349121094, 1.0], [195.4267120361328, 298.8894958496094, 1.0], [213.00241088867188, 263.0079040527344, 1.0], [143.10122680664062, 204.61761474609375, 1.0], [203.8070831298828, 188.32431030273438, 1.0], [228.49313354492188, 198.36602783203125, 1.0], [226.83230590820312, 214.35275268554688, 1.0], [135.35604858398438, 171.18838500976562, 1.0], [204.32357788085938, 125.26190948486328, 1.0], [238.99647521972656, 137.60926818847656, 1.0], [228.00094604492188, 176.88145446777344, 1.0], [131.8201904296875, 148.02552795410156, 1.0], [202.89024353027344, 120.95105743408203, 1.0], [220.37220764160156, 145.43511962890625, 1.0], [199.42372131347656, 182.5009765625, 1.0], [125.35725402832031, 132.0560760498047, 1.0], [169.3787078857422, 108.60066986083984, 1.0], [177.91067504882812, 137.41226196289062, 1.0], [150.3926239013672, 170.20350646972656, 1.0]], "is_left": 0, "label": 4}