{"hand_pts": [[223.06153869628906, 200.3448944091797, 1.0], [202.32769775390625, 149.255615234375, 1.0], [201.03013610839844, 103.53021240234375, 1.0], [193.25538635253906, 79.27427673339844, 1.0], [179.66494750976562, 96.36981201171875, 1.0], [259.0930480957031, 174.8852081298828, 1.0], [200.34136962890625, 129.7420196533203, 1.0], [151.35165405273438, 104.15184020996094, 1.0], [103.59832000732422, 82.18318939208984, 1.0], [251.33804321289062, 211.916748046875, 1.0], [214.6253662109375, 217.10421752929688, 1.0], [160.76657104492188, 201.7370147705078, 1.0], [111.05079650878906, 175.73329162597656, 1.0], [235.7267303466797, 237.36842346191406, 1.0], [178.82521057128906, 235.87814331054688, 1.0], [133.13113403320312, 212.34556579589844, 1.0], [126.15890502929688, 194.52610778808594, 1.0], [216.40748596191406, 258.76019287109375, 1.0], [208.3922576904297, 277.1307678222656, 1.0], [183.71243286132812, 273.4610290527344, 1.0], [157.16746520996094, 266.46826171875, 1.0]], "is_left": 0, "label": 0}